UIDENTSTLAE;ULAND;UREGBEZ;UKREIS;UGEMEINDE;UJAHR;UMONAT;USTUNDE;UWOCHENTAG;UKATEGORIE;UART;UTYP1;ULICHTVERH;IstStrassenzustand;IstRad;IstPKW;IstFuss;IstKrad;IstGkfz;IstSonstige;LINREFX;LINREFY;XGCSWGS84;YGCSWGS84;PLST
08250306118400794420;08;1;18;048;2025;03;17;5;3;5;2;0;0;1;1;0;0;0;0;514781,741499999538064;5416656,726700000464916;9,201702406000038;48,902678640000033;1
08250321226700849390;08;2;26;065;2025;03;11;6;3;5;3;0;0;1;1;0;0;0;0;478611,253299999982119;5458252,224899999797344;8,705942126000025;49,276652145000071;1
08250302118600768150;08;1;18;079;2025;03;18;1;3;5;3;2;0;1;1;0;0;0;0;506217,052000000141561;5421482,038200000301003;9,084907788000066;48,946230998000033;1
08250319215000819890;08;2;12;000;2025;03;15;4;3;0;7;0;0;1;0;0;0;0;0;460620,481599999591708;5430937,936699999496341;8,461280254000030;49,030066593000072;1
08250315231000798080;08;2;31;000;2025;03;12;7;3;6;2;0;0;0;1;1;0;0;0;476358,220800000242889;5413815,988299999386072;8,677565041000037;48,876849547000063;1
08250326311010847620;08;3;11;000;2025;03;07;4;3;0;7;0;0;1;0;0;0;0;1;412788,544200000353158;5315345,277200000360608;7,831195187000048;47,985461490000034;1
08250213317600712460;08;3;17;146;2025;02;19;5;3;6;4;2;1;0;1;1;0;0;0;430489,991499999538064;5355221,404200000688434;8,061873076000040;48,346345014000065;1
08250322231102843480;08;2;36;033;2025;03;13;7;3;5;3;0;0;1;1;0;0;0;0;483124,402200000360608;5430629,138299999758601;8,769146910000075;49,028315325000051;1
08250217311010723410;08;3;11;000;2025;02;14;2;3;5;3;0;0;1;1;0;0;0;0;418739,851099999621511;5314355,621899999678135;7,911126177000028;47,977342775000068;1
08250327226200844730;08;2;26;084;2025;03;14;5;3;2;6;0;0;1;0;0;0;0;0;468161,923999999649823;5469486,854000000283122;8,561389040000051;49,377250959000037;1
08250221337400757010;08;3;37;125;2025;02;16;6;3;5;2;0;0;1;1;0;0;0;0;451123,367399999871850;5273469,673800000920892;8,349628263000056;47,612788911000052;1
08250218326200729760;08;3;26;041;2025;02;16;3;3;5;3;0;0;1;1;0;0;0;0;465006,823400000110269;5331255,335500000044703;8,529678205000039;48,133590053000034;1
08250213317100732980;08;3;17;001;2025;02;06;5;3;5;3;2;1;1;1;0;0;0;0;431536,692400000058115;5387803,570199999958277;8,070656557000063;48,639543551000031;1
08250222111500723870;08;1;11;000;2025;02;20;7;2;1;6;2;0;1;1;0;0;0;0;511684,007500000298023;5408757,075600000098348;9,159207259000027;48,831681220000064;1
08250213311010700080;08;3;11;000;2025;02;08;5;3;5;3;0;1;1;1;0;0;0;0;418270,373399999924004;5315388,583699999377131;7,904639853000049;47,986575051000045;1
08250317226700844460;08;2;26;103;2025;03;11;2;3;5;3;0;0;1;1;0;0;0;0;470174,672000000253320;5458047,699999999254942;8,589971811000055;49,274459067000066;1
08250324416100859010;08;4;16;036;2025;03;21;2;2;0;3;2;0;1;1;0;0;0;0;496078,438799999654293;5368752,793800000101328;8,946943321000049;48,471893894000061;1
08250307115400786060;08;1;15;045;2025;03;13;6;3;5;3;0;0;1;1;0;0;0;0;497744,969499999657273;5396164,038100000470877;8,969341766000070;48,718500494000068;1
08250213136000699290;08;1;27;025;2025;02;06;5;3;6;4;2;1;0;1;1;0;0;0;556343,076299999840558;5427629,835500000044703;9,770306690000041;48,998994336000067;1
08250224416200759430;08;4;16;041;2025;02;16;2;3;0;1;0;0;1;0;0;0;0;0;504792,228500000201166;5370713,337500000372529;9,064858828000069;48,489525747000073;1
08250307117300786110;08;1;17;026;2025;03;16;6;3;0;1;0;0;1;0;0;0;0;0;547766,322999999858439;5395422,179999999701977;9,649298742000042;48,710001261000059;1
08250213215202726440;08;2;15;100;2025;02;19;5;3;3;6;2;1;1;1;0;0;0;0;474695,835099999792874;5451515,572300000116229;8,652538400000026;49,215905987000042;1
08250304121400778930;08;1;25;013;2025;03;13;3;3;6;6;0;0;1;0;1;0;0;0;502443,326100000180304;5436746,130000000819564;9,033461017000036;49,083566958000063;1
08250309118500820890;08;1;18;078;2025;03;17;1;3;2;6;0;0;1;0;0;0;0;0;514663,829699999652803;5419185,814200000837445;9,200184346000071;48,925432346000036;1
08250301435100766740;08;4;35;024;2025;03;14;7;2;6;4;0;0;0;0;1;1;0;0;528878,616999999620020;5279533,026000000536442;9,384678849000068;47,668544208000071;1
08250318221300814100;08;2;21;000;2025;03;18;3;3;0;6;0;0;1;1;0;0;0;0;477664,149400000460446;5473773,662499999627471;8,692051171000060;49,416232743000080;1
08250321216100810680;08;2;16;043;2025;03;14;6;3;8;1;0;0;1;0;0;0;0;0;444841,255599999800324;5411871,957499999552965;8,248015251000027;48,857359952000081;1
08250311136100783750;08;1;36;088;2025;03;18;3;3;7;7;1;1;1;0;0;0;0;0;580756,828599999658763;5411955,051999999210238;10,100925731000075;48,855303447000040;1
08250318311010802240;08;3;36;050;2025;03;10;3;2;6;4;0;0;0;1;1;0;0;0;399819,220900000073016;5274409,396500000730157;7,666881956000054;47,615341468000054;1
08250319216200823710;08;2;16;007;2025;03;16;4;3;0;1;0;0;1;0;0;0;0;0;438185,864000000059605;5389860,292999999597669;8,160596925000050;48,658737033000079;1
08250304416010788230;08;4;15;061;2025;03;14;3;3;1;5;0;0;1;1;0;0;0;0;511655,591099999845028;5364131,749299999326468;9,157565123000040;48,430225127000028;1
08250308335200775700;08;3;35;055;2025;03;15;7;3;8;1;0;0;1;0;0;0;0;0;494986,153800000436604;5285837,614499999210238;8,933139613000037;47,725896143000057;1
08250309111310790090;08;1;11;000;2025;03;18;1;3;8;7;1;0;1;0;0;0;0;0;516436,593100000172853;5404207,807199999690056;9,223783744000059;48,790649094000059;1
08250311437100790990;08;4;37;100;2025;03;05;3;3;5;3;2;1;1;1;0;0;0;0;536894,946200000122190;5319177,120200000703335;9,494838160000029;48,024818223000068;1
08250321336200859420;08;3;36;082;2025;03;11;6;2;5;3;0;0;1;0;0;0;1;0;414878,397099999710917;5271470,749500000849366;7,867802969000024;47,591058838000038;1
08250321212000853930;08;2;15;017;2025;03;12;6;3;5;2;0;0;1;1;0;0;0;0;453731,870099999941885;5420958,116800000891089;8,368184158000076;48,939818806000062;1
08250324337400819470;08;3;37;123;2025;03;18;2;3;5;2;1;0;1;0;0;0;0;0;452129,113800000399351;5277996,309000000357628;8,362515119000022;47,653591078000034;1
08250213117300712800;08;1;17;026;2025;02;06;5;2;6;2;2;1;0;1;1;0;0;0;548910,026499999687076;5393865,527400000020862;9,664659877000076;48,695909774000029;1
08250327317000854320;08;3;17;065;2025;03;16;5;2;5;5;0;0;1;1;0;0;0;0;419066,776899999938905;5354539,555600000545382;7,907860224000046;48,338851293000062;1
08250308426200785190;08;4;26;125;2025;03;19;7;3;0;1;2;0;1;0;0;0;0;0;574239,539499999955297;5337334,798900000751019;9,998808061000034;48,184909676000075;1
08250306111500831840;08;1;11;000;2025;03;13;5;3;9;7;0;0;1;1;0;0;0;1;511195,339999999850988;5409095,792899999767542;9,152557912000077;48,834737272000041;1
08250310435100794390;08;4;35;016;2025;03;15;2;3;4;6;0;0;1;0;0;0;0;0;536843,774699999950826;5280854,241599999368191;9,490886966000062;47,680026911000027;1
08250311316100808650;08;3;16;054;2025;03;13;3;3;6;4;0;0;0;1;1;0;0;0;417632,445700000040233;5337204,615399999544024;7,891884222000044;48,182736614000078;1
08250305325302828690;08;3;25;053;2025;03;13;4;3;0;1;0;0;1;0;0;0;0;0;457440,956899999640882;5342076,300599999725819;8,426910713000041;48,230479254000045;1
08250213111500712440;08;1;11;000;2025;02;08;5;1;6;7;0;1;0;1;1;0;0;0;506779,419700000435114;5405531,540599999949336;9,092323760000056;48,802737577000073;1
08250318317000801480;08;3;17;096;2025;03;07;3;2;5;3;0;0;1;0;0;0;0;1;421826,893299999646842;5372335,596899999305606;7,941781931000037;48,499274192000030;1
08250327421300851060;08;4;21;000;2025;03;14;5;2;2;2;0;0;1;1;0;0;0;0;570572,408300000242889;5354368,415500000119209;9,952320378000024;48,338554217000080;1
08250221426300768960;08;4;26;121;2025;02;08;6;3;5;3;0;0;1;0;0;1;0;0;540047,918700000271201;5335860,756300000473857;9,538690086000031;48,174724861000072;1
08250213111340699820;08;1;11;000;2025;02;17;5;3;6;6;2;0;0;1;1;0;0;0;511483,091300000436604;5405995,340099999681115;9,156392260000075;48,806840765000061;1
08250301226400815320;08;2;26;063;2025;03;14;7;3;5;3;0;0;1;1;0;0;0;0;470742,089800000190735;5470348,119200000539422;8,596869851000065;49,385127251000029;1
08250219317000714410;08;3;17;026;2025;02;08;4;3;5;3;0;0;1;1;0;0;0;0;412748,093999999575317;5345164,135999999940395;7,824549464000029;48,253679983000040;1
08250322435100813050;08;4;35;045;2025;03;15;7;3;5;3;0;0;1;1;0;0;0;0;534553,247999999672174;5286576,632999999448657;9,460823835000042;47,731639821000044;1
08250307115100796140;08;1;15;003;2025;03;17;6;3;5;3;0;0;1;1;0;1;0;0;499634,037700000219047;5392608,867200000211596;8,995027716000038;48,686521852000055;1
08250306111330792500;08;1;11;000;2025;03;09;5;3;6;7;0;0;0;1;1;0;0;0;511437,900999999605119;5410648,075899999588728;9,155906592000065;48,848696926000059;1
08250320426000804480;08;4;26;014;2025;03;07;5;3;5;3;0;0;1;1;0;0;0;0;549124,425999999977648;5316862,811000000685453;9,658585959000050;48,003173842000081;1
08250212415400753560;08;4;15;061;2025;02;06;4;3;3;6;2;1;1;1;0;0;0;0;515363,338200000114739;5370777,475800000131130;9,207931723000058;48,489933227000051;1
08250322421300813870;08;4;25;039;2025;03;14;7;3;5;3;0;0;1;1;0;0;0;0;565671,836600000038743;5352299,101999999955297;9,885876968000048;48,320467960000030;1
08250212317500725240;08;3;17;096;2025;02;07;4;3;6;4;1;1;0;0;1;0;0;1;421920,576000000350177;5369780,660000000149012;7,943527383000060;48,476304471000049;1
08250303311010768480;08;3;11;000;2025;03;15;2;3;6;4;0;0;0;0;1;1;0;0;413444,322100000455976;5316312,844699999317527;7,839786935000063;47,994254187000081;1
08250311311010810760;08;3;15;015;2025;03;15;3;1;5;3;0;0;1;1;0;0;0;0;395071,288599999621511;5323167,276799999177456;7,591902162000054;48,053154942000049;1
08250320212302862950;08;2;12;000;2025;03;13;5;3;6;2;0;0;0;1;1;0;0;0;456058,993999999947846;5428979,319700000807643;8,399093741000058;49,012140487000067;1
08250227118010758890;08;1;18;011;2025;02;07;5;2;6;4;0;1;0;1;1;0;0;0;505078,634600000455976;5407814,034600000828505;9,069190331000073;48,823286896000070;1
08250308212502813630;08;2;12;000;2025;03;18;7;3;0;7;0;0;1;1;0;0;0;0;452184,524299999698997;5427965,930800000205636;8,346232041000064;49,002736956000035;1
08250305311400771020;08;3;15;074;2025;03;15;4;3;5;3;0;0;1;0;0;0;0;0;400720,730600000359118;5298120,068099999800324;7,673470738000049;47,828762944000061;1
08250322335300853190;08;3;35;075;2025;03;18;7;3;5;3;2;0;1;1;0;0;0;0;488883,733500000089407;5287851,260700000450015;8,851711702000046;47,743937813000059;1
08250321212702842450;08;2;15;017;2025;03;15;6;2;0;7;0;0;1;0;0;0;0;0;459659,349600000306964;5419988,938400000333786;8,449218753000025;48,931515710000042;1
08250212317500700560;08;3;17;096;2025;02;18;4;3;8;3;2;1;1;1;0;0;0;0;425070,642900000326335;5369024,246700000017881;7,986278595000044;48,469883820000064;1
08250301136200780800;08;1;36;010;2025;03;10;7;3;6;7;0;0;0;1;1;0;0;0;598733,833999999798834;5412978,751800000667572;10,346181724000076;48,861909788000048;1
08250319317600816810;08;3;17;040;2025;03;14;4;3;5;3;0;0;1;1;0;0;0;0;432595,749099999666214;5346915,758899999782443;8,091616253000041;48,271859272000029;1
08250219211100715300;08;2;11;000;2025;02;11;4;3;3;2;0;0;1;1;0;0;0;0;444416,303999999538064;5400480,775000000372529;8,243764713000076;48,754856806000078;1
08250312121300796220;08;1;21;000;2025;03;12;4;3;1;7;0;1;1;1;0;0;0;0;514646,096499999985099;5446257,709799999371171;9,200921060000042;49,168957664000061;1
08250325316200839860;08;3;16;003;2025;03;16;3;3;0;7;0;0;1;0;0;0;0;0;429569,944799999706447;5336802,926200000569224;8,052524906000031;48,180558981000047;1
08250219221011720650;08;2;21;000;2025;02;10;4;3;0;3;0;0;1;1;0;0;0;0;477794,368200000375509;5472938,088500000536442;8,693893237000054;49,408721654000033;1
08250212226600707910;08;2;26;107;2025;02;07;4;3;0;7;2;1;1;0;0;0;0;0;474806,237099999561906;5482888,570299999788404;8,652069371000039;49,498107281000046;1
08250218135200727150;08;1;35;019;2025;02;12;3;3;5;3;0;0;1;1;0;0;0;0;584846,418700000271201;5390904,844699999317527;10,152326364000032;48,665428656000074;1
08250302416200818500;08;4;16;015;2025;03;16;1;3;5;3;0;0;1;1;0;0;0;0;507798,832999999634922;5367632,733999999240041;9,105493189000072;48,461781210000026;1
08250309111230840530;08;1;11;000;2025;03;13;1;3;2;6;0;0;1;1;0;0;0;0;509194,766999999992549;5397393,856000000610948;9,125034596000035;48,729500239000060;1
08250328111500844160;08;1;11;000;2025;03;17;6;3;6;4;0;0;0;1;1;0;0;0;512748,977800000458956;5405509,161000000312924;9,173617637000063;48,802442475000078;1
08250303136000779980;08;1;27;025;2025;03;17;2;3;6;4;0;0;0;1;1;0;0;0;556371,822900000028312;5427620,550899999216199;9,770698380000056;48,998908198000038;1
08250212135010719230;08;1;35;025;2025;02;09;4;1;2;6;0;1;1;1;0;0;0;0;580542,849600000306964;5396505,740499999374151;10,094981550000057;48,716375474000074;1
08250214311010703930;08;3;11;000;2025;02;17;6;3;5;3;0;0;1;1;0;0;0;0;413379,512000000104308;5316149,381999999284744;7,838951380000026;47,992775006000045;1
08250307121100782720;08;2;25;033;2025;03;16;6;3;0;1;0;0;1;0;0;0;0;0;509419,892699999734759;5458517,709200000390410;9,129514031000042;49,279341814000077;1
08250224127202749240;08;1;27;014;2025;02;10;2;3;3;2;0;0;1;1;0;0;0;0;577402,774000000208616;5443709,424399999901652;10,061260517000051;49,141332398000031;1
08250327317500843440;08;3;17;096;2025;03;13;5;3;8;1;0;0;1;0;0;0;0;0;421945,497700000181794;5369861,005300000309944;7,943849531000069;48,477030264000064;1
08250212121500723610;08;1;25;065;2025;02;22;4;2;6;4;2;1;0;0;1;0;0;1;516631,113199999555945;5450148,207200000062585;9,228313067000045;49,203903085000036;1
08250324136100818160;08;1;36;088;2025;03;06;2;3;5;3;0;1;1;1;0;0;0;0;579929,837000000290573;5410914,901000000536442;10,089450812000052;48,846055188000037;1
08250308435200800620;08;4;35;005;2025;03;19;7;2;2;1;2;0;1;0;0;0;0;0;525495,091000000014901;5286177,507999999448657;9,339997773000050;47,728470209000079;1
08250302436300772700;08;4;36;081;2025;03;22;1;2;6;4;2;0;0;1;1;0;0;0;555110,419999999925494;5280213,010199999436736;9,734163946000024;47,672958551000079;1
08250212118600772440;08;1;18;073;2025;02;05;4;3;6;6;2;1;0;1;1;0;0;0;497149,849899999797344;5422862,439600000157952;8,961065129000076;48,958673341000065;1
08250302211100767170;08;2;11;000;2025;03;11;1;3;5;3;0;0;1;1;0;0;0;0;442967,634999999776483;5406324,039999999105930;8,223246273000029;48,807286738000073;1
08250221311010762980;08;3;15;041;2025;02;17;6;3;5;2;0;0;1;1;0;0;0;0;422666,597299999557436;5322201,607000000774860;7,962319614000023;48,048409545000027;1
08250313311010786460;08;3;11;000;2025;03;11;5;3;5;3;0;1;1;1;0;0;0;0;414611,360000000335276;5318521,008899999782443;7,854987361000042;48,014274387000057;1
08250308317000792120;08;3;17;057;2025;03;18;7;3;8;1;2;0;1;0;0;0;0;0;416386,645200000144541;5384230,076999999582767;7,865763579000031;48,605559273000040;1
08250218111500713310;08;1;11;000;2025;02;06;3;3;6;2;0;0;0;1;1;0;0;0;514991,712500000372529;5403101,897299999371171;9,204071531000068;48,780736958000034;1
08250222435100762490;08;4;35;057;2025;02;14;7;3;0;1;0;0;1;0;0;0;0;0;543900,410899999551475;5281292,868799999356270;9,584945319000042;47,683532606000028;1
08250311435100810330;08;4;35;057;2025;03;05;3;3;3;2;2;0;1;1;0;0;0;0;542995,858000000007451;5279032,232999999076128;9,572670771000048;47,663253905000033;1
08250306216100794770;08;2;16;009;2025;03;16;5;3;8;1;0;0;1;0;0;0;0;0;446812,114400000311434;5420879,134700000286102;8,273708962000057;48,938552097000070;1
08250225415400763650;08;4;15;061;2025;02;07;3;3;5;2;0;0;1;1;0;0;0;0;514952,883100000210106;5372057,220200000330806;9,202422372000058;48,501456159000043;1
08250308435200837470;08;4;35;036;2025;03;21;7;3;0;1;2;0;1;0;0;0;0;0;519949,456000000238419;5282506,342599999159575;9,265875093000034;47,695634010000049;1
08250320336200835440;08;3;36;069;2025;03;16;5;2;6;7;0;0;1;0;1;0;0;0;409832,693599999882281;5270009,393300000578165;7,801005387000032;47,577230689000032;1
08250309327200782470;08;3;27;046;2025;03;20;1;1;0;1;2;0;1;0;0;0;0;0;479910,326399999670684;5325879,356799999251962;8,730237126000077;48,085867961000076;1
08250226121500733860;08;1;25;005;2025;02;05;4;3;5;3;2;1;1;1;0;0;0;0;515737,208200000226498;5452964,543500000610948;9,216152013000055;49,229260235000027;1
08250212111250710540;08;1;11;000;2025;02;18;4;3;6;3;2;1;0;0;1;0;0;1;514950,049999999813735;5403102,739199999719858;9,203504443000043;48,780745534000062;1
08250329111500847270;08;1;11;000;2025;03;17;7;2;6;4;0;0;0;1;1;0;0;0;516657,788999999873340;5404475,392000000923872;9,226806145000069;48,793050366000045;1
08250309119200806620;08;1;19;093;2025;03;15;1;3;0;1;0;0;1;0;0;1;0;0;524278,711000000126660;5402988,266000000759959;9,330480356000066;48,779421600000035;1
08250220316100745110;08;3;16;037;2025;02;15;5;3;0;3;0;0;1;0;0;0;0;0;407456,851800000295043;5333621,588700000196695;7,755800378000060;48,149107053000080;1
08250228118100759390;08;1;18;010;2025;02;18;6;3;6;7;2;1;0;1;1;0;0;0;508360,504399999976158;5431915,987999999895692;9,114396086000056;49,040065473000027;1
08250311311010808740;08;3;11;000;2025;03;14;3;3;5;3;0;0;1;1;0;0;0;0;413005,351499999873340;5317627,813699999824166;7,833637497000041;48,006023180000057;1
08250217435100724390;08;4;35;016;2025;02;06;2;3;5;3;1;0;1;1;0;0;0;0;536118,774299999698997;5281773,805199999362230;9,481303901000047;47,688341479000030;1
08250320111130806170;08;1;11;000;2025;03;08;5;3;5;2;0;0;1;1;0;0;0;0;509585,884499999694526;5398567,995699999853969;9,130380485000046;48,740056917000061;1
08250320119300839460;08;1;19;067;2025;03;15;5;3;5;3;0;0;1;1;0;0;0;0;539939,500000000000000;5406048,450999999418855;9,543943519000038;48,806141260000061;1
08250312115100796520;08;1;15;002;2025;03;10;4;3;6;2;0;1;0;1;1;0;0;0;499622,732099999673665;5386383,294099999591708;8,994879783000044;48,630515643000081;1
08250328127100833940;08;1;27;100;2025;03;16;6;3;2;6;0;0;1;1;0;0;0;0;554893,492899999953806;5434700,921299999579787;9,751447514000063;49,062727902000063;1
08250223222700757350;08;2;22;000;2025;02;21;1;3;0;1;2;0;1;0;0;0;0;0;465424,549599999561906;5480229,341499999165535;8,522743144000060;49,473726537000061;1
08250319436000808030;08;4;35;035;2025;03;13;4;3;0;1;0;0;1;1;0;0;0;0;541714,059500000439584;5281393,993200000375509;9,555824681000047;47,684587255000054;1
08250311111500781750;08;1;11;000;2025;03;13;3;3;5;3;0;1;1;1;0;0;0;0;513058,328800000250340;5406927,904600000008941;9,177875545000063;48,815198890000033;1
08250308111500786000;08;1;11;000;2025;03;21;7;1;6;2;2;0;0;0;1;0;0;1;513623,550300000235438;5402408,670099999755621;9,185424848000025;48,774532212000054;1
08250216118010734510;08;1;15;045;2025;02;13;1;3;6;4;0;0;0;1;1;0;1;0;502521,330199999734759;5398747,502399999648333;9,034294509000063;48,741740417000074;1
08250218317000714280;08;2;16;009;2025;02;09;3;3;5;3;0;0;1;1;0;0;0;0;446149,160799999721348;5420403,743300000205636;8,264719785000068;48,934218609000027;1
08250211436000694600;08;4;35;057;2025;02;15;3;3;5;3;0;1;1;1;0;0;0;0;543018,249300000257790;5279209,849400000646710;9,572986478000075;47,664850478000062;1
08250322117300842020;08;1;17;026;2025;03;15;7;3;2;6;0;0;1;0;0;0;0;0;549663,766099999658763;5394131,077600000426173;9,674933974000055;48,698238978000063;1
08250320311010857640;08;3;11;000;2025;03;18;5;3;5;3;1;0;1;1;0;0;0;0;413153,644600000232458;5315424,933499999344349;7,836071090000075;47,986227705000033;1
08250327231000845750;08;2;31;000;2025;03;12;5;3;5;3;0;0;1;0;0;1;0;0;477911,916500000283122;5414833,650000000372529;8,698699592000025;48,886061407000057;1
08250304127100806220;08;1;27;076;2025;03;15;3;3;5;3;0;0;1;1;0;0;0;0;556255,031000000424683;5438742,088999999687076;9,770646355000054;49,098954049000042;1
08250307426000774710;08;4;26;100;2025;03;15;6;2;3;6;0;0;1;0;0;0;0;1;575515,676599999889731;5312433,160800000652671;10,011573844000054;47,960752497000044;1
08250319435200802670;08;4;35;059;2025;03;12;4;3;6;4;0;0;0;0;1;1;0;0;512691,099499999545515;5290674,525399999693036;9,169378521000056;47,769311160000029;1
08250322316200840920;08;3;16;056;2025;03;15;7;3;5;3;0;0;1;1;0;0;0;0;421331,626299999654293;5325984,025399999693036;7,943713729000024;48,082271332000062;1
08250302226600771680;08;2;26;028;2025;03;01;1;3;0;7;2;0;1;0;0;0;0;0;472957,010400000028312;5483250,296700000762939;8,626506991000042;49,501281259000052;1
08250320327100808280;08;3;27;050;2025;03;15;5;2;5;3;0;0;1;1;0;0;0;0;482461,589700000360608;5311775,936200000345707;8,765072267000050;47,959053729000061;1
08250315326200848030;08;3;26;074;2025;03;16;7;3;5;3;0;0;1;1;0;0;0;0;465886,053299999795854;5323511,769899999722838;8,542114052000045;48,063970926000081;1
08250310221200804980;08;2;21;000;2025;03;11;2;3;5;7;0;0;1;1;0;0;0;0;477660,624800000339746;5473183,698799999430776;8,692035780000026;49,410925985000063;1
08250312226300808530;08;2;26;056;2025;03;16;4;3;5;2;0;1;1;1;0;0;0;0;485056,175999999977648;5471361,369999999180436;8,794056427000044;49,394760853000037;1
08250219121200725550;08;1;21;000;2025;02;07;4;2;6;4;0;0;0;0;1;0;0;1;516159,559500000439584;5444149,518200000748038;9,221598578000055;49,149955861000080;1
08250326311010845540;08;3;36;008;2025;03;20;4;2;4;6;2;0;1;0;0;0;0;0;395933,217199999839067;5275700,507200000807643;7,614878928000053;47,626342697000041;1
08250321125102837670;08;1;25;063;2025;03;11;6;2;4;3;0;0;1;1;0;0;0;0;526581,728000000119209;5463138,994999999180436;9,365776068000059;49,320404731000053;1
08250224231102750450;08;2;36;040;2025;02;07;2;3;6;2;0;0;0;1;1;0;0;0;489016,739599999971688;5421568,679800000041723;8,849996793000059;48,946944118000033;1
08250316336400826670;08;3;36;014;2025;03;23;1;3;6;7;2;0;0;0;1;0;0;1;393043,339300000108778;5279341,065700000151992;7,575536855000053;47,658618613000044;1
08250321136200819530;08;1;36;071;2025;03;11;6;3;8;7;0;0;1;0;0;0;0;0;601291,817900000140071;5426220,623600000515580;10,384335836000048;48,980583086000081;1
08250211426000695190;08;4;26;013;2025;02;06;3;2;6;7;2;1;0;1;1;0;0;0;545096,249499999918044;5322201,028300000354648;9,605147476000070;48,051496774000043;1
08250221436000735200;08;4;35;035;2025;02;12;6;3;0;1;0;0;1;0;0;0;0;0;542213,326000000350177;5283142,883799999952316;9,562646130000076;47,700290022000047;1
08250326421300186880;08;4;25;138;2025;03;21;4;3;0;1;2;1;1;0;0;0;0;0;573708,994099999777973;5350991,687899999320507;9,994049273000030;48,307821291000039;1
08250214222014765670;08;2;22;000;2025;02;20;6;1;6;4;2;0;0;0;1;0;0;1;462518,010800000280142;5485986,008999999612570;8,482078669000032;49,525332210000045;1
08250227116400760330;08;1;16;033;2025;02;11;5;3;5;3;0;1;1;1;0;0;0;0;531592,587100000120699;5389218,715800000354648;9,428979292000065;48,655224936000081;1
08250302121500782020;08;1;25;005;2025;03;16;1;3;5;3;0;0;1;1;0;0;0;0;515852,957200000062585;5452612,511800000444055;9,217727910000065;49,226090656000054;1
08250328115200859620;08;1;15;053;2025;03;13;6;3;5;3;0;0;1;1;0;0;0;0;483906,305999999865890;5379239,752000000327826;8,781856784000070;48,566044054000031;1
08250328216200862150;08;2;16;007;2025;03;12;6;3;8;1;0;0;1;0;0;0;0;0;436651,204199999570847;5394533,276799999177456;8,139043384000047;48,700617267000041;1
08250219117010743110;08;1;17;038;2025;02;14;4;3;6;4;0;0;0;1;1;0;0;0;547284,520999999716878;5397772,755000000819564;9,643019403000039;48,731182549000039;1
08250324211000817200;08;2;11;000;2025;03;14;2;2;5;3;0;0;1;1;0;0;0;0;437853,427000000141561;5397697,627000000327826;8,154903968000042;48,729201795000051;1
08250327226095831300;08;2;26;095;2025;03;21;5;1;6;6;2;0;0;1;1;0;0;0;474311,782499999739230;5460515,881500000134110;8,646687538000037;49,296848182000076;1
08250213212010728550;08;2;12;000;2025;02;07;5;3;5;2;0;1;1;1;0;0;0;0;455378,124599999748170;5429735,298699999228120;8,389700073000029;49,018891717000031;1
08250218119400729240;08;1;19;079;2025;02;17;3;3;5;3;0;0;1;1;0;0;0;0;523946,888600000180304;5411096,476800000295043;9,326436927000032;48,852373975000035;1
08250328317000832970;08;3;17;113;2025;03;14;6;3;0;7;0;0;1;0;0;0;0;0;408410,642400000244379;5344892,809699999168515;7,766188132000025;48,250627377000058;1
08250228216200756090;08;2;16;063;2025;02;03;6;2;8;1;2;1;1;0;0;0;0;0;430713,166000000201166;5402636,312000000849366;8,056989615000020;48,772871264000059;1
08250302237200777900;08;2;37;061;2025;03;14;1;2;5;3;0;0;1;1;0;0;0;0;466579,756900000385940;5364320,565199999138713;8,548202630000048;48,431144786000061;1
08250303311010783500;08;3;11;000;2025;03;00;2;3;0;1;2;0;1;0;0;0;0;0;413176,211000000126660;5315670,971499999985099;7,836323708000066;47,988443967000080;1
08250305437000772690;08;4;37;104;2025;03;08;4;3;1;7;0;0;0;1;1;0;0;1;510654,311999999918044;5328437,195699999108911;9,143129883000029;48,109108432000028;1
08250213115200724830;08;1;15;037;2025;02;19;5;3;6;7;2;1;1;0;1;0;0;0;493881,401800000108778;5386509,473500000312924;8,916957594000053;48,631620955000074;1
08250328119400843250;08;1;19;090;2025;03;11;6;3;6;4;0;0;0;1;1;0;0;0;530794,177400000393391;5407130,895700000226498;9,419476887000030;48,816399010000055;1
08250302225100773110;08;2;25;009;2025;03;16;1;3;6;4;0;0;0;1;1;0;0;0;518512,380499999970198;5466145,506699999794364;9,254879360000075;49,347746390000054;1
08250313435100818570;08;4;35;045;2025;03;15;5;3;0;6;0;0;1;0;0;0;0;0;534462,267099999822676;5284857,546800000593066;9,459474460000024;47,716177497000047;1
08250313437100800240;08;4;37;100;2025;03;10;5;2;0;1;0;1;1;0;0;0;0;0;540775,377500000409782;5320097,259800000116229;9,546968085000060;48,032860523000068;1
08250321226600855850;08;2;26;096;2025;03;07;6;3;5;3;0;0;1;1;0;0;0;0;476411,537999999709427;5489172,011600000783801;8,673862748000033;49,554689166000060;1
08250214317000743030;08;3;17;005;2025;02;04;6;3;5;3;2;1;1;1;0;0;0;0;424442,519999999552965;5376222,235999999567866;7,976479249000022;48,534554307000064;1
08250304116500805760;08;1;16;049;2025;03;21;3;3;6;3;2;0;0;0;1;0;0;1;524597,003299999982119;5385774,987400000914931;9,333787359000041;48,624559636000072;1