UIDENTSTLAE;ULAND;UREGBEZ;UKREIS;UGEMEINDE;UJAHR;UMONAT;USTUNDE;UWOCHENTAG;UKATEGORIE;UART;UTYP1;ULICHTVERH;IstStrassenzustand;IstRad;IstPKW;IstFuss;IstKrad;IstGkfz;IstSonstige;LINREFX;LINREFY;XGCSWGS84;YGCSWGS84;PLST
08250320111110837800;08;1;11;000;2025;03;19;5;3;6;4;1;0;0;1;1;0;0;0;513165,107800000347197;5403490,444599999114871;9,179219839000041;48,784273637000069;1
08250320336400859320;08;3;36;091;2025;03;16;5;3;0;7;0;0;1;0;0;0;0;0;395833,334900000132620;5274368,105499999597669;7,613866796000025;47,614341489000026;1
08250318426000798400;08;4;25;130;2025;03;07;3;3;6;4;0;0;0;1;1;0;0;0;573582,908699999563396;5378134,161699999123812;9,997114764000059;48,551986695000039;1
08250318235100829710;08;2;35;085;2025;03;15;3;3;2;4;0;0;0;1;1;0;0;1;480607,502000000327826;5397972,322000000625849;8,736265965000030;48,734470175000070;1
08250215211000728410;08;3;17;001;2025;02;18;7;1;6;3;2;0;0;0;1;0;0;1;430952,569199999794364;5385692,846699999645352;8,063080166000077;48,620493365000073;1
08250310212010778260;08;2;12;000;2025;03;15;2;3;5;3;0;1;1;1;0;0;0;0;459634,829099999740720;5427967,885600000619888;8,448092426000073;49,003286739000032;1
08250227317000740600;08;3;17;005;2025;02;17;5;2;2;7;1;0;0;1;1;0;0;0;425455,674200000241399;5375914,458599999547005;7,990256512000030;48,531907053000054;1
08250308317000774610;08;3;17;005;2025;03;13;7;3;1;5;0;0;1;1;0;0;0;0;423770,300099999643862;5378664,229399999603629;7,966927724000072;48,556438401000037;1
08250220311010744840;08;3;11;000;2025;02;18;5;3;3;2;2;0;1;1;0;0;0;0;414580,142900000326335;5317325,524900000542402;7,854806973000052;48,003516389000026;1
08250323117300859540;08;1;17;026;2025;03;14;1;3;0;1;0;0;1;1;0;0;0;0;545730,894600000232458;5395472,687699999660254;9,621638025000038;48,710608196000067;1
08250323136100843780;08;1;36;088;2025;03;12;1;3;0;7;0;0;1;0;0;0;0;0;580514,065000000409782;5413187,300000000745058;10,097859267000047;48,866418060000058;1
08250221421300759740;08;4;25;066;2025;02;13;6;3;3;2;0;0;1;1;0;0;0;0;578708,703499999828637;5347252,371400000527501;10,060767442000042;48,273582977000046;1
08250225136100744750;08;1;36;088;2025;02;16;3;2;5;3;0;1;1;1;0;0;0;0;579923,128200000151992;5410912,939500000327826;10,089359005000063;48,846038410000062;1
08250221311010740970;08;3;36;050;2025;02;06;6;3;6;2;2;0;0;1;1;0;0;0;399639,172799999825656;5273876,082499999552965;7,664608863000069;47,610516258000075;1
08250217212702747660;08;2;15;017;2025;02;07;2;3;5;3;0;0;1;1;0;0;0;0;453776,483599999919534;5421480,275100000202656;8,368734104000055;48,944519039000056;1
08250219136100741010;08;1;36;082;2025;02;11;4;2;6;7;0;0;0;1;1;0;0;0;587092,976599999703467;5415357,235400000587106;10,188009520000037;48,885045252000054;1
08250222435100740400;08;4;35;016;2025;02;08;7;3;5;3;0;0;1;1;0;0;0;0;535722,332000000402331;5277953,231000000610948;9,475708768000061;47,653988303000062;1
08250306121500779750;08;1;25;005;2025;03;23;5;3;5;3;2;0;1;1;0;0;0;0;515855,434000000357628;5452603,956000000238419;9,217761588000030;49,226013631000058;1
08250328115100832700;08;1;15;051;2025;03;15;6;3;0;7;0;0;1;0;0;0;0;0;503847,363199999555945;5385443,782199999317527;9,052207039000052;48,622051885000076;1
08250214237200702250;08;2;37;040;2025;02;14;6;3;6;1;0;0;0;1;1;0;0;0;481608,160699999891222;5366948,930099999532104;8,751248480000072;48,455408915000078;1
08250311211100794260;08;2;11;000;2025;03;08;3;3;6;4;0;0;0;1;1;0;0;0;442617,563500000163913;5402988,922700000926852;8,218944753000073;48,777254784000036;1
08250326317000854330;08;3;17;065;2025;03;13;4;3;5;3;0;0;1;0;0;0;0;1;416200,309899999760091;5354472,303200000897050;7,869200245000059;48,337872642000036;1
08250211317500707410;08;3;17;096;2025;02;08;3;3;5;3;0;1;1;1;0;0;0;0;421775,837500000372529;5369720,863399999216199;7,941580501000033;48,475748615000043;1
08250328121600846790;08;1;25;107;2025;03;15;6;3;6;4;0;0;0;1;1;0;0;0;533274,465699999593198;5437791,107000000774860;9,455767769000033;49,092072138000049;1
08250307436000777600;08;4;35;066;2025;03;14;6;3;5;3;0;0;1;1;0;0;0;0;519722,299800000153482;5287734,294299999251962;9,263084415000037;47,742679661000068;1
08250218436200713560;08;4;36;064;2025;02;14;3;3;0;7;0;0;1;0;0;0;0;0;546267,732499999925494;5292303,831100000068545;9,617656935000070;47,782434044000070;1
08250214121600730860;08;1;25;001;2025;02;15;6;3;6;4;0;0;0;1;1;0;0;0;521296,838299999944866;5435568,207699999213219;9,291593300000045;49,072607495000057;1
08250307118600774290;08;1;18;073;2025;03;16;6;3;3;6;0;0;1;1;0;0;0;0;499668,279600000008941;5418501,344100000336766;8,995472037000070;48,919448663000026;1
08250227436200756020;08;4;36;013;2025;02;05;5;3;5;3;2;0;1;1;0;0;0;0;545169,082399999722838;5295462,509800000116229;9,603320123000060;47,810930684000027;1
08250215426000060700;08;4;26;087;2025;02;20;7;3;6;4;2;0;0;0;1;0;0;1;570815,011199999600649;5328484,828999999910593;9,951269361000072;48,105688921000080;1
08250328118010855950;08;1;15;021;2025;03;10;6;2;6;6;0;0;1;0;1;0;0;0;489477,608699999749660;5382499,860600000247359;8,857290591000037;48,595491097000036;1
08250321436000808680;08;4;36;009;2025;03;13;6;3;8;1;0;0;1;0;0;0;0;0;552380,884999999776483;5305478,406199999153614;9,700854033000041;47,900494468000034;1
08250301317500767240;08;3;17;034;2025;03;12;7;3;0;1;0;0;1;0;0;0;0;0;426244,235000000335276;5361446,450999999418855;8,003487680000035;48,401859247000061;1
08250221119300723730;08;1;19;067;2025;02;17;6;3;5;3;1;0;1;1;0;0;0;0;539001,642599999904633;5405650,895400000736117;9,531133477000026;48,802624597000033;1
08250305327200779540;08;3;27;002;2025;03;16;4;3;0;1;0;0;1;0;0;0;0;0;474530,853199999779463;5324969,368599999696016;8,658057354000050;48,077488614000060;1
08250218212010737800;08;2;12;000;2025;02;15;3;2;0;7;0;0;1;0;0;0;0;0;455182,717100000008941;5428477,935900000855327;8,387166462000039;49,007567471000073;1
08250328111320852870;08;1;11;000;2025;03;13;6;3;6;2;0;0;0;1;1;0;0;0;516837,112999999895692;5406644,550000000745058;9,229336684000032;48,812558964000061;1
08250211136100721120;08;1;36;088;2025;02;06;3;2;6;2;2;1;0;1;1;0;0;0;580394,827600000426173;5410910,672900000587106;10,095786638000050;48,845957102000057;1
08250322326400836640;08;3;26;074;2025;03;00;7;3;5;3;2;0;1;1;0;0;0;0;459643,049399999901652;5322572,514799999073148;8,458411108000064;48,055156273000080;1
08250320119500805720;08;1;19;089;2025;03;14;5;3;5;3;0;0;1;1;0;0;0;0;533930,180999999865890;5408588,353599999099970;9,462314574000061;48,829346364000060;1
08250321118100840240;08;1;18;007;2025;03;07;6;3;6;4;0;0;0;1;1;0;0;0;510242,120199999772012;5427149,903500000014901;9,140021692000062;48,997163479000051;1
08250321128100835640;08;1;28;126;2025;03;19;6;2;6;4;2;0;0;1;1;0;0;0;565070,535500000230968;5481631,550300000235438;9,898380012000075;49,483835237000051;1
08250315231102810420;08;2;36;040;2025;03;11;7;3;6;7;0;0;0;1;1;0;0;0;487643,897300000302494;5421764,996300000697374;8,831241409000029;48,948684209000078;1
08250305215302793510;08;2;15;007;2025;03;16;4;3;5;3;0;0;1;1;0;0;0;0;477740,799399999901652;5431823,580099999904633;8,695436222000069;49,038889026000049;1
08250212335300698610;08;3;35;075;2025;02;16;4;3;5;2;0;0;1;1;0;0;0;0;487139,304299999959767;5289804,689699999988079;8,828383762000044;47,761481436000054;1
08250223221300749170;08;2;21;000;2025;02;17;1;3;4;2;0;0;1;1;0;0;0;0;483518,043999999761581;5473616,441600000485778;8,772765727000035;49,415005325000038;1
08250302435200781660;08;4;35;047;2025;03;12;1;2;5;3;0;0;1;1;0;0;0;0;510188,476499999873340;5297818,518699999898672;9,136145851000038;47,833633486000053;1
08250327435100842770;08;4;35;016;2025;03;10;5;3;5;3;0;0;1;1;0;0;0;0;537292,800300000235438;5279751,021800000220537;9,496775092000064;47,670075095000072;1
08250213327200710770;08;3;27;046;2025;02;08;5;3;6;2;0;1;0;0;1;0;1;0;480479,684200000017881;5324792,139000000432134;8,737932029000035;48,076103993000061;1
08250319221300836320;08;2;21;000;2025;03;15;4;3;0;7;0;1;1;0;0;0;0;0;477512,386300000362098;5474190,379300000146031;8,689935202000072;49,419975449000049;1
08250319317000802130;08;3;17;026;2025;03;08;4;3;5;3;0;0;0;0;1;0;0;1;412387,660699999891222;5344917,732000000774860;7,819745818000058;48,251413875000026;1
08250318119200854810;08;1;19;093;2025;03;17;3;3;5;2;0;0;1;1;0;0;0;0;523103,331000000238419;5406188,129000000655651;9,314661376000060;48,808251704000043;1
08250223317500749160;08;3;17;100;2025;02;14;1;3;5;3;0;0;1;0;0;1;0;0;422928,502000000327826;5366092,583000000566244;7,957842353000046;48,443254682000031;1
08250222311010748050;08;3;11;000;2025;02;21;7;3;3;2;2;1;1;1;0;0;0;0;414534,445799999870360;5316015,063999999314547;7,854455466000047;47,991722174000074;1
08250228416010756550;08;4;15;089;2025;02;14;6;2;6;7;0;0;0;1;1;0;0;0;521082,969200000166893;5359082,582200000062585;9,284753362000060;48,384555556000066;1
08250308111500785990;08;1;11;000;2025;03;16;7;2;6;4;0;0;0;0;1;1;0;0;518300,250000000000000;5406285,537100000306964;9,249249734000045;48,809287975000075;1
08250315311010801400;08;3;11;000;2025;03;00;7;3;0;1;2;0;1;0;0;0;0;0;414551,327999999746680;5313156,059000000357628;7,855250451000074;47,966006475000029;1
08250309117100806410;08;1;17;049;2025;03;13;1;3;5;3;0;0;1;1;0;0;0;0;555246,925099999643862;5391995,107100000604987;9,750517435000063;48,678555763000077;1
08250512231102003380;08;2;36;028;2025;05;13;2;2;0;1;0;0;1;0;0;0;0;0;493053,462299999780953;5426048,450400000438094;8,905051503000038;48,987301109000043;1
08250512212010055520;08;2;12;000;2025;05;09;2;3;5;3;0;0;1;1;0;0;0;0;461752,496299999766052;5427326,843000000342727;8,477106077000030;48,997655267000027;1
08250415436400896820;08;4;36;009;2025;04;22;3;3;0;1;2;0;0;0;1;0;0;1;555549,299100000411272;5306820,633400000631809;9,743416601000035;47,912303366000060;1
08250412119200951550;08;1;19;020;2025;04;12;7;3;6;4;0;0;0;0;1;0;0;1;519818,084800000302494;5406739,234799999743700;9,269944349000070;48,813322802000073;1
08250423311100961450;08;3;15;030;2025;04;08;4;3;5;2;0;0;1;1;0;0;0;0;407067,100100000388920;5327167,332299999892712;7,751968810000051;48,090995092000071;1
08250409436300878620;08;4;36;081;2025;04;16;4;3;8;1;0;0;1;0;0;0;0;0;559552,107200000435114;5287905,422700000926852;9,794380022000041;47,741771681000046;1
08250510115400996360;08;1;15;045;2025;05;10;7;3;5;2;0;0;1;1;0;0;0;0;500730,097900000400841;5396891,658700000494719;9,009927324000046;48,725049858000034;1
08250510126100997130;08;1;26;072;2025;05;11;7;3;4;2;0;0;1;1;0;0;0;0;536142,939000000245869;5468008,862099999561906;9,497779589000061;49,363716671000077;1
08250424435100924690;08;4;35;016;2025;04;16;5;3;5;3;0;0;1;1;0;0;0;0;536157,013700000010431;5278448,940099999308586;9,481538153000031;47,658424255000057;1
08250512116500062070;08;1;16;049;2025;05;18;2;3;3;2;0;0;1;1;0;0;0;0;524319,256299999542534;5387382,328299999237061;9,330112643000064;48,639030208000065;1
08250430226300940090;08;2;26;056;2025;04;23;4;3;0;7;2;0;1;0;0;0;0;0;485748,765599999576807;5470682,137800000607967;8,803625427000043;49,388667800000064;1
08250407436000895120;08;4;36;069;2025;04;14;2;1;6;4;0;0;0;1;1;0;0;0;551775,622000000439584;5291550,805999999865890;9,691090176000046;47,775239975000034;1
08250419311500938400;08;3;15;039;2025;04;12;7;2;0;1;0;0;1;0;0;0;0;0;447394,551400000229478;5304541,440500000491738;8,296255790000032;47,892046519000075;1
08250412119100905140;08;1;19;069;2025;04;17;7;3;0;7;0;0;1;0;0;0;0;0;532752,416600000113249;5431252,996600000187755;9,448088307000035;49,033288259000074;1
08250502435100019320;08;4;35;016;2025;05;13;6;3;0;3;0;0;1;0;0;0;0;1;536820,519999999552965;5279794,161399999633431;9,490487752000035;47,670490304000054;1
08250428211000953680;08;2;16;043;2025;04;13;2;2;5;3;0;0;1;1;0;0;0;0;439796,226700000464916;5413836,232699999585748;8,178953919000037;48,874559352000063;1
08250516119400001420;08;1;19;079;2025;05;14;6;3;1;5;0;0;1;1;0;0;0;0;522724,718600000254810;5409181,615700000897050;9,309670706000077;48,835194366000053;1
08250430436400951540;08;4;36;082;2025;04;16;4;3;5;3;0;0;1;1;0;0;0;0;546577,823200000450015;5295846,742900000885129;9,622176734000050;47,814287180000065;1
08250512317000985670;08;3;17;141;2025;05;14;2;3;5;3;0;0;1;1;0;0;0;0;419851,391999999992549;5376873,580000000074506;7,914172671000074;48,539843306000080;1
08250510336300983600;08;3;36;010;2025;05;18;7;3;0;7;0;0;1;0;0;0;0;0;413854,068400000222027;5293929,300499999895692;7,849746558000049;47,792957631000036;1
08250415111500927510;08;1;11;000;2025;04;17;3;3;5;3;0;0;1;1;0;0;0;0;514287,326700000092387;5401745,633400000631809;9,194436165000070;48,768552697000075;1
08250405111110881020;08;1;11;000;2025;04;17;7;3;1;6;0;0;1;0;0;0;0;0;512709,544300000183284;5402596,999199999496341;9,172990550000065;48,776245750000044;1
08250426311010929340;08;3;11;000;2025;04;14;7;2;6;7;0;0;1;0;1;0;0;0;403194,564399999566376;5314329,135999999940395;7,702878469000041;47,974941290000061;1
08250422317000938930;08;3;17;096;2025;04;11;3;3;8;1;0;0;1;0;0;0;0;0;421637,904600000008941;5363044,214500000700355;7,940963994000072;48,415675344000078;1
08250414221300926310;08;2;21;000;2025;04;14;2;3;5;3;0;0;1;1;0;0;0;0;482332,626899999566376;5473959,540500000119209;8,756407435000028;49,418058189000078;1
08250408336200878000;08;3;36;069;2025;04;16;3;3;5;3;0;0;1;1;0;0;0;0;404234,954400000162423;5267402,863800000399351;7,727156389000072;47,552981127000066;1
08250413118500935170;08;1;18;078;2025;04;16;1;3;5;2;0;0;1;1;0;0;0;0;512914,360000000335276;5419519,697399999946356;9,176312032000055;48,928474834000042;1
08250415436000895750;08;4;37;088;2025;04;18;3;3;5;2;0;0;1;1;0;0;0;0;518201,741299999877810;5308478,325899999588728;9,243673515000069;47,929365973000074;1
08250425117300927100;08;1;17;026;2025;04;16;6;3;6;2;0;0;0;1;1;0;0;0;549208,912499999627471;5394120,731799999251962;9,668751691000068;48,698181957000031;1
08250425326200949930;08;3;26;074;2025;04;11;6;3;6;7;0;0;1;0;1;0;0;0;465169,854899999685585;5322234,734500000253320;8,532605390000072;48,052442990000031;1
08250409136000921200;08;1;36;028;2025;04;12;4;3;0;7;0;0;1;0;0;0;0;0;569055,065000000409782;5405118,298000000417233;9,940273388000037;48,795221854000033;1
08250424216100924020;08;2;16;043;2025;04;09;5;3;0;1;0;0;1;0;0;0;0;0;440681,819799999706447;5412696,069800000637770;8,191195502000028;48,864389033000066;1
08250422118100931120;08;1;18;010;2025;04;08;3;2;6;4;0;0;0;1;1;0;0;0;507013,117899999953806;5432093,927300000563264;9,095963018000020;49,041682935000040;1
08250411136100885870;08;1;36;088;2025;04;15;6;2;6;7;0;0;1;0;1;0;0;0;580417,212199999950826;5411877,035199999809265;10,096281440000041;48,854645860000062;1
08250430119300960100;08;1;19;055;2025;04;18;4;3;5;2;0;0;1;1;0;0;0;0;543508,679999999701977;5405520,377000000327826;9,592494284000054;48,801151383000047;1
08250502311010969190;08;3;15;056;2025;05;12;6;3;8;1;0;0;1;0;0;0;0;0;414895,767400000244379;5310591,691800000146031;7,860371341000075;47,942984664000051;1
08250410115100881990;08;1;15;048;2025;04;07;5;3;5;3;0;0;1;1;0;0;0;0;509304,373999999836087;5387177,767999999225140;9,126295082000070;48,637593755000069;1
08250421436400915530;08;4;36;082;2025;04;18;2;2;0;7;0;0;1;0;0;0;0;0;546878,402599999681115;5295735,484200000762939;9,626179528000023;47,813264361000051;1
08250404311010870250;08;3;11;000;2025;04;18;6;3;0;7;0;0;1;0;0;0;0;0;414604,351499999873340;5317810,228099999949336;7,855034957000044;48,007879713000079;1
08250410222400912180;08;2;26;028;2025;04;15;5;3;5;3;0;0;1;1;0;0;0;0;472409,151700000278652;5483902,851600000634789;8,618895056000042;49,507126073000052;1
08250416335100900800;08;3;35;043;2025;04;09;4;3;0;1;0;0;1;0;0;0;0;0;512253,930999999865890;5279736,993400000035763;9,163236289000054;47,670908177000058;1
08250514311100025570;08;3;16;012;2025;05;08;4;3;4;1;0;0;1;0;0;0;0;1;400193,423899999819696;5329740,496099999174476;7,659082999000020;48,113100102000033;1
08250507436200986120;08;4;36;064;2025;05;13;4;3;5;3;0;0;1;1;0;0;0;0;538217,449000000022352;5288496,513000000268221;9,509858651000059;47,748706817000027;1
08250512436000988110;08;4;35;057;2025;05;07;2;3;1;3;0;0;1;1;0;0;0;0;544190,699199999682605;5280097,240700000897050;9,588691996000023;47,672755497000026;1
08250512317000985130;08;3;17;001;2025;05;07;2;2;5;3;0;0;1;1;0;0;0;0;430120,044800000265241;5386094,347100000828505;8,051717406000023;48,624012406000077;1
08250423435100921540;08;4;35;016;2025;04;17;4;3;9;7;0;0;1;0;0;0;0;0;536565,951000000350177;5279220,011600000783801;9,487048692000030;47,665338903000077;1
08250408226700878580;08;2;26;098;2025;04;14;3;3;5;3;0;0;1;1;0;0;0;0;475817,158499999903142;5457298,587999999523163;8,667586491000066;49,267970001000037;1
08250515436000999390;08;4;35;030;2025;05;11;5;3;0;1;0;0;1;0;0;0;0;0;541339,580799999646842;5271707,759099999442697;9,549919776000024;47,597461004000081;1
08250512326100021920;08;3;26;012;2025;05;16;2;3;5;2;0;0;1;1;0;0;0;0;462898,978000000119209;5311707,167999999597669;8,503043721000040;47,957600158000048;1
08250423222200929940;08;2;22;000;2025;04;08;4;3;0;7;0;0;1;0;0;0;0;0;461191,343600000254810;5481388,672599999234080;8,464199529000041;49,483898271000044;1
08250422231000925750;08;2;36;044;2025;04;19;3;3;8;1;0;0;1;0;0;0;0;0;479172,406899999827147;5407735,023700000718236;8,716254643000070;48,822247692000076;1
08250505222600973100;08;2;22;000;2025;05;17;2;3;6;6;0;0;1;0;1;0;0;0;462861,753299999982119;5482767,701199999079108;8,487130992000061;49,496406445000048;1
08250408136000909530;08;1;36;007;2025;04;17;3;3;5;2;0;0;1;1;0;0;0;0;574632,158999999985099;5398332,253299999982119;10,014969854000071;48,733539856000050;1
08250414226000924890;08;2;26;103;2025;04;07;2;3;6;4;0;0;1;0;1;0;0;0;470870,390100000426173;5457238,572599999606609;8,599594960000047;49,267214532000025;1
08250502426100027850;08;4;26;031;2025;05;16;6;3;8;1;0;0;1;0;0;0;0;0;583257,073800000362098;5330194,177899999544024;10,118708758000025;48,119560146000026;1
08250419317500908790;08;3;17;021;2025;04;12;7;3;5;2;0;0;1;1;0;0;0;0;425740,163800000213087;5371584,628799999132752;7,994880145000025;48,492993990000059;1
08250512119400039670;08;1;19;079;2025;05;13;2;3;6;4;0;0;0;1;1;0;0;0;523219,665000000037253;5415364,680199999362230;9,316766083000061;48,890797008000050;1
08250501225200973000;08;2;25;032;2025;05;10;5;3;8;1;0;0;1;0;0;0;0;0;535432,949599999934435;5498799,218599999323487;9,490763670000035;49,640702285000032;1
08250509311010981490;08;3;15;098;2025;05;14;6;3;0;7;0;0;1;0;0;0;0;0;407429,494500000029802;5312256,234600000083447;7,760055755000053;47,956922001000066;1
08250412118300916090;08;1;18;046;2025;04;16;7;3;5;3;0;0;1;1;0;0;0;0;515191,063000000081956;5412650,717000000178814;9,207138828000041;48,866631721000033;1
08250419127000952100;08;1;27;046;2025;04;13;7;3;0;7;0;0;1;0;0;0;0;0;573084,476999999955297;5451940,862199999392033;10,003558496000039;49,215894569000056;1
08250509436400006180;08;4;36;087;2025;05;12;6;3;0;1;0;0;1;0;0;0;0;0;547726,543499999679625;5302088,563100000843406;9,638208573000043;47,870359884000038;1
08250430212010955680;08;2;15;111;2025;04;18;4;2;5;2;0;0;1;0;0;1;0;0;457338,714200000278652;5445618,048900000751019;8,414837203000047;49,161895860000072;1
08250510135200014060;08;1;35;019;2025;05;14;7;3;8;1;0;0;1;0;0;0;0;0;584791,526100000366569;5391923,785599999129772;10,151789889000042;48,674600786000042;1
08250404317600892000;08;3;17;146;2025;04;17;6;3;5;3;0;0;1;1;0;0;0;0;431067,036100000143051;5355399,709599999710917;8,069630768000025;48,348012197000060;1
08250403118500870880;08;1;18;070;2025;04;14;5;3;6;7;0;0;0;1;1;0;0;0;520249,572999999858439;5423784,850999999791384;9,276666343000045;48,966645872000072;1
08250409222014897760;08;2;22;000;2025;04;17;4;2;4;6;0;0;1;0;0;0;0;0;462373,718299999833107;5481975,802699999883771;8,480467046000058;49,489253660000031;1
08250417317500916910;08;3;17;096;2025;04;08;5;3;5;3;0;1;1;1;0;0;0;0;421027,428999999538064;5368423,457000000402331;7,931700925000030;48,463985038000033;1
08250501317100978310;08;3;17;089;2025;05;19;5;2;8;1;0;0;1;0;0;0;0;0;428825,283599999733269;5378930,534800000488758;8,035377328000038;48,559428071000070;1
08250512311010999110;08;3;11;000;2025;05;11;2;2;5;3;0;0;1;1;0;0;0;0;414614,116999999620020;5317760,838999999687076;7,855175697000050;48,007436745000064;1
08250514221300025310;08;2;21;000;2025;05;20;4;3;4;6;0;0;1;0;0;0;0;0;479292,893699999898672;5473703,590800000354648;8,714510345000065;49,415660079000077;1
08250509121400040000;08;1;25;013;2025;05;06;6;3;5;3;0;0;1;1;0;0;0;0;504777,007899999618530;5435807,154999999329448;9,065409361000036;49,075106732000052;1
08250426435200928860;08;4;35;036;2025;04;11;7;3;0;1;0;0;1;0;0;0;0;0;521953,385200000368059;5284198,311000000685453;9,292667184000038;47,710792571000070;1
08250430226300961410;08;2;26;097;2025;04;16;4;3;6;4;0;0;0;1;1;0;0;0;485974,906999999657273;5467435,065999999642372;8,806855994000045;49,359465706000037;1
08250503415100992950;08;4;15;050;2025;05;18;7;3;5;3;0;0;1;1;0;0;0;0;523139,126000000163913;5375210,225999999791384;9,313415874000043;48,529573146000075;1
08250507221300045740;08;2;21;000;2025;05;16;4;3;5;3;0;0;1;1;0;0;0;0;477459,106999999843538;5474333,078999999910593;8,689192479000042;49,421257036000043;1
08250405136000900600;08;1;36;009;2025;04;14;7;3;6;2;0;0;0;1;1;0;0;0;567586,838000000454485;5407897,288000000640750;9,920741879000047;48,820379528000046;1
08250508117300977320;08;1;17;026;2025;05;06;5;3;2;6;0;0;1;1;0;0;0;0;545444,832000000402331;5395191,439999999478459;9,617718731000025;48,708099132000029;1
08250510216100981040;08;2;16;043;2025;05;19;7;3;6;6;0;0;1;0;1;0;0;0;442483,341000000014901;5412533,757999999448657;8,215779647000033;48,863098719000050;1
08250411326000891900;08;3;27;051;2025;04;10;6;2;6;3;0;0;0;1;1;0;0;0;484462,568400000222027;5332457,536800000816584;8,791124123000031;48,145178728000076;1
08250406111110080210;08;1;11;000;2025;04;01;1;3;6;4;2;0;0;1;1;0;0;0;512617,270399999804795;5402475,635099999606609;9,171730885000045;48,775155845000029;1
08250512212010019730;08;2;12;000;2025;05;14;2;3;4;6;0;0;1;0;0;0;0;0;461390,373100000433624;5430372,948100000619888;8,471865843000046;49,025033099000041;1
08250414325302963930;08;3;25;014;2025;04;14;2;3;9;1;0;0;1;0;0;0;0;0;464475,140499999746680;5338452,864700000733137;8,521931042000062;48,198313974000030;1
08250406311400873510;08;3;15;130;2025;04;15;1;2;0;1;0;0;1;0;0;0;0;0;414844,435100000351667;5300397,036399999633431;7,861696235000068;47,851271125000039;1
08250428136200933640;08;1;36;035;2025;04;22;2;2;0;7;2;0;1;0;0;0;0;0;580281,384899999946356;5431563,973400000482798;10,098309215000029;49,031728888000032;1
08250420436400938210;08;4;36;009;2025;04;10;1;3;6;7;0;0;0;1;1;0;0;0;556175,413800000213087;5308108,562400000169873;9,751963043000046;47,923835724000071;1
08250510416010054160;08;4;15;029;2025;05;18;7;2;9;1;0;0;1;0;0;0;0;0;522124,991899999789894;5378429,628399999812245;9,299850819000028;48,558572137000056;1
08250501116400995340;08;1;16;070;2025;05;11;5;2;5;3;0;0;1;1;0;0;0;0;540191,639999999664724;5382179,096999999135733;9,545054103000041;48,591403942000056;1
08250509311100996630;08;3;15;072;2025;05;14;6;2;5;2;0;0;1;1;0;0;0;0;401954,796099999919534;5319213,531799999997020;7,685155012000052;48,018686788000025;1
08250405435100893270;08;4;35;057;2025;04;19;7;3;8;1;0;0;0;1;1;0;0;0;544503,691100000403821;5279843,315899999812245;9,592835452000031;47,670449411000050;1
08250402336400877510;08;3;36;091;2025;04;17;4;3;5;3;0;0;1;1;0;0;0;0;396056,455099999904633;5273644,609799999743700;7,617006555000046;47,607869351000033;1
08250512436200002960;08;4;36;064;2025;05;07;2;3;3;2;0;0;1;1;0;0;0;0;547748,527999999932945;5289744,142000000923872;9,637142397000048;47,759296473000063;1
08250506435100973220;08;4;35;016;2025;05;09;3;2;5;3;0;1;1;1;0;0;0;0;535917,120099999941885;5280772,591499999165535;9,478534442000068;47,679344428000036;1
08250501335300967900;08;3;35;022;2025;05;16;5;3;9;1;0;0;1;0;0;0;0;0;482736,010499999858439;5299310,851199999451637;8,769247082000049;47,846909493000055;1
08250428116500934570;08;1;16;073;2025;04;15;2;3;0;1;0;0;1;0;0;0;0;0;521889,992999999783933;5388672,623199999332428;9,297206202000041;48,650727554000071;1
08250512426000988520;08;4;21;000;2025;05;14;2;3;0;4;0;0;0;0;1;1;0;0;572278,430200000293553;5356826,812300000339746;9,975760528000023;48,360475429000076;1
08250508121200993140;08;1;21;000;2025;05;17;5;3;5;3;0;0;1;1;0;0;0;0;515978,045500000007451;5446059,235999999567866;9,219185258000039;49,167139100000043;1
08250411435200931050;08;4;35;054;2025;04;17;6;3;5;3;0;0;1;0;0;0;0;0;522369,146599999628961;5282056,170099999755621;9,298099852000064;47,691504312000063;1
08250506437100973140;08;4;37;100;2025;05;11;3;3;5;3;0;0;1;1;0;0;0;0;536834,986700000241399;5318630,062100000679493;9,493986983000070;48,019899902000077;1
08250511421300983320;08;4;25;141;2025;05;12;1;3;0;1;0;0;1;0;0;0;0;0;564264,790400000289083;5365983,082499999552965;9,868991862000030;48,443707536000034;1
08250501335300999680;08;3;35;015;2025;05;10;5;3;4;6;0;0;1;0;0;0;0;0;475349,156499999575317;5281536,250199999660254;8,671523244000070;47,686743297000078;1
08250405426100884780;08;4;26;128;2025;04;14;7;3;8;1;0;0;1;0;0;0;0;0;559361,871399999596179;5330975,978399999439716;9,797781351000026;48,129270112000029;1
08250505215402030400;08;2;15;103;2025;05;08;2;3;5;2;0;0;1;1;0;0;0;0;468770,164699999615550;5441179,219599999487400;8,571975073000033;49,122656052000082;1
08250416317000900840;08;3;17;151;2025;04;05;4;3;4;6;2;0;1;1;0;0;0;0;413639,244300000369549;5361241,882899999618530;7,833258101000069;48,398418378000031;1
08250412311500906290;08;3;15;016;2025;04;18;7;3;4;6;0;0;1;1;0;0;0;0;432363,765800000168383;5310003,271500000730157;8,094343187000050;47,939773928000079;1
08250501325069975430;08;3;25;072;2025;05;16;5;3;0;7;0;0;1;0;0;0;0;0;470551,085500000044703;5328928,130699999630451;8,604354030000025;48,112933477000070;1