UIDENTSTLAE;ULAND;UREGBEZ;UKREIS;UGEMEINDE;UJAHR;UMONAT;USTUNDE;UWOCHENTAG;UKATEGORIE;UART;UTYP1;ULICHTVERH;IstStrassenzustand;IstRad;IstPKW;IstFuss;IstKrad;IstGkfz;IstSonstige;LINREFX;LINREFY;XGCSWGS84;YGCSWGS84;PLST
08250408116500907820;08;1;16;006;2025;04;17;3;3;2;6;0;0;1;1;0;0;0;0;516254,486499999649823;5381779,276399999856949;9,220421972000054;48,588886006000052;1
08250510317000017970;08;3;17;057;2025;05;13;7;3;5;3;0;0;1;1;0;0;0;0;412681,702100000344217;5381008,829600000753999;7,816193115000033;48,576080389000026;1
08250513136100989120;08;1;36;045;2025;05;16;3;3;5;3;0;0;1;1;0;0;0;0;597207,192400000058115;5401068,058900000527501;10,322552097000028;48,755031941000027;1
08250426437100952110;08;4;37;124;2025;04;17;7;3;8;6;0;0;1;1;0;0;0;0;511204,621000000275671;5299332,876000000163913;9,149763478000068;47,847241871000051;1
08250513116010990690;08;1;16;070;2025;05;10;3;3;0;7;0;0;1;1;0;0;0;0;539922,749599999748170;5384475,210300000384450;9,541628552000077;48,612076609000042;1
08250410426100895660;08;4;26;021;2025;04;19;5;3;0;1;0;0;1;0;0;0;0;0;554361,559000000357628;5329308,831900000572205;9,730373982000060;48,114718822000043;1
08250404311010871170;08;3;11;000;2025;04;18;6;3;8;7;0;0;1;0;0;0;0;0;414071,210199999623001;5315879,238900000229478;7,848274935000063;47,990438294000057;1
08250404212010877820;08;2;12;000;2025;04;17;6;3;5;2;0;0;1;1;0;0;0;0;455993,010200000368059;5429315,483100000768900;8,398154994000038;49,015159607000044;1
08250507311010977100;08;3;11;000;2025;05;18;4;3;3;6;0;0;1;1;0;0;0;0;416766,679299999959767;5315654,134700000286102;7,884439421000025;47,988769891000061;1
08250512136000989060;08;1;27;023;2025;05;12;2;3;0;7;0;0;1;0;0;0;0;0;552726,649400000460446;5426099,287100000306964;9,720669546000067;48,985546665000072;1
08250516116500021080;08;1;16;049;2025;05;12;6;3;5;2;0;0;1;1;0;0;0;0;524082,987999999895692;5385817,965199999511242;9,326814662000061;48,624966270000073;1
08250512311100990570;08;3;15;013;2025;05;14;2;3;6;4;0;0;1;0;1;0;0;0;404756,967600000090897;5324797,589900000020862;7,721481426000025;48,069338608000066;1
08250509317000051540;08;3;17;096;2025;05;15;6;3;5;2;0;0;1;1;0;0;0;0;421542,884999999776483;5368816,652400000020862;7,938598738000053;48,467586302000029;1
08250429119300937700;08;1;19;067;2025;04;16;3;3;0;7;0;0;1;0;0;0;0;0;539062,438299999572337;5406290,265000000596046;9,532022207000068;48,808372250000048;1
08250429435100957430;08;4;35;016;2025;04;18;3;3;0;6;0;0;1;0;0;0;0;1;536028,522599999792874;5279301,708699999377131;9,479897288000075;47,666104127000040;1
08250507121200003720;08;1;21;000;2025;05;13;4;3;1;1;0;0;1;1;0;0;0;0;515863,649600000120699;5441835,453099999576807;9,217449666000050;49,129147790000047;1
08250511317000982840;08;3;17;152;2025;05;13;1;3;2;1;0;0;1;0;0;0;0;1;407024,832200000062585;5349394,872899999842048;7,746534208000071;48,290919863000056;1
08250513135010022110;08;1;35;019;2025;05;13;3;3;4;6;0;0;1;0;0;0;0;0;585186,479299999773502;5391470,325999999418855;10,157060305000073;48,670468477000043;1
08250514436200998330;08;4;36;064;2025;05;18;4;3;7;7;0;0;1;0;0;0;0;0;540623,951600000262260;5289782,038799999281764;9,542082455000070;47,760125802000061;1
08250505221200038920;08;2;21;000;2025;05;07;2;3;2;6;0;0;1;0;0;0;0;0;477660,383000000379980;5472379,808900000527501;8,692077672000039;49,403695108000079;1
08250428335400956520;08;3;35;079;2025;04;18;2;3;5;3;0;0;1;0;0;0;0;0;501806,015399999916553;5299770,744200000539422;9,024141477000057;47,851276697000060;1
08250515222600047350;08;2;22;000;2025;05;22;5;2;5;2;2;0;1;1;0;0;0;0;462642,621700000017881;5482540,504699999466538;8,484126452000055;49,494349477000071;1
08250415421300966270;08;4;21;000;2025;04;15;3;3;8;1;0;0;1;0;0;0;0;0;567532,808100000023842;5364842,240599999204278;9,912992548000034;48,433103112000026;1
08250415221200954890;08;2;21;000;2025;04;08;3;3;4;3;0;0;1;1;0;0;0;0;477642,622399999760091;5472303,040899999439716;8,691837191000047;49,403003939000030;1
08250515311010997100;08;3;11;000;2025;05;20;5;3;5;3;0;0;1;0;0;0;0;1;409654,809799999929965;5316475,739499999210238;7,788968617000023;47,995195240000044;1
08250508117300977370;08;1;17;026;2025;05;22;5;3;9;1;2;0;1;0;0;0;0;0;552787,637799999676645;5398545,071499999612570;9,717949067000063;48,737687900000026;1
08250423118500962810;08;1;18;021;2025;04;14;4;3;3;6;0;0;1;0;0;0;0;1;521090,408999999985099;5427034,466000000014901;9,288322959000027;48,995849765000060;1
08250514117400011990;08;1;17;038;2025;05;17;4;3;5;3;0;0;1;1;0;0;0;0;546676,957000000402331;5398614,937999999150634;9,634853093000061;48,738804197000036;1
08250430311010941300;08;3;11;000;2025;04;12;4;3;5;2;0;0;1;1;0;0;0;0;417821,077100000344217;5315503,140399999916553;7,898597498000072;47,987547978000066;1
08250403118010892800;08;1;18;077;2025;04;18;5;2;5;2;0;0;1;1;0;0;0;0;513718,482200000435114;5423081,783600000664592;9,187410121000028;48,960500830000058;1
08250409226400878520;08;2;26;084;2025;04;14;4;2;5;3;0;0;1;0;0;1;0;0;467739,338299999944866;5468641,033900000154972;8,555636142000026;49,369620777000080;1
08250503118010995790;08;1;15;054;2025;05;14;7;2;2;6;0;0;1;0;0;0;0;0;492604,363099999725819;5395866,230399999767542;8,899458139000046;48,715781611000068;1
08250502136000988240;08;1;36;065;2025;05;18;6;3;5;2;0;0;1;1;0;0;0;0;559137,407999999821186;5405858,723999999463558;9,805353479000075;48,802904462000072;1
08250407116200914400;08;1;16;080;2025;04;08;2;3;5;3;0;0;1;1;0;0;0;0;517979,092000000178814;5397725,634999999776483;9,244501429000024;48,732293380000044;1
08250425436400927760;08;4;36;082;2025;04;16;6;3;4;3;0;0;1;1;0;0;0;0;547889,058199999853969;5295972,501099999994040;9,639704718000075;47,815322354000045;1
08250417222014921830;08;2;26;037;2025;04;15;5;2;5;3;0;0;1;1;0;0;0;0;465850,173999999649823;5468711,847999999299645;8,529609290000053;49,370154783000032;1
08250407435100904920;08;4;35;013;2025;04;16;2;3;8;7;0;0;1;0;0;0;0;0;540424,819500000216067;5276827,870600000023842;9,538224344000071;47,643586322000033;1
08250426117300944150;08;1;17;026;2025;04;14;7;3;3;2;0;0;1;1;0;0;0;0;549837,498999999836087;5394118,286000000312924;9,677293300000031;48,698110057000065;1
08250414337400924560;08;3;37;097;2025;04;13;2;3;6;4;0;0;0;0;1;1;0;0;434281,487900000065565;5289830,378900000825524;8,123083395000037;47,758490817000052;1
08250417317500919830;08;3;17;096;2025;04;15;5;3;2;6;0;1;1;0;0;0;0;1;423714,183000000193715;5370650,466000000014901;7,967633305000049;48,484348536000027;1
08250407311010873770;08;3;36;050;2025;04;07;2;3;4;6;0;0;1;0;0;0;0;0;398849,886800000444055;5273471,697799999266863;7,654203011000050;47,606755968000073;1
08250410436000902080;08;4;36;083;2025;04;15;5;3;5;3;0;0;1;1;0;0;0;0;532479,508000000379980;5301548,335400000214577;9,434289137000064;47,866451622000056;1
08250419117100937360;08;1;17;042;2025;04;14;7;3;0;1;0;0;1;0;0;0;0;0;554472,656700000166893;5393562,778699999675155;9,740206733000036;48,692725571000040;1
08250410325202910420;08;3;25;060;2025;04;12;5;3;0;4;0;0;0;0;1;0;0;1;469488,315899999812245;5338974,108699999749660;8,589355461000025;48,203264163000028;1
08250422216300918350;08;2;16;015;2025;04;17;3;3;6;2;0;0;0;1;1;0;0;0;448879,974000000394881;5406328,369999999180436;8,303762411000037;48,807840143000078;1
08250508212010978780;08;2;12;000;2025;05;16;5;3;5;3;0;0;1;1;0;0;0;0;456363,584099999628961;5426329,483899999409914;8,403543561000049;48,988326491000066;1
08250507436000406620;08;4;35;016;2025;05;07;4;3;4;6;0;0;1;1;0;0;0;0;529953,311200000345707;5283363,244899999350309;9,399256906000062;47,702957576000074;1
08250412436300904750;08;4;36;001;2025;04;17;7;2;2;6;0;0;1;0;0;0;0;0;552236,798000000417233;5274973,744999999180436;9,695259528000065;47,626059037000061;1
08250422126200945160;08;1;26;066;2025;04;16;3;3;3;7;0;0;1;1;0;0;0;0;538297,565000000409782;5451339,120999999344349;9,525855781000075;49,213644365000050;1
08250502335100989680;08;3;35;043;2025;05;16;6;3;0;3;0;0;1;1;0;0;0;0;509693,721300000324845;5288204,385099999606609;9,129319814000041;47,747138023000048;1
08250513115400023660;08;1;15;045;2025;05;08;3;3;5;3;0;0;1;1;0;0;0;0;500544,466300000436604;5394543,134800000116229;9,007400146000066;48,703922576000082;1
08250513128200993520;08;1;28;115;2025;05;12;3;3;5;3;0;0;1;1;0;0;0;0;548226,782399999909103;5497002,785900000482798;9,667732574000070;49,623658489000036;1
08250412119100933760;08;1;19;008;2025;04;13;7;3;5;3;0;0;1;1;0;0;0;0;531620,591799999587238;5421809,689600000157952;9,431869362000043;48,948401260000026;1
08250509421200054000;08;4;25;072;2025;05;16;6;3;5;3;0;0;1;1;0;0;0;0;582643,425400000065565;5371737,345000000670552;10,118602040000042;48,493320933000064;1
08250415128100896230;08;1;28;058;2025;04;08;3;3;0;1;0;0;1;0;0;0;0;0;561390,118599999696016;5487239,121899999678135;9,848445141000070;49,534652238000035;1
08250416118100942950;08;1;18;077;2025;04;18;4;2;5;3;0;0;1;1;0;0;0;0;512902,112999999895692;5423428,827999999746680;9,176268644000061;48,963640293000026;1
08250430337400955990;08;3;37;116;2025;04;11;4;2;5;3;0;0;1;1;0;0;0;0;418373,076999999582767;5273142,653999999165535;7,913965447000066;47,606548967000037;1
08250430116100964950;08;1;16;019;2025;04;17;4;3;3;6;0;0;1;1;0;0;0;0;523089,199900000356138;5398723,086100000888109;9,314049773000022;48,741097940000031;1
08250427118500944950;08;1;18;006;2025;04;16;1;3;5;3;0;0;1;1;0;0;0;0;516741,873999999836087;5420284,099999999627471;9,228597797000020;48,935259420000079;1
08250330317000836230;08;3;17;031;2025;03;14;1;3;5;2;0;0;1;1;0;0;0;0;416528,632000000216067;5358129,292999999597669;7,872904402000074;48,370810320000032;1
08250430226600961420;08;2;26;096;2025;04;15;4;3;5;3;0;0;1;1;0;0;0;0;475034,923299999907613;5485500,616599999368191;8,655062350000037;49,521611193000069;1
08250427215102932990;08;2;15;102;2025;04;13;1;3;0;7;0;0;1;0;0;0;0;0;455389,869099999777973;5438864,917899999767542;8,388854608000031;49,101013592000072;1
08250507311010979630;08;3;11;000;2025;05;16;4;3;5;3;0;0;1;0;0;0;0;1;413231,532300000078976;5315751,984200000762939;7,837048633000052;47,989180213000054;1
08250510212102992050;08;2;12;000;2025;05;20;7;3;0;7;0;0;1;0;0;0;0;0;459424,791600000113249;5428007,794800000265241;8,445216764000065;49,003631958000028;1
08250406311010883860;08;3;11;000;2025;04;12;1;3;0;7;0;0;1;0;0;0;0;0;405131,039400000125170;5319704,622600000351667;7,727630566000073;48,023583680000058;1
08250512212010988840;08;2;12;000;2025;05;18;2;3;5;3;0;0;1;1;0;0;0;0;453118,974600000306964;5430791,858999999240041;8,358681211000032;49,028227942000058;1
08250412115300918560;08;1;18;019;2025;04;15;7;3;2;6;0;0;1;0;0;0;0;0;503615,288300000131130;5401662,152300000190735;9,049199847000068;48,767955212000061;1
08250505335000004000;08;3;35;100;2025;05;10;2;2;5;2;0;1;1;1;0;0;0;0;489308,013000000268221;5285790,921000000089407;8,857422083000074;47,725406921000058;1
08250505116010996570;08;1;16;019;2025;05;10;2;3;3;2;0;0;1;0;0;0;1;0;522797,910699999891222;5398519,597599999979138;9,310076579000054;48,739278109000054;1
08250413116100890780;08;1;16;058;2025;04;17;1;3;5;3;0;0;1;1;0;0;0;0;534122,458200000226498;5394948,538799999281764;9,463802967000049;48,706636357000036;1
08250502311010983250;08;3;11;000;2025;05;03;6;2;0;1;2;0;1;0;0;0;0;0;413764,786000000312924;5316888,694000000134110;7,843965880000042;47,999477459000047;1
08250515136000025990;08;1;36;042;2025;05;07;5;3;0;7;0;0;1;0;0;0;0;0;546994,576799999922514;5404233,401000000536442;9,639814453000042;48,789320782000061;1
08250510317500982230;08;3;17;096;2025;05;15;7;3;5;3;0;0;1;1;0;0;0;0;422969,762600000016391;5368371,521600000560284;7,957980768000027;48,463758751000057;1
08250412212502887050;08;2;12;000;2025;04;07;7;3;5;3;0;0;1;1;0;0;0;0;453786,386599999852479;5428231,723200000822544;8,368102198000031;49,005249789000061;1
08250411121500897690;08;1;25;005;2025;04;07;6;3;5;3;0;0;1;1;0;0;0;0;515956,381599999964237;5453184,988500000908971;9,219171129000074;49,231237508000049;1
08250401311010874020;08;3;36;050;2025;04;13;3;3;0;7;0;0;1;0;0;0;0;0;398548,613400000147521;5272406,638399999588728;7,650442191000025;47,597128334000047;1
08250411111500915460;08;1;11;000;2025;04;18;6;3;6;4;0;0;0;1;1;0;0;0;513252,074300000444055;5403827,571900000795722;9,180414600000063;48,787304556000038;1
08250428317000943170;08;3;17;089;2025;04;07;2;3;5;3;0;0;1;0;0;0;0;1;430180,628999999724329;5376093,471000000834465;8,054219214000057;48,534060815000032;1
08250416118100933720;08;1;18;079;2025;04;16;4;3;5;3;0;0;1;1;0;0;0;0;509829,874599999748170;5422457,155999999493361;9,134272404000058;48,954955964000078;1
08250413335100908680;08;3;35;043;2025;04;15;1;3;0;1;0;0;1;0;0;0;0;0;512875,357599999755621;5284004,938200000673532;9,171640312000022;47,709297511000045;1
08250428421200018100;08;4;25;075;2025;04;18;2;3;5;3;0;0;1;1;1;0;0;0;565837,334999999962747;5377653,326999999582767;9,892093257000056;48,548522572000081;1
08250514326000995470;08;3;35;022;2025;05;16;4;3;5;7;0;0;1;1;0;0;0;0;482708,969700000248849;5299753,908299999311566;8,768867943000032;47,850895107000042;1
08250429136000939120;08;1;19;067;2025;04;17;3;3;0;7;0;0;1;0;0;0;0;0;539094,220999999903142;5407106,630999999120831;9,532532830000036;48,815713890000040;1
08250418119100931870;08;1;19;003;2025;04;22;6;3;0;7;2;0;1;0;0;0;0;0;533993,130400000140071;5418129,557600000873208;9,463965214000041;48,915171032000046;1
08250420436000949540;08;4;35;035;2025;04;13;1;3;0;6;0;0;1;1;0;0;0;0;540018,734100000001490;5280430,643899999558926;9,533147802000030;47,676026910000076;1
08250511121400015970;08;1;25;013;2025;05;20;1;3;0;7;0;0;1;0;0;0;0;0;504651,624200000427663;5435227,713999999687076;9,063685878000058;49,069895332000044;1
08250514311010019360;08;3;11;000;2025;05;07;4;3;5;3;0;0;1;1;0;0;0;0;413147,901999999769032;5315425,919600000604987;7,835993944000052;47,986235796000074;1
08250422121500920700;08;1;25;039;2025;04;17;3;3;5;3;0;0;1;1;0;0;0;0;512089,256900000385940;5459470,120400000363588;9,166243752000071;49,287861916000054;1
08250501237200968110;08;2;37;032;2025;05;15;5;3;0;1;0;0;1;0;0;0;0;0;463374,101999999955297;5378998,818600000813603;8,503580490000047;48,563013063000028;1
08250509127010987800;08;1;27;076;2025;05;19;6;2;0;4;0;0;0;0;1;1;0;0;557155,057199999690056;5437584,056099999696016;9,782810950000055;49,088455009000029;1
08250509125102007300;08;1;25;111;2025;05;14;6;3;6;5;0;0;0;1;1;0;0;0;525568,269299999810755;5457848,859899999573827;9,351492178000058;49,272863352000059;1
08250405335100937590;08;3;35;043;2025;04;16;7;3;0;2;0;0;1;1;0;0;0;0;511849,723500000312924;5281082,701300000771880;9,157888331000038;47,683023936000041;1
08250507226100003170;08;2;26;013;2025;05;05;4;3;5;3;0;0;1;1;0;0;0;0;498551,803799999877810;5479325,365800000727177;8,980012993000059;49,466578218000052;1
08250411417000884120;08;4;17;054;2025;04;14;6;1;5;3;0;0;1;0;0;0;0;1;481608,748800000175834;5344928,209499999880791;8,752218947000074;48,257298589000072;1
08250514235100994430;08;2;35;008;2025;05;16;4;3;3;2;0;0;1;1;0;0;0;0;480479,641300000250340;5402101,485899999737740;8,734331330000032;48,771611756000027;1
08250502216300990940;08;2;16;039;2025;05;13;6;3;8;1;0;0;1;0;0;0;0;0;445613,538999999873340;5413061,876000000163913;8,258384805000048;48,868131545000040;1
08250419212010967270;08;2;15;096;2025;04;12;7;1;5;3;0;0;1;1;0;0;0;0;464702,211000000126660;5414113,112999999895692;8,518575501000043;48,878968259000033;1
08250330136100845590;08;1;36;088;2025;03;03;1;3;0;7;2;0;1;0;0;0;0;0;580342,816399999894202;5410797,104699999094009;10,095055583000033;48,844942380000077;1
08250511416010010240;08;4;16;022;2025;05;17;1;3;4;6;0;0;1;0;0;0;0;0;509951,425800000317395;5375469,151599999517202;9,134797558000059;48,532250235000049;1
08250427216200947970;08;2;16;063;2025;04;18;1;3;0;6;0;0;1;1;0;0;0;0;430860,727199999615550;5403035,800799999386072;8,058930511000028;48,776480981000077;1
08250424317000938720;08;3;17;141;2025;04;18;5;2;6;4;0;1;0;0;1;0;0;1;419841,191899999976158;5378957,315500000491738;7,913633349000065;48,558584589000077;1
08250330127100839590;08;1;27;099;2025;03;12;1;3;0;7;0;0;1;0;0;0;0;0;560227,078800000250340;5446332,051899999380112;9,826188094000031;49,166845714000033;1
08250419119100922950;08;1;19;008;2025;04;06;7;3;6;7;0;0;0;1;1;0;0;0;531074,008999999612570;5419132,576999999582767;9,424200326000062;48,924347083000043;1
08250502417100980110;08;4;17;075;2025;05;15;6;3;6;4;0;0;1;0;1;0;0;0;511527,950000000186265;5335339,455700000748038;9,155053169000041;48,171192393000069;1
08250516111500999380;08;1;11;000;2025;05;12;6;3;6;7;0;0;1;0;1;0;0;0;512604,284599999897182;5406536,992599999532104;9,171678751000059;48,811691675000077;1
08250419335010935730;08;3;35;063;2025;04;14;7;2;6;4;0;0;0;1;1;0;0;0;497550,050499999895692;5287923,717800000682473;8,967317806000040;47,744680898000070;1
08250502222700987130;08;2;22;000;2025;05;10;6;3;5;3;0;0;1;1;0;0;0;0;462905,502600000239909;5480473,196299999952316;8,487950416000047;49,475771207000037;1
08250406111340873170;08;1;11;000;2025;04;10;1;3;6;6;0;0;1;0;1;0;0;0;513098,324000000022352;5406847,425200000405312;9,178417772000046;48,814474067000049;1
08250414311010953280;08;3;11;000;2025;04;18;2;3;5;3;0;0;1;1;0;0;0;0;404448,491000000387430;5317061,788000000640750;7,719067629000051;47,999709865000057;1
08250409435100881230;08;4;35;016;2025;04;13;4;3;0;7;0;0;1;0;0;0;0;0;531180,191499999724329;5279661,306700000539422;9,415345427000034;47,669591530000048;1
08250501317100970990;08;3;17;153;2025;05;18;5;2;0;7;0;0;1;0;0;0;0;0;425786,254399999976158;5389070,080600000917912;7,992383389000054;48,650279325000042;1
08250402222600924250;08;2;22;000;2025;04;14;4;2;0;7;0;0;1;0;0;0;0;0;462706,258500000461936;5482555,142799999564886;8,485003803000041;49,494485054000052;1
08250502111500969940;08;1;11;000;2025;05;14;6;3;4;6;0;0;1;0;0;0;0;0;517821,646900000050664;5404444,027799999341369;9,242651289000037;48,792735948000029;1
08250430425000953470;08;4;25;071;2025;04;18;4;3;0;1;0;1;1;0;0;0;0;0;551540,243300000205636;5371185,375399999320507;9,697585895000032;48,491676832000053;1
08250412435200887760;08;4;35;052;2025;04;14;7;3;0;7;0;0;1;0;0;0;0;0;521628,340499999932945;5291249,566700000315905;9,288684520000061;47,774247062000029;1
08250508226700977980;08;2;26;060;2025;05;14;5;3;6;7;0;0;0;1;1;0;0;0;477847,974000000394881;5463288,019700000062585;8,695169275000069;49,321922041000050;1
08250407121500904490;08;1;25;048;2025;04;19;2;3;0;6;0;0;1;0;0;0;0;1;534124,280000000260770;5462099,901399999856949;9,469472746000065;49,310683204000043;1
08250405311500891320;08;3;15;052;2025;04;11;7;3;8;6;0;0;1;0;0;0;0;0;433466,585300000384450;5303363,824300000444055;8,110132812000074;47,880159351000032;1
08250423436100919940;08;4;36;055;2025;04;09;4;3;0;3;0;0;1;0;0;0;0;1;576532,850999999791384;5297247,557000000029802;10,022504150000032;47,824023242000067;1
08250420116010914300;08;1;16;049;2025;04;13;1;3;0;7;0;0;1;0;0;0;0;0;524453,032300000078976;5386054,343699999153614;9,331850148000058;48,627078385000061;1
08250402216100868880;08;2;16;043;2025;04;18;4;3;5;3;0;0;1;1;0;0;0;0;443155,417000000365078;5412967,494000000879169;8,224882041000058;48,867062134000037;1
08250414421300924090;08;4;25;039;2025;04;15;2;3;5;3;0;0;1;1;0;0;0;0;563846,997700000181794;5347345,282299999147654;9,860514532000025;48,276091824000048;1
08250502435100969980;08;4;35;029;2025;05;16;6;3;0;6;0;0;1;0;0;0;0;0;545026,069400000385940;5271593,004499999806285;9,598944858000038;47,596182953000039;1
08250414337400953180;08;3;37;128;2025;04;10;2;3;3;6;0;0;1;0;0;0;0;0;448951,097199999727309;5285322,639299999922514;8,319340189000059;47,719263469000055;1
08250415235200928930;08;2;35;006;2025;04;16;3;3;8;1;0;0;1;0;0;0;0;0;475111,771700000390410;5380140,853299999609590;8,662598437000042;48,573862944000041;1
08250501436300980700;08;4;36;052;2025;05;23;5;3;0;1;2;0;1;0;0;0;0;0;565585,057500000111759;5293789,671000000089407;9,875734008000052;47,794124132000036;1
08250430116200965170;08;1;16;078;2025;04;17;4;3;4;7;0;0;1;1;0;0;0;0;512262,287200000137091;5392644,219299999997020;9,166606848000072;48,686719523000079;1
08250512212010014980;08;2;12;000;2025;05;07;2;3;5;2;0;0;1;1;0;0;0;0;455242,964800000190735;5429268,420399999246001;8,387903079000068;49,014682319000030;1
08250512115200990210;08;1;15;021;2025;05;13;2;3;5;3;0;0;1;1;0;0;0;0;487959,652999999932945;5385297,117000000551343;8,836622318000025;48,620628408000073;1
08250419435100938010;08;4;35;013;2025;04;17;7;3;4;6;0;0;1;0;0;0;0;0;540245,310399999842048;5277969,958900000900030;9,535939545000076;47,653873273000045;1
08250427311100930150;08;3;15;133;2025;04;14;1;3;2;6;0;0;1;1;0;0;0;0;399086,607300000265241;5325832,042500000447035;7,645141090000038;48,077771006000035;1
08250405237100883270;08;2;37;004;2025;04;13;7;3;0;7;0;0;1;0;0;0;0;0;454298,555100000463426;5373562,274000000208616;8,381175618000043;48,513510898000050;1
08250429216200935950;08;2;16;007;2025;04;13;3;3;9;1;0;0;1;0;0;0;0;0;436553,456699999980628;5394284,998500000685453;8,137753228000065;48,698374053000066;1
08250501215402972440;08;2;15;009;2025;05;19;5;3;0;6;0;0;1;1;0;0;0;0;469586,886400000192225;5441086,308800000697374;8,583175458000028;49,121861257000035;1
08250515221400012440;08;2;21;000;2025;05;20;5;3;2;6;0;0;1;1;0;0;0;0;473711,115000000223517;5470247,008400000631809;8,637784346000046;49,384353177000037;1
08250428111500957150;08;1;11;000;2025;04;13;2;2;6;4;0;0;0;1;1;0;0;0;507750,363300000317395;5397438,845100000500679;9,105393826000068;48,729924601000050;1
08250501119500977870;08;1;19;085;2025;05;18;5;3;7;1;0;0;0;1;1;0;0;0;527942,188799999654293;5413035,915100000798702;9,381030923000026;48,869653397000036;1
08250515317000022360;08;3;17;065;2025;05;14;5;3;5;2;0;0;1;1;0;0;0;0;416354,382199999876320;5354434,772099999710917;7,871286342000076;48,337555471000030;1
08250514436000007560;08;4;36;009;2025;05;16;4;2;8;1;0;0;1;0;0;0;0;0;554263,009300000034273;5312620,792099999263883;9,726934776000064;47,964594986000066;1
08250501436300967760;08;4;36;081;2025;05;11;5;3;3;2;0;0;1;1;0;0;0;0;558265,332600000314415;5279830,014200000092387;9,776137748000053;47,669236177000073;1
08250512426200005430;08;4;25;039;2025;05;18;2;3;2;6;0;0;1;0;0;0;0;0;563448,247999999672174;5349353,740000000223517;9,855442579000055;48,294199463000041;1
08250515437200034730;08;4;37;105;2025;05;17;5;3;5;2;0;0;1;1;0;0;0;0;519375,545199999585748;5323647,348400000482798;9,260072487000059;48,065808748000052;1
08250511215202986890;08;2;15;100;2025;05;14;1;3;0;7;0;0;1;0;0;0;0;0;474928,588899999856949;5453873,450200000777841;8,655586989000028;49,237124902000062;1
08250414436100940350;08;4;36;004;2025;04;15;2;2;9;6;0;0;1;1;0;0;0;0;580776,959099999628961;5311810,621999999508262;10,081922080000027;47,954510077000066;1
08250419117010936650;08;4;25;071;2025;04;09;7;3;6;4;0;0;0;1;1;0;0;0;550782,766599999740720;5370925,912599999457598;9,687302842000065;48,489404439000054;1
08250514436000998140;08;4;35;057;2025;05;17;4;2;3;2;0;0;1;1;0;1;0;0;546560,178000000305474;5279352,445000000298023;9,620176055000059;47,665888149000068;1
08250515311100033310;08;3;15;013;2025;05;19;5;2;5;3;0;0;1;1;0;0;0;0;404336,776999999769032;5325245,976999999955297;7,715741995000030;48,073308874000077;1
08250412435100898010;08;4;35;016;2025;04;18;7;3;0;1;0;0;1;0;0;0;0;0;534848,524100000038743;5277858,512299999594688;9,464065251000022;47,653183733000049;1
08250405111500892310;08;1;11;000;2025;04;12;7;3;6;7;0;0;1;0;1;0;0;0;511459,018000000156462;5410576,616000000387430;9,156192431000022;48,848053696000079;1
08250516119300034320;08;1;19;061;2025;05;10;6;3;6;4;0;0;0;1;1;0;0;0;538786,472000000067055;5414830,997999999672174;9,529072530000064;48,885217471000033;1
08250401118500867370;08;1;18;049;2025;04;17;3;3;0;7;0;0;1;0;0;0;0;0;520197,386800000444055;5421467,997800000011921;9,275838404000069;48,945806140000059;1
08250419222400936670;08;2;22;000;2025;04;10;7;3;4;6;0;0;1;1;0;0;0;0;469473,447100000455976;5478531,706299999728799;8,578760711000029;49,458673999000041;1
08250419115300940170;08;1;15;050;2025;04;14;7;3;0;7;0;1;1;0;0;0;0;0;491253,984000000171363;5400633,621999999508262;8,880998920000025;48,758651629000042;1
08250512235100014260;08;2;35;073;2025;05;14;2;2;4;6;0;0;1;1;0;0;0;0;476930,200400000438094;5404779,646600000560284;8,685874440000021;48,795582536000040;1
08250514335300997390;08;3;35;022;2025;05;18;4;3;0;1;0;0;1;0;0;0;0;0;483336,863800000399351;5300434,691299999132752;8,777234808000060;47,857036939000068;1
08250410127202884700;08;1;27;046;2025;04;14;5;3;5;3;0;0;1;1;0;0;0;0;571480,256000000052154;5450090,828999999910593;9,981204240000068;49,199444696000057;1
08250513231202055460;08;2;36;070;2025;05;17;3;2;6;4;0;0;0;1;1;0;0;0;470784,039200000464916;5416019,014900000765920;8,601386633000061;48,896429412000032;1
08250430119200940100;08;1;19;093;2025;04;22;4;3;0;7;2;0;1;0;0;0;0;0;524974,569299999624491;5404429,557299999520183;9,340039752000052;48,792359611000052;1
08250401415400885400;08;4;15;061;2025;04;16;3;2;6;4;0;0;0;1;1;0;0;0;510389,929600000381470;5365650,811300000175834;9,140493118000052;48,443913482000028;1
08250426215302942140;08;2;15;007;2025;04;11;7;3;5;2;0;0;1;1;0;0;0;0;479133,015399999916553;5435708,558900000527501;8,714284878000058;49,073884727000063;1
08250419435100937860;08;4;35;013;2025;04;17;7;3;0;1;0;0;1;0;0;0;0;0;540556,614000000059605;5275631,381200000643730;9,539868093000052;47,632812834000049;1
08250511136000986190;08;1;36;028;2025;05;14;1;3;0;7;0;0;1;0;0;0;0;0;566740,791600000113249;5405098,382899999618530;9,908762562000049;48,795295455000030;1
08250515111500017980;08;1;11;000;2025;05;12;5;2;5;3;0;0;1;1;0;0;0;0;507711,316300000064075;5406013,840399999171495;9,105023589000041;48,807065438000052;1
08250425119300937960;08;1;19;067;2025;04;07;6;3;0;7;0;1;1;0;0;0;0;0;539010,249300000257790;5407113,552999999374151;9,531389696000076;48,815781435000076;1