UIDENTSTLAE;ULAND;UREGBEZ;UKREIS;UGEMEINDE;UJAHR;UMONAT;USTUNDE;UWOCHENTAG;UKATEGORIE;UART;UTYP1;ULICHTVERH;IstStrassenzustand;IstRad;IstPKW;IstFuss;IstKrad;IstGkfz;IstSonstige;LINREFX;LINREFY;XGCSWGS84;YGCSWGS84;PLST
08250423326000932390;08;3;35;075;2025;04;09;4;3;5;3;0;0;1;1;0;0;0;0;493662,001000000163913;5287433,278000000864267;8,915458621000028;47,740241635000075;1
08250427119400930170;08;1;19;091;2025;04;13;1;3;5;2;0;0;1;1;0;0;0;0;530861,389899999834597;5401567,676400000229478;9,419974538000076;48,766350615000079;1
08250419135100944030;08;1;35;020;2025;04;02;7;3;0;1;2;0;1;0;0;0;0;0;585813,100399999879301;5387009,812599999830127;10,164645247000067;48,630263476000039;1
08250416327200930410;08;3;27;010;2025;04;15;4;3;6;4;0;0;0;1;1;0;0;0;480324,346400000154972;5328400,881899999454618;8,735680243000047;48,108566883000037;1
08250417116500931140;08;1;16;049;2025;04;22;5;3;0;1;2;0;1;0;0;0;0;0;524154,667799999937415;5385627,927999999374151;9,327776295000035;48,623253920000082;1
08250423221300935100;08;2;21;000;2025;04;14;4;3;2;6;0;0;1;1;0;0;0;0;477665,713999999687076;5473860,625000000000000;8,692067849000068;49,417015014000071;1
08250407215402886290;08;2;15;103;2025;04;16;2;2;5;3;0;0;1;1;0;0;0;0;465624,014999999664724;5439443,966600000858307;8,529004335000025;49,106879314000025;1
08250428136000959130;08;1;36;065;2025;04;13;2;2;6;7;0;0;0;1;1;0;0;0;561996,483400000259280;5407672,674699999392033;9,844559041000025;48,818942239000080;1
08250407215000875480;08;2;15;096;2025;04;07;2;2;0;1;0;0;1;0;0;0;0;0;463436,379200000315905;5418394,506100000813603;8,500928295000051;48,917407882000077;1
08250424435200922020;08;4;35;067;2025;04;06;5;3;6;2;0;0;0;1;1;0;0;0;529207,933600000105798;5292108,690899999812245;9,389908907000063;47,781677856000044;1
08250512311010019510;08;3;11;000;2025;05;17;2;3;3;7;0;0;1;1;0;0;0;0;414925,867999999783933;5319519,243499999865890;7,859005724000042;48,023295832000031;1
08250423426100962950;08;4;26;021;2025;04;14;4;3;5;3;0;0;1;1;0;0;0;0;558822,688000000081956;5328623,958000000566244;9,790211260000035;48,108161067000026;1
08250511335300014840;08;3;35;075;2025;05;08;1;3;8;7;0;0;1;0;0;0;0;0;488112,479700000025332;5288875,841499999165535;8,841395397000042;47,753142775000072;1
08250428119400936200;08;1;19;079;2025;04;13;2;3;5;3;0;0;1;1;0;0;0;0;525552,656799999997020;5407578,450899999588728;9,348106527000027;48,820662795000032;1
08250509116200068370;08;1;16;080;2025;05;16;6;3;5;3;0;0;1;0;0;0;0;0;518930,525100000202656;5395394,908900000154972;9,257333051000046;48,711298077000038;1
08250423127202936320;08;1;27;014;2025;04;18;4;3;0;7;0;0;1;0;0;0;0;0;578414,071100000292063;5442772,570100000128150;10,074941509000041;49,132778237000082;1
08250416436400922190;08;4;36;013;2025;04;00;4;3;0;1;2;0;1;0;0;0;0;0;545365,309899999760091;5294791,405200000852346;9,605870741000047;47,804878961000043;1
08250419231302945500;08;2;31;000;2025;04;20;7;3;0;7;1;0;1;0;0;0;0;0;476391,055399999953806;5417628,993499999865890;8,677792490000058;48,911151222000058;1
08250408317000880180;08;3;17;057;2025;04;13;3;3;8;1;0;0;1;0;0;0;0;0;417580,833499999716878;5384152,041200000792742;7,881975303000047;48,605015772000058;1
08250513436300023180;08;4;36;081;2025;05;16;3;3;5;2;0;0;1;1;0;0;0;0;561871,987999999895692;5283001,744000000879169;9,824625726000022;47,697436424000045;1
08250502335300968750;08;3;35;075;2025;05;11;6;3;2;6;0;0;1;1;0;0;0;0;488220,801599999889731;5288516,657700000330806;8,842850364000071;47,749912991000031;1
08250502118500027810;08;1;18;014;2025;05;09;6;3;5;2;0;0;1;1;0;0;0;0;522032,851099999621511;5421764,802300000563264;9,300921292000055;48,948413401000039;1
08250429121100956880;08;1;25;006;2025;04;19;3;3;0;1;0;0;1;0;0;0;0;0;508120,417000000365078;5455772,426000000908971;9,111591883000074;49,254666138000061;1
08250404127202882330;08;1;27;102;2025;04;18;6;3;5;3;1;0;1;1;0;0;0;0;588878,377999999560416;5437132,373999999836087;10,217118311000036;49,080629115000079;1
08250406416010934410;08;4;15;061;2025;04;11;1;2;0;1;0;0;1;0;0;0;0;0;516142,162200000137091;5375715,888900000602007;9,218663546000073;48,534341230000052;1
08250404426100895880;08;4;26;021;2025;04;17;6;3;0;1;0;0;1;0;0;0;0;0;557969,782599999569356;5328787,689899999648333;9,778776874000073;48,109712238000043;1
08250329426100864260;08;4;26;038;2025;03;07;7;3;1;5;0;1;1;1;0;0;0;0;558982,602800000458956;5311906,514200000092387;9,790056877000040;47,957751530000053;1
08250503426100970260;08;4;26;011;2025;05;18;7;3;0;1;0;0;1;0;0;0;0;0;552657,609899999573827;5329457,248199999332428;9,707500768000045;48,116197229000079;1
08250505216100997480;08;2;16;043;2025;05;18;2;3;5;3;0;0;1;1;0;0;0;0;444894,798999999649823;5411733,609999999403954;8,248763770000039;48,856120266000062;1
08250417311400902070;08;3;15;074;2025;04;06;5;2;4;2;2;1;1;1;0;0;0;0;398716,017699999734759;5295714,064799999818206;7,647254602000032;47,806808435000050;1
08250511121500998890;08;1;25;007;2025;05;16;1;3;0;7;0;1;1;0;0;0;0;0;511179,577800000086427;5454424,907199999317527;9,153593547000071;49,242496691000042;1
08250404437100870660;08;4;37;100;2025;04;07;6;3;3;6;0;0;1;0;0;0;0;0;536949,534199999645352;5317531,177500000223517;9,495428380000021;48,010006812000029;1
08250509216100981640;08;2;16;043;2025;05;13;6;3;5;3;0;0;1;1;0;0;0;0;442313,458700000308454;5412201,175899999216199;8,213510464000024;48,860091372000056;1
08250510311100981360;08;3;15;013;2025;05;22;7;2;0;1;2;0;1;0;0;0;0;0;404737,343100000172853;5324818,857200000435114;7,721213320000061;48,069526973000052;1
08250416136200930550;08;1;36;071;2025;04;12;4;2;0;7;0;0;1;0;0;0;0;0;599241,654199999757111;5426591,200699999928474;10,356415402000039;48,984248493000052;1
08250403136000876030;08;1;36;087;2025;04;10;5;3;5;3;0;0;1;1;0;0;0;0;605617,157599999569356;5411948,823799999430776;10,439736398000036;48,851513895000039;1
08250501435200972840;08;4;35;005;2025;05;15;5;2;8;1;0;0;1;0;0;0;0;0;524032,997999999672174;5286049,051000000908971;9,320492808000040;47,727370529000041;1
08250329221300862960;08;2;21;000;2025;03;20;7;3;0;7;2;0;1;0;0;0;0;0;477407,374900000169873;5474538,576799999922514;8,688467475000039;49,423103532000027;1
08250407311010875350;08;3;11;000;2025;04;12;2;3;5;3;0;0;1;1;0;0;0;0;412667,743200000375509;5317854,158399999141693;7,829065971000034;48,008013176000077;1
08250418426100906930;08;4;26;058;2025;04;21;6;2;0;1;2;0;1;0;0;0;0;0;556918,900799999944866;5317632,839199999347329;9,763175731000047;48,009454733000041;1
08250514225200992540;08;2;25;014;2025;05;10;4;3;5;3;0;0;1;1;0;0;0;0;523516,015999999828637;5485772,209000000730157;9,324932795000052;49,524112027000058;1
08250424435100947640;08;4;35;016;2025;04;09;5;2;2;6;0;0;1;0;0;0;0;0;532197,112399999983609;5279103,370600000023842;9,428850130000058;47,664521688000036;1
08250503235100969790;08;2;35;085;2025;05;20;7;3;5;2;0;0;1;1;0;0;0;0;482258,627999999560416;5395229,374700000509620;8,758838724000043;48,709843901000056;1
08250430436300967740;08;4;36;081;2025;04;18;4;3;5;2;0;0;1;1;0;0;0;0;562416,076000000350177;5282321,543999999761581;9,831779179000023;47,691264518000025;1
08250402311010873290;08;3;36;069;2025;04;16;4;3;6;4;0;0;0;1;1;0;0;0;409063,811599999666214;5268283,474899999797344;7,791140929000051;47,561597251000080;1
08250418126200909460;08;1;26;066;2025;04;17;6;3;8;1;0;0;1;0;0;0;0;0;542012,197499999776483;5445724,985799999907613;9,576271226000074;49,162902519000056;1
08250430437100951650;08;4;37;044;2025;04;18;4;2;0;7;0;0;1;0;0;0;0;0;529950,427799999713898;5324386,006599999964237;9,402064936000045;48,072045412000080;1
08250416135200901370;08;1;35;010;2025;04;15;4;3;7;7;0;0;1;0;0;0;0;0;602640,572999999858439;5398283,888299999758601;10,395760006000046;48,729120974000068;1
08250502311010969120;08;3;15;073;2025;05;15;6;3;0;1;0;0;1;0;0;0;0;0;412536,057599999941885;5313656,970200000330806;7,828155863000063;47,970240121000074;1
08250404121600891680;08;1;26;011;2025;04;16;6;3;3;2;0;0;1;0;0;1;0;0;532209,043999999761581;5438276,137000000104308;9,441213577000042;49,096491775000061;1
08250401226600873130;08;2;26;096;2025;04;08;3;3;5;3;0;0;1;1;0;0;0;0;473913,169700000435114;5488521,025800000876188;8,639363770000045;49,548731325000062;1
08250329221011855560;08;2;26;060;2025;03;17;7;3;3;6;0;0;1;1;0;0;0;0;477736,633799999952316;5464291,570100000128150;8,693581148000021;49,330944902000056;1
08250407337100889640;08;3;37;096;2025;04;12;2;3;0;1;0;0;1;0;0;0;0;0;420605,027800000272691;5267941,126800000667572;7,944597026000054;47,560031672000036;1
08250402222800875050;08;2;22;000;2025;04;10;4;3;0;7;0;0;1;0;1;0;0;0;463864,912299999967217;5485855,829800000414252;8,500701147000029;49,524243128000080;1
08250427415300955110;08;4;15;091;2025;04;16;1;3;4;6;0;0;1;0;0;1;0;0;513574,641499999910593;5361947,788799999281764;9,183436809000057;48,410538725000038;1
08250426221200930990;08;2;21;000;2025;04;14;7;3;1;5;0;0;1;1;0;0;0;0;481407,654000000096858;5473693,348999999463558;8,743666780000069;49,415636262000078;1
08250502335200989480;08;3;35;063;2025;05;13;6;3;5;2;0;0;1;1;0;0;0;0;497705,682300000451505;5287942,278000000864267;8,969393828000022;47,744848467000054;1
08250412111500902130;08;1;11;000;2025;04;11;7;3;0;5;0;0;1;1;0;0;0;0;511519,956799999810755;5410444,674399999901652;9,157019344000048;48,846865645000037;1
08250511127100037100;08;1;27;043;2025;05;18;1;3;0;1;0;0;1;1;0;0;0;0;566552,791000000201166;5447903,337999999523163;9,913212420000036;49,180324796000036;1
08250430211000951740;08;2;11;000;2025;04;16;4;1;5;3;0;0;1;0;0;0;0;1;436520,285699999891222;5397286,125399999320507;8,136840815000028;48,725365955000029;1
08250410335100895480;08;3;35;043;2025;04;14;5;3;5;2;0;0;1;0;0;0;0;1;513553,250500000081956;5279442,953199999406934;9,180535494000026;47,668236573000058;1
08250414311000902670;08;3;37;022;2025;04;16;2;3;6;4;0;0;0;1;1;0;0;0;450576,800300000235438;5296556,906400000676513;8,339736858000038;47,820464153000046;1
08250514116500006820;08;1;16;063;2025;05;21;4;3;0;1;2;0;1;0;0;0;0;0;517160,996100000105798;5382771,977499999105930;9,232755777000023;48,597792338000033;1
08250329215502844690;08;2;15;106;2025;03;17;7;3;6;7;0;0;0;0;1;0;0;1;465667,974200000055134;5451224,505999999120831;8,528601958000024;49,212848451000070;1
08250406317000904460;08;3;17;065;2025;04;15;1;2;9;1;0;0;1;0;0;0;0;0;415442,514999999664724;5351256,006500000134110;7,859621748000052;48,308841426000072;1
08250508211100993550;08;2;11;000;2025;05;13;5;3;8;1;0;0;1;0;0;0;0;0;443665,480299999937415;5400366,214800000190735;8,233566123000060;48,753758833000063;1
08250403115400877490;08;1;15;045;2025;04;16;5;3;0;7;0;0;1;0;0;0;0;0;500384,277599999681115;5394175,000800000503659;9,005222589000027;48,700610931000028;1
08250329135100848590;08;1;35;020;2025;03;07;7;3;0;1;0;0;1;0;0;0;0;0;584689,591500000096858;5387163,880499999970198;10,149431817000050;48,631802385000071;1
08250416326400956710;08;3;26;074;2025;04;16;4;3;6;2;0;0;0;1;1;0;0;0;459771,671000000089407;5322597,396999999880791;8,460134785000037;48,055388253000046;1
08250509118500979300;08;1;18;070;2025;05;07;6;3;5;3;0;0;1;1;0;0;0;0;520163,964100000448525;5423870,070499999448657;9,275500921000059;48,967415269000071;1
08250417317500923910;08;3;17;021;2025;04;11;5;3;6;6;0;0;0;1;1;0;0;0;427377,263100000098348;5371683,773800000548363;8,017017895000038;48,494077151000056;1
08250402231000878190;08;2;31;000;2025;04;16;4;3;5;3;0;0;1;1;0;0;0;0;477353,383000000379980;5416324,178999999538064;8,690998209000043;48,899449532000062;1
08250501127100973520;08;1;27;089;2025;05;12;5;3;0;7;0;0;1;0;0;0;0;0;564543,267300000414252;5437757,986400000751019;9,884017724000046;49,089288877000058;1
08250506118010028780;08;1;18;049;2025;05;08;3;2;0;4;0;0;0;0;1;0;0;1;520031,416199999861419;5421022,918899999931455;9,273549865000064;48,941807785000037;1
08250511325102002900;08;3;25;057;2025;05;09;1;3;5;3;0;0;1;1;0;0;0;0;476478,542000000365078;5354749,732899999246001;8,682554450000055;48,345488960000068;1
08250424437200945400;08;4;37;008;2025;04;22;5;3;0;1;2;1;1;0;0;0;0;0;518920,488400000147521;5327312,980100000277162;9,254126838000047;48,098801986000069;1
08250507316100019010;08;3;16;036;2025;05;10;4;3;5;3;0;0;1;1;0;0;0;0;411476,036799999885261;5326288,327800000086427;7,811346782000044;48,083716084000059;1
08250423215302933870;08;2;15;059;2025;04;10;4;3;5;3;0;0;1;1;0;0;0;0;485592,537999999709427;5434993,933000000193715;8,802754791000041;49,067641387000037;1
08250504127100970760;08;1;27;076;2025;05;08;1;3;0;7;0;1;1;0;0;0;0;0;553966,463999999687076;5441529,722999999299645;9,739670406000073;49,124232985000049;1
08250403435100890650;08;4;35;016;2025;04;09;5;3;5;2;0;0;1;1;0;0;0;0;536746,995900000445545;5281842,173000000417233;9,489680768000028;47,688921190000030;1
08250506436000978700;08;4;35;016;2025;05;16;3;2;5;3;0;0;1;1;0;0;0;0;536279,172500000335276;5278873,587099999189377;9,483200255000042;47,662238136000042;1
08250428317010948980;08;3;17;110;2025;04;15;2;2;5;3;0;0;1;1;0;0;0;0;426117,483500000089407;5380925,854699999094009;7,998330131000046;48,577062532000070;1
08250507436000975140;08;4;35;057;2025;05;17;4;3;1;1;0;0;1;1;0;0;0;0;544365,785600000061095;5279664,947899999096990;9,590980391000073;47,668854070000066;1
08250401116200899320;08;1;16;077;2025;04;13;3;2;5;3;0;0;1;1;0;0;0;0;515918,752899999730289;5391313,399700000882149;9,216235416000075;48,674664844000063;1
08250414115300906130;08;1;15;042;2025;04;12;2;3;8;6;0;0;1;0;0;0;0;0;494814,491799999959767;5407534,745100000873208;8,929357176000053;48,820773555000073;1
08250515115300034510;08;1;15;050;2025;05;18;5;3;6;4;0;0;0;1;1;0;0;0;490357,144799999892712;5400007,596499999985099;8,868810936000045;48,753006673000073;1
08250412116500930790;08;1;16;020;2025;04;22;7;3;0;1;2;0;1;0;0;0;0;0;526165,493300000205636;5382229,771999999880791;9,354848212000036;48,592603022000048;1
08250523335100024160;08;3;35;043;2025;05;09;6;3;8;1;0;0;1;0;0;0;0;0;513719,348699999973178;5279772,852399999275804;9,182758348000050;47,671201392000057;1
08250606435100111360;08;4;35;024;2025;06;16;6;2;0;7;0;0;1;0;0;0;0;0;525679,300400000065565;5279395,022600000724196;9,342054936000068;47,667437478000068;1
08250601231402082010;08;2;36;044;2025;06;10;1;3;0;7;0;0;1;0;0;0;0;0;483771,816300000064075;5404834,501399999484420;8,779028965000066;48,796292229000073;1
08250531435100053920;08;4;35;016;2025;05;16;7;3;0;3;0;0;1;1;0;0;0;0;533579,991999999620020;5279875,129000000655651;9,447328186000050;47,671395212000050;1
08250606221011111820;08;2;26;049;2025;06;07;6;3;6;7;0;1;0;1;1;0;0;0;489378,247100000269711;5464856,867900000885129;8,853793022000048;49,336343510000063;1
08250525115200070840;08;1;15;021;2025;05;19;1;3;8;7;0;0;1;0;0;0;0;0;487460,781200000084937;5381352,812000000849366;8,829972208000072;48,585134850000031;1
08250603435200087670;08;4;35;052;2025;06;18;3;2;8;6;0;1;1;0;0;0;0;0;522126,087600000202656;5292258,092000000178814;9,295379507000064;47,783304282000074;1
08250524426000060370;08;4;26;044;2025;05;16;7;3;5;3;0;0;1;1;0;0;0;0;579875,003999999724329;5326479,627000000327826;10,072577560000070;48,086579446000030;1
08250525226300061010;08;2;26;080;2025;05;13;1;3;0;7;0;1;1;0;0;0;0;0;486164,936400000005960;5477780,950500000268221;8,809112494000033;49,452530566000064;1
08250603421200084300;08;4;21;000;2025;06;22;3;3;0;1;2;1;1;0;0;0;0;0;574057,901600000448525;5362150,290699999779463;10,000718040000038;48,408154985000067;1
08250528116100078270;08;1;16;019;2025;05;18;4;3;6;7;1;0;1;0;1;0;0;0;522217,980399999767542;5396850,245100000873208;9,302099026000064;48,724281714000028;1
08250601436400082710;08;4;36;087;2025;06;14;1;2;0;1;0;0;1;0;0;0;0;0;543910,905000000260770;5304770,859999999403954;9,587460799000041;47,894764499000075;1
08250523327200056230;08;3;27;019;2025;05;19;6;3;1;6;0;0;1;1;0;0;0;0;481645,292600000277162;5331343,415999999269843;8,753298730000040;48,135080047000031;1
08250526135200037450;08;1;35;019;2025;05;15;2;3;6;4;0;0;0;1;1;0;0;0;584535,728799999691546;5392562,637199999764562;10,148446546000059;48,680381502000046;1
08250602426100119440;08;4;26;021;2025;06;17;2;3;4;2;0;1;1;0;0;0;0;0;558925,199300000444055;5328918,416300000622869;9,791628923000076;48,110800582000081;1
08250530231000055410;08;2;37;028;2025;05;17;6;2;5;3;0;0;1;1;0;0;0;0;455695,976800000295043;5366957,549000000581145;8,400796730000025;48,454195392000031;1
08250604127100087290;08;1;27;076;2025;06;15;4;3;6;4;0;0;0;1;1;0;0;0;555989,506199999712408;5438522,651399999856949;9,766978818000041;49,097004508000055;1
08250527335100073870;08;3;35;043;2025;05;17;3;3;0;1;0;0;1;0;0;0;0;0;515661,974399999715388;5281021,360700000077486;9,208681097000067;47,682390879000081;1
08250529316100059860;08;3;16;024;2025;05;13;5;3;5;3;0;0;1;0;0;0;0;1;409003,889200000092387;5334865,696200000122190;7,776328520000050;48,160520904000066;1
08250601136200091180;08;1;36;019;2025;06;10;1;3;0;6;0;0;1;1;0;0;0;0;590012,575600000098348;5422790,411000000312924;10,229465343000072;48,951479688000063;1
08250529116200047370;08;1;16;080;2025;05;16;5;3;5;3;0;0;1;1;0;0;0;0;519440,457000000402331;5397004,060000000521541;9,264340598000047;48,725758249000080;1
08250530226600064300;08;2;26;031;2025;05;14;6;3;5;3;0;0;1;1;0;0;0;0;475173,140499999746680;5493617,721300000324845;8,656460256000059;49,594626830000038;1
08250525212010064070;08;2;12;000;2025;05;15;1;3;5;3;0;0;1;1;0;0;0;0;459240,733199999667704;5428079,559399999678135;8,442693062000046;49,004265366000027;1
08250522231000628750;08;2;31;000;2025;05;12;5;3;6;4;0;0;0;1;1;0;0;0;477652,211900000460446;5415376,080199999734759;8,695127387000070;48,890931617000035;1
08250524325202045610;08;3;25;049;2025;05;17;7;2;6;4;0;0;1;0;1;0;0;0;472340,112599999643862;5332144,324699999764562;8,628180257000054;48,141949153000041;1
08250520335200011850;08;3;35;063;2025;05;16;3;3;0;1;0;0;1;0;0;0;0;0;500355,214499999769032;5287669,013199999928474;9,004738335000070;47,742393725000056;1
08250606215102123630;08;2;15;102;2025;06;09;6;3;6;7;0;1;0;1;1;0;0;0;455390,619300000369549;5436429,396400000900030;8,389133722000054;49,079106220000028;1
08250523111330742400;08;1;11;000;2025;05;16;6;3;0;7;0;0;1;0;0;0;0;1;510570,584300000220537;5409098,955399999395013;9,144044531000077;48,834776672000032;1
08250524216300041530;08;2;16;015;2025;05;09;7;3;4;6;0;0;1;1;0;0;0;0;453958,399899999611080;5410610,049599999561906;8,372443522000026;48,846752333000040;1
08250524325202028180;08;3;25;049;2025;05;17;7;3;2;6;0;0;1;0;0;0;0;0;472315,703900000080466;5332097,718399999663234;8,627855179000051;48,141528785000048;1
08250526212702073260;08;2;15;096;2025;05;16;2;3;5;3;0;0;1;1;0;0;0;0;463781,220200000330806;5418336,967499999329448;8,505640093000068;48,916910569000038;1
08250521119300046610;08;1;19;076;2025;05;09;4;3;0;7;0;0;1;0;0;0;0;0;542310,666000000201166;5406699,850999999791384;9,576302361000046;48,811843999000075;1
08250531311010071640;08;3;36;084;2025;05;09;7;2;0;1;0;0;1;0;0;0;0;1;407782,579900000244379;5285816,362999999895692;7,770417216000055;47,719136840000033;1
08250608118010100800;08;1;15;016;2025;06;18;1;2;5;3;0;1;1;1;0;0;0;0;485119,339999999850988;5378776,369999999180436;8,798315412000022;48,561905332000038;1
08250530116400071000;08;1;16;072;2025;05;12;6;3;5;3;0;0;1;1;0;0;0;0;531422,872499999590218;5392075,083000000566244;9,426891881000074;48,680929052000067;1
08250520118500049090;08;1;18;070;2025;05;13;3;3;5;3;0;0;1;1;0;0;0;0;521432,286000000312924;5422936,244000000879169;9,292780639000057;48,958972294000034;1
08250519316100033960;08;3;16;011;2025;05;07;2;3;3;6;0;0;1;0;0;0;0;1;415149,457100000232458;5329538,869999999180436;7,860014892000038;48,113455115000079;1
08250527135100052710;08;1;35;016;2025;05;13;3;3;5;3;0;0;1;1;0;0;0;0;591228,495500000193715;5386712,639900000765920;10,238059588000056;48,626824123000063;1
08250528116500078110;08;1;16;049;2025;05;16;4;3;5;3;0;0;1;1;0;0;0;0;525653,521999999880791;5384612,859999999403954;9,348052425000049;48,614062640000043;1
08250527327100041470;08;3;27;050;2025;05;17;3;3;5;2;0;0;1;1;0;0;0;0;485267,414300000295043;5315097,150100000202656;8,802542261000042;47,989005995000070;1
08250528416000074880;08;4;16;025;2025;05;14;4;3;6;6;0;1;1;0;1;0;0;0;504139,775999999605119;5361737,424000000581145;9,055939669000054;48,408778787000074;1
08250530111130071010;08;1;11;000;2025;05;15;6;2;3;2;0;0;1;0;0;0;0;1;509419,523000000044703;5398270,566999999806285;9,128110959000026;48,737383785000077;1
08250603221200141170;08;2;21;000;2025;06;18;3;3;2;6;0;0;1;1;0;0;0;0;478378,483699999749660;5473383,923599999397993;8,701920928000050;49,412752910000052;1
08250530311010078780;08;3;15;041;2025;05;20;6;2;5;2;0;0;1;1;0;0;0;0;426986,263299999758601;5319391,974099999293685;8,020752103000063;48,023643446000051;1
08250527335100037660;08;3;35;043;2025;05;07;3;3;5;3;0;0;1;0;0;0;0;0;514814,944600000046194;5280171,458499999716878;9,197366450000061;47,674763735000056;1
08250529212102058730;08;2;15;089;2025;05;21;5;2;0;7;0;0;1;0;0;0;0;0;467103,761800000444055;5428158,895600000396371;8,550194998000052;49,005448209000065;1
08250530436400061180;08;4;36;082;2025;05;08;6;3;0;7;0;0;1;0;0;0;0;0;548323,229899999685585;5294855,540300000458956;9,645379510000055;47,805240689000073;1
08250604311010086000;08;3;11;000;2025;06;05;4;3;7;7;2;1;1;0;0;0;0;0;412592,073499999940395;5317148,033199999481440;7,828195521000055;48,001651026000047;1
08250528212010058030;08;2;12;000;2025;05;08;4;3;5;3;0;1;1;1;0;0;0;0;456363,935999999754131;5426325,968000000342727;8,403548749000038;48,988294890000077;1
08250530436100050760;08;4;36;055;2025;05;15;6;3;5;3;0;0;1;1;0;0;0;0;578576,291000000201166;5291719,945000000298023;10,048799143000053;47,774050490000036;1
08250601421300111470;08;4;21;000;2025;06;16;1;2;8;1;0;0;1;0;0;0;0;0;573191,172799999825656;5357000,456900000572205;9,988110893000055;48,361932245000048;1
08250527221011189260;08;2;21;000;2025;05;14;3;2;5;3;0;0;1;0;0;0;0;0;477327,922000000253320;5474706,809000000357628;8,687362292000046;49,424613794000038;1
08250530326200069050;08;3;26;074;2025;05;21;6;3;6;4;1;0;0;1;1;0;0;0;465220,809500000439584;5324465,830199999734759;8,533107657000073;48,072518469000045;1
08250526118500066270;08;1;18;060;2025;05;16;2;3;5;2;0;0;1;1;0;0;0;0;523515,843999999575317;5430196,098999999463558;9,321663258000058;49,024202484000057;1
08250526436300053620;08;4;36;081;2025;05;15;2;3;5;2;0;1;1;1;0;0;0;0;561826,790000000037253;5283057,687599999830127;9,824031325000021;47,697944061000044;1
08250519116200072030;08;1;16;077;2025;05;16;2;2;5;3;0;0;1;0;0;0;0;0;517447,738199999555945;5391411,462500000372529;9,237008640000056;48,675506166000048;1
08250518221011032510;08;2;21;000;2025;05;14;1;3;0;7;0;0;1;1;0;0;0;0;477154,648900000378489;5474819,308499999344349;8,684966493000047;49,425619222000080;1
08250529126100069580;08;1;26;046;2025;05;22;5;3;0;7;2;0;1;0;0;0;0;0;550286,974100000225008;5459015,291500000283122;9,691432272000043;49,281821527000034;1
08250519325302042660;08;3;25;014;2025;05;20;2;3;5;3;0;0;1;1;0;0;0;0;465112,922000000253320;5337829,984999999403954;8,530564755000057;48,192745559000059;1
08250530221300061850;08;2;21;000;2025;05;11;6;2;3;6;0;0;1;1;0;0;0;0;477669,146999999880791;5473652,483999999240041;8,692126891000044;49,415142946000060;1
08250530111210070520;08;1;11;000;2025;05;18;6;3;6;4;0;0;0;1;1;0;0;0;514119,111999999731779;5397038,307299999520183;9,191985564000049;48,726209609000080;1
08250526317000059820;08;3;17;065;2025;05;13;2;3;3;7;0;0;1;1;0;0;0;0;416664,195299999788404;5354656,779100000858307;7,875422195000056;48,339593348000051;1
08250519128200046230;08;1;28;115;2025;05;18;2;3;4;6;0;0;1;0;0;0;0;1;547667,298799999989569;5499083,838899999856949;9,660239659000069;49,642419957000072;1
08250606436200113360;08;4;36;064;2025;06;07;6;2;6;4;0;1;0;1;1;0;0;0;546073,530500000342727;5292455,411399999633431;9,615080653000064;47,783811734000039;1
08250601435200102030;08;4;35;067;2025;06;18;1;3;8;6;0;0;1;0;0;0;0;1;528984,786999999545515;5291773,494999999180436;9,386907723000036;47,778672069000038;1
08250519226500043650;08;2;26;065;2025;05;20;2;3;5;3;0;0;1;1;0;0;0;0;478303,558199999853969;5458021,640799999237061;8,701724423000030;49,274567184000034;1
08250601127100083270;08;1;27;076;2025;06;17;1;3;0;7;0;1;1;0;0;0;0;0;554001,258899999782443;5440126,629200000315905;9,739959497000029;49,111609548000047;1
08250602115100084400;08;1;15;003;2025;06;14;2;3;6;7;0;0;0;1;1;0;0;0;496373,075400000438094;5393093,507099999114871;8,950717183000052;48,690871290000075;1
08250607222014113670;08;2;22;000;2025;06;21;7;2;6;4;2;1;0;0;1;0;0;1;463134,941700000315905;5483098,268899999558926;8,490872647000060;49,499396393000040;1
08250524436200041290;08;4;36;064;2025;05;11;7;3;2;2;0;0;1;1;0;0;0;0;540460,116100000217557;5289791,170499999076128;9,539897199000052;47,760218265000049;1
08250519426100072430;08;4;26;021;2025;05;07;2;3;0;1;0;0;1;0;0;0;0;0;561090,206699999980628;5328695,585400000214577;9,820679695000024;48,108591954000076;1
08250524119500057970;08;1;19;042;2025;05;15;7;2;6;4;0;0;0;1;1;0;0;0;526295,148099999874830;5416179,854299999773502;9,358773935000045;48,898007115000041;1
08250521326100053310;08;3;26;012;2025;05;17;4;3;5;2;0;0;1;1;0;0;0;0;462702,007299999706447;5309817,062400000169873;8,500569332000055;47,940583574000073;1
08250602311010082560;08;3;36;105;2025;06;16;2;3;6;4;0;1;0;0;1;1;0;0;399298,121299999766052;5267457,294500000774860;7,661544903000049;47,552723877000062;1
08250531115100073340;08;1;15;002;2025;05;12;7;3;3;2;0;0;1;1;0;0;0;0;499729,227800000458956;5386484,067999999970198;8,996325059000071;48,631422280000038;1
08250527231202119730;08;2;36;004;2025;05;13;3;3;5;3;0;0;1;1;0;0;0;0;471192,832999999634922;5413106,104000000283122;8,607169229000021;48,870245210000064;1
08250524335200026330;08;3;35;061;2025;05;15;7;3;0;1;0;0;1;0;0;0;0;0;494273,749699999578297;5278550,019099999219179;8,923735271000055;47,660318890000042;1