UIDENTSTLAE;ULAND;UREGBEZ;UKREIS;UGEMEINDE;UJAHR;UMONAT;USTUNDE;UWOCHENTAG;UKATEGORIE;UART;UTYP1;ULICHTVERH;IstStrassenzustand;IstRad;IstPKW;IstFuss;IstKrad;IstGkfz;IstSonstige;LINREFX;LINREFY;XGCSWGS84;YGCSWGS84;PLST
08250602121200097670;08;1;21;000;2025;06;09;2;2;6;6;0;0;1;0;1;0;0;0;516177,136900000274181;5444292,488800000399351;9,221845360000032;49,151241463000076;1
08250519215102028680;08;2;15;090;2025;05;16;2;3;6;2;0;0;0;1;1;0;0;0;465805,326299999840558;5433682,794500000774860;8,531975669000076;49,055066591000070;1
08250523335200049920;08;3;35;063;2025;05;15;6;3;5;3;0;0;1;0;0;0;0;1;498193,876099999994040;5288548,091000000014901;8,975903811000023;47,750300872000025;1
08250522212010045580;08;2;12;000;2025;05;16;5;3;5;3;0;0;1;1;0;0;0;0;452515,284500000067055;5427569,522099999710917;8,350800477000064;48,999196779000044;1
08250604116500144180;08;1;16;049;2025;06;08;4;3;0;4;0;1;0;1;1;0;0;0;524040,332399999722838;5387002,456100000068545;9,326304519000075;48,635623651000060;1
08250529426200086030;08;4;26;134;2025;05;14;5;3;2;6;0;0;1;0;0;0;0;0;553610,709800000302494;5332763,756400000303984;9,720721587000071;48,145863922000046;1
08250520128100017280;08;1;28;007;2025;05;14;3;3;5;3;0;0;1;1;0;0;0;0;555056,769000000320375;5483158,112999999895692;9,760354084000028;49,498556261000033;1
08250521335100016830;08;3;35;043;2025;05;08;4;3;0;1;0;1;1;0;0;0;0;0;512293,137400000356138;5279855,074999999254942;9,163761885000042;47,671969892000050;1
08250520436200016750;08;4;36;011;2025;05;15;3;3;3;2;0;0;1;1;0;0;0;0;548487,500599999912083;5296935,301000000908971;9,647805974000050;47,823939741000061;1
08250516325000035190;08;3;26;074;2025;05;12;6;2;5;2;0;0;1;1;0;0;0;0;460090,481999999843538;5321179,057000000029802;8,464545335000025;48,042647873000078;1
08250518135100009010;08;1;35;015;2025;05;12;1;2;0;1;0;0;1;0;0;0;0;0;574701,624800000339746;5385621,849400000646710;10,013618007000048;48,619205116000046;1
08250529216100079840;08;2;16;052;2025;05;16;5;3;2;6;0;0;1;0;0;0;0;0;439232,885300000198185;5417502,747099999338388;8,170726753000054;48,907484123000074;1
08250603415100085220;08;4;15;053;2025;06;18;3;3;8;1;0;1;1;0;0;0;0;0;534148,380300000309944;5364707,149299999698997;9,461671996000064;48,434583513000064;1
08250520231000074540;08;2;31;000;2025;05;17;3;3;0;1;0;0;1;0;0;0;0;0;478134,703599999658763;5416064,015000000596046;8,701672713000050;48,897137258000043;1
08250531118010074410;08;1;18;079;2025;05;20;7;2;0;3;0;0;1;0;0;0;0;0;510781,060999999754131;5422766,376000000163913;9,147273399000028;48,957721745000072;1
08250518316100026920;08;3;16;037;2025;05;17;1;3;0;7;0;0;1;0;0;0;0;0;406493,528099999763072;5333806,695900000631809;7,742811484000072;48,150631142000066;1
08250527311010035820;08;3;11;000;2025;05;08;3;3;0;1;0;0;1;0;0;0;0;0;412809,057799999602139;5315342,755499999970198;7,831470562000050;47,985441603000027;1
08250529128200070200;08;1;28;014;2025;05;15;5;2;0;7;0;0;1;0;0;0;0;0;549986,874499999918044;5484872,532899999991059;9,690559623000070;49,514415022000037;1
08250607436100090720;08;4;36;055;2025;06;11;7;3;5;3;0;0;1;1;0;0;0;0;576413,430800000205636;5297124,806600000709295;10,020887265000056;47,822933174000070;1
08250606435100089210;08;4;35;035;2025;06;21;6;3;0;7;0;0;1;0;0;0;0;0;540096,356300000101328;5280135,202700000256300;9,534154745000023;47,673363925000046;1
08250518335100045570;08;3;35;043;2025;05;20;1;3;5;3;0;0;1;0;0;0;0;1;512126,731999999843538;5279911,155999999493361;9,161546697000063;47,672477632000039;1
08250529211000078410;08;2;16;043;2025;05;22;5;2;4;6;2;0;1;0;0;0;0;0;439493,132600000128150;5414276,603700000792742;8,174755676000075;48,878490930000055;1
08250523426010075750;08;4;26;021;2025;05;12;6;3;4;6;0;0;1;0;0;0;0;0;559098,108799999579787;5327717,424799999222159;9,793785254000056;48,099980251000034;1
08250531436400072700;08;4;36;009;2025;05;13;7;3;8;7;0;0;1;0;0;0;0;0;551521,333999999798834;5304275,946000000461936;9,689210563000074;47,889745908000066;1
08250603317600093640;08;3;17;088;2025;06;12;3;3;8;1;0;0;1;0;0;0;0;0;436751,695799999870360;5360136,326899999752641;8,145633299000053;48,391215845000033;1
08250517311010003680;08;3;11;000;2025;05;15;7;3;6;6;0;0;0;0;1;0;0;1;411386,297699999995530;5318141,819000000134110;7,811828954000021;48,010424355000055;1
08250516436000011320;08;4;35;057;2025;05;11;6;3;5;3;0;0;1;1;0;0;0;0;543258,889000000432134;5279325,414000000804663;9,576202982000041;47,665874192000047;1
08250526121200066450;08;1;21;000;2025;05;12;2;3;5;2;0;0;1;1;0;0;0;0;515922,371799999848008;5444924,688999999314547;9,218376659000057;49,156934959000068;1
08250531117200065110;08;1;17;024;2025;05;18;7;2;0;1;0;0;1;0;0;0;0;0;562170,689199999906123;5383778,445699999108911;9,843332086000032;48,603994108000052;1
08250606212010097420;08;2;12;000;2025;06;17;6;3;5;3;0;0;1;1;0;0;0;0;455725,033099999651313;5431842,854699999094009;8,394214406000060;49,037874324000029;1
08250520216200017310;08;2;16;007;2025;05;17;3;3;8;1;0;0;1;0;0;0;0;0;436919,174700000323355;5393797,503100000321865;8,142797258000030;48,694026077000046;1
08250531436300078180;08;4;36;049;2025;05;13;7;3;0;1;0;0;1;0;0;0;0;0;581388,364199999719858;5281325,145500000566244;10,084383631000037;47,680189789000053;1
08250517336300036450;08;3;36;087;2025;05;14;7;2;0;7;0;0;1;0;0;0;0;0;421800,571000000461936;5290728,927799999713898;7,956408554000063;47,765181094000070;1
08250606311010114790;08;3;11;000;2025;06;15;6;3;5;3;0;0;1;0;0;0;0;1;412580,936700000427663;5314278,141300000250340;7,828630644000043;47,975833903000080;1
08250526118600038410;08;1;18;073;2025;05;12;2;3;5;3;0;0;1;1;0;0;0;0;497557,019999999552965;5419698,398000000044703;8,966646305000040;48,930212309000069;1
08250527317500037430;08;3;17;096;2025;05;20;3;3;3;2;0;0;1;1;0;0;0;0;422359,865799999795854;5369984,707499999552965;7,949432358000024;48,478194263000034;1
08250601118400133720;08;1;18;048;2025;06;13;1;3;3;6;0;1;1;1;0;0;0;0;513934,709999999962747;5416594,306700000539422;9,190142282000068;48,902136762000055;1
08250527317100045220;08;3;17;001;2025;05;07;3;3;2;6;0;0;1;1;0;0;0;0;432459,115500000305474;5385477,342499999329448;8,083555162000039;48,618719368000029;1
08250525127100066160;08;1;27;076;2025;05;17;1;3;6;6;0;0;1;0;1;0;0;0;556394,297899999655783;5439913,602299999445677;9,772717615000033;49,109478631000059;1
08250603128200092970;08;1;28;139;2025;06;16;3;3;0;1;0;0;1;0;0;0;0;0;545822,226099999621511;5488443,789000000804663;9,633444569000062;49,546864821000042;1
08250524119200027390;08;1;19;020;2025;05;11;7;3;5;2;0;0;1;1;0;0;0;0;521695,275999999605119;5405836,164000000804663;9,295465706000073;48,805136250000032;1
08250606436000089000;08;4;36;009;2025;06;17;6;3;5;2;0;0;1;1;0;0;0;0;555154,367499999701977;5308623,801500000059605;9,738362494000057;47,928559777000032;1
08250520221011073820;08;2;21;000;2025;05;21;3;3;2;6;2;0;1;1;0;0;0;1;477386,452300000004470;5474608,705299999564886;8,688174977000074;49,423733548000030;1
08250524211100026760;08;2;11;000;2025;05;09;7;3;5;3;0;0;1;1;0;0;0;0;442131,691800000146031;5403003,185300000011921;8,212330002000044;48,777338073000067;1
08250520436200055590;08;4;36;064;2025;05;01;3;3;0;7;2;0;1;0;0;0;0;0;545468,190499999560416;5292380,902000000700355;9,606992045000027;47,783184390000031;1
08250516215102068480;08;2;12;000;2025;05;16;6;3;5;3;0;0;1;1;0;0;0;0;460878,257100000046194;5430694,649100000038743;8,464829985000051;49,027894586000059;1
08250528435100067180;08;4;35;016;2025;05;08;4;3;0;1;0;0;1;0;0;0;0;0;535545,551300000399351;5279917,912200000137091;9,473514519000048;47,671675083000025;1
08250529317500055610;08;3;17;021;2025;05;21;5;3;6;7;2;0;0;1;1;0;0;0;427990,601400000043213;5371684,708399999886751;8,025318293000055;48,494156149000048;1
08250516212010068510;08;2;15;046;2025;05;15;6;3;4;6;0;0;1;0;0;1;0;0;454456,838800000026822;5418390,396900000050664;8,378370164000046;48,916775455000050;1
08250526118300063030;08;1;18;046;2025;05;14;2;3;4;6;0;0;1;0;0;0;0;0;514385,035000000149012;5411680,757999999448657;9,196114150000028;48,857925403000081;1
08250523436400042300;08;4;36;005;2025;05;21;6;3;0;1;2;0;1;0;0;0;0;0;540527,694400000385940;5310118,865399999544024;9,542703779000021;47,943102660000079;1
08250529231102061720;08;2;36;033;2025;05;15;5;2;0;7;0;1;1;0;0;0;0;0;482989,994400000199676;5430573,018100000917912;8,767310622000025;49,027806803000033;1
08250604426100109040;08;4;26;021;2025;06;13;4;3;3;2;0;0;1;1;0;0;0;0;558865,936999999918044;5326988,221000000834465;9,790566531000024;48,093441701000074;1
08250517317100013360;08;3;17;098;2025;05;14;7;3;0;1;0;0;1;0;0;0;0;0;437454,138600000180304;5369862,293199999257922;8,153668972000048;48,478776055000026;1
08250605111340147750;08;1;11;000;2025;06;23;5;3;0;4;2;0;0;1;1;0;0;0;506764,080599999986589;5404610,297199999913573;9,092099695000059;48,794450312000038;1
08250516437200068490;08;4;37;107;2025;05;16;6;2;3;6;0;0;1;1;0;0;0;0;506555,798100000247359;5329406,036800000816584;9,088085488000047;48,117880477000028;1
08250525335100061240;08;3;35;043;2025;05;20;1;3;5;3;0;0;1;0;0;0;0;1;512250,945100000128150;5280810,644600000232458;9,163226639000072;47,680568584000071;1
08250530436100062930;08;4;36;055;2025;05;15;6;3;0;7;0;0;1;0;0;0;0;0;572597,180900000035763;5299661,107400000095367;9,970335060000025;47,846192182000038;1
08250606116400150430;08;1;16;033;2025;06;12;6;3;0;1;0;0;1;0;0;0;0;0;534395,394199999980628;5387863,823899999260902;9,466923340000051;48,642888493000044;1
08250520426000050630;08;4;26;128;2025;05;20;3;3;4;2;0;0;1;1;0;0;0;0;559182,964300000108778;5330178,715399999171495;9,795266473000027;48,122114500000066;1
08250522212010052610;08;2;15;009;2025;05;07;5;2;9;1;0;0;1;1;0;0;0;0;472846,395499999634922;5434171,910700000822544;8,628311956000061;49,059816919000070;1
08250531317000078960;08;3;17;153;2025;05;14;7;3;5;3;0;0;1;1;0;0;0;0;418207,966400000266731;5385417,637000000104308;7,890231300000039;48,616481489000080;1
08250516136200036840;08;1;36;019;2025;05;14;6;3;5;2;0;0;1;1;0;0;0;0;582381,581600000150502;5424485,711200000718236;10,125600097000074;48,967790860000036;1
08250520226400050020;08;2;26;084;2025;05;18;3;3;0;7;0;0;1;0;0;0;0;0;469424,340200000442564;5470566,848300000652671;8,578696920000027;49,387029936000033;1
08250604317000085650;08;3;17;026;2025;06;13;4;3;1;1;0;1;1;1;0;0;0;0;412389,608400000259280;5343293,875900000333786;7,820108078000032;48,236807733000035;1
08250516226700015180;08;2;26;041;2025;05;15;6;3;0;7;0;0;1;0;0;0;0;0;477025,968299999833107;5466065,270500000566244;8,683697923000068;49,346872902000030;1
08250519335100012400;08;3;35;043;2025;05;16;2;3;0;1;0;0;1;0;0;0;0;0;513029,938000000081956;5280528,581700000911951;9,173597158000064;47,678015446000074;1
08250606212702118260;08;2;15;096;2025;06;07;6;3;5;3;0;0;1;1;0;0;0;0;461457,156600000336766;5415256,238299999386072;8,474210471000049;48,889057882000031;1
08250516222800070000;08;2;22;000;2025;05;16;6;3;5;3;0;0;1;1;0;0;0;0;460152,002000000327826;5488773,765000000596046;8,449105217000067;49,550255334000042;1
08250601335100081620;08;3;35;002;2025;06;01;1;3;0;1;2;0;1;0;0;0;0;0;505385,117399999871850;5290051,618000000715256;9,071863508000035;47,763808994000044;1
08250520222600014440;08;2;22;000;2025;05;16;3;3;6;7;0;0;1;0;1;0;0;0;461347,943199999630451;5484037,282600000500679;8,466102394000075;49,507731054000033;1
08250519225100045640;08;2;25;033;2025;05;19;2;3;0;1;0;0;1;0;0;0;0;0;510522,131699999794364;5458886,869100000709295;9,144678372000044;49,282644482000080;1
08250516311400020300;08;3;15;074;2025;05;16;6;3;0;7;0;0;1;0;0;0;0;0;397175,303999999538064;5296327,378699999302626;7,626537476000067;47,812080825000066;1
08250604311010108070;08;3;11;000;2025;06;18;4;3;6;4;0;0;1;0;1;0;0;0;412601,550999999977648;5315524,501099999994040;7,828653171000042;47,987048142000049;1
08250516121500037440;08;1;25;065;2025;05;18;6;2;6;4;0;0;0;1;1;0;0;0;518155,531399999745190;5450678,692099999636412;9,249264172000039;49,208631645000025;1
08250605317500108200;08;3;17;100;2025;06;22;5;2;0;1;2;1;1;0;0;0;0;0;423397,262099999934435;5366375,491000000387430;7,964128075000076;48,445856666000054;1
08250516121400016790;08;1;25;061;2025;05;18;6;3;5;3;0;0;1;1;0;0;0;0;503278,628499999642372;5447173,395700000226498;9,044985149000070;49,177360599000053;1
08250522311010052540;08;3;11;000;2025;05;11;5;3;6;3;0;1;0;1;1;0;0;0;413236,605999999679625;5315761,812699999660254;7,837114635000034;47,989269312000033;1
08250517221200042170;08;2;21;000;2025;05;15;7;3;0;7;0;0;1;0;0;0;0;0;477691,683000000193715;5472882,153100000694394;8,692480876000047;49,408214768000050;1
08250530116500050960;08;1;16;020;2025;05;15;6;3;2;6;0;0;1;1;0;0;0;0;526689,640399999916553;5382166,359699999913573;9,361952310000049;48,592010438000045;1
08250523135200027130;08;1;35;019;2025;05;15;6;3;0;1;0;0;1;0;0;0;0;0;584681,169400000013411;5392397,743200000375509;10,150388214000031;48,678878683000050;1
08250606311010114800;08;3;15;041;2025;06;18;6;3;3;6;0;0;1;0;0;0;0;1;422470,868999999947846;5322214,301000000908971;7,959691427000052;48,048499988000060;1
08250525435100031130;08;4;35;016;2025;05;14;1;3;0;3;0;1;1;1;0;0;0;0;535721,792000000365078;5277940,905999999493361;9,475700570000072;47,653877440000031;1
08250622136000132820;08;1;36;028;2025;06;17;1;3;0;7;0;0;1;0;0;0;0;0;566415,614299999549985;5404911,991200000047684;9,904305292000060;48,793653717000041;1
08250709335010272000;08;3;26;005;2025;07;20;4;2;2;6;1;0;1;1;0;0;0;0;466025,080599999986589;5296596,249700000509620;8,546104952000064;47,821819595000079;1
08250704311500232990;08;3;15;094;2025;07;18;6;3;4;6;0;0;1;1;0;0;0;0;434150,219299999997020;5315803,659900000318885;8,117372400000022;47,992141355000058;1
08250623437200164340;08;4;37;065;2025;06;17;2;3;0;7;0;0;1;0;0;0;0;0;517976,297899999655783;5318475,510600000619888;9,241073756000048;48,019318488000067;1
08250704212010216030;08;2;12;000;2025;07;00;6;3;6;6;2;0;0;0;1;0;0;1;458984,493900000117719;5428293,468200000002980;8,439168035000023;49,006172538000044;1
08250622335300173110;08;3;35;100;2025;06;07;1;3;0;1;0;0;1;0;0;0;0;0;487014,085699999704957;5285007,335899999365211;8,826855999000031;47,718314467000027;1
08250703216100215170;08;2;16;043;2025;07;15;5;3;5;3;0;0;1;0;0;0;0;1;441347,083899999968708;5410699,273600000888109;8,200551528000062;48,846491187000026;1
08250705116000229400;08;1;16;081;2025;07;13;7;2;0;1;0;0;1;0;0;0;0;0;517044,091500000096858;5386854,796900000423193;9,231337960000076;48,634525168000039;1
08250623221200164240;08;2;21;000;2025;06;16;2;2;5;2;0;0;1;1;0;0;0;0;479519,803700000047684;5472478,085400000214577;8,717701938000062;49,404644504000032;1
08250620135010155200;08;1;35;019;2025;06;18;6;2;4;2;0;0;1;1;0;0;0;0;583860,999900000169873;5393732,081800000742078;10,139519333000067;48,690990877000047;1
08250628111310149860;08;1;11;000;2025;06;11;7;2;0;1;0;0;1;0;0;0;0;0;513777,469100000336766;5406153,771800000220537;9,187645356000075;48,808219366000060;1
08250702212010219330;08;2;12;000;2025;07;16;4;3;5;2;0;0;1;1;0;0;0;0;453223,900999999605119;5431124,831000000238419;8,360078069000053;49,031230996000033;1
08250702326200212590;08;3;26;074;2025;07;12;4;3;5;3;0;0;1;1;0;0;0;0;464772,147800000384450;5323727,746300000697374;8,527145655000027;48,065853467000068;1
08250702117200209960;08;1;17;024;2025;07;19;4;3;4;2;0;0;1;1;0;0;0;0;561378,377799999900162;5385968,322200000286102;9,832909716000074;48,623770838000041;1
08250617116100133100;08;1;16;056;2025;06;17;3;2;2;6;0;0;1;1;0;0;0;0;532119,256799999624491;5394608,979100000113249;9,436549266000043;48,703688126000031;1
08250626215402143760;08;2;15;009;2025;06;10;5;3;0;3;0;0;1;0;0;0;1;0;469233,496199999935925;5441416,389799999073148;8,578307058000064;49,124812808000058;1
08250617311010117730;08;3;11;000;2025;06;18;3;3;5;2;0;0;1;0;0;0;0;1;411030,247899999842048;5318478,810799999162555;7,806986027000050;48,013406197000052;1
08250628117300205810;08;1;17;026;2025;06;14;7;3;0;1;0;0;1;0;0;0;0;0;549687,904699999839067;5394131,872500000521541;9,675262091000036;48,698244206000027;1
08250614435100109020;08;4;35;057;2025;06;18;7;3;5;3;0;0;1;1;0;0;0;0;543261,184700000099838;5279327,075899999588728;9,576233723000030;47,665888991000031;1
08250708225200235660;08;2;25;014;2025;07;19;3;3;6;4;0;0;0;1;1;0;0;0;528397,038800000213087;5484605,484500000253320;9,392290901000024;49,513408763000029;1
08250618136000151130;08;1;36;065;2025;06;13;4;3;5;3;0;0;1;1;0;0;0;0;557555,953800000250340;5405299,515699999406934;9,783740451000028;48,798022787000036;1
08250621425000128870;08;4;25;033;2025;06;13;7;3;5;2;0;0;1;1;0;0;0;0;553210,036000000312924;5348603,237999999895692;9,717323385000043;48,288391789000059;1
08250702111210211910;08;1;11;000;2025;07;08;4;3;2;3;0;0;1;1;0;0;0;0;509191,132000000216067;5397405,251000000163913;9,124985420000030;48,729602803000034;1
08250707436000202230;08;4;36;008;2025;07;16;2;3;2;6;0;0;1;1;0;0;0;0;547607,042500000447035;5310775,692800000309944;9,637569928000062;47,948524888000065;1
08250615426300125330;08;4;26;045;2025;06;14;1;3;0;1;0;0;1;0;0;0;0;0;531294,903199999593198;5328464,095599999651313;9,420412090000070;48,108670605000043;1
08250624115200156470;08;1;15;021;2025;06;16;3;3;0;7;0;0;1;0;0;0;0;0;489122,266300000250340;5384625,954700000584126;8,852415576000055;48,614611805000038;1
08250628231000178060;08;2;36;072;2025;06;15;7;2;5;2;0;0;1;1;0;0;0;0;466807,492999999783933;5410300,962999999523163;8,547597537000058;48,844792166000047;1
08250619317100151050;08;3;17;098;2025;06;08;5;2;8;1;0;0;1;0;0;0;0;0;437799,627399999648333;5363684,766100000590086;8,159261302000061;48,423240343000032;1
08250616117300142540;08;1;17;018;2025;06;16;2;3;2;6;0;0;1;1;0;0;0;0;540065,854700000025332;5395292,042799999937415;9,544617262000031;48,709372902000041;1
08250618116200134630;08;1;16;080;2025;06;15;4;2;2;6;0;0;1;0;0;0;0;1;519037,015499999746680;5395164,342000000178814;9,258769983000036;48,709220660000028;1
08250706212102266770;08;2;15;017;2025;07;01;1;3;0;7;2;0;1;0;0;0;0;0;458597,153400000184774;5423280,919500000774860;8,434382456000037;48,961057782000069;1
08250627436000145810;08;4;35;057;2025;06;11;6;3;0;7;0;0;1;0;0;0;0;0;546293,747999999672174;5280071,530200000852346;9,616703664000056;47,672377019000066;1
08250708212302273460;08;2;12;000;2025;07;15;3;3;5;2;0;0;1;1;0;0;0;0;455183,705900000408292;5428489,898900000378489;8,387178661000064;49,007675151000058;1
08250620335400148570;08;3;35;098;2025;06;13;6;3;5;1;0;0;1;0;0;0;0;1;501925,267900000326335;5296073,861099999397993;9,025719114000026;47,818013842000028;1
08250703118010226210;08;1;15;021;2025;07;02;5;2;3;6;2;1;1;1;0;0;0;0;495057,967799999751151;5379989,463800000026822;8,933003705000033;48,572975827000050;1
08250629435100153000;08;4;35;016;2025;06;09;1;3;7;7;0;0;1;0;0;0;0;0;536513,237700000405312;5284913,585300000384450;9,486823106000031;47,716568952000046;1
08250619126200121970;08;1;26;069;2025;06;11;5;3;0;7;0;0;1;0;0;0;0;0;539689,898000000044703;5444760,451199999079108;9,544323267000038;49,154381133000072;1
08250625317010142760;08;3;17;026;2025;06;18;4;2;5;3;0;0;1;1;0;0;0;0;420633,360799999907613;5341030,094399999827147;7,931533608000052;48,217530019000037;1
08250621436200165830;08;4;36;082;2025;06;21;7;3;0;1;2;0;1;0;0;0;0;0;548197,934600000269711;5295583,128000000491738;9,643787136000071;47,811796133000030;1
08250623121200145830;08;1;21;000;2025;06;06;2;3;0;7;0;0;1;0;0;0;0;0;517257,974700000137091;5443969,264499999582767;9,236653465000074;49,148304535000079;1
08250624325102228760;08;3;25;045;2025;06;09;3;3;8;6;0;0;1;0;0;0;1;0;474443,708200000226498;5349726,137900000438094;8,655397397000058;48,300215044000026;1
08250708111500220870;08;1;11;000;2025;07;13;3;3;5;2;0;0;1;1;0;0;0;0;512403,234000000171363;5406566,950999999418855;9,168941226000072;48,811965222000026;1
08250613221200103950;08;2;21;000;2025;06;09;6;3;0;7;0;0;1;0;0;0;0;0;478115,526999999769032;5473326,616000000387430;8,698298960000045;49,412228035000055;1
08250707118010215460;08;1;18;079;2025;07;13;2;1;6;2;0;0;0;0;1;0;1;0;508478,354000000283122;5421804,184000000357628;9,115797587000031;48,949102052000057;1
08250707215202234600;08;2;15;084;2025;07;17;2;3;4;6;0;0;1;1;0;0;0;0;473959,622399999760091;5447879,643500000238419;8,642665079000039;49,183169489000079;1
08250620127100159200;08;1;27;062;2025;06;18;6;2;0;1;0;0;1;0;0;0;0;0;545712,635200000368059;5431566,792999999597669;9,625423933000036;49,035286213000063;1
08250703426000206610;08;4;26;014;2025;07;18;5;3;0;1;0;0;1;0;0;0;0;0;549504,857300000265241;5316315,161900000646710;9,663622658000065;47,998217520000026;1
08250707119400203120;08;1;19;091;2025;07;16;2;3;5;3;0;0;1;1;0;0;0;0;525526,389000000432134;5406273,061000000685453;9,347667475000037;48,808920925000052;1
08250704326300195990;08;3;26;060;2025;07;18;6;2;5;2;0;0;1;1;0;0;0;0;442131,894299999810755;5331387,840199999511242;8,222235904000058;48,133112871000037;1
08250614216100106910;08;2;16;002;2025;06;11;7;3;3;6;0;0;1;0;0;0;0;0;443306,918999999761581;5421124,878299999982119;8,225815073000035;48,940451236000058;1
08250707118100229700;08;1;18;071;2025;07;08;2;3;5;3;0;0;1;1;0;0;0;0;509286,274500000290573;5418676,225700000301003;9,126760897000054;48,920952284000066;1
08250627222800147050;08;2;22;000;2025;06;10;6;3;5;3;0;1;1;1;0;0;0;0;463822,861299999989569;5485885,448899999260902;8,500117412000066;49,524507027000027;1
08250709115200281860;08;1;15;021;2025;07;19;4;3;5;3;0;0;1;1;0;0;0;0;489759,158999999985099;5382689,084000000730157;8,861104425000065;48,597198061000029;1
08250708221200229740;08;2;21;000;2025;07;22;3;3;8;7;2;0;1;0;0;0;0;0;481785,305499999783933;5473652,306399999186397;8,748875303000034;49,415278513000032;1
08250623116500161260;08;1;16;022;2025;06;09;2;3;3;6;0;0;1;1;0;0;0;0;522769,079099999740720;5381997,547199999913573;9,308775128000036;48,590646618000051;1
08250704116400406840;08;1;16;072;2025;07;19;6;3;0;1;0;0;1;0;0;0;0;0;530292,273400000296533;5393625,321599999442697;9,411646328000074;48,694930692000071;1
08250625436000139240;08;4;35;034;2025;06;11;4;3;0;7;0;0;1;0;0;0;0;0;529419,201799999922514;5285221,888599999248981;9,392263243000059;47,719705143000056;1
08250706121600228910;08;1;25;094;2025;07;14;1;3;7;7;0;1;1;0;0;0;0;0;513490,737900000065565;5437942,879100000485778;9,184793270000057;49,094189228000062;1
08250621118100135660;08;1;18;040;2025;06;00;7;2;0;7;2;0;1;0;0;0;0;0;510836,772499999962747;5433213,452700000256300;9,148313258000030;49,051698276000081;1
08250616111330160850;08;1;11;000;2025;06;14;2;3;0;7;0;0;1;0;0;0;0;0;512403,853600000031292;5408094,735500000417233;9,168995861000042;48,825708948000056;1
08250628135200182470;08;1;35;026;2025;06;20;7;3;4;2;1;0;1;1;0;0;0;0;590855,066499999724329;5395145,986099999397993;10,234844937000048;48,702728449000062;1
08250614426000120700;08;4;25;137;2025;06;18;7;1;8;1;0;0;1;1;0;0;0;0;576349,733500000089407;5351099,394500000402331;10,029676253000048;48,308476851000080;1
08250624221200155470;08;2;21;000;2025;06;11;3;3;5;5;0;0;1;1;0;0;0;0;476286,919999999925494;5472956,685000000521541;8,673112153000034;49,408832049000068;1
08250614415100401250;08;4;15;014;2025;06;00;7;3;8;7;2;0;1;0;0;0;0;0;527107,485199999995530;5372861,810399999842048;9,367012973000044;48,508287486000029;1
08250617425000117380;08;4;25;002;2025;06;18;3;3;5;3;0;0;1;1;0;0;0;0;554730,598000000230968;5352536,048599999397993;9,738330447000067;48,323641514000030;1
08250709325202237280;08;3;25;009;2025;07;17;4;3;5;3;0;0;1;1;0;0;0;0;468400,103500000201166;5341347,472500000149012;8,574533197000051;48,224563129000046;1
08250612335000102290;08;3;26;006;2025;06;14;5;2;3;2;0;0;1;0;0;0;0;1;458028,861800000071526;5305388,514499999582767;8,438428907000059;47,900451313000076;1
08250625436100140810;08;4;36;055;2025;06;20;4;3;5;3;0;0;1;0;0;1;0;0;577804,058699999935925;5294481,404699999839067;10,038988519000043;47,798986414000069;1
08250628212010179440;08;2;15;046;2025;06;22;7;2;0;1;2;0;1;0;0;0;0;0;451472,604000000283122;5411835,373999999836087;8,338418700000034;48,857585037000035;1
08250613231202132270;08;2;36;043;2025;06;20;6;3;0;7;0;0;1;0;0;0;0;0;470449,502500000409782;5410769,279500000178814;8,597201726000037;48,849189061000061;1
08250625118100171070;08;1;18;071;2025;06;13;4;3;3;6;0;0;1;0;0;0;0;1;508805,913999999873340;5419288,493000000715256;9,120217043000025;48,926467087000049;1
08250619222700131820;08;2;22;000;2025;06;23;5;3;5;2;2;0;1;1;0;0;0;0;461703,380900000222027;5481097,981000000610948;8,471296658000028;49,481316179000032;1
08250617226700144590;08;2;26;098;2025;06;09;3;3;5;2;0;0;1;1;0;0;0;0;478578,901499999687076;5460426,268400000408292;8,705380856000033;49,296206640000037;1
08250621417010406710;08;4;17;002;2025;06;16;7;3;0;1;0;0;1;0;0;0;0;0;494293,069299999624491;5345064,830299999564886;8,923109668000052;48,258768984000028;1
08250624212702173420;08;2;12;000;2025;06;21;3;3;5;3;1;0;1;1;0;0;0;0;459660,893000000156462;5427945,609999999403954;8,448450990000026;49,003088069000057;1
08250706212702200340;08;2;15;017;2025;07;15;1;3;5;2;0;0;1;1;0;0;0;0;457585,559500000439584;5420654,891899999231100;8,420836947000055;48,937367459000029;1
08250614317100162910;08;3;17;126;2025;06;08;7;3;1;5;0;0;1;1;0;0;0;0;438551,522400000132620;5380595,238700000569224;8,166934314000059;48,575431502000072;1
08250702135200198810;08;1;35;019;2025;07;19;4;3;0;1;0;0;1;0;0;0;0;0;585487,626899999566376;5395748,843499999493361;10,162035069000069;48,708909390000031;1
08250618128100118620;08;1;28;082;2025;06;12;4;3;6;4;0;0;0;1;1;0;0;0;566689,438000000081956;5472537,938799999654293;9,919197775000043;49,401873725000030;1
08250706417300226190;08;4;17;008;2025;07;16;1;3;4;6;0;0;1;0;0;0;0;0;495688,668700000271201;5351772,486400000751019;8,941844299000024;48,319126978000043;1
08250628311010150240;08;3;11;000;2025;06;13;7;3;0;1;0;0;1;0;0;0;0;0;405115,412999999709427;5319704,870999999344349;7,727420985000037;48,023583594000058;1