UIDENTSTLAE;ULAND;UREGBEZ;UKREIS;UGEMEINDE;UJAHR;UMONAT;USTUNDE;UWOCHENTAG;UKATEGORIE;UART;UTYP1;ULICHTVERH;IstStrassenzustand;IstRad;IstPKW;IstFuss;IstKrad;IstGkfz;IstSonstige;LINREFX;LINREFY;XGCSWGS84;YGCSWGS84;PLST
08250613337400105500;08;3;37;097;2025;06;16;6;2;2;6;0;0;1;0;0;1;0;0;435902,972299999557436;5289769,156700000166893;8,144726219000063;47,758103290000065;1
08250629435100176970;08;4;35;016;2025;06;19;1;3;5;3;0;0;1;1;0;0;0;0;530117,349600000306964;5279727,163100000470877;9,401192417000061;47,670234448000031;1
08250624117200169340;08;1;17;024;2025;06;19;3;3;4;2;0;0;1;1;0;0;0;0;562129,212399999611080;5384308,465600000694394;9,842848864000075;48,608765893000054;1
08250701212000207260;08;2;12;000;2025;07;15;3;3;0;1;0;0;1;0;0;0;0;0;459007,367200000211596;5428147,521400000900030;8,439495516000022;49,004861241000071;1
08250624136000168280;08;1;36;028;2025;06;18;3;3;0;7;0;0;1;0;0;0;0;0;566653,777400000020862;5405096,318299999460578;9,907577571000047;48,795286219000047;1
08250624116200168460;08;1;16;077;2025;06;18;3;3;3;6;0;0;1;1;0;0;0;0;514792,739400000311434;5389045,373500000685453;9,200859005000041;48,654289176000077;1
08250706225200198940;08;2;25;082;2025;07;14;1;3;2;6;0;0;1;0;0;1;0;0;536489,287499999627471;5479188,422000000253320;9,503577183000061;49,464251941000043;1
08250621325202127100;08;3;25;011;2025;06;18;7;3;0;7;0;0;1;0;0;0;0;0;474623,862099999561906;5341079,456399999558926;8,658345335000035;48,222431426000071;1
08250620226600181030;08;2;26;096;2025;06;11;6;3;4;6;0;0;1;0;0;0;0;0;477599,384100000374019;5489866,289899999275804;8,690246313000046;49,560979048000036;1
08250708317500203870;08;3;17;096;2025;07;15;3;3;0;7;0;0;1;0;0;0;0;0;421941,785000000149012;5369854,136199999600649;7,943800586000066;48,476968016000058;1
08250708111500216750;08;1;11;000;2025;07;11;3;2;0;4;0;0;0;0;1;0;0;1;516697,758799999952316;5398559,214199999347329;9,227110236000044;48,739827880000064;1
08250630436000157620;08;4;36;008;2025;06;10;2;2;8;7;0;0;1;0;0;0;0;0;547841,978199999779463;5310271,715500000864267;9,640660028000070;47,943973243000073;1
08250615226300142600;08;2;26;097;2025;06;16;1;3;5;5;0;1;1;1;0;0;0;0;485260,059899999760091;5467604,998900000005960;8,797005379000041;49,360977384000080;1
08250624121400176640;08;1;25;038;2025;06;15;3;2;0;1;0;0;1;0;0;0;0;0;502075,531399999745190;5435155,769400000572205;9,028415958000039;49,069262226000035;1
08250626111500171920;08;1;11;000;2025;06;17;5;2;6;4;0;0;0;0;1;0;1;0;511728,919700000435114;5402011,015200000256300;9,159626540000033;48,770993535000059;1
08250627335100170380;08;3;35;043;2025;06;22;6;3;0;1;2;0;1;0;0;0;0;0;512189,536799999885261;5280015,923599999397993;9,162386275000074;47,673419115000058;1
08250702337400215670;08;3;37;126;2025;07;17;4;3;4;6;0;0;1;0;0;0;0;0;442273,556200000457466;5273237,550100000575185;8,231909845000075;47,609972475000063;1
08250630121600180160;08;1;25;021;2025;06;17;2;2;6;4;0;0;0;1;1;0;0;0;523144,148799999617040;5447142,920299999415874;9,317550163000021;49,176658646000078;1
08250702311010192690;08;3;11;000;2025;07;07;4;3;5;3;0;0;1;0;0;1;0;0;411740,718600000254810;5319131,101600000634789;7,816376459000026;48,019372240000052;1
08250619311010151360;08;3;11;000;2025;06;12;5;3;4;2;0;0;1;1;0;0;0;0;414039,353099999949336;5315688,455199999734759;7,847886239000047;47,988717840000049;1
08250630215402181330;08;2;15;009;2025;06;00;2;2;0;1;2;0;1;0;0;0;0;0;468723,536100000143051;5436322,570100000128150;8,571712103000038;49,078967115000069;1
08250622119100162240;08;1;19;003;2025;06;09;1;3;3;6;0;0;1;1;0;0;0;0;535354,506699999794364;5416214,258600000292063;9,482379817000037;48,897865824000064;1
08250626118100159540;08;1;18;040;2025;06;19;5;3;5;2;0;0;1;1;0;0;0;0;510431,493200000375509;5432252,271400000900030;9,142741828000055;49,043058950000045;1
08250624118500167120;08;1;18;006;2025;06;08;3;3;5;3;0;0;1;1;0;0;0;0;517841,247800000011921;5421864,032999999821186;9,243677971000068;48,949441179000075;1
08250621425000161770;08;4;25;020;2025;06;16;7;2;2;2;0;0;1;0;0;1;0;0;562347,762299999594688;5365254,222999999299645;9,842964177000056;48,437343877000046;1
08250612311010125680;08;3;11;000;2025;06;08;5;3;3;2;0;0;1;1;0;0;0;0;414047,258999999612570;5315689,710000000894070;7,847991927000066;47,988730190000069;1
08250612426010102390;08;4;21;000;2025;06;16;5;2;5;3;0;0;1;1;0;0;0;0;571490,665699999779463;5361252,918099999427795;9,965880254000069;48,400379329000032;1
08250701235100191420;08;2;35;047;2025;07;17;3;3;0;7;0;0;1;0;0;0;0;0;476413,933899999596179;5389144,717199999839067;8,679739232000031;48,654912804000048;1
08250617111240117620;08;1;11;000;2025;06;16;3;3;0;7;0;0;1;0;0;0;0;0;514569,833100000396371;5401542,695299999788404;9,198273582000070;48,766720530000043;1
08250704436200208400;08;4;36;082;2025;07;17;6;2;8;1;0;0;1;0;0;0;0;0;549341,388600000180304;5295233,255300000309944;9,659019567000030;47,808561699000052;1
08250616118200175670;08;1;18;019;2025;06;16;2;3;5;3;0;0;1;1;0;0;0;0;503964,346199999563396;5405425,303999999538064;9,053986414000065;48,801806210000052;1
08250701111370207110;08;1;11;000;2025;07;09;3;3;5;2;0;0;1;1;0;0;0;0;513009,769899999722838;5407070,480799999088049;9,177218618000040;48,816482505000067;1
08250709121500240780;08;1;25;005;2025;07;16;4;3;3;6;0;0;1;1;0;0;0;0;516667,576999999582767;5450856,073999999091029;9,228843025000060;49,210269512000082;1
08250706311010239070;08;3;15;089;2025;07;08;1;2;0;1;0;0;1;0;0;0;0;0;407555,668899999931455;5311829,125900000333786;7,761837203000027;47,953098323000063;1
08250621435100140510;08;4;35;029;2025;06;17;7;3;0;1;0;0;1;0;0;0;0;0;542493,639200000092387;5271467,944399999454618;9,565247639000063;47,595228678000069;1
08250623135200165860;08;1;35;019;2025;06;14;2;3;5;3;0;0;1;0;0;0;0;1;585205,803000000305474;5392596,347599999979138;10,157554749000042;48,680593603000034;1
08250627116010175440;08;1;16;019;2025;06;09;6;2;4;2;0;0;1;1;0;0;0;0;524782,140800000168383;5400760,144999999552965;9,337198652000041;48,759357968000074;1
08250620435100141540;08;4;35;035;2025;06;18;6;3;5;3;0;0;1;1;0;0;0;0;541791,875000000000000;5281553,635999999940395;9,556876782000074;47,686018576000038;1
08250617222600128050;08;2;22;000;2025;06;13;3;3;5;2;0;0;1;1;0;0;0;0;462978,438500000163913;5482570,046900000423193;8,488760833000072;49,494635779000077;1
08250702311010206510;08;3;11;000;2025;07;22;4;3;0;3;2;1;1;1;0;0;0;0;413155,637699999846518;5315404,638599999248981;7,836101901000063;47,986045416000081;1
08250611436000099870;08;4;37;005;2025;06;11;4;3;0;1;0;0;1;0;0;0;0;0;497763,535000000149012;5321898,338999999687076;8,969989548000058;48,050363144000073;1
08250706216300197430;08;2;16;015;2025;07;11;1;3;0;1;0;0;1;0;0;0;0;0;448727,259999999776483;5403263,631899999454618;8,302065182000035;48,780259413000067;1
08250704127202205120;08;1;27;103;2025;07;07;6;3;4;6;0;0;1;0;0;0;0;0;576036,726999999955297;5435597,284600000828505;10,041006602000039;49,068542727000079;1
08250704221200263410;08;2;21;000;2025;07;17;6;3;3;6;0;0;1;1;0;0;0;0;477338,914099999703467;5471857,317099999636412;8,687676521000071;49,398983486000077;1
08250627436000154080;08;4;35;057;2025;06;10;6;3;0;1;0;0;1;0;0;0;0;0;544322,777599999681115;5279794,530600000172853;9,590420678000044;47,670022905000053;1
08250624436100152530;08;4;36;055;2025;06;07;3;3;4;6;0;0;1;1;0;0;0;0;574321,281299999915063;5302738,608400000259280;9,993904941000039;47,873680482000054;1
08250620436000145450;08;4;35;052;2025;06;16;6;3;0;1;0;0;1;0;0;0;0;0;521914,783699999563396;5291301,708300000056624;9,292510403000051;47,774706523000077;1
08250703119100194930;08;1;19;008;2025;07;17;5;3;5;3;0;0;1;1;0;0;0;0;530932,184000000357628;5421418,608999999240041;9,422437763000062;48,944918129000030;1
08250617121400127260;08;1;25;061;2025;06;19;3;3;0;7;0;0;1;0;0;0;0;0;503180,732300000265241;5448707,426000000908971;9,043654080000067;49,191160216000071;1
08250706119300198000;08;1;19;086;2025;07;05;1;2;0;7;1;0;1;0;0;0;0;0;534928,428000000305474;5404583,701300000771880;9,475574842000071;48,793266760000051;1
08250628212702182770;08;2;15;096;2025;06;18;7;3;0;7;0;0;1;0;0;0;0;0;463926,216000000014901;5418317,096100000664592;8,507620860000031;48,916740283000081;1
08250618317000118770;08;3;17;034;2025;06;16;4;2;5;3;0;0;1;1;0;0;0;0;427629,666400000452995;5359903,401200000196695;8,022469298000033;48,388139704000025;1
08250624436200151780;08;4;36;064;2025;06;19;3;3;4;6;0;0;1;0;0;0;0;0;541108,259899999946356;5289548,861999999731779;9,548522666000054;47,757997170000067;1
08250629436300152750;08;4;36;081;2025;06;21;1;2;9;7;1;0;1;0;0;0;0;0;558233,265999999828637;5283068,597999999299645;9,776142745000072;47,698376148000079;1
08250703231202263180;08;2;36;072;2025;07;16;5;3;4;6;0;0;1;0;0;0;0;0;465714,168100000359118;5411448,599500000476837;8,532600323000054;48,855056356000034;1
08250624222014155220;08;2;22;000;2025;06;07;3;3;4;6;0;0;1;0;0;0;0;0;463440,206000000238419;5483376,086799999698997;8,495062635000068;49,501913698000067;1
08250704215402196690;08;2;15;009;2025;07;07;6;3;5;3;0;0;1;0;0;0;0;1;470605,014000000432134;5441093,658399999141693;8,597128422000026;49,121976902000029;1
08250619136000133870;08;1;36;028;2025;06;19;5;3;0;7;1;0;1;0;0;0;0;0;572885,592899999581277;5406471,238700000569224;9,992663117000063;48,806953744000054;1
08250614119300109910;08;1;19;067;2025;06;14;7;3;1;5;0;0;1;1;0;0;0;0;536971,481300000101328;5402309,757899999618530;9,503186810000045;48,772693126000036;1
08250617115100150180;08;1;15;003;2025;06;14;3;3;5;3;0;0;1;1;0;0;0;0;501955,871600000187755;5393346,997899999842048;9,026577676000045;48,693159194000032;1
08250614118300108190;08;1;18;081;2025;06;15;7;3;0;7;0;0;1;0;0;0;0;0;520376,198599999770522;5412555,650100000202656;9,277835623000044;48,865627840000059;1
08250614435200137830;08;4;35;034;2025;06;17;7;3;4;6;0;0;1;0;0;0;0;1;524498,313400000333786;5282629,847400000318885;9,326505713000074;47,696588767000037;1
08250624136100152410;08;1;36;045;2025;06;10;3;2;1;5;0;0;1;0;0;0;0;1;599697,497200000099838;5402393,963199999183416;10,356745318000037;48,766562653000051;1
08250614226700171550;08;2;26;046;2025;06;09;7;3;3;2;0;0;1;0;0;0;1;0;475050,402400000020862;5454559,552799999713898;8,657217633000073;49,243301426000073;1
08250628111250150880;08;1;11;000;2025;06;19;7;3;1;1;0;0;1;1;0;0;0;0;514974,195000000298023;5402833,597599999979138;9,203823307000050;48,778323781000040;1
08250619421200120870;08;4;21;000;2025;06;15;5;3;5;3;0;0;1;0;0;0;0;0;574456,568199999630451;5361982,494999999180436;10,006074444000035;48,406598662000079;1
08250612221200117100;08;2;21;000;2025;06;11;5;3;8;7;0;0;1;0;0;0;0;0;477683,547600000165403;5473122,859999999403954;8,692355202000044;49,410379591000037;1
08250620436000138740;08;4;35;030;2025;06;15;6;3;8;1;0;0;1;0;0;0;0;0;541379,455699999816716;5271697,047000000253320;9,550449176000029;47,597362079000050;1
08250630222014157980;08;2;22;000;2025;06;08;2;1;4;6;0;0;1;0;0;0;0;0;463923,337899999693036;5483701,495799999684095;8,501705313000059;49,504869515000053;1
08250629317100177810;08;3;17;001;2025;06;11;1;3;8;1;0;0;1;0;0;0;0;0;432837,965300000272691;5386316,358100000768900;8,088559112000041;48,626307159000078;1
08250709435100206010;08;4;35;016;2025;07;11;4;3;5;2;0;0;1;1;0;0;0;0;529724,520100000314415;5279949,556800000369549;9,395974812000077;47,672253610000041;1
08250701327200222560;08;3;27;046;2025;07;07;3;3;5;3;0;0;1;1;0;0;0;0;481001,260700000450015;5324130,583799999207258;8,744963741000049;48,070167748000074;1
08250621121600129240;08;1;25;001;2025;06;17;7;3;5;3;0;0;1;1;0;0;0;0;521169,688599999994040;5435061,795800000429153;9,289825910000047;49,068056507000051;1
08250622136300174320;08;1;36;042;2025;06;15;1;2;0;7;0;0;1;0;0;0;0;0;545984,314799999818206;5403815,262399999424815;9,626014173000044;48,785634980000054;1
08250626127100173240;08;1;27;089;2025;06;15;5;2;0;7;0;0;1;0;0;0;0;0;566834,408999999985099;5440331,645999999716878;9,915820112000063;49,112192597000046;1
08250704212402312660;08;2;12;000;2025;07;12;6;2;2;6;0;0;1;1;0;0;0;0;455729,805999999865890;5428178,318800000473857;8,394679609000036;49,004911873000026;1
08250707221200202680;08;2;21;000;2025;07;15;2;3;3;2;0;1;1;1;0;0;0;0;477577,848699999973178;5472063,653699999675155;8,690957910000066;49,400848303000032;1
08250701115300198530;08;1;15;028;2025;07;08;3;3;5;2;0;0;1;1;0;0;0;0;499701,314500000327826;5401198,156500000506639;8,995935576000022;48,763791543000082;1
08250614426300148770;08;4;26;124;2025;06;20;7;3;9;1;0;1;1;0;0;0;0;0;545525,261599999852479;5333797,050699999555945;9,612141514000029;48,155790054000079;1
08250709317000242160;08;3;17;065;2025;07;13;4;3;6;4;0;0;0;1;1;0;0;0;414203,100999999791384;5354610,554999999701977;7,842227240000057;48,338848122000059;1
08250610325102120810;08;3;25;014;2025;06;07;3;3;5;2;0;0;1;1;0;0;0;0;462122,229600000195205;5343967,679099999368191;8,489775613000063;48,247791861000053;1
08250612421200169620;08;4;25;097;2025;06;18;5;3;2;6;0;0;1;0;0;0;0;0;586005,605200000107288;5375231,842299999669194;10,164820721000069;48,524301085000047;1
08250623111330136870;08;1;11;000;2025;06;16;2;3;5;2;0;0;1;1;0;0;0;0;511467,234899999573827;5410561,014799999073148;9,156303994000041;48,847913199000061;1
08250616215102114810;08;2;15;109;2025;06;13;2;3;0;7;0;0;1;0;0;0;0;0;464312,066999999806285;5437941,750000000000000;8,511162346000049;49,093291943000054;1
08250619435100127810;08;4;35;016;2025;06;05;5;3;0;7;0;0;1;0;0;0;0;0;533210,861800000071526;5280762,486800000071526;9,442478547000064;47,679398216000038;1
08250612231000105970;08;2;37;045;2025;06;08;5;2;5;3;0;0;0;0;1;0;1;1;459878,792299999855459;5361139,204099999740720;8,457922694000047;48,402133551000077;1
08250613311010132740;08;3;11;000;2025;06;10;6;3;4;2;0;0;1;0;0;0;0;1;414614,632100000046194;5317754,817099999636412;7,855183801000067;48,007382644000074;1
08250620215202126710;08;2;15;100;2025;06;22;6;3;8;7;2;0;1;0;0;0;0;0;474637,120299999602139;5451888,737500000745058;8,651708594000070;49,219260221000070;1
08250610317000115560;08;3;17;100;2025;06;19;3;3;4;6;0;0;1;0;0;0;0;0;423541,220200000330806;5366470,484400000423193;7,966057093000074;48,446728638000081;1
08250623335300150600;08;3;35;075;2025;06;12;2;3;0;7;0;0;1;0;0;0;0;0;486652,738800000399351;5289269,506999999284744;8,821907380000027;47,756656226000075;1
08250704335300215030;08;3;35;075;2025;07;11;6;3;0;1;0;0;1;0;0;0;0;0;487633,906399999745190;5289590,330099999904633;8,834989923000023;47,759562409000068;1
08250620215502154530;08;2;15;111;2025;06;18;6;3;5;3;0;0;1;0;0;0;0;1;457621,865399999544024;5445351,360300000756979;8,418748906000076;49,159516638000071;1
08250624337400138700;08;3;37;126;2025;06;18;3;3;4;6;0;0;1;1;0;0;0;0;443502,893899999558926;5276597,347400000318885;8,247832024000047;47,640308928000081;1
08250704117300229270;08;1;17;026;2025;07;19;6;3;5;3;0;0;1;1;0;0;0;0;546223,527200000360608;5392830,343800000846386;9,628038385000025;48,686802543000056;1
08250630421200177150;08;4;21;000;2025;06;06;2;3;6;2;0;0;0;0;1;0;0;1;573563,732800000347197;5361890,945399999618530;9,993996096000046;48,405880001000071;1
08250706415100198320;08;4;15;050;2025;07;12;1;3;0;1;0;0;1;0;0;0;0;0;521444,343999999575317;5376355,661499999463558;9,290519584000037;48,539937952000059;1
08250704416200395330;08;4;16;041;2025;07;08;6;3;5;2;0;0;1;1;0;0;0;0;504158,170400000177324;5371856,180800000205636;9,056288763000055;48,499811743000066;1
08250610221200111010;08;2;21;000;2025;06;16;3;3;0;7;0;0;1;0;0;0;0;0;479275,392799999564886;5473509,775699999183416;8,714279182000041;49,413916144000041;1
08250614119500121990;08;1;19;068;2025;06;12;7;3;0;7;0;0;1;0;0;0;0;0;526386,788999999873340;5413166,629000000655651;9,359829748000038;48,870897389000049;1
08250618335300150780;08;3;35;075;2025;06;16;4;3;0;6;0;0;1;0;0;0;0;1;487128,837500000372529;5289798,388100000098348;8,828244278000057;47,761424529000067;1
08250702118500192230;08;1;18;078;2025;07;07;4;3;5;3;0;0;1;1;0;0;0;0;514795,843000000342727;5419566,757200000807643;9,202000345000044;48,928856043000053;1
08250630335100175300;08;3;35;043;2025;06;16;2;3;3;6;0;0;1;0;0;0;0;0;513424,930900000035763;5279354,551000000908971;9,178823509000040;47,667443836000075;1
08250705336400228650;08;3;36;104;2025;07;20;7;3;0;1;1;0;1;0;0;0;0;0;406074,217500000260770;5291463,038699999451637;7,746425181000063;47,769684851000079;1
08250709221011228690;08;2;21;000;2025;07;15;4;3;1;5;0;0;1;1;0;0;0;0;478005,147499999962747;5472860,362800000235438;8,696803112000055;49,408030178000047;1
08250621317600142780;08;3;17;145;2025;06;13;7;3;0;1;0;0;1;0;0;0;0;0;445269,084999999962747;5345839,159099999815226;8,262533370000028;48,263396412000077;1
08250625118100143320;08;1;18;076;2025;06;16;4;3;5;3;0;0;1;1;0;0;0;0;501139,287999999709427;5426997,572899999096990;9,015574988000026;48,995877081000060;1
08250627226700146530;08;2;26;065;2025;06;09;6;3;5;3;0;0;1;1;0;0;0;0;478587,843000000342727;5458224,289999999105930;8,705621775000054;49,276400049000074;1
08250624126200177440;08;1;26;058;2025;06;22;3;1;5;3;2;0;1;1;0;0;0;0;546371,723899999633431;5450927,592599999159575;9,636666256000069;49,209384884000031;1
08250619127100124490;08;1;27;025;2025;06;15;5;2;0;7;0;0;1;0;0;0;0;0;557591,612599999643862;5429259,745400000363588;9,787605852000070;49,013539760000072;1
08250628317010153600;08;3;17;096;2025;06;14;7;3;9;1;0;0;1;0;0;0;0;0;422221,859799999743700;5368799,051200000569224;7,947785852000038;48,467512316000068;1
08250619326100152170;08;3;26;027;2025;06;09;5;3;0;7;0;1;1;0;0;0;0;1;461808,878999999724329;5307815,285000000149012;8,488788113000055;47,922521083000049;1
08250702311010201720;08;3;11;000;2025;07;16;4;3;3;6;0;0;1;1;0;0;0;0;414518,443400000222027;5317040,169999999925494;7,854036822000069;48,000941265000051;1
08250622317500130410;08;3;17;096;2025;06;18;1;3;0;1;0;0;1;0;0;0;0;0;422046,897800000384450;5369468,173100000247359;7,945294576000038;48,473509353000054;1
08250619425000148600;08;4;25;039;2025;06;23;5;3;8;1;2;0;1;0;0;0;0;0;560951,539599999785423;5354591,802600000053644;9,822541489000059;48,341565257000070;1
08250627127100173620;08;1;27;076;2025;06;13;6;3;2;7;0;0;1;0;0;0;0;1;551373,169700000435114;5439508,426999999210238;9,703872008000076;49,106274156000040;1
08250706116010223830;08;1;16;056;2025;07;02;1;3;6;7;2;0;1;0;1;0;0;0;530922,788999999873340;5395037,502000000327826;9,420320027000059;48,707603514000027;1
08250702311010192330;08;3;15;041;2025;07;08;4;3;4;2;0;0;1;1;0;0;0;0;421168,684000000357628;5322327,065999999642372;7,942200614000058;48,049354850000043;1
08250623212402164750;08;2;12;000;2025;06;07;2;3;0;1;0;1;1;0;0;0;0;0;453220,419900000095367;5427197,128000000491738;8,360483169000076;48,995900910000046;1
08250705121400224880;08;1;25;108;2025;07;13;7;2;4;1;0;0;1;1;0;0;0;0;490922,854899999685585;5431852,500600000843406;8,875799624000024;49,039484233000053;1
08250625311010140270;08;3;11;000;2025;06;21;4;3;5;3;1;0;1;1;0;0;0;0;411642,466000000014901;5319280,078999999910593;7,815028396000059;48,020698744000072;1
08250616117200146820;08;1;17;006;2025;06;17;2;3;5;3;0;0;1;1;0;0;0;0;550019,601099999621511;5384759,128200000151992;9,678636899000026;48,613904961000060;1
08250626118010154070;08;1;18;048;2025;06;13;5;2;5;3;0;0;1;1;0;0;0;0;514424,377500000409782;5416630,656999999657273;9,196825150000052;48,902452550000078;1
08250619335100120950;08;3;35;043;2025;06;15;5;3;0;1;0;0;1;0;0;0;0;0;514570,476999999955297;5280053,714700000360608;9,194105714000045;47,673709874000053;1
08250610127202126400;08;1;27;014;2025;06;18;3;3;6;4;0;0;0;1;1;0;0;0;577544,318300000391901;5443420,729199999943376;10,063145319000057;49,138718065000035;1
08250617435100116790;08;4;35;045;2025;06;22;3;3;5;3;2;0;1;0;0;1;0;0;534554,823800000362098;5286577,682199999690056;9,460844934000022;47,731649177000065;1
08250705311010206320;08;3;15;056;2025;07;10;7;3;0;7;0;0;1;0;0;0;0;0;415874,474200000055134;5309541,915999999269843;7,873679692000053;47,933670648000032;1
08250703435100194300;08;4;35;016;2025;07;08;5;3;0;1;0;0;1;0;0;0;0;0;536806,676400000229478;5281735,369500000029802;9,490467016000025;47,687956845000031;1
08250701115200192320;08;1;15;021;2025;07;17;3;3;5;3;0;0;1;1;0;0;0;0;489625,492300000041723;5382971,160499999299645;8,859284474000049;48,599733482000033;1
08250618135200128840;08;1;35;019;2025;06;05;4;3;5;3;0;0;1;1;0;0;0;0;585193,796799999661744;5392252,327299999073148;10,157320781000067;48,677501026000073;1
08250621435100142250;08;4;35;016;2025;06;12;7;3;0;7;0;0;1;0;0;0;0;0;536535,093600000254810;5279184,967100000008941;9,486634764000030;47,665025338000078;1
08250611115200124530;08;1;15;021;2025;06;20;4;3;0;7;0;0;1;0;0;0;0;0;489959,819199999794364;5382518,662399999797344;8,863830073000031;48,595668161000049;1
08250625435200170720;08;4;35;015;2025;06;16;4;2;6;4;0;0;0;1;1;0;0;0;521980,196100000292063;5294880,767599999904633;9,293564790000062;47,806906517000073;1
08250629435100153460;08;4;35;013;2025;06;17;1;3;4;2;0;0;1;1;0;0;0;0;540556,824199999682605;5275630,854399999603629;9,539870842000028;47,632808081000064;1
08250617135200142800;08;1;35;019;2025;06;08;3;3;5;3;0;0;1;1;0;0;0;0;584446,549700000323355;5392384,199799999594688;10,147198821000075;48,678788650000058;1
08250619212702155950;08;2;15;017;2025;06;14;5;3;5;3;0;0;1;0;0;0;0;0;457256,061999999918044;5420603,266599999740720;8,416343364000056;48,936880398000028;1
08250612436000142080;08;4;35;005;2025;06;23;5;3;7;7;2;0;1;0;0;0;0;0;528171,763399999588728;5287002,817500000819564;9,375746033000041;47,735784560000070;1
08250611222200113080;08;2;22;000;2025;06;06;4;3;2;6;0;0;1;1;0;0;0;0;460850,071100000292063;5482354,088600000366569;8,459392458000025;49,492559740000047;1
08250708317000257590;08;3;17;031;2025;07;10;3;3;6;2;0;0;0;1;1;0;0;0;416716,810600000433624;5358751,736800000071526;7,875321515000053;48,376433981000048;1
08250628221300176070;08;2;21;000;2025;06;12;7;3;2;6;0;0;1;1;0;0;0;0;482067,780100000090897;5476699,842599999159575;8,752631931000053;49,442699070000060;1
08250702136100226880;08;1;36;088;2025;07;19;4;3;4;6;0;0;1;0;0;0;0;0;577571,054600000381470;5414043,843599999323487;10,057899202000044;48,874497134000080;1
08250629335100153240;08;3;35;043;2025;06;18;1;3;3;6;0;0;1;1;0;0;0;0;513239,701200000010431;5279529,261399999260902;9,176361510000049;47,669019641000034;1
08250629117200178830;08;1;17;024;2025;06;16;1;3;2;2;0;0;1;1;0;0;0;0;560987,102300000376999;5386186,200600000098348;9,827632701000027;48,625768986000026;1
08250618216100150890;08;2;16;023;2025;06;12;4;3;5;3;0;0;1;1;0;0;0;0;437867,093100000172853;5407553,749900000169873;8,153600726000036;48,817858891000071;1
08250709222401217510;08;2;26;028;2025;07;07;4;3;3;6;0;0;1;0;0;0;0;0;473889,556699999608099;5483093,315500000491738;8,639396569000041;49,499910129000057;1
08250701212010219590;08;2;12;000;2025;07;14;3;3;5;3;0;0;1;1;0;0;0;0;451940,906000000424683;5430922,097999999299645;8,342551238000055;49,029308755000045;1
08250610335400131910;08;3;35;098;2025;06;17;3;2;0;1;0;0;1;0;0;0;0;0;501937,331500000320375;5294733,903400000184774;9,025874279000050;47,805957560000081;1
08250614225100133900;08;2;25;113;2025;06;11;7;2;8;1;0;0;1;0;0;0;0;0;503000,257600000128150;5473406,590199999511242;9,041362684000035;49,413333588000057;1
08250618212010135520;08;2;15;046;2025;06;11;4;2;5;3;0;0;1;1;0;0;0;0;449031,580500000156462;5417255,053300000727177;8,304466661000049;48,906140061000031;1
08250610119200122310;08;1;19;093;2025;06;07;3;2;9;7;0;0;1;0;0;0;0;0;524522,982099999673665;5405556,823100000619888;9,333958612000060;48,802518222000060;1
08250623212302159580;08;2;12;000;2025;06;17;2;3;5;2;0;0;1;1;0;0;0;0;455242,527099999599159;5429263,553600000217557;8,387897630000055;49,014638510000054;1
08250614116010171620;08;1;16;049;2025;06;17;7;2;6;4;0;0;0;1;1;0;0;0;525780,818599999882281;5384093,721100000664592;9,349747224000055;48,609387205000075;1
08250624311010165250;08;3;11;000;2025;06;07;3;3;5;3;0;0;1;0;0;1;0;0;414532,933000000193715;5315888,312999999150634;7,854460431000064;47,990581796000072;1
08250708119500220200;08;1;19;089;2025;07;19;3;3;5;3;0;0;1;1;0;0;0;0;534488,252199999988079;5412159,110999999567866;9,470218926000030;48,861436568000045;1
08250708436400204080;08;4;36;082;2025;07;17;3;3;5;2;0;0;1;1;0;0;0;0;547369,044599999673665;5295360,789000000804663;9,632691932000057;47,809857318000070;1
08250703116300202160;08;1;16;077;2025;07;18;5;2;5;3;0;0;1;1;0;0;0;0;514168,311999999918044;5391712,942999999970198;9,192471809000040;48,678301341000065;1
08250619111110147200;08;1;11;000;2025;06;19;5;3;0;3;0;0;1;1;0;0;0;0;506642,831199999898672;5403193,656199999153614;9,090425865000043;48,781707605000065;1
08250628221011149040;08;2;21;000;2025;06;12;7;3;5;3;0;0;1;0;0;0;0;0;477155,401200000196695;5471674,706299999728799;8,685157819000040;49,397334068000077;1
08250617119400128120;08;1;19;079;2025;06;17;3;3;3;6;0;0;1;1;0;0;0;0;525119,391599999740720;5407776,873199999332428;9,342216373000042;48,822465421000061;1
08250704116400218540;08;1;16;070;2025;07;11;6;3;5;3;0;0;1;1;0;0;0;0;540807,512000000104308;5381877,176999999210238;9,553376116000038;48,588648085000045;1
08250620119400168230;08;1;19;079;2025;06;20;6;3;4;6;0;0;1;0;0;0;0;0;522385,473199999891222;5409219,790999999269843;9,305049948000033;48,835550106000028;1
08250704118300217710;08;1;18;081;2025;07;23;6;3;0;7;2;1;1;0;0;0;0;0;519806,591099999845028;5415383,434000000357628;9,270205924000038;48,891084208000052;1
08250709216200242250;08;2;16;007;2025;07;11;4;3;0;1;0;0;1;0;0;0;0;0;435840,748200000263751;5394613,695699999108911;8,128017520000071;48,701257808000037;1
08250624435200169950;08;4;35;036;2025;06;13;3;2;0;7;0;0;1;0;0;0;0;0;519868,858400000259280;5282469,837899999693036;9,264799282000070;47,695308040000043;1