UIDENTSTLAE;ULAND;UREGBEZ;UKREIS;UGEMEINDE;UJAHR;UMONAT;USTUNDE;UWOCHENTAG;UKATEGORIE;UART;UTYP1;ULICHTVERH;IstStrassenzustand;IstRad;IstPKW;IstFuss;IstKrad;IstGkfz;IstSonstige;LINREFX;LINREFY;XGCSWGS84;YGCSWGS84;PLST
08250612435100127870;08;4;35;016;2025;06;19;5;3;0;1;0;0;1;0;0;0;0;0;533460,464700000360608;5279994,278999999165535;9,445745109000029;47,672473452000077;1
08250703436200309100;08;4;36;064;2025;07;07;5;3;3;2;0;0;1;0;0;0;0;1;546239,270200000144541;5292269,512700000777841;9,617273341000043;47,782127325000033;1
08250701311010190420;08;3;11;000;2025;07;07;3;3;5;2;0;0;1;1;0;0;0;0;412869,422000000253320;5314786,446299999952316;7,832392258000027;47,980445637000059;1
08250620335200151530;08;3;35;055;2025;06;20;6;3;0;1;0;0;1;0;0;0;0;0;495072,201799999922514;5286154,037000000476837;8,934283494000056;47,728743852000036;1
08250703115200199240;08;1;15;021;2025;07;02;5;3;0;1;2;1;1;0;0;0;0;0;495051,972199999727309;5379993,988800000399351;8,932922373000054;48,573016488000064;1
08250616311100139320;08;3;15;015;2025;06;21;2;3;0;7;2;0;1;0;0;0;0;0;400197,222199999727309;5314859,916300000622869;7,662604137000073;47,979255030000047;1
08250703436400206660;08;4;36;013;2025;07;13;5;3;5;3;0;1;1;1;0;0;0;0;545373,105999999679625;5294777,196000000461936;9,605973368000036;47,804750571000056;1
08250610436100097220;08;4;36;055;2025;06;16;3;3;0;1;0;0;1;0;0;0;0;0;576166,652300000190735;5297187,795099999755621;10,017601906000039;47,823529091000069;1
08250622325202127890;08;3;25;049;2025;06;15;1;3;0;1;0;0;1;0;0;0;0;0;472591,207100000232458;5335487,946200000122190;8,631340090000037;48,172041762000049;1
08250619311100150620;08;3;15;133;2025;06;21;5;2;5;3;1;0;1;1;0;0;0;0;396941,962000000290573;5326839,838999999687076;7,616112633000057;48,086492495000073;1
08250612116400123420;08;1;16;070;2025;06;11;5;3;5;3;0;0;1;1;0;0;0;0;539574,131000000052154;5384829,324999999254942;9,536932869000054;48,615284309000060;1
08250609435100120760;08;4;35;016;2025;06;14;2;2;5;3;0;0;1;0;0;1;0;0;537180,977800000458956;5278724,316899999976158;9,495198190000053;47,660843883000041;1
08250624211100167140;08;2;16;049;2025;06;20;3;3;0;1;0;0;1;0;0;0;0;0;434192,477099999785423;5400781,933599999174476;8,104634253000029;48,756569049000063;1
08250611115400129280;08;1;15;045;2025;06;17;4;3;5;2;0;0;1;1;0;0;0;0;500288,496100000105798;5395995,252900000661612;9,003922127000067;48,716986104000057;1
08250701326200231660;08;3;26;074;2025;07;15;3;3;4;6;0;0;1;0;0;0;0;1;465250,015999999828637;5320492,892000000923872;8,533822485000030;48,036776320000058;1
08250614425000107820;08;4;25;098;2025;06;17;7;3;0;7;0;1;0;1;1;0;0;0;540624,112399999983609;5343157,608400000259280;9,547138974000063;48,240334050000058;1
08250617437100177250;08;4;37;088;2025;06;13;3;3;6;4;0;0;0;1;1;0;0;0;519016,536999999545515;5307792,696000000461936;9,254551111000069;47,923173552000037;1
08250611437200101200;08;4;37;065;2025;06;17;4;3;0;1;0;0;1;0;0;0;0;0;518482,070600000210106;5318394,598999999463558;9,247852941000076;48,018576088000032;1
08250630221200182830;08;2;21;000;2025;06;10;2;3;8;7;0;0;1;0;0;0;0;0;478617,179100000299513;5473435,804700000211596;8,705208796000022;49,413228008000033;1
08250609435100094480;08;4;35;016;2025;06;14;2;2;4;6;0;0;1;0;0;0;0;0;529896,402700000442564;5279833,418299999088049;9,398256536000076;47,671200731000056;1
08250627415300182600;08;4;15;092;2025;06;07;6;3;5;3;0;0;1;1;0;0;0;0;520602,836099999956787;5360967,529100000858307;9,278361093000058;48,401529278000055;1
08250624311300176240;08;3;11;000;2025;06;18;3;2;0;1;0;0;1;0;0;0;0;0;408087,541000000201166;5314752,794999999925494;7,768334003000064;47,979473761000065;1
08250619216100148910;08;2;16;043;2025;06;11;5;3;0;7;0;0;1;0;0;0;0;0;436892,951000000350177;5415213,166400000452995;8,139151700000070;48,886655873000052;1
08250623212402148550;08;2;12;000;2025;06;17;2;3;4;6;0;0;1;0;0;0;0;0;456383,084599999710917;5426272,215099999681115;8,403816240000026;48,987812727000062;1
08250620226700154320;08;2;26;076;2025;06;15;6;2;0;7;0;0;1;0;0;0;0;0;474348,995099999941885;5464098,514000000432134;8,646969124000066;49,329075366000041;1
08250705326300241950;08;3;26;017;2025;07;19;7;3;5;2;0;0;1;1;0;0;0;0;439728,779000000096858;5321613,971000000834465;8,191320340000061;48,044962599000030;1
08250705336400249460;08;3;36;014;2025;07;11;7;3;5;3;0;0;1;1;0;0;0;0;393588,001600000075996;5279161,472100000828505;7,582832168000039;47,657092993000049;1
08250621415400181700;08;4;15;080;2025;06;19;7;3;6;7;0;0;1;0;1;0;0;0;511549,328599999658763;5373304,401900000870228;9,156381994000071;48,512748051000074;1
08250617226600177320;08;2;26;096;2025;06;17;3;3;5;3;0;0;1;1;0;0;0;0;477465,324400000274181;5489310,236099999397993;8,688424399000041;49,555972585000063;1
08250609336100125400;08;3;36;084;2025;06;14;2;3;0;1;0;0;1;0;0;0;0;0;405670,620199999772012;5278831,614600000903010;7,743774119000022;47,656000312000060;1
08250702121500191930;08;1;25;111;2025;07;13;4;2;8;1;0;0;1;0;0;0;0;0;529351,931400000117719;5456295,350299999117851;9,403391747000057;49,258719635000034;1
08250617111500129420;08;1;11;000;2025;06;07;3;2;3;6;0;0;1;1;0;0;0;0;514564,316999999806285;5399568,788000000640750;9,198128672000053;48,748963503000027;1
08250614415400171610;08;4;15;061;2025;06;16;7;3;0;3;0;0;1;0;0;0;0;1;515063,561999999918044;5375229,458000000566244;9,204035223000062;48,529991978000055;1
08250706317000201700;08;3;17;089;2025;07;10;1;2;5;2;0;0;1;1;0;0;0;0;429658,108699999749660;5372785,270300000905991;8,047700094000049;48,504244771000060;1
08250619117200178660;08;1;17;010;2025;06;12;5;3;0;1;0;0;1;0;0;0;0;0;567758,438500000163913;5393562,140000000596046;9,920719760000054;48,691418566000038;1
08250611316100115900;08;3;16;043;2025;06;16;4;3;5;3;0;0;1;1;0;0;0;0;411657,145999999716878;5331363,779999999329448;7,812726936000047;48,129395346000081;1
08250609335300095480;08;3;35;025;2025;06;17;2;3;5;2;0;0;1;1;0;0;0;0;497325,754200000315905;5279937,199400000274181;8,964374709000026;47,672820155000068;1
08250620311010125080;08;3;15;041;2025;06;17;6;2;0;1;0;0;1;0;0;0;0;0;422665,335099999792874;5322201,628399999812245;7,962302677000025;48,048409585000059;1
08250622119100163000;08;1;19;087;2025;06;15;1;3;3;6;0;0;1;0;0;0;0;1;525183,198200000450015;5427989,604800000786781;9,344332951000069;49,004288290000034;1
08250701421300191110;08;4;25;138;2025;07;10;3;3;4;2;0;0;1;1;0;0;0;0;572843,780500000342727;5350360,611199999228120;9,982273737000071;48,302244762000043;1
08250703136000216320;08;1;36;027;2025;07;10;5;3;0;7;0;0;1;0;0;0;0;0;552678,938699999824166;5420262,835000000894070;9,719262191000041;48,933052026000041;1
08250702326000206230;08;3;27;049;2025;07;10;4;2;5;3;0;0;1;1;0;0;0;0;473239,566700000315905;5324872,743699999526143;8,640727249000065;48,076566394000054;1
08250620415400124840;08;4;15;061;2025;06;16;6;3;5;3;0;0;1;1;0;0;0;0;515624,576999999582767;5370697,772399999201298;9,211464396000054;48,489209746000029;1
08250610222500119240;08;2;22;000;2025;06;13;3;3;5;5;0;0;1;0;0;0;0;1;462846,038999999873340;5480372,607799999415874;8,487139067000044;49,474862826000049;1
08250704325000201810;08;3;25;053;2025;07;14;6;2;5;3;0;0;1;1;0;0;0;0;458530,485500000417233;5344360,698100000619888;8,441357570000037;48,251102751000076;1
08250624221200152920;08;2;21;000;2025;06;08;3;3;5;2;0;0;1;1;0;0;0;0;478097,914300000295043;5472885,565899999812245;8,698080485000048;49,408260222000081;1
08250619216200140200;08;2;16;007;2025;06;07;5;3;9;1;0;0;1;0;0;0;0;0;434147,424899999983609;5397388,603800000622869;8,104563747000043;48,726041549000058;1
08250621111370141740;08;1;11;000;2025;06;21;7;3;5;3;0;0;1;1;0;0;0;0;513209,005199999548495;5406670,189999999478459;9,179919694000034;48,812877340000057;1
08250623221300164210;08;2;21;000;2025;06;15;2;3;6;6;0;0;1;0;1;0;0;0;483522,729500000365078;5473614,799200000241399;8,772830393000049;49,414990679000027;1
08250705336400204620;08;3;36;091;2025;07;07;7;3;0;7;0;0;1;0;0;0;0;0;394451,326299999840558;5271768,365000000223517;7,596108142000048;47,590732888000048;1
08250707119300237340;08;1;19;084;2025;07;18;2;3;0;1;0;0;1;0;0;0;0;0;547298,708200000226498;5414862,660499999299645;9,645181587000025;48,884911123000052;1
08250702311010212450;08;3;11;000;2025;07;17;4;3;0;1;0;0;1;0;0;0;0;0;412018,287999999709427;5317650,820299999788404;7,820401819000040;48,006095016000074;1
08250701116200190890;08;1;16;080;2025;07;19;3;3;6;4;0;0;0;1;1;0;0;0;518132,913800000213087;5397599,889599999412894;9,246587732000023;48,731157722000034;1
08250625325102157490;08;3;25;070;2025;06;18;4;3;0;7;0;0;1;0;0;0;0;0;460429,331600000150502;5349505,741499999538064;8,466454353000074;48,297510866000039;1
08250625335300169550;08;3;35;100;2025;06;06;4;3;2;6;0;0;1;1;0;0;0;0;488018,898699999786913;5286832,813200000673532;8,840203102000032;47,734758782000029;1
08250623221200167700;08;2;21;000;2025;06;09;2;3;6;7;0;0;0;1;1;0;0;0;477790,587000000290573;5472953,512399999424815;8,693840251000040;49,408860251000078;1
08250618226600156330;08;2;26;107;2025;06;20;4;3;3;5;0;0;1;1;0;0;0;0;474800,560200000181794;5482889,980100000277162;8,651990884000043;49,498119726000027;1
08250614337400106410;08;3;37;051;2025;06;12;7;3;0;1;0;0;1;0;0;0;0;0;436393,468399999663234;5285093,389000000432134;8,151953765000030;47,716085797000062;1
08250630311400159520;08;3;15;074;2025;06;19;2;3;5;2;0;0;1;1;0;0;0;0;397414,113400000147521;5295538,754200000315905;7,629912995000041;47,805025333000060;1
08250628212102162290;08;2;12;000;2025;06;23;7;3;0;7;2;0;1;0;0;0;0;0;461803,599399999715388;5423939,027200000360608;8,478122991000021;48,967184112000041;1
08250609221200122070;08;2;21;000;2025;06;16;2;3;6;7;0;0;1;0;1;0;0;0;481402,705500000156462;5473694,202099999412894;8,743598516000077;49,415643784000054;1
08250620311500124980;08;3;15;113;2025;06;13;6;3;0;7;0;0;1;0;0;0;0;0;441908,191800000146031;5308413,474999999627471;8,222345424000025;47,926408036000055;1
08250618215502180230;08;2;15;029;2025;06;15;4;3;6;2;0;0;0;1;1;0;0;0;466834,677600000053644;5448217,465099999681115;8,544869182000070;49,185864323000033;1
08250709135200207680;08;1;35;019;2025;07;16;4;3;0;7;0;0;1;0;1;0;0;0;584456,302500000223517;5392383,261800000444055;10,147331093000048;48,678778894000061;1
08250623436300131740;08;4;36;081;2025;06;14;2;3;5;3;0;0;1;0;0;0;0;0;563065,412399999797344;5280855,632799999788404;9,840219688000047;47,678013083000053;1
08250625335300154400;08;3;35;075;2025;06;17;4;3;7;1;0;0;1;0;0;0;0;0;488224,319000000134110;5288473,316099999472499;8,842898464000029;47,749523087000057;1
08250704117100195460;08;1;17;019;2025;07;21;6;3;0;1;1;0;1;0;0;0;0;0;553468,782700000330806;5393054,688500000163913;9,726500896000061;48,688241939000079;1
08250628311010181230;08;3;11;000;2025;06;13;7;3;4;6;0;0;1;0;0;0;0;0;413753,150100000202656;5316846,327800000086427;7,843818443000032;47,999094791000061;1
08250705435100197220;08;4;35;035;2025;07;13;7;3;0;7;0;0;1;0;0;0;0;0;545292,046400000341237;5284113,088400000706315;9,603779803000066;47,708810568000047;1
08250611426100127270;08;4;26;074;2025;06;16;4;2;0;1;0;0;1;0;0;0;0;0;555568,893500000238419;5326233,440099999308586;9,746193172000062;48,086947556000041;1
08250704221300239810;08;2;21;000;2025;07;13;6;3;4;6;0;0;1;0;0;0;0;0;478074,406700000166893;5473476,868200000375509;8,697723782000025;49,413578050000069;1
08250620436000130760;08;4;36;083;2025;06;14;6;3;0;1;0;0;1;0;0;0;0;0;530007,401899999938905;5302278,855799999088049;9,401285785000027;47,873144506000074;1
08250624121400184670;08;1;25;086;2025;06;00;3;3;6;4;2;0;0;0;1;0;0;1;504369,545500000007451;5443791,320800000801682;9,059916596000051;49,146930825000027;1
08250629222700172380;08;2;22;000;2025;06;01;1;3;3;6;2;0;1;1;0;0;0;0;461425,568799999542534;5481257,700999999418855;8,467445921000035;49,482735183000045;1
08250620435100126120;08;4;35;057;2025;06;19;6;3;6;4;0;0;0;1;1;0;0;0;544148,113900000229478;5279795,946299999952316;9,588094264000063;47,670047591000070;1
08250610316200097140;08;3;16;045;2025;06;14;3;3;5;3;0;0;1;1;0;0;0;0;415185,212600000202656;5324818,835100000724196;7,861432945000047;48,071001928000044;1
08250623222014135400;08;2;22;000;2025;06;20;2;3;3;2;0;0;1;1;0;0;0;0;461775,821399999782443;5484654,568700000643730;8,471952612000052;49,513310316000059;1
08250624115100183730;08;1;15;003;2025;06;15;3;3;5;2;0;0;1;1;0;0;0;0;500547,072900000028312;5392843,800000000745058;9,007433322000054;48,688635200000078;1
08250617211000135670;08;2;16;043;2025;06;11;3;2;5;3;0;0;1;1;0;0;0;0;442966,775899999774992;5410660,840099999681115;8,222631381000042;48,846296435000056;1
08250621436200145280;08;4;36;064;2025;06;17;7;3;2;2;0;0;1;1;0;0;0;0;542720,823499999940395;5288932,207800000905991;9,569978023000033;47,752344207000078;1
08250705336200210800;08;3;36;069;2025;07;14;7;2;5;2;0;0;1;1;0;0;0;0;407390,262400000356138;5267295,461999999359250;7,769107072000054;47,552472669000053;1
08250625225200143800;08;2;25;014;2025;06;15;4;3;1;5;0;0;1;1;0;0;0;0;528626,699300000444055;5482936,151100000366569;9,395342460000052;49,498382959000025;1
08250616115100141430;08;1;15;003;2025;06;22;2;3;0;6;2;0;1;0;0;0;0;1;500582,957999999634922;5392811,061400000005960;9,007920863000038;48,688340648000064;1
08250611335300098710;08;3;35;080;2025;06;18;4;3;5;3;0;0;1;1;0;0;0;0;476243,766999999992549;5293243,666999999433756;8,682804712000063;47,792113815000050;1
08250620118500157680;08;1;18;063;2025;06;07;6;3;6;4;0;0;0;1;1;0;0;0;514911,451200000010431;5422940,644600000232458;9,203702165000038;48,959203570000057;1
08250609225200096030;08;2;25;114;2025;06;15;2;3;4;6;0;0;1;0;0;1;0;0;539395,580599999986589;5471967,807399999350309;9,542966860000035;49,399124293000057;1
08250705118500223170;08;1;18;070;2025;07;09;7;3;7;7;0;0;1;0;0;0;0;0;520967,819899999536574;5423311,954500000923872;9,286455132000071;48,962367952000079;1
08250701311400192110;08;3;15;130;2025;07;14;3;3;0;7;0;0;0;1;1;0;0;0;409477,659400000236928;5300996,228399999439716;7,789847331000033;47,855927499000074;1
08250612111230104470;08;1;11;000;2025;06;15;5;3;0;3;0;0;1;1;0;0;0;0;507017,997899999842048;5397519,464600000530481;9,095436094000036;48,730658535000032;1
08250619116010151700;08;1;16;058;2025;06;15;5;3;5;3;0;0;1;1;0;0;0;0;533321,275500000454485;5395070,623500000685453;9,452923260000034;48,707777927000052;1
08250619119400155830;08;1;19;041;2025;06;14;5;3;0;7;0;0;1;0;0;0;0;0;526468,575799999758601;5409894,444700000807643;9,360733467000045;48,841458434000060;1
08250614421300109090;08;4;21;000;2025;06;17;7;3;0;7;0;0;1;0;0;0;0;0;568872,077499999664724;5361994,790799999609590;9,930628303000049;48,407344275000071;1
08250626435100165990;08;4;35;057;2025;06;13;5;2;0;7;0;0;1;0;0;0;0;0;543592,353199999779463;5279487,629000000655651;9,580660636000061;47,667311289000054;1
08250617325000115520;08;3;25;069;2025;06;16;3;3;8;1;0;0;1;0;0;0;0;0;469264,791899999603629;5335141,252499999478459;8,586624604000065;48,168770474000041;1
08250614335100106330;08;3;35;002;2025;06;16;7;3;0;1;0;0;1;0;0;0;0;0;505649,628999999724329;5284443,836999999359250;9,075320561000069;47,713350208000065;1
08250625118600155150;08;1;18;073;2025;06;12;4;3;5;3;0;0;1;1;0;0;0;0;497972,654799999669194;5418875,922399999573827;8,972325002000048;48,922815041000035;1
08250704327200218690;08;3;27;046;2025;07;16;6;3;3;6;0;0;1;1;0;0;0;0;480545,758600000292063;5324482,014499999582767;8,738833215000056;48,073315830000070;1
08250630212010177710;08;2;12;000;2025;06;08;2;3;5;2;0;0;1;1;0;0;0;0;455242,906600000336766;5429267,897900000214577;8,387902341000029;49,014677615000039;1
08250709336091209430;08;3;11;000;2025;07;13;4;3;6;6;0;0;0;0;1;0;0;1;413313,256099999882281;5316047,462700000032783;7,838084068000057;47,991849228000035;1
08250617335300145520;08;3;35;026;2025;06;18;3;3;5;3;0;0;1;1;0;0;0;0;481226,275399999693036;5282024,414899999275804;8,749814974000060;47,691333061000080;1
08250705435100198680;08;4;35;057;2025;07;15;7;3;6;3;0;0;1;0;1;0;0;0;544555,161000000312924;5278707,505799999460578;9,593405212000050;47,660226721000072;1
08250702317600215920;08;3;17;145;2025;07;16;4;3;5;2;0;1;1;1;0;0;0;0;442449,896300000138581;5349957,323000000789762;8,223989044000064;48,300193205000028;1
08250706216100200450;08;2;16;043;2025;07;16;1;3;0;1;0;0;1;0;0;0;0;0;441805,582799999974668;5414106,392400000244379;8,206315843000027;48,877181279000069;1
08250611222400165490;08;2;22;000;2025;06;12;4;3;0;7;0;0;1;0;0;0;0;0;467232,832799999974668;5478456,621899999678135;8,547849418000055;49,457881910000026;1
08250622216100128740;08;2;16;012;2025;06;10;1;3;3;6;0;0;1;1;0;0;0;0;442001,493200000375509;5419723,508500000461936;8,208189690000040;48,927725093000049;1
08250702221200208530;08;2;21;000;2025;07;14;4;3;3;6;0;0;1;1;0;0;0;0;477411,174999999813735;5471871,202800000086427;8,688671643000021;49,399111071000050;1
08250626231000158000;08;2;31;000;2025;06;15;5;3;5;2;0;0;1;0;0;1;0;0;477772,998200000263751;5414939,200400000438094;8,696798915000045;48,887005937000026;1
08250619121500150330;08;1;25;065;2025;06;20;5;3;6;4;0;0;0;0;1;0;0;1;516039,473899999633431;5447485,760800000280142;9,220084800000052;49,179969485000072;1
08250609225200124270;08;2;25;014;2025;06;16;2;2;3;2;0;0;1;1;0;0;0;0;528972,346099999733269;5481947,224999999627471;9,400043312000037;49,489471530000060;1
08250625311500155940;08;3;15;094;2025;06;20;4;3;8;1;0;0;1;0;0;0;0;0;431332,174300000071526;5317263,738800000399351;8,079371578000064;48,004979846000026;1
08250611216300107360;08;2;16;033;2025;06;17;4;3;5;3;0;0;1;1;0;0;0;0;448058,020999999716878;5413928,407999999821186;8,291605059000062;48,876135673000078;1
08250615317000164690;08;3;17;141;2025;06;04;1;3;3;6;2;0;1;0;0;0;0;0;419929,912499999627471;5380241,743000000715256;7,914588317000039;48,570148946000074;1
08250627327200170490;08;3;27;049;2025;06;16;6;3;0;1;0;0;1;0;0;0;0;0;472917,303000000305474;5324209,518999999389052;8,636442816000056;48,070585826000070;1
08250702121500200950;08;1;25;005;2025;07;08;4;3;5;7;0;0;1;1;0;0;0;0;515855,191800000146031;5453070,675499999895692;9,217776713000035;49,230211870000062;1
08250627435100175360;08;4;35;016;2025;06;16;6;3;0;4;0;0;0;0;1;0;0;1;535006,774299999698997;5278100,112600000575185;9,466191888000026;47,655348973000059;1
08250617118100176770;08;1;18;079;2025;06;15;3;3;8;1;0;0;1;0;0;0;0;0;510368,297299999743700;5422826,011700000613928;9,141636427000037;48,958265268000048;1
08250628119100174210;08;1;19;044;2025;06;19;7;3;5;3;0;0;1;1;0;0;0;0;541084,164800000376999;5425427,314999999478459;9,561480916000050;48,980386366000062;1
08250629237100186210;08;2;37;045;2025;06;09;1;2;6;4;0;0;0;1;1;0;0;0;459468,500699999742210;5362283,543099999427795;8,452268972000070;48,412401930000044;1
08250609222700096250;08;2;22;000;2025;06;12;2;3;3;6;0;0;1;0;0;0;0;0;462314,148000000044703;5481859,412900000810623;8,479655648000062;49,488203097000053;1
08250620216300140350;08;2;16;006;2025;06;19;6;3;6;6;0;0;1;0;1;0;0;0;446113,307799999602139;5409217,883899999782443;8,265704902000039;48,833598040000027;1
08250617436400127690;08;4;36;082;2025;06;14;3;3;5;3;0;0;1;1;0;0;0;0;547689,930800000205636;5294897,595599999651313;9,636926671000026;47,805666297000073;1
08250629435200176230;08;4;35;067;2025;06;12;1;3;4;6;0;0;1;0;0;0;0;0;528633,454199999570847;5291692,688599999994040;9,382212685000070;47,777960739000036;1
08250623225200165680;08;2;25;109;2025;06;16;2;3;5;3;0;0;1;1;0;0;0;0;526892,643699999898672;5494320,341099999845028;9,372172353000053;49,600858172000073;1
08250611121500126020;08;1;25;065;2025;06;22;4;3;4;6;2;0;1;0;0;0;0;0;516998,810100000351667;5450205,093399999663234;9,233363200000042;49,204404701000044;1
08250629435100167740;08;4;35;057;2025;06;10;1;3;4;6;0;0;1;0;0;0;0;0;544540,236800000071526;5278587,948400000110269;9,593194270000026;47,659152062000032;1
08250614212010123900;08;2;12;000;2025;06;13;7;3;4;6;0;0;1;0;0;0;0;0;451205,723699999973178;5426168,900399999693036;8,333065933000057;48,986496039000031;1
08250627426300162090;08;4;26;078;2025;06;10;6;3;2;6;0;0;1;0;0;0;0;0;544486,599899999797344;5326054,873999999836087;9,597368154000037;48,086211037000055;1
08250705127100225900;08;1;27;025;2025;07;18;7;3;0;7;0;0;1;0;0;0;0;0;556218,792899999767542;5427798,283099999651313;9,768630998000049;49,000520820000077;1
08250630326400181950;08;3;26;074;2025;06;07;2;3;5;3;0;0;1;1;0;0;0;0;460574,286799999885261;5319889,648399999365211;8,471154848000026;48,031077459000073;1
08250629121500166070;08;1;25;007;2025;06;12;1;3;5;3;0;0;1;1;0;0;0;0;510595,207299999892712;5452885,400100000202656;9,145524361000071;49,228658883000037;1
08250621317600163710;08;3;17;093;2025;06;13;7;3;0;2;0;0;1;1;0;0;0;0;441845,742999999783933;5352170,494999999180436;8,215538269000035;48,320047328000044;1
08250610118010103360;08;1;18;073;2025;06;12;3;2;0;1;0;0;1;0;0;0;0;0;497102,535699999891222;5419934,812100000679493;8,960439610000037;48,932337063000034;1
08250627337100185620;08;3;37;096;2025;06;19;6;3;9;1;0;0;1;0;0;0;0;0;420818,429200000129640;5267706,322399999946356;7,947475603000044;47,557945353000036;1
08250616212010141300;08;2;12;000;2025;06;20;2;3;0;5;0;0;1;1;0;0;0;0;459185,750099999830127;5428095,791999999433756;8,441939676000061;49,004407748000062;1
08250615311010136590;08;3;15;084;2025;06;00;1;2;4;6;2;0;1;0;0;0;0;0;421819,135400000028312;5311483,051500000059605;7,952903293000077;47,951885595000078;1
08250703117400207970;08;1;17;051;2025;07;14;5;3;6;2;0;0;0;1;1;0;0;0;543567,479399999603629;5395062,266300000250340;9,592188228000055;48,707071119000034;1
08250613121400128210;08;1;25;058;2025;06;08;6;2;2;6;0;0;1;0;0;0;0;1;509106,332999999634922;5443415,754000000655651;9,124860323000064;49,143500492000044;1
08250625437000138930;08;4;35;016;2025;06;06;4;3;4;6;0;0;1;0;0;0;0;0;537830,862800000235438;5282029,462200000882149;9,504139763000069;47,690543748000039;1
08250627127100171260;08;1;27;076;2025;06;00;6;3;0;7;2;0;1;0;0;0;0;0;553906,391200000420213;5439486,082499999552965;9,738574145000030;49,105856349000078;1
08250609119100107750;08;1;19;004;2025;06;18;2;3;0;7;0;0;1;0;0;0;0;0;543332,567300000227988;5419165,655400000512600;9,591540970000040;48,923907783000061;1
08250610116500096710;08;1;16;049;2025;06;12;3;3;0;4;0;0;0;1;1;0;0;0;524146,837000000290573;5385624,101999999955297;9,327669811000021;48,623219804000030;1
08250628111340165020;08;1;11;000;2025;06;22;7;3;5;2;2;0;1;1;0;0;0;0;512789,435899999924004;5407602,265200000256300;9,174233831000038;48,821270937000065;1
08250624136200151010;08;1;36;019;2025;06;22;3;3;0;7;2;0;1;0;0;0;0;0;582003,011500000022352;5424922,678500000387430;10,120516711000050;48,971771266000076;1
08250707111240212530;08;1;11;000;2025;07;17;2;3;4;6;0;0;1;0;1;0;0;0;515470,009499999694526;5405179,412000000476837;9,210660424000025;48,799414330000047;1
08250616121600144090;08;1;25;059;2025;06;14;2;3;8;7;0;0;1;0;0;0;0;0;530229,450699999928474;5437866,745799999684095;9,414066378000030;49,092909663000057;1
08250612437200104870;08;4;37;104;2025;06;16;5;3;5;3;0;0;1;1;0;0;0;0;516866,601499999873340;5326357,527100000530481;9,226502938000067;48,090263497000080;1
08250709317000239250;08;3;17;005;2025;07;13;4;3;0;3;0;0;1;0;0;1;0;0;424441,148199999704957;5376228,573599999770522;7,976459520000049;48,534611148000067;1
08250610116010105980;08;1;16;070;2025;06;10;3;3;8;1;0;0;1;0;0;0;0;0;538184,639600000344217;5386238,044999999925494;9,518211094000037;48,628043277000074;1
08250625237200141620;08;2;37;040;2025;06;10;4;2;0;7;0;0;1;0;0;0;0;0;471742,450199999846518;5361831,963600000366569;8,618161348000058;48,409009358000048;1
08250621311010126940;08;3;11;000;2025;06;15;7;3;5;3;0;0;1;0;0;0;0;1;412693,179600000381470;5315358,072300000116229;7,829914788000053;47,985563575000072;1
08250709317000232470;08;3;17;075;2025;07;07;4;3;8;3;0;0;1;1;0;0;0;0;413690,679800000041723;5359988,863800000399351;7,834210373000076;48,387154885000029;1
08250703311010201390;08;3;11;000;2025;07;08;5;3;5;3;0;0;1;1;0;0;0;0;414712,843000000342727;5318882,672000000253320;7,856275953000022;48,017541234000078;1
08250701337400191260;08;3;37;053;2025;07;13;3;3;0;1;0;0;1;0;0;0;0;0;457551,859600000083447;5268728,606300000101328;8,435622528000067;47,570584719000067;1
08250615436300143980;08;4;36;081;2025;06;14;1;3;5;3;0;0;1;1;0;0;0;0;562991,713000000454485;5281151,355000000447035;9,839280571000074;47,680680800000061;1
08250623317000131900;08;3;17;065;2025;06;12;2;2;6;4;0;0;0;0;1;1;0;0;416204,457700000144541;5354471,285299999639392;7,869256407000023;48,337864036000042;1
08250608436400095090;08;4;36;082;2025;06;01;1;3;0;1;2;0;1;0;0;0;0;0;547016,731599999591708;5293956,162799999117851;9,627834202000031;47,797245797000073;1
08250609311010097540;08;3;36;057;2025;06;14;2;2;5;3;0;0;1;0;0;1;0;0;407555,587899999693036;5275314,081399999558926;7,769614295000054;47,624629809000055;1
08250608436300092940;08;4;36;078;2025;06;19;1;3;6;7;0;0;1;0;1;0;0;0;557381,060899999924004;5291604,193099999800324;9,765910887000075;47,775245432000077;1
08250708435100203690;08;4;35;016;2025;07;07;3;3;0;1;0;1;1;0;0;0;0;1;537367,242999999783933;5278860,666999999433756;9,497690544000022;47,662059943000031;1
08250612426000118090;08;4;25;072;2025;06;07;5;2;6;4;0;0;0;1;1;0;0;0;582204,245099999941885;5372825,455399999395013;10,112873010000044;48,503165774000081;1
08250620119400159290;08;1;19;091;2025;06;17;6;2;0;7;0;0;1;0;0;0;0;0;528482,495799999684095;5406818,111999999731779;9,387966338000069;48,813695585000062;1
08250612337400122720;08;3;37;076;2025;06;11;5;3;5;3;0;0;1;1;0;0;0;0;427752,897199999541044;5268913,962099999189377;8,039439715000071;47,569618800000057;1
08250625311010169170;08;3;15;095;2025;06;11;4;2;8;1;0;0;1;0;0;0;0;0;429817,220099999569356;5319091,264000000432134;8,058764254000039;48,021255616000076;1
08250629317100180450;08;3;17;089;2025;06;11;1;3;5;3;0;0;1;1;0;0;0;0;431933,461000000126660;5375429,055999999865890;8,078068534000067;48,528276878000042;1