UIDENTSTLAE;ULAND;UREGBEZ;UKREIS;UGEMEINDE;UJAHR;UMONAT;USTUNDE;UWOCHENTAG;UKATEGORIE;UART;UTYP1;ULICHTVERH;IstStrassenzustand;IstRad;IstPKW;IstFuss;IstKrad;IstGkfz;IstSonstige;LINREFX;LINREFY;XGCSWGS84;YGCSWGS84;PLST
08250628225100150150;08;2;25;009;2025;06;11;7;3;0;1;0;0;1;0;0;0;0;0;518408,201999999582767;5466092,691999999806285;9,253442600000028;49,347274476000052;1
08250701317500197860;08;3;17;096;2025;07;07;3;3;4;6;0;1;1;0;0;0;0;0;419914,934100000187755;5367867,396600000560284;7,916760906000036;48,458842696000033;1
08250629117100156690;08;1;17;015;2025;06;14;1;3;5;3;0;0;1;0;0;0;0;0;560002,303000000305474;5392816,228000000119209;9,815230854000049;48,685502967000048;1
08250702335200200830;08;3;35;063;2025;07;07;4;3;5;3;0;0;1;1;0;0;0;0;496929,507000000216067;5287959,369000000879169;8,959039540000049;47,744999017000055;1
08250614336200136000;08;3;36;105;2025;06;08;7;3;2;6;0;0;1;0;1;0;0;0;397701,149400000460446;5268285,436300000175834;7,640132480000034;47,559923667000078;1
08250703436000208970;08;4;35;066;2025;07;15;5;2;3;3;0;0;1;1;0;0;0;0;519720,154099999926984;5287733,015399999916553;9,263055735000023;47,742668220000041;1
08250625226300184560;08;2;26;006;2025;06;15;4;3;0;7;0;0;1;0;0;0;0;0;484509,478400000371039;5469655,976600000634789;8,786588795000057;49,379407263000076;1
08250623337400148780;08;3;37;013;2025;06;17;2;2;0;7;0;0;1;0;0;0;0;0;430011,235799999907613;5293693,041400000452995;8,065488274000074;47,792791190000059;1
08250708115100220990;08;1;15;003;2025;07;14;3;3;5;3;0;0;1;1;0;0;0;0;500556,829499999992549;5392846,327600000426173;9,007565893000049;48,688657930000034;1
08250629317100180410;08;3;17;056;2025;06;13;1;3;0;1;0;0;1;0;0;0;0;0;434096,928799999877810;5382183,290400000289083;8,106298337000055;48,589263585000026;1
08250623221011157400;08;2;26;106;2025;06;13;2;3;5;4;0;0;0;1;1;0;0;0;501776,896399999968708;5461536,533099999651313;9,024443990000066;49,306566608000026;1
08250610216100121510;08;2;16;043;2025;06;04;3;3;5;3;1;0;1;1;0;0;0;0;436492,014299999922514;5410228,832200000062585;8,134456688000057;48,841781824000066;1
08250627317500145670;08;3;17;096;2025;06;12;6;3;8;1;0;0;1;0;0;0;0;0;421784,953099999576807;5368834,347400000318885;7,941869647000033;48,467775618000076;1
08250704311010207800;08;3;11;000;2025;07;16;6;3;0;6;0;0;1;0;0;0;0;0;412088,542999999597669;5315291,498999999836087;7,821826852000072;47,984881907000045;1
08250623235100163640;08;2;35;029;2025;06;12;2;2;0;7;0;0;1;0;0;0;0;0;487203,458800000138581;5393853,406099999323487;8,826096856000049;48,697586712000032;1
08250608311100104240;08;3;15;030;2025;06;12;1;2;5;3;0;0;1;1;0;0;0;0;406647,913999999873340;5327514,656999999657273;7,746264843000063;48,094057968000072;1
08250705116200254710;08;1;16;077;2025;07;21;7;3;9;1;0;0;1;0;0;0;0;0;513807,353299999609590;5389530,951099999248981;9,187495496000054;48,658680037000067;1
08250701226600190390;08;2;26;012;2025;07;07;3;3;0;7;0;0;1;0;0;0;0;0;475915,918700000271201;5477704,694299999624491;8,667709600000023;49,451524833000065;1
08250624231102163940;08;2;36;028;2025;06;19;3;3;5;3;1;0;1;0;0;1;0;0;492819,714999999850988;5425368,864000000059605;8,901868546000060;48,981185129000039;1
08250704231000195190;08;2;31;000;2025;07;13;6;3;0;1;0;0;1;0;0;0;0;0;479484,987399999983609;5411583,551599999889731;8,720320358000038;48,856878531000064;1
08250624221200183860;08;2;21;000;2025;06;22;3;3;8;7;1;0;1;0;0;0;0;0;477252,775600000284612;5471840,944399999454618;8,686490285000048;49,398833003000050;1
08250701311010208780;08;3;15;064;2025;07;22;3;2;0;6;1;0;1;1;0;0;0;0;421521,286299999803305;5315055,547000000253320;7,948262481000029;47,983986332000029;1
08250619326200168260;08;3;26;003;2025;06;14;5;2;9;1;0;0;1;0;0;0;0;0;468120,396499999798834;5319216,899800000712276;8,572422990000064;48,025446149000061;1
08250624111000183770;08;1;11;000;2025;06;16;3;3;5;3;0;0;1;1;0;0;0;0;506374,488300000317395;5405537,829600000753999;9,086809412000036;48,802798437000035;1
08250630235100159250;08;2;35;085;2025;06;12;2;3;3;6;0;0;1;1;0;0;0;0;481117,771200000308454;5395569,088400000706315;8,743315490000043;48,712866456000029;1
08250611311010112570;08;3;11;000;2025;06;06;4;2;0;7;0;0;1;0;0;0;0;0;414577,662499999627471;5316017,240399999544024;7,855034172000046;47,991747526000040;1
08250619337200134760;08;3;37;118;2025;06;09;5;2;0;7;0;0;1;0;0;0;0;0;440801,616000000387430;5279318,451999999582767;8,211503838000056;47,664548981000053;1
08250618435200119320;08;4;35;059;2025;06;10;4;3;6;4;0;0;0;1;1;0;0;0;512699,429999999701977;5290672,243000000715256;9,169489635000048;47,769290460000036;1
08250618212402120930;08;2;12;000;2025;06;10;4;3;5;2;0;0;1;1;0;0;0;0;455732,858599999919534;5428222,002800000831485;8,394716583000047;49,005305034000060;1
08250709335200217990;08;3;35;061;2025;07;11;4;3;1;1;0;0;1;0;0;0;0;1;493833,250199999660254;5278466,337400000542402;8,917869691000021;47,659561896000071;1
08250707116010204100;08;1;16;019;2025;07;14;2;3;6;4;0;0;0;1;1;0;0;0;523303,373100000433624;5398221,178500000387430;9,316934436000054;48,736574860000076;1
08250701119400252980;08;1;19;079;2025;07;18;3;2;5;3;0;0;1;1;0;0;0;0;523090,525999999605119;5413497,372999999672174;9,314898903000028;48,874004164000041;1
08250625326400146070;08;3;26;074;2025;06;15;4;3;0;2;0;0;1;0;0;0;0;1;459427,588999999687076;5323084,801999999210238;8,455471173000035;48,059751496000047;1
08250612311400114100;08;3;15;074;2025;06;09;5;2;0;1;0;0;1;0;0;0;0;0;401668,978500000201166;5299917,672900000587106;7,685729032000040;47,845078220000062;1
08250708111500223010;08;1;11;000;2025;07;07;3;3;5;3;0;0;1;1;0;0;0;0;513949,418999999761581;5403693,062000000849366;9,189903678000064;48,786079268000037;1
08250703436400203470;08;4;36;082;2025;07;07;5;3;5;2;0;0;1;0;0;0;0;1;547216,064000000245869;5294145,485999999567866;9,630516414000056;47,798934541000051;1
08250703426000194820;08;4;25;083;2025;07;16;5;2;0;3;0;0;1;0;0;1;0;0;575387,491200000047684;5377420,335999999195337;10,021435241000063;48,545351552000056;1
08250615335300139150;08;3;35;075;2025;06;16;1;3;5;2;0;0;1;1;0;0;0;0;487363,571800000034273;5290167,841600000858307;8,831365869000024;47,764753339000038;1
08250623231000134560;08;2;31;000;2025;06;08;2;3;5;2;0;0;1;1;0;0;0;0;478242,946999999694526;5416256,080399999395013;8,703139320000048;48,898868823000043;1
08250705311400208790;08;3;15;050;2025;07;17;7;3;4;6;0;0;1;1;0;0;0;0;399094,041600000113249;5303636,501399999484420;7,650454672000023;47,878129653000030;1
08250704426000199860;08;4;26;014;2025;07;06;6;2;0;1;0;0;1;0;0;0;0;0;549529,387699999846518;5316209,813300000503659;9,663939309000057;47,997267843000031;1
08250615111500110890;08;1;11;000;2025;06;16;1;3;6;7;0;0;0;1;1;0;0;0;511056,770999999716878;5397308,358899999409914;9,150352592000047;48,728700850000052;1
08250613121600136950;08;1;25;030;2025;06;12;6;3;5;3;0;0;1;1;0;0;0;0;514795,082499999552965;5438972,836799999698997;9,202697519000026;49,103424132000043;1
08250613335100118230;08;3;35;043;2025;06;17;6;3;8;1;0;0;1;0;0;0;0;0;512508,632500000298023;5279827,638399999588728;9,166631784000060;47,671718893000048;1
08250610316100120400;08;3;16;011;2025;06;11;3;3;5;3;0;0;1;1;0;0;0;0;414472,612999999895692;5328894,080000000074506;7,851052546000062;48,107564544000070;1
08250619317000151740;08;3;17;005;2025;06;16;5;3;1;5;0;0;1;1;0;0;0;0;424681,819600000046194;5376757,930400000885129;7,979623486000037;48,539401603000044;1
08250618119400131140;08;1;19;079;2025;06;18;4;3;5;3;0;0;1;1;0;0;0;0;523740,249699999578297;5408908,765300000086427;9,323493362000022;48,832701876000044;1
08250709311010205320;08;3;15;056;2025;07;07;4;3;1;6;0;0;1;1;0;0;0;0;414692,635800000280142;5310684,574200000613928;7,857633358000044;47,943793166000034;1
08250705311010197270;08;3;11;000;2025;07;14;7;3;3;6;0;0;1;1;0;0;0;0;414405,303899999707937;5316732,213999999687076;7,852581828000041;47,998155944000075;1
08250609317010108580;08;3;17;110;2025;06;16;2;1;4;6;0;0;1;0;0;0;0;0;429252,785000000149012;5380766,274299999698997;8,040858116000038;48,575989000000050;1
08250612116010138800;08;1;16;070;2025;06;22;5;2;9;1;2;0;1;0;0;0;0;0;538609,352300000376999;5384632,218100000172853;9,523825203000058;48,613571447000027;1
08250614426300131050;08;4;26;097;2025;06;09;7;3;0;1;0;0;1;0;0;0;0;0;535915,377999999560416;5333815,066199999302626;9,482932072000040;48,156567639000059;1
08250612222800162380;08;2;22;000;2025;06;22;5;3;5;3;2;0;1;1;0;0;0;0;462519,391800000332296;5485969,445900000631809;8,482099324000046;49,525183320000053;1
08250613117200169650;08;1;17;024;2025;06;09;6;3;5;3;0;0;1;1;0;0;0;0;561681,736399999819696;5386200,200500000268221;9,837060355000062;48,625826798000048;1
08250702437100191690;08;4;37;100;2025;07;09;4;3;0;1;0;0;1;0;0;0;0;0;537256,662999999709427;5317951,164999999105930;9,499582772000053;48,013767534000067;1
08250628111120150100;08;1;11;000;2025;06;21;7;3;5;3;0;0;1;1;0;0;0;0;513721,335799999535084;5403150,817800000309944;9,186780529000032;48,781206363000081;1
08250702326100213630;08;3;26;006;2025;07;07;4;3;5;3;0;0;1;1;0;0;0;0;460025,094499999657273;5308549,723699999973178;8,464843945000041;47,929019996000079;1
08250623118200152290;08;1;18;011;2025;06;12;2;3;0;1;0;0;1;0;0;0;0;0;504069,465599999763072;5407127,064300000667572;9,055434801000047;48,817114415000049;1
08250619311400156070;08;3;15;048;2025;06;16;5;3;5;3;0;0;1;1;0;0;0;0;397567,026399999856949;5310628,134099999442697;7,628376932000037;47,940775831000053;1
08250609435200103580;08;4;35;034;2025;06;12;2;3;0;7;0;0;1;0;0;0;0;0;532382,001400000415742;5283396,260999999940395;9,431631205000031;47,703137437000066;1
08250702221011263260;08;2;26;056;2025;07;11;4;3;0;6;0;0;1;0;0;0;0;0;485796,993999999947846;5471154,451999999582767;8,804273107000029;49,392917370000077;1
08250626436000141820;08;4;35;057;2025;06;07;5;3;5;3;0;0;1;1;0;0;0;0;542080,620400000363588;5279648,372300000861287;9,560540489000061;47,668857678000052;1
08250701436000191810;08;4;36;079;2025;07;15;3;3;0;1;0;0;1;0;0;0;0;0;553972,041299999691546;5289564,938300000503659;9,720158503000050;47,757193178000080;1
08250701436000193490;08;4;35;052;2025;07;14;3;3;0;1;0;0;1;0;0;0;0;0;521422,089900000020862;5290162,676599999889731;9,285878027000024;47,764474726000060;1
08250627127202164910;08;1;27;071;2025;06;17;6;3;0;7;0;0;1;0;0;0;0;0;574680,204699999652803;5455619,100299999117851;10,026151614000071;49,248783507000041;1
08250616221300146960;08;2;21;000;2025;06;16;2;3;4;7;0;0;1;1;0;0;0;0;477608,745000000111759;5473957,385099999606609;8,691276946000073;49,417883260000053;1
08250617226300179030;08;2;26;056;2025;06;14;3;3;6;7;0;0;0;1;1;0;0;0;484362,178299999795854;5471239,206800000742078;8,784497195000029;49,393644572000028;1
08250706326300198850;08;3;26;074;2025;07;12;1;3;5;3;0;0;1;1;0;0;0;0;455102,885400000028312;5327374,596100000664592;8,396980948000021;48,098055187000057;1
08250709121500208200;08;1;25;069;2025;07;16;4;3;0;7;0;0;1;0;0;0;0;0;524356,257299999706447;5454127,078700000420213;9,334604333000073;49,239435184000058;1
08250622118100135820;08;1;18;077;2025;06;14;1;3;0;7;0;0;1;0;0;0;0;0;513562,263600000180304;5423133,468200000002980;9,185277730000053;48,960969213000055;1
08250626436000146050;08;4;36;083;2025;06;11;5;3;0;7;0;0;1;0;0;0;0;0;529122,119500000029802;5302210,725199999287724;9,389442693000035;47,872572287000025;1
08250709116500256530;08;1;16;071;2025;07;21;4;3;5;2;0;0;1;1;0;0;0;0;527366,950500000268221;5391144,098600000143051;9,371730286000059;48,672744976000047;1
08250611221300165540;08;2;21;000;2025;06;20;4;3;3;6;0;0;1;0;0;0;0;0;483552,791400000452995;5473604,260900000110269;8,773245285000030;49,414896701000032;1
08250613119400120020;08;1;19;090;2025;06;17;6;3;5;2;0;0;1;1;0;0;0;0;532788,372000000439584;5406347,539000000804663;9,446578289000058;48,809250172000077;1
08250618335300152160;08;3;35;015;2025;06;16;4;3;5;2;0;0;1;1;0;0;0;0;476114,497700000181794;5282012,553600000217557;8,681695308000030;47,691057595000075;1
08250629317000164610;08;3;17;073;2025;06;21;1;3;5;3;0;0;1;1;0;0;0;0;409904,377000000327826;5347599,925000000745058;7,785729020000076;48,275191336000034;1
08250709119200238820;08;1;19;020;2025;07;16;4;3;6;4;0;0;1;0;1;0;0;0;519134,145899999886751;5406527,772099999710917;9,260618584000042;48,811441961000071;1
08250612119300111720;08;1;19;067;2025;06;12;5;3;5;3;0;0;1;1;0;0;0;0;538796,648099999874830;5406716,410399999469519;9,528442645000041;48,812222304000045;1
08250630231000174770;08;2;36;044;2025;06;11;2;2;5;3;0;0;1;1;0;0;0;0;484791,216699999757111;5403789,300499999895692;8,792948223000053;48,786915497000052;1
08250626116400171850;08;1;16;079;2025;06;14;5;3;5;3;0;0;1;1;0;0;0;0;533644,996500000357628;5380106,187899999320507;9,456107987000053;48,573142065000070;1
08250611118200110840;08;1;18;019;2025;06;11;4;3;5;2;0;0;1;1;0;0;0;0;505377,362999999895692;5405390,267000000923872;9,073228385000050;48,801480402000038;1
08250703416010201520;08;4;15;061;2025;07;20;5;3;6;4;0;0;0;1;1;0;0;0;516066,980600000359118;5370534,690199999138713;9,217445608000048;48,487731445000065;1
08250609115100107980;08;1;15;044;2025;06;16;2;3;0;7;0;0;1;0;0;0;0;0;503493,490500000305474;5392498,102099999785423;9,047464675000072;48,685515727000052;1
08250626426300162110;08;4;26;067;2025;06;15;5;3;0;1;0;0;1;0;0;0;0;0;527898,891999999992549;5332938,649000000208616;9,375084571000059;48,149085064000076;1
08250723117300283090;08;1;17;026;2025;07;21;4;3;5;3;1;0;1;1;0;0;0;0;548938,755499999970198;5394778,514900000765920;9,665158467000026;48,704120282000076;1
08250727117400282210;08;1;17;002;2025;07;19;1;3;2;2;0;1;1;1;0;0;0;0;541043,480000000447035;5387130,100999999791384;9,557095460000028;48,635886915000071;1
08250725311010261200;08;3;36;091;2025;07;16;6;3;5;3;0;0;1;1;0;0;0;0;395774,427000000141561;5274126,360899999737740;7,613140658000020;47,612157485000068;1
08250814118200361630;08;1;18;019;2025;08;08;5;3;5;3;0;0;1;1;0;0;0;0;503229,733000000007451;5404233,095000000670552;9,043973090000065;48,791085429000077;1
08250813416200387020;08;4;16;026;2025;08;05;4;3;0;1;0;0;1;0;0;0;0;0;505838,065899999812245;5364947,492900000885129;9,078932883000050;48,437644770000077;1
08250808436300321950;08;4;36;081;2025;08;10;6;3;0;1;0;0;1;0;0;0;0;0;562841,536999999545515;5281905,065099999308586;9,837388420000025;47,687476338000067;1
08250823335400361180;08;3;35;098;2025;08;18;7;3;0;7;0;0;1;0;0;0;0;0;501758,866000000387430;5294462,463999999687076;9,023489659000063;47,803515798000035;1
08250813317100334860;08;3;17;001;2025;08;12;4;3;5;3;0;0;1;1;0;0;0;0;431205,394799999892712;5389496,757500000298023;8,065878767000072;48,654737355000066;1
08250716121500497400;08;1;25;069;2025;07;14;4;3;0;1;0;1;1;0;0;0;0;0;525766,011599999852479;5452277,766799999400973;9,353852219000032;49,222742754000080;1
08250822317000371340;08;3;17;008;2025;08;12;6;2;5;3;0;0;1;1;0;0;0;0;441241,449099999852479;5364308,063999999314547;8,205690932000039;48,429177794000054;1
08250722118600302390;08;1;18;076;2025;07;15;3;3;6;4;0;0;0;1;1;0;0;0;504928,374300000257790;5422839,014100000262260;9,067324441000039;48,958449538000082;1
08250815121200365510;08;1;21;000;2025;08;08;6;3;5;3;0;0;1;1;0;0;0;0;515977,977300000376999;5446060,285800000652671;9,219184364000057;49,167148545000032;1
08250729421200277700;08;4;21;000;2025;07;13;3;3;3;6;0;0;1;0;0;0;0;1;573346,874499999918044;5357208,752900000661612;9,990248925000060;48,363787851000041;1
08250810226000338370;08;2;22;000;2025;08;13;1;3;5;3;0;0;1;1;0;0;0;0;468907,953800000250340;5478795,061100000515580;8,570936953000057;49,461014100000057;1
08250808226700344850;08;2;26;041;2025;08;08;6;3;5;3;0;0;1;1;0;0;0;0;477265,001899999566376;5466246,138199999928474;8,686978518000046;49,348508754000079;1
08250716115200229020;08;1;15;021;2025;07;07;4;3;4;2;0;0;1;1;0;0;0;0;489604,639000000432134;5382525,114000000059605;8,859012796000059;48,595720404000076;1
08250716311010303520;08;3;11;000;2025;07;16;4;3;0;3;0;0;1;1;0;0;0;0;414021,526600000448525;5314983,664699999615550;7,847788490000028;47,982375580000053;1
08250819435100348910;08;4;35;035;2025;08;15;3;3;0;1;0;0;1;0;0;0;0;0;545844,078399999998510;5284200,111300000920892;9,611147562000042;47,709554570000080;1
08250720226600301440;08;2;26;107;2025;07;04;1;2;5;3;2;0;1;1;0;0;0;0;474095,317499999888241;5484080,509800000116229;8,642173461000027;49,508798420000062;1
08250731115400301700;08;1;15;054;2025;07;16;5;3;5;3;0;0;1;1;0;0;0;0;493196,792000000365078;5395619,035000000149012;8,907516128000054;48,713564575000078;1
08250822136100386620;08;1;36;021;2025;08;15;6;2;3;6;0;0;1;1;0;0;0;0;574058,614900000393391;5405307,344200000166893;10,008426577000023;48,796346384000060;1
08250730336200299640;08;3;36;069;2025;07;12;4;3;0;7;0;1;1;0;0;0;1;0;407676,169800000265241;5267398,949400000274181;7,772884484000031;47,553444338000077;1
08250810226700386780;08;2;26;046;2025;08;21;1;2;0;7;2;0;1;0;0;0;0;0;475545,115699999965727;5455195,863800000399351;8,663975533000041;49,249045059000082;1
08250805436200340770;08;4;36;095;2025;08;14;3;3;5;2;0;0;1;1;0;0;0;0;535107,898000000044703;5298355,178899999707937;9,469173409000064;47,837584109000034;1
08250731435100282520;08;4;35;016;2025;07;15;5;3;0;2;0;0;1;1;0;0;0;0;536493,447999999858439;5277802,464999999850988;9,485964638000041;47,652588764000029;1
08250820317000377050;08;3;17;145;2025;08;13;4;3;8;7;0;0;1;0;0;0;0;0;442307,230100000277162;5350001,256200000643730;8,222059498000021;48,300575427000069;1
08250715222014276410;08;2;22;000;2025;07;14;3;3;0;4;0;0;0;0;1;0;0;1;462628,321600000374019;5482429,508799999952316;8,483939485000064;49,493350246000034;1
08250814436300360420;08;4;36;081;2025;08;21;5;2;8;1;2;0;1;0;0;0;0;0;562694,365500000305474;5285124,591800000518560;9,835890442000050;47,716455743000040;1
08250805111500337800;08;1;11;000;2025;08;21;3;3;5;3;2;0;1;0;0;0;0;1;512248,610799999907613;5399475,565199999138713;9,166623867000055;48,748174727000048;1
08250809437100323940;08;4;37;076;2025;08;11;7;3;0;7;0;0;1;0;0;0;0;0;525451,178500000387430;5322007,664000000804663;9,341525098000034;48,050843094000072;1
08250822436000378240;08;4;36;009;2025;08;14;6;3;3;2;0;0;1;1;0;0;0;0;553283,970999999903142;5305074,226399999111891;9,712886404000074;47,896783824000067;1
08250715436000242280;08;4;36;008;2025;07;16;3;3;5;3;0;0;1;1;0;0;0;0;548040,387600000016391;5310409,383500000461936;9,643332158000021;47,945196950000081;1
08250714212010223060;08;2;12;000;2025;07;15;2;3;5;3;0;1;1;1;0;0;0;0;455148,879999999888241;5428129,380699999630451;8,386742303000062;49,004429727000058;1
08250728426000316930;08;4;26;073;2025;07;07;2;3;6;4;0;0;0;1;1;0;0;0;567074,890999999828637;5337011,925000000745058;9,902377998000077;48,182802224000056;1
08250815436200356860;08;4;36;069;2025;08;11;6;3;0;1;0;0;1;0;0;0;0;0;552578,146200000308454;5293892,250900000333786;9,702084908000074;47,796240606000026;1
08250730317500297990;08;3;17;096;2025;07;05;4;2;5;3;1;0;1;1;0;0;0;0;421014,788900000043213;5368443,739900000393391;7,931526138000038;48,464165894000075;1
08250807335100320760;08;3;35;043;2025;08;23;5;3;0;1;2;0;1;0;0;0;0;0;514287,152099999599159;5279803,440799999982119;9,190323136000075;47,671464319000052;1
08250726111500300740;08;1;11;000;2025;07;11;7;3;0;6;0;0;1;1;0;0;0;0;512699,404900000430644;5402583,765799999237061;9,172852134000038;48,776126910000073;1
08250823436400362120;08;4;36;009;2025;08;13;7;3;0;1;0;0;1;0;0;0;0;0;557249,141999999992549;5307338,911000000312924;9,766232373000037;47,916816544000028;1
08250821116500356580;08;1;16;035;2025;08;11;5;3;0;1;0;0;1;0;0;0;0;0;526737,775100000202656;5392091,965900000184774;9,363245564000067;48,681299195000065;1
08250815127100371500;08;1;27;062;2025;08;14;6;3;0;7;0;1;1;0;0;0;0;0;547020,642900000326335;5431420,306199999526143;9,643301470000040;49,033870195000077;1
08250716128300248490;08;1;28;064;2025;07;12;4;3;4;2;0;1;1;1;0;0;0;0;537871,148599999956787;5502187,416699999943376;9,524860114000035;49,671028399000079;1
08250722317100288100;08;3;17;068;2025;07;13;3;3;5;2;0;0;1;1;0;0;0;0;436022,175999999977648;5388830,196000000461936;8,131377855000039;48,649253344000044;1
08250819127202380880;08;1;27;014;2025;08;16;3;3;5;3;0;0;1;1;0;0;0;0;577439,752000000327826;5443699,139699999243021;10,061765450000053;49,141235238000036;1
08250804325102335450;08;3;25;061;2025;08;15;2;3;5;2;0;0;1;1;0;0;0;0;473198,667999999597669;5351623,103000000119209;8,638489021000055;48,317229608000048;1
08250804436000316020;08;4;37;044;2025;08;00;2;3;0;1;2;0;1;0;0;0;0;0;530096,988599999807775;5324107,548299999907613;9,404012759000068;48,069533263000039;1
08250801335300313830;08;3;35;075;2025;08;12;6;3;0;1;0;1;1;0;0;0;0;0;487205,264899999834597;5289845,034600000828505;8,829262765000067;47,761845753000046;1
08250723118500256490;08;1;18;001;2025;07;17;4;3;0;1;0;0;1;0;0;0;0;0;523464,739799999631941;5418957,330000000074506;9,320315873000027;48,923105895000049;1
08250725421300304150;08;4;25;141;2025;07;21;6;3;3;7;2;1;1;1;0;0;0;0;568168,211000000126660;5362438,889000000432134;9,921190805000037;48,411415633000047;1
08250713436300246860;08;4;36;094;2025;07;11;1;3;0;1;0;0;1;0;0;0;0;0;567356,307500000111759;5285845,401300000026822;9,898150951000048;47,722470969000028;1
08250819111370409970;08;1;11;000;2025;08;14;3;3;6;4;0;0;0;1;1;0;0;0;512902,129900000058115;5406478,662900000810623;9,175733749000074;48,811160835000067;1
08250722119010275550;08;1;19;004;2025;07;23;3;2;6;4;2;0;0;0;1;0;1;0;538462,668100000359118;5416982,977900000289083;9,524858445000064;48,904595578000055;1
08250807136000326970;08;1;36;002;2025;08;14;5;3;0;7;0;0;1;0;0;0;0;0;572498,646200000308454;5417461,182399999350309;9,989340122000044;48,905848068000068;1
08250713435100230700;08;4;35;016;2025;07;20;1;3;0;3;0;0;1;1;0;0;0;0;539248,405600000172853;5279761,030799999833107;9,522825398000066;47,670049407000079;1
08250725317500259590;08;3;17;096;2025;07;19;6;3;5;2;0;0;1;1;0;0;0;0;421047,610999999567866;5368520,966299999505281;7,931955483000024;48,464864657000078;1
08250728116200308320;08;1;16;077;2025;07;10;2;3;3;1;0;1;1;1;0;0;0;0;516161,764600000344217;5389510,999399999156594;9,219465969000055;48,658444075000034;1
08250719231202274110;08;2;35;035;2025;07;21;7;2;8;1;2;0;1;0;0;0;0;0;470016,951399999670684;5405600,263399999588728;8,591683790000047;48,802669598000080;1
08250715116100225680;08;1;16;019;2025;07;19;3;3;0;1;0;0;1;0;0;0;0;0;521429,561700000427663;5398850,309599999338388;9,291482993000045;48,742301738000037;1
08250718222700253110;08;2;22;000;2025;07;13;6;3;0;7;0;0;1;0;0;0;0;0;463671,323300000280142;5480733,565199999138713;8,498497403000044;49,478159413000071;1
08250807119100347340;08;1;19;053;2025;08;19;5;3;1;5;0;0;1;0;0;0;0;1;533567,577899999916553;5426094,876800000667572;9,458813674000055;48,986845523000056;1
08250728135200306580;08;1;35;019;2025;07;17;2;2;5;3;0;0;1;1;0;0;0;0;585597,300300000235438;5391075,027699999511242;10,162557358000072;48,666856877000043;1
08250812226700357210;08;2;26;065;2025;08;06;3;3;5;3;0;0;1;1;0;0;0;0;478292,849999999627471;5458021,671000000089407;8,701577211000028;49,274567075000050;1
08250725127202293360;08;1;27;046;2025;07;12;6;2;6;4;0;1;0;1;1;0;0;0;571292,254200000315905;5449861,130400000140071;9,978583186000037;49,197400682000080;1
08250725231102291980;08;2;36;028;2025;07;15;6;3;2;6;0;0;1;1;0;0;0;0;493201,865000000223517;5426808,258999999612570;8,907067226000038;48,994137709000029;1
08250801436000318300;08;4;35;057;2025;08;14;6;3;5;3;0;1;1;1;0;0;0;0;544051,866999999620020;5280765,184000000357628;9,586910014000068;47,678774607000037;1
08250718436100235090;08;4;36;055;2025;07;20;6;2;0;1;0;0;1;0;0;0;0;0;576006,694000000134110;5297157,551400000229478;10,015459871000076;47,823275939000041;1
08250816212010367980;08;2;12;000;2025;08;10;7;3;2;6;0;0;1;1;0;0;0;0;461791,329599999822676;5424115,007600000128150;8,477938830000028;48,968766349000077;1
08250804216100316480;08;2;16;043;2025;08;07;2;3;0;1;0;1;1;0;0;0;0;0;442187,800300000235438;5412144,229499999433756;8,211805469000069;48,859567442000071;1
08250726119300294660;08;1;19;076;2025;07;17;7;3;5;3;0;0;1;1;0;0;0;0;542385,703599999658763;5406486,971499999985099;9,577302389000067;48,809923937000065;1
08250822436000366060;08;4;35;057;2025;08;15;6;3;0;1;0;0;1;0;0;0;0;0;542710,195199999958277;5278629,685100000351667;9,568826817000058;47,659650997000028;1
08250725337400275220;08;3;37;051;2025;07;21;6;2;5;2;2;0;1;1;0;0;0;0;436329,131799999624491;5284723,408099999651313;8,151150146000020;47,712750867000068;1
08250808436400332740;08;4;36;012;2025;08;14;6;3;1;6;0;0;1;0;0;0;0;0;548083,034699999727309;5300722,006599999964237;9,642823301000021;47,858038607000026;1
08250815317600340440;08;3;17;129;2025;08;15;6;2;0;1;0;0;1;0;0;0;0;0;427160,649400000460446;5345732,330499999225140;8,018583895000063;48,260611935000043;1
08250726115100294910;08;1;15;003;2025;07;14;7;3;5;3;0;1;1;1;0;0;0;0;500619,301699999719858;5392788,134600000455976;9,008414644000027;48,688134361000039;1
08250805326400381770;08;3;26;074;2025;08;17;3;3;0;1;0;0;1;0;0;0;0;0;459852,017599999904633;5327351,638399999588728;8,460766225000043;48,098165645000051;1
08250819326200351630;08;3;26;074;2025;08;19;3;3;0;1;0;0;1;0;0;0;0;0;464563,263500000350177;5323583,717700000852346;8,524353894000058;48,064546102000065;1
08250724325102260090;08;3;25;057;2025;07;15;5;3;0;1;0;1;1;0;0;0;0;0;473211,576200000010431;5356494,333100000396371;8,638353291000044;48,361054052000043;1
08250808317010349230;08;3;17;114;2025;08;15;6;2;8;1;0;0;1;0;0;0;0;0;405467,202700000256300;5346997,941999999806285;7,726076261000060;48,269129855000074;1
08250718226700280060;08;2;26;098;2025;07;00;6;2;0;7;2;0;1;0;0;0;0;0;476466,187500000000000;5458266,275800000876188;8,676450866000039;49,276699720000067;1
08250806135200321260;08;1;35;019;2025;08;17;4;3;0;7;0;0;1;0;0;0;0;0;591394,359000000171363;5392885,692199999466538;10,241672815000072;48,682320621000031;1