UIDENTSTLAE;ULAND;UREGBEZ;UKREIS;UGEMEINDE;UJAHR;UMONAT;USTUNDE;UWOCHENTAG;UKATEGORIE;UART;UTYP1;ULICHTVERH;IstStrassenzustand;IstRad;IstPKW;IstFuss;IstKrad;IstGkfz;IstSonstige;LINREFX;LINREFY;XGCSWGS84;YGCSWGS84;PLST
08250804111330341420;08;1;11;000;2025;08;17;2;3;0;7;0;0;1;0;0;0;0;0;510845,962399999611080;5409346,251399999484420;9,147803619000058;48,836996559000056;1
08250823216100364370;08;2;16;012;2025;08;13;7;3;5;7;0;0;1;1;0;0;0;0;442592,892900000326335;5420008,811899999156594;8,216222666000021;48,930346506000035;1
08250721415100262140;08;4;15;050;2025;07;12;2;3;5;3;0;1;1;1;0;0;0;0;522083,344999999739230;5378360,274000000208616;9,299282723000033;48,557949680000036;1
08250817127202370440;08;1;27;046;2025;08;11;1;2;0;1;0;0;1;0;0;0;0;0;571743,863300000317395;5450873,915500000119209;9,984962082000038;49,206456956000068;1
08250805222600373820;08;2;22;000;2025;08;08;3;3;3;2;0;0;1;1;0;0;0;0;462972,840599999763072;5482572,531400000676513;8,488683301000037;49,494657784000026;1
08250808317100358790;08;3;17;118;2025;08;16;6;3;2;1;0;0;1;0;0;1;0;0;435428,593500000424683;5385540,167600000277162;8,123832436000043;48,619598039000039;1
08250801226700326810;08;2;26;046;2025;08;15;6;3;5;3;0;0;1;1;0;0;0;0;475040,195799999870360;5454562,650800000876188;8,657077214000026;49,243328877000067;1
08250718311010234720;08;3;15;131;2025;07;19;6;3;4;6;0;0;1;1;0;0;0;0;406076,449799999594688;5308182,176599999889731;7,742825641000024;47,920078320000073;1
08250712317500263800;08;3;17;096;2025;07;10;7;2;6;6;0;0;1;0;1;0;0;0;422618,664800000376999;5370243,536800000816584;7,952885701000071;48,480554322000046;1
08250718117400324630;08;1;17;055;2025;07;14;6;3;3;6;0;0;1;1;0;0;0;0;544481,273699999786913;5397472,641100000590086;9,604868114000055;48,728689277000058;1
08250729225100273900;08;2;25;052;2025;07;07;3;3;2;6;0;1;1;1;0;0;0;0;515137,903699999675155;5478707,867900000885129;9,208898588000068;49,460836977000042;1
08250729118100273260;08;1;18;079;2025;07;21;3;3;0;1;1;1;1;0;0;0;0;0;510553,167500000447035;5422198,786299999803305;9,144145586000036;48,952619835000064;1
08250724121500257650;08;1;25;048;2025;07;14;5;3;5;3;0;0;1;1;0;0;0;0;533810,316999999806285;5461852,201500000432134;9,465132501000028;49,308472649000066;1
08250721127100280820;08;1;27;063;2025;07;08;2;3;6;4;0;1;0;1;1;0;0;0;565532,089800000190735;5435306,422499999403954;9,897162156000036;49,067134050000050;1
08250721212010242910;08;2;12;000;2025;07;11;2;3;5;3;0;0;1;1;0;0;0;0;452860,873900000005960;5429800,578700000420213;8,355265904000021;49,019291692000081;1
08250712222600233370;08;2;22;000;2025;07;12;7;3;2;3;0;0;1;0;0;0;0;0;462997,412100000306964;5482983,603599999099970;8,488984104000053;49,498356665000074;1
08250723118100285870;08;1;18;079;2025;07;12;4;3;4;2;0;0;1;1;0;0;0;0;510189,519299999810755;5422926,135800000280142;9,139196739000056;48,959168923000050;1
08250824317010374940;08;3;17;096;2025;08;12;1;2;3;6;0;0;1;0;0;0;0;0;423362,941599999554455;5367891,983200000599027;7,963386393000064;48,459493338000073;1
08250730335100279050;08;3;35;043;2025;07;14;4;3;8;1;0;0;1;0;0;0;0;0;514913,195299999788404;5280370,850700000301003;9,198682160000033;47,676555536000080;1
08250812115300355810;08;1;15;050;2025;08;19;3;3;3;6;0;0;1;0;0;0;0;1;488863,180999999865890;5401988,719599999487400;8,848432320000029;48,770803844000056;1
08250816421200400330;08;4;25;141;2025;08;15;7;2;4;6;0;0;1;0;0;0;0;1;564642,079400000162423;5363647,655999999493361;9,873732677000021;48,422660670000027;1
08250725216300305020;08;2;16;015;2025;07;02;6;3;7;7;2;0;1;0;0;0;0;0;455070,416000000201166;5409944,078700000420213;8,387672653000038;48,840843196000037;1
08250822212010409860;08;2;12;000;2025;08;09;6;3;6;4;0;0;0;1;1;0;0;0;455678,439500000327826;5427649,264399999752641;8,394035041000052;49,000149284000031;1
08250824222400391330;08;2;26;105;2025;08;13;1;2;3;6;0;0;1;0;0;0;0;0;470731,661899999715388;5478455,250800000503659;8,596128144000033;49,458048235000035;1
08250716311010229510;08;3;15;084;2025;07;17;4;2;9;1;0;0;1;0;0;0;0;0;418521,385999999940395;5306486,040999999269843;7,909689124000067;47,906523031000063;1
08250719435100260160;08;4;35;016;2025;07;18;7;3;5;3;0;1;1;1;0;0;0;0;536785,974999999627471;5279446,944000000134110;9,489998352000043;47,667368224000029;1
08250814311010348070;08;3;36;091;2025;08;13;5;3;5;3;0;0;1;1;0;0;0;0;395776,084800000302494;5274149,481200000271201;7,613157211000043;47,612365723000039;1
08250814215402340690;08;2;15;009;2025;08;18;5;3;3;7;0;0;1;0;0;0;0;1;470390,274299999698997;5442924,902899999171495;8,594050926000023;49,138438981000036;1
08250716421200229850;08;4;25;075;2025;07;19;4;2;0;1;0;1;1;0;0;0;0;0;568282,104199999943376;5379603,253900000825524;9,925535283000045;48,565801009000040;1
08250724136100288260;08;1;36;050;2025;07;16;5;3;3;3;0;1;1;1;0;0;0;0;581017,991999999620020;5403607,881999999284744;10,102837021000028;48,780193022000049;1
08250718337400268470;08;3;37;097;2025;07;16;6;3;0;1;0;0;1;0;0;0;0;0;431197,520899999886751;5297502,777000000700355;8,080721114000028;47,827192673000070;1
08250719212010301330;08;2;12;000;2025;07;17;7;3;5;3;0;0;1;1;0;0;0;0;460136,974000000394881;5427837,471999999135733;8,454970660000072;49,002146277000065;1
08250730335400284110;08;3;35;057;2025;07;10;4;3;0;1;0;0;1;0;0;0;0;0;503216,649500000290573;5305196,318399999290705;9,043038190000061;47,900087139000050;1
08250815237100366640;08;2;37;002;2025;08;12;6;2;0;7;0;0;1;0;0;0;0;0;459978,823599999770522;5354379,025200000032783;8,459917685000050;48,341323975000080;1
08250803335200335480;08;3;35;063;2025;08;16;1;3;4;6;0;0;1;0;0;0;0;1;496961,617399999871850;5287940,619500000029802;8,959468024000046;47,744830468000032;1
08250720436200244710;08;4;36;064;2025;07;16;1;3;5;3;0;0;1;1;0;0;0;0;540522,606300000101328;5289886,161199999973178;9,540739882000025;47,761068987000044;1
08250825115100383930;08;1;15;002;2025;08;17;2;3;5;3;0;0;1;1;0;0;0;0;499879,077999999746680;5386669,528000000864267;8,998358783000072;48,633090761000062;1
08250809136100339740;08;1;36;045;2025;08;15;7;2;5;3;0;0;1;0;0;1;0;0;594090,847099999897182;5408127,084899999201298;10,281780074000039;48,818997428000046;1
08250814136000362530;08;1;36;079;2025;08;22;5;2;0;7;2;0;1;0;0;0;0;0;560408,633100000210106;5402157,630200000479817;9,822119593000025;48,769490788000041;1
08250813335100359530;08;3;35;066;2025;08;21;4;2;4;6;2;0;1;0;0;0;0;1;508333,393000000156462;5281552,165300000458956;9,111045042000057;47,687302919000047;1
08250712435100213970;08;4;35;030;2025;07;23;7;3;4;6;2;0;1;0;0;0;0;0;540647,854500000365078;5272576,349099999293685;9,540799049000043;47,605319810000026;1
08250718111500234700;08;1;11;000;2025;07;19;6;3;4;3;0;0;1;0;1;0;0;0;507822,601800000295043;5396531,527899999171495;9,106358951000061;48,721761445000027;1
08250807436400340900;08;4;36;082;2025;08;09;5;2;5;3;0;0;1;0;0;0;0;0;547368,160400000400841;5295361,084000000730157;9,632680155000060;47,809860037000078;1
08250817121200371030;08;1;21;000;2025;08;15;1;3;9;1;0;0;1;0;0;0;0;0;515612,783999999985099;5440161,802999999374151;9,213946201000056;49,114099125000052;1
08250822111120359100;08;1;11;000;2025;08;20;6;3;6;7;1;0;0;0;1;0;0;1;513635,061999999918044;5401850,566999999806285;9,185563026000068;48,769511306000027;1
08250725117300291160;08;1;17;026;2025;07;11;6;3;0;1;0;0;1;0;0;0;0;0;553838,797299999743700;5400020,450400000438094;9,732437205000053;48,750869394000063;1
08250717436100233200;08;4;36;055;2025;07;19;5;3;3;6;0;0;1;0;0;0;0;0;576368,864000000059605;5297403,956000000238419;10,020341165000048;47,825449704000050;1
08250717311010230850;08;3;15;095;2025;07;18;5;2;0;7;0;0;1;0;0;0;0;0;426326,575600000098348;5319702,659499999135733;8,011852417000057;48,026362562000031;1
08250722216300247310;08;2;16;013;2025;07;14;3;3;5;3;0;0;1;1;0;0;0;0;452740,790000000037253;5394731,115000000223517;8,357673231000035;48,703823417000081;1
08250806117400341020;08;1;17;051;2025;08;13;4;3;0;1;0;0;1;0;0;0;0;0;542846,110399999655783;5395099,102800000458956;9,582387422000068;48,707452462000049;1
08250808118010345040;08;1;18;019;2025;08;14;6;3;0;6;0;0;1;0;0;1;0;0;504130,282100000418723;5401078,489800000563264;9,056202448000022;48,762701391000064;1
08250809212010366430;08;2;15;017;2025;08;14;7;3;5;3;0;0;1;1;0;0;0;0;457921,847199999727309;5418184,097200000658631;8,425683604000028;48,915164935000064;1
08250811311500335860;08;3;15;039;2025;08;10;2;2;0;1;0;0;1;0;0;0;0;0;447588,825000000186265;5304532,028999999165535;8,298855682000067;47,891977745000077;1
08250725317500298420;08;3;17;096;2025;07;15;6;3;5;2;0;0;1;1;0;0;0;0;421047,781000000424683;5368521,506999999284744;7,931957680000039;48,464869542000031;1
08250723136000283350;08;1;36;028;2025;07;20;4;3;0;7;0;0;1;0;0;0;0;0;568628,063799999654293;5404735,915200000628829;9,934396150000055;48,791829699000061;1
08250722231302303830;08;2;31;000;2025;07;13;3;3;0;3;0;0;0;0;1;0;0;1;478366,094700000248849;5416021,665400000289083;8,704831982000030;48,896764419000078;1
08250726435200262110;08;4;35;005;2025;07;06;7;3;0;1;2;1;1;0;0;0;0;0;525246,863400000147521;5286093,630799999460578;9,336682651000046;47,727725287000055;1
08250823327100361570;08;3;27;025;2025;08;09;7;3;5;2;0;0;1;0;0;0;0;0;486759,638500000350177;5308889,512800000607967;8,822733298000060;47,933187245000056;1
08250725337400289610;08;3;37;126;2025;07;11;6;3;6;4;0;1;0;0;1;0;0;1;440423,910799999721348;5274694,416799999773502;8,207103288000042;47,622912386000053;1
08250712119200213900;08;1;19;079;2025;07;22;7;3;9;7;2;0;1;0;0;0;0;0;521458,945100000128150;5411344,849400000646710;9,292535520000058;48,854699299000060;1
08250731215402295130;08;2;15;084;2025;07;15;5;3;3;6;0;0;1;0;0;0;0;0;471617,960900000296533;5444445,732200000435114;8,610774948000028;49,152177065000046;1
08250824118010387350;08;1;18;019;2025;08;12;1;3;0;6;0;0;1;0;0;1;0;0;505026,641599999740720;5400509,691600000485778;9,068392625000058;48,757577897000033;1
08250821121600360690;08;1;25;107;2025;08;12;5;3;4;1;0;0;1;0;0;0;0;1;531874,750199999660254;5437089,884600000455976;9,436540847000060;49,085838594000052;1
08250824317100384900;08;3;17;001;2025;08;22;1;3;8;1;2;0;1;0;0;0;0;0;431617,258799999952316;5386628,598600000143051;8,071943921000070;48,628983490000053;1
08250715119400262300;08;1;19;091;2025;07;18;3;2;4;6;0;0;1;0;0;0;0;0;528560,125000000000000;5407087,598999999463558;9,389042475000053;48,816116245000046;1
08250807211000368560;08;2;16;041;2025;08;11;5;2;5;3;0;0;1;1;0;0;0;0;434484,724999999627471;5390959,243000000715256;8,110169561000021;48,668244971000036;1
08250801311010329320;08;3;15;050;2025;08;10;6;1;6;4;0;1;0;0;1;0;1;0;400184,865000000223517;5302912,305400000885129;7,665206878000049;47,871786077000081;1
08250718221200273070;08;2;21;000;2025;07;08;6;3;3;2;0;0;1;0;0;0;1;0;476801,059000000357628;5472193,134999999776483;8,680244111000036;49,401983856000072;1
08250815212010352200;08;2;12;000;2025;08;14;6;3;3;2;0;0;1;0;0;0;1;0;461756,331000000238419;5427334,033999999985099;8,477157823000027;48,997720189000063;1
08250813436000338810;08;4;35;030;2025;08;10;4;3;0;1;0;0;1;0;0;0;0;0;541376,392699999734759;5271697,825500000268221;9,550408506000053;47,597369279000077;1
08250822222014374300;08;2;26;003;2025;08;13;6;1;5;3;0;0;1;1;0;0;0;0;461189,877000000327826;5463274,471000000834465;8,465949224000042;49,320968288000074;1
08250715111250244040;08;1;11;000;2025;07;13;3;3;5;3;0;0;1;1;0;0;0;0;519712,270399999804795;5400616,539699999615550;9,268209381000077;48,758247299000061;1
08250720231202238040;08;2;36;072;2025;07;01;1;3;0;7;2;0;1;0;0;0;0;0;466616,786600000225008;5413217,561300000175834;8,544760503000020;48,871018359000061;1
08250713311010252820;08;3;11;000;2025;07;16;1;2;5;2;0;0;1;1;0;0;0;0;414712,843000000342727;5318882,672000000253320;7,856275953000022;48,017541234000078;1
08250728127202268610;08;1;27;014;2025;07;13;2;3;5;3;0;0;1;1;0;0;0;0;579020,862900000065565;5441983,812599999830127;10,083103624000046;49,125606569000070;1
08250806118010339020;08;1;15;053;2025;08;12;4;2;5;3;0;0;1;1;0;0;0;0;482391,190000000409782;5379844,163000000640750;8,761294615000054;48,571440727000038;1
08250717311010246600;08;3;36;019;2025;07;15;5;2;3;6;0;0;1;1;0;0;0;0;393720,479000000283122;5276156,826999999582767;7,585325934000025;47,630087984000056;1
08250716436000242100;08;4;35;035;2025;07;17;4;3;8;1;0;0;1;0;0;0;0;0;542189,295199999585748;5283186,138100000098348;9,562330033000023;47,700680761000058;1
08250729115100296730;08;1;15;044;2025;07;15;3;3;5;6;0;0;1;1;0;0;0;0;507173,851800000295043;5390156,131699999794364;9,097427600000060;48,664415644000030;1
08250723212702288920;08;2;15;110;2025;07;11;4;3;4;6;0;0;1;0;0;0;0;0;459996,291799999773502;5419325,141400000080466;8,453884014000039;48,925566519000029;1
08250711435100279460;08;4;35;016;2025;07;12;6;3;0;1;0;0;1;0;0;0;0;0;535211,024100000038743;5277764,065099999308586;9,468884760000037;47,652314325000077;1
08250809435200332000;08;4;35;036;2025;08;00;7;3;0;7;2;0;1;0;0;0;0;0;519527,072399999946356;5282741,859300000593066;9,260256408000032;47,697765993000075;1
08250718335100238070;08;3;35;043;2025;07;17;6;3;8;1;0;0;1;0;0;0;0;0;514844,103799999691546;5280217,605599999427795;9,197756479000077;47,675178282000047;1
08250720216200285370;08;2;16;007;2025;07;19;1;3;0;1;0;1;1;0;0;0;0;0;431543,874200000427663;5395964,961200000718236;8,069402785000023;48,712955543000078;1
08250714118010258510;08;1;18;048;2025;07;16;2;3;6;7;0;0;0;1;1;0;0;0;514268,596099999733269;5414621,599799999967217;9,194629309000049;48,884383219000028;1
08250809426300347810;08;4;26;045;2025;08;10;7;3;3;2;0;0;1;0;0;0;0;0;533979,821700000204146;5327468,293500000610948;9,456400515000041;48,099574030000042;1
08250808216100322540;08;2;16;043;2025;08;10;6;3;0;1;0;0;1;0;0;0;0;0;437724,279699999839067;5412173,502199999988079;8,150953424000022;48,859398715000054;1
08250719118400250820;08;1;18;048;2025;07;10;7;3;1;7;0;0;1;0;0;0;0;1;514554,959900000132620;5415168,124900000169873;9,198554864000073;48,889292957000066;1
08250824436400388890;08;4;36;083;2025;08;20;1;3;2;3;1;0;1;1;0;0;0;0;531716,169200000353158;5301336,828400000929832;9,424067171000047;47,864586813000074;1
08250816128100348540;08;1;28;007;2025;08;03;7;2;0;7;2;0;1;0;0;0;0;0;554150,413599999621511;5479410,501900000497699;9,747324948000028;49,464931474000082;1
08250718317500299920;08;3;17;096;2025;07;07;6;3;5;3;0;0;1;1;0;0;0;0;421204,599000000394881;5369400,847899999469519;7,933913005000022;48,472798783000030;1
08250810136200339760;08;1;36;003;2025;08;22;1;3;0;7;2;0;1;0;0;0;0;0;573692,551699999719858;5422928,916099999099970;10,006618173000049;48,954885803000082;1
08250811335100365660;08;3;35;043;2025;08;10;2;3;7;7;0;0;1;0;0;0;0;0;513063,311200000345707;5280509,869200000539422;9,174041226000043;47,677846404000036;1
08250802337400325180;08;3;37;125;2025;08;11;7;3;0;1;0;1;1;0;0;0;0;0;447068,925900000147521;5273016,069900000467896;8,295737103000022;47,608389248000037;1
08250724317500255620;08;3;17;096;2025;07;19;5;3;5;2;0;0;1;1;0;0;0;0;421634,321000000461936;5368805,767000000923872;7,939837542000021;48,467499789000044;1
08250810235100351790;08;2;35;085;2025;08;13;1;2;2;6;0;0;1;0;0;1;0;0;483619,309700000099838;5391623,685100000351667;8,777477525000052;48,677444240000057;1
08250720317000272250;08;3;17;096;2025;07;11;1;3;7;7;0;0;1;0;0;0;0;0;421667,910600000061095;5363119,062100000679493;7,941355463000036;48,416352329000063;1
08250717111370234550;08;1;11;000;2025;07;06;5;3;5;3;0;1;1;1;0;0;0;0;511641,839399999938905;5406502,787399999797344;9,158568691000028;48,811402747000045;1
08250714335300219780;08;3;35;022;2025;07;09;2;3;1;1;0;1;1;1;0;0;0;0;483724,577100000344217;5300620,017699999734759;8,782411031000038;47,858714324000061;1
08250806316100340290;08;3;16;020;2025;08;10;4;3;5;3;0;0;1;1;0;0;0;0;408780,009300000034273;5338683,127299999818206;7,772499091000043;48,194826006000028;1
08250731311400281560;08;3;15;048;2025;07;11;5;3;0;5;0;0;1;1;0;0;0;0;397183,782399999909103;5309320,734099999070168;7,623558846000037;47,928954778000048;1
08250818311010346120;08;3;15;131;2025;08;14;2;3;5;3;0;0;1;1;0;0;0;0;403926,501000000163913;5310387,361999999731779;7,713563912000041;47,939595425000050;1
08250713335300289460;08;3;35;075;2025;07;00;1;3;0;1;2;0;1;0;0;0;0;0;486903,442800000309944;5289681,932199999690056;8,825240083000040;47,760372174000054;1
08250711415200287340;08;4;15;027;2025;07;17;6;3;0;7;0;0;1;1;0;0;0;0;528621,825400000438094;5361387,883600000292063;9,386730628000066;48,404997823000031;1
08250807326400321390;08;3;26;074;2025;08;11;5;3;3;6;0;0;1;1;0;0;0;0;459819,770600000396371;5322325,319599999114871;8,460805810000068;48,052943485000071;1
08250820435100352730;08;4;35;035;2025;08;14;4;3;5;3;0;1;1;1;0;0;0;0;542014,893799999728799;5282414,757899999618530;9,559931286000051;47,693751840000061;1
08250813119500363450;08;1;19;042;2025;08;14;4;3;5;3;0;0;1;1;0;0;0;0;527032,558500000275671;5416237,479399999603629;9,368838844000038;48,898493748000078;1
08250810128300356980;08;1;28;131;2025;08;12;1;3;0;7;0;0;1;0;0;0;0;0;536695,592699999921024;5512556,669600000604987;9,509543609000048;49,764363589000027;1
08250818111500346260;08;1;11;000;2025;08;17;2;3;5;3;0;0;1;1;0;0;0;0;512514,487099999561906;5406551,729399999603629;9,170456105000028;48,811826060000044;1
08250730231202298940;08;2;36;072;2025;07;09;4;3;0;7;0;1;0;1;1;0;0;0;466798,922399999573827;5410609,879599999636412;8,547455687000024;48,847570591000078;1
08250802337200331010;08;3;37;126;2025;08;19;7;3;0;3;0;1;1;0;0;0;0;0;444744,626099999994040;5275021,991599999368191;8,264561167000068;47,626242604000026;1
08250804435100341570;08;4;35;016;2025;08;16;2;3;5;2;0;0;1;1;0;0;0;0;536023,987599999643862;5279629,494300000369549;9,479863916000056;47,669053596000026;1
08250802311010314210;08;3;11;000;2025;08;18;7;3;5;3;0;0;1;1;0;0;0;0;412370,530000000260770;5315689,137000000104308;7,825524010000038;47,988497482000071;1
08250711335300228200;08;3;35;075;2025;07;07;6;3;5;3;0;0;1;1;0;0;0;0;488457,378499999642372;5290179,877599999308586;8,845962429000053;47,764882151000052;1
08250801437200319510;08;4;37;114;2025;08;15;6;3;0;1;0;0;1;0;0;0;0;0;515908,614900000393391;5336388,911900000646710;9,214012885000045;48,180539615000043;1
08250712436400216820;08;4;36;009;2025;07;13;7;3;0;1;0;0;1;0;0;0;0;0;551906,357900000177324;5304518,403300000354648;9,694389871000055;47,891896194000026;1
08250730118500298210;08;1;18;063;2025;07;17;4;3;5;3;0;0;1;1;0;0;0;0;515070,378999999724329;5423054,630999999120831;9,205877449000070;48,960225094000066;1
08250824335300379750;08;3;35;075;2025;08;15;1;3;5;2;0;0;1;0;0;0;0;0;487217,842600000090897;5289851,356399999931455;8,829430419000062;47,761902883000062;1
08250718435200277090;08;4;35;067;2025;07;17;6;3;0;1;0;0;1;0;0;0;0;0;528550,374400000087917;5294995,318900000303984;9,381321048000075;47,807679228000040;1
08250819311100383190;08;3;15;132;2025;08;16;3;3;4;3;0;0;1;0;0;0;0;0;408599,643299999646842;5324541,647900000214577;7,773106752000047;48,067598728000064;1
08250818115400345510;08;1;15;045;2025;08;07;2;3;5;3;0;0;1;1;0;0;0;0;499880,099700000137091;5394614,633300000801682;8,998370347000048;48,704566009000075;1
08250814128300336400;08;1;28;131;2025;08;11;5;2;9;1;0;0;1;0;0;0;0;0;537713,566999999806285;5508513,338999999687076;9,523286934000055;49,727934553000068;1
08250717119400269290;08;1;19;091;2025;07;16;5;3;4;3;0;0;1;1;0;0;0;0;527406,284099999815226;5406872,326799999922514;9,373310974000049;48,814231689000053;1
08250815311010361170;08;3;11;000;2025;08;11;6;2;1;5;0;0;1;0;0;0;1;0;414184,371000000275671;5315879,154999999329448;7,849791358000061;47,990452735000076;1
08250721212502263780;08;2;12;000;2025;07;12;2;3;5;3;0;0;1;1;0;0;0;0;452375,609400000423193;5427658,447899999096990;8,348880575000067;48,999985910000078;1
08250812435100354230;08;4;35;016;2025;08;14;3;3;5;2;0;0;1;0;0;0;0;1;536157,275700000114739;5278448,083000000566244;9,481541571000037;47,658416529000078;1
08250712121600215680;08;1;25;046;2025;07;13;7;2;0;1;0;0;1;0;0;0;0;0;520625,110299999825656;5433287,818099999800324;9,282280012000058;49,052117324000051;1
08250803435100315080;08;4;35;016;2025;08;15;1;3;0;1;0;1;1;0;0;0;0;0;531579,463000000454485;5280457,689300000667572;9,420721491000052;47,676737574000072;1
08250819118500379100;08;1;18;070;2025;08;11;3;3;5;3;0;0;1;1;0;0;0;0;520195,281999999657273;5423859,349999999627471;9,275928282000052;48,967317809000065;1
08250728216100268540;08;2;16;009;2025;07;14;2;3;8;1;0;1;1;0;0;0;0;0;445618,549999999813735;5421108,568600000813603;8,257381405000046;48,940512074000026;1
08250802327100329790;08;3;27;050;2025;08;11;7;3;4;7;0;1;1;1;0;0;0;0;487351,012400000356138;5314377,870600000023842;8,830489340000042;47,982579123000050;1
08250808116500379060;08;1;16;008;2025;08;13;6;2;5;1;0;0;1;1;0;0;0;0;519297,213100000284612;5380138,664699999615550;9,261606841000059;48,574040399000069;1
08250812237100371490;08;2;37;028;2025;08;14;3;3;2;6;0;0;1;1;0;0;0;0;455520,991000000387430;5368714,493699999526143;8,398243416000071;48,469988457000056;1
08250711317100242610;08;3;17;089;2025;07;17;6;3;5;3;0;0;1;1;0;0;0;0;430366,058600000105798;5379640,147099999710917;8,056137522000029;48,565984131000050;1
08250816111130515010;08;1;11;000;2025;08;14;7;3;0;4;0;0;0;0;1;1;0;0;512456,969999999739230;5401288,546000000089407;9,169513131000031;48,764480096000057;1
08250713117300217120;08;1;17;026;2025;07;17;1;3;5;3;0;0;1;1;0;0;0;0;548939,501099999994040;5394778,766400000080466;9,665168630000039;48,704122486000074;1
08250806435100342540;08;4;35;016;2025;08;13;4;3;5;3;0;0;1;1;0;0;0;0;534860,470599999651313;5282330,874500000849366;9,464581356000053;47,693422748000046;1
08250806317500318450;08;3;17;096;2025;08;14;4;3;4;6;0;0;1;0;0;0;0;1;420984,150299999862909;5368408,153400000184774;7,931118471000048;48,463841949000027;1
08250810212010353270;08;2;15;107;2025;08;10;1;2;4;6;0;0;1;1;0;0;0;0;463061,182000000029802;5456349,729000000283122;8,492338403000076;49,258797675000039;1
08250810222014327400;08;2;21;000;2025;08;14;1;2;4;6;0;0;1;0;0;0;0;0;479890,000199999660254;5473761,998900000005960;8,722739613000044;49,416205483000056;1
08250808211100333890;08;2;16;049;2025;08;08;6;2;0;7;0;0;1;0;0;0;0;0;437507,088800000026822;5400911,114299999549985;8,149707349000039;48,758072566000067;1
08250817311010352590;08;3;11;000;2025;08;03;1;3;0;7;2;0;1;0;0;0;0;0;414052,493700000457466;5314548,379000000655651;7,848290504000033;47,978464173000077;1
08250725119400262500;08;1;19;079;2025;07;18;6;3;6;4;0;0;0;1;1;0;0;0;525558,550200000405312;5407301,779799999669194;9,348169574000053;48,818173693000062;1
08250723435100301730;08;4;35;057;2025;07;16;4;3;2;6;0;0;1;0;0;0;0;1;543922,013199999928474;5279560,756400000303984;9,585058904000050;47,667946928000049;1
08250726436200276340;08;4;36;064;2025;07;00;7;3;0;1;2;1;1;0;0;0;0;0;544777,391599999740720;5292237,642899999395013;9,597755751000022;47,781943877000060;1
08250718115300268780;08;1;15;052;2025;07;13;6;3;4;2;0;0;1;1;0;0;0;0;493537,416899999603629;5408829,338800000026822;8,911939042000029;48,832407588000081;1
08250811221200358980;08;2;21;000;2025;08;18;2;3;4;6;0;0;1;0;0;0;0;0;480237,002999999560416;5474003,513100000098348;8,727511722000031;49,418389242000046;1
08250816231000396590;08;2;31;000;2025;08;12;7;3;5;2;0;0;1;1;0;0;0;0;472828,142699999734759;5417847,013599999248981;8,629153450000047;48,912966340000025;1
08250819311010377700;08;3;15;056;2025;08;17;3;2;8;1;0;0;1;0;0;0;0;0;415939,332600000314415;5310257,073499999940395;7,874408240000037;47,940112395000028;1
08250807326100330780;08;3;26;012;2025;08;09;5;3;5;3;0;0;1;1;0;0;0;0;461758,965900000184774;5311623,309200000017881;8,487781704000042;47,956778606000057;1
08250711237100289320;08;2;37;028;2025;07;14;6;3;6;4;0;0;0;0;1;1;0;0;456519,513000000268221;5367711,996999999508262;8,411855886000069;48,461039851000066;1
08250823211100362290;08;2;11;000;2025;08;19;7;3;0;7;0;0;1;0;0;0;0;0;441728,096800000406802;5403595,523600000888109;8,206753089000074;48,782628542000054;1
08250723119300288560;08;1;19;067;2025;07;14;4;3;0;6;0;0;1;0;0;0;0;1;539560,498999999836087;5405921,018400000408292;9,538769793000029;48,805019177000077;1
08250810121100328160;08;1;25;006;2025;08;13;1;2;8;1;0;0;1;0;0;0;0;0;510819,938900000415742;5457666,091900000348687;9,148740156000031;49,271658206000041;1
08250712311100216850;08;3;15;059;2025;07;17;7;3;8;1;0;0;1;0;0;0;0;0;399524,291000000201166;5321862,048000000417233;7,651948454000035;48,042131630000029;1
08250731127100294770;08;1;27;009;2025;07;11;5;1;0;7;0;0;1;0;0;0;0;0;557761,705000000074506;5448515,255200000479817;9,792685383000048;49,186719483000047;1
08250711311010210400;08;3;11;000;2025;07;11;6;3;1;6;0;0;1;1;0;0;0;0;415164,129599999636412;5312451,014000000432134;7,863597560000073;47,959745783000074;1
08250728212010296560;08;2;15;102;2025;07;20;2;3;6;7;0;0;0;0;1;0;0;1;456179,542299999855459;5438358,608799999579787;8,399727191000068;49,096516122000025;1
08250808436000347980;08;4;36;049;2025;08;15;6;3;4;6;0;0;1;1;0;0;0;0;580469,488699999637902;5287078,399299999698997;10,073205155000039;47,732061508000072;1
08250718437100251480;08;4;37;100;2025;07;23;6;3;0;7;2;0;1;0;0;0;0;0;533569,456699999980628;5318915,451799999922514;9,450217408000071;48,022647474000053;1
08250807221011320010;08;2;21;000;2025;08;08;5;3;5;3;0;0;1;0;0;0;0;1;477520,907399999909103;5471098,477700000628829;8,690227712000024;49,392164575000038;1
08250812121400341320;08;1;25;013;2025;08;21;3;3;1;5;2;0;1;1;0;0;0;0;506833,711500000208616;5434566,126700000837445;9,093549857000028;49,063923674000080;1
08250714211100272840;08;2;11;000;2025;07;13;2;2;6;4;0;1;0;0;1;1;0;0;443001,838999999687076;5402449,013000000268221;8,224249611000062;48,772433544000080;1
08250723121600255660;08;1;25;110;2025;07;12;4;3;6;4;0;0;0;1;1;0;0;0;529408,810800000093877;5443030,216900000348687;9,403202289000035;49,139395951000040;1