UIDENTSTLAE;ULAND;UREGBEZ;UKREIS;UGEMEINDE;UJAHR;UMONAT;USTUNDE;UWOCHENTAG;UKATEGORIE;UART;UTYP1;ULICHTVERH;IstStrassenzustand;IstRad;IstPKW;IstFuss;IstKrad;IstGkfz;IstSonstige;LINREFX;LINREFY;XGCSWGS84;YGCSWGS84;PLST
08250816337100368270;08;3;37;116;2025;08;14;7;2;0;1;0;0;1;0;0;0;0;0;417861,548100000247359;5275359,783099999651313;7,906745173000047;47,626429968000082;1
08250818311010372310;08;3;11;000;2025;08;19;2;3;4;6;0;0;1;0;0;0;0;0;410509,024600000120699;5320892,350099999457598;7,799494335000077;48,035043612000038;1
08250720426300244740;08;4;26;045;2025;07;19;1;2;4;6;0;0;1;0;0;0;0;0;535777,931900000199676;5327965,212400000542402;9,480592672000057;48,103946213000029;1
08250710326000210030;08;3;35;081;2025;07;14;5;3;6;6;0;0;0;0;1;1;0;0;489600,778900000266731;5296800,461600000038743;8,861062484000058;47,824470214000030;1
08250713336300217600;08;3;36;103;2025;07;17;1;3;8;1;0;0;1;0;0;0;0;0;415349,593799999915063;5285140,336500000208616;7,871422377000044;47,714091999000061;1
08250723136100255650;08;1;36;088;2025;07;14;4;3;5;3;0;0;1;1;0;0;0;0;577593,905100000090897;5413739,579900000244379;10,058153056000037;48,871757642000034;1
08250710426100284870;08;4;26;021;2025;07;07;5;3;5;3;0;0;1;1;0;0;0;0;559870,805399999953806;5327878,094799999147654;9,804185337000035;48,101353507000056;1
08250727311010292710;08;3;15;095;2025;07;10;1;3;6;7;0;0;1;0;1;0;0;0;428276,162999999709427;5318547,558399999514222;8,038190790000044;48,016193326000064;1
08250805111320317690;08;1;11;000;2025;08;19;3;3;5;2;1;0;1;1;0;0;0;0;513687,257000000216067;5403072,345399999991059;9,186314024000069;48,780501183000069;1
08250805326000332110;08;3;35;075;2025;08;10;3;3;5;3;0;0;1;1;0;0;0;0;492573,919999999925494;5285553,952199999243021;8,900976994000075;47,723320612000066;1
08250818118100372370;08;1;18;040;2025;08;18;2;3;0;7;0;0;1;0;0;0;0;0;510562,824000000022352;5431787,791999999433756;9,144526811000048;49,038878478000072;1
08250729317500287910;08;3;17;065;2025;07;16;3;3;6;4;0;0;0;1;1;0;0;0;414207,702999999746680;5354600,336999999359250;7,842291409000040;48,338756838000052;1
08250820216200352780;08;2;16;007;2025;08;05;4;3;0;1;2;0;1;0;0;0;0;0;437652,834699999541044;5389814,773800000548363;8,153366349000066;48,658274610000035;1
08250730326000276250;08;3;27;051;2025;07;11;4;3;0;1;0;1;1;0;0;0;0;0;484042,281799999997020;5334293,166899999603629;8,785405233000063;48,161683270000026;1
08250710436400227230;08;4;36;082;2025;07;12;5;3;5;2;0;0;1;0;0;0;0;1;547698,847199999727309;5295299,925599999725819;9,637090013000034;47,809285372000033;1
08250723136100256390;08;1;36;088;2025;07;13;4;3;5;2;0;0;1;1;0;0;0;0;579912,137000000104308;5410040,595000000670552;10,089039079000031;48,838193752000052;1
08250807118400329060;08;1;18;048;2025;08;06;5;3;6;4;0;0;1;0;1;0;0;0;515086,031299999915063;5416701,215600000694394;9,205856170000061;48,903071513000043;1
08250812311010371300;08;3;11;000;2025;08;17;3;2;9;1;0;1;1;1;0;1;0;0;416286,643000000156462;5308159,346499999985099;7,879465649000053;47,921287619000054;1
08250813436400333280;08;4;36;013;2025;08;16;4;3;5;3;0;0;1;1;0;0;0;0;545256,042399999685585;5295064,683100000023842;9,604440042000022;47,807345333000058;1
08250815215402367180;08;2;15;009;2025;08;11;6;3;5;2;0;0;1;1;0;0;0;0;468780,743400000035763;5442675,317999999970198;8,572004232000040;49,136114238000062;1
08250805436300319110;08;4;36;079;2025;08;17;3;3;3;6;0;0;1;1;0;0;0;0;555716,979399999603629;5288510,223600000143051;9,743304383000066;47,747555654000053;1
08250715416200272730;08;4;16;022;2025;07;07;3;3;5;3;0;0;1;1;0;0;0;0;512470,308400000445545;5375699,081800000742078;9,168923956000071;48,534273754000026;1
08250813222200738010;08;2;22;000;2025;08;10;4;3;6;7;0;0;0;0;1;0;0;1;460670,671900000423193;5481128,338300000876188;8,457037257000025;49,481523188000040;1
08250723127202251900;08;1;27;014;2025;07;19;4;3;0;7;0;0;1;0;0;0;0;0;579534,488300000317395;5443586,535199999809265;10,090458477000027;49,139954847000070;1
08250726326200284270;08;3;26;074;2025;07;14;7;3;6;2;0;1;0;1;1;0;0;0;465654,064000000245869;5323802,400000000372529;8,538976988000059;48,066573214000073;1
08250821222500357270;08;2;26;009;2025;08;14;5;3;0;7;0;0;1;0;0;0;0;0;464395,727300000376999;5470760,290200000628829;8,509392645000048;49,388496641000074;1
08250729337400274970;08;3;37;096;2025;07;19;3;3;5;3;0;0;1;1;0;0;0;0;420236,078999999910593;5266657,440999999642372;7,939926385000035;47,548437959000069;1
08250801416200316920;08;4;16;041;2025;08;11;6;3;0;7;0;1;1;0;0;0;0;0;505665,762199999764562;5373258,323599999770522;9,076715911000065;48,512414169000067;1
08250715226300234500;08;2;26;056;2025;07;11;3;3;6;3;0;0;0;1;1;0;0;0;485454,309600000269711;5471605,808900000527501;8,799534195000035;49,396969209000076;1
08250809212010339560;08;2;12;000;2025;08;17;7;3;5;3;0;0;1;1;0;0;0;0;460162,940299999900162;5427803,269700000062585;8,455329024000036;49,001840297000058;1
08250717337100257320;08;3;37;096;2025;07;19;5;3;5;3;0;0;1;1;0;0;0;0;422879,996100000105798;5267902,031700000166893;7,974840139000037;47,559954220000066;1
08250730221200281270;08;2;21;000;2025;07;18;4;3;5;3;0;0;1;1;0;0;0;0;478098,031999999657273;5473335,425499999895692;8,698057290000065;49,412306646000047;1
08250813335100332450;08;3;35;043;2025;08;09;4;2;8;1;0;0;1;0;0;0;0;0;514578,808600000105798;5280055,516699999570847;9,194216766000068;47,673725900000079;1
08250711426100226260;08;4;26;021;2025;07;16;6;3;3;2;0;0;1;1;0;0;0;0;558848,474999999627471;5327837,671000000089407;9,790449175000049;48,101085117000025;1
08250820136000352020;08;1;19;084;2025;08;09;4;3;0;7;0;0;1;0;0;0;0;0;545353,548499999567866;5414009,397199999541044;9,618555484000069;48,877381176000029;1
08250805231102325070;08;2;36;040;2025;08;16;3;3;0;7;0;0;1;0;0;0;0;0;493428,468500000424683;5422226,754599999636412;8,910238989000050;48,952926567000077;1
08250711426000218170;08;4;25;112;2025;07;17;6;2;3;6;0;0;1;0;0;0;0;0;582709,401499999687076;5375491,724899999797344;10,120239064000032;48,527081639000073;1
08250731317010281370;08;3;17;034;2025;07;19;5;2;5;3;0;0;1;1;0;0;0;0;426690,273299999535084;5361324,242599999532104;8,009534496000072;48,400811988000044;1
08250721436000243320;08;4;35;057;2025;07;15;2;3;5;2;0;0;1;1;0;0;0;0;544522,101700000464916;5279857,795299999415874;9,593082163000076;47,670578418000048;1
08250713216100226560;08;2;16;012;2025;07;02;1;3;6;7;2;0;0;0;1;1;0;0;441857,152800000272691;5420439,804800000041723;8,206117166000070;48,934154534000072;1
08250808221300349060;08;2;21;000;2025;08;15;6;2;0;7;0;0;1;0;0;0;0;0;479321,826799999922514;5473709,965500000864267;8,714908910000077;49,415718403000028;1
08250808119200323460;08;1;19;020;2025;08;17;6;3;5;2;0;0;1;1;0;0;0;0;520426,605999999679625;5406927,139599999412894;9,278242338000041;48,814993449000042;1
08250713317100221650;08;3;17;089;2025;07;14;1;3;5;2;0;0;1;1;0;0;0;0;425770,970999999903142;5388844,349999999627471;7,992216380000059;48,648247114000071;1
08250812317010332600;08;3;17;065;2025;08;13;3;3;1;3;0;0;1;1;0;0;0;0;416950,501099999994040;5354788,250800000503659;7,879259064000053;48,340813630000071;1
08250723111340266920;08;1;11;000;2025;07;11;4;3;5;3;0;0;1;1;0;0;0;0;513043,900999999605119;5406453,973400000482798;9,177663951000056;48,810935772000050;1
08250718336300267930;08;3;36;094;2025;07;14;6;3;4;6;0;0;1;0;0;0;0;0;416691,560399999842048;5291694,045700000599027;7,888055284000075;47,773223032000033;1
08250818222014367480;08;2;22;000;2025;08;16;2;2;5;2;0;0;1;1;0;0;0;0;464468,536700000055134;5485306,682800000533462;8,509090892000074;49,519339532000060;1
08250822311010358500;08;3;36;091;2025;08;13;6;3;5;3;0;0;1;1;0;0;0;0;395123,357300000265241;5271857,403000000864267;7,605022728000051;47,591642835000073;1
08250731317000297640;08;3;17;100;2025;07;13;5;3;5;3;0;0;1;1;0;0;0;0;423939,303999999538064;5366535,400000000372529;7,971427635000055;48,447360792000040;1
08250711237200213030;08;2;37;040;2025;07;16;6;3;5;3;0;0;1;1;0;0;0;0;473717,535000000149012;5366104,439999999478459;8,644581797000058;48,447531480000066;1
08250711116500243110;08;1;16;068;2025;07;12;6;3;0;1;0;0;1;0;0;0;0;0;526694,366000000387430;5390180,903999999165535;9,362532480000027;48,664109237000048;1
08250809415100337670;08;4;15;014;2025;08;12;7;3;0;7;0;0;1;0;0;0;0;1;524025,452499999664724;5375321,910199999809265;9,325427269000045;48,530544572000053;1
08250724435200273890;08;4;35;052;2025;07;20;5;3;0;7;0;0;1;0;0;0;0;0;521574,658200000412762;5291397,425300000235438;9,287975349000021;47,775579209000057;1
08250811211100327960;08;2;16;049;2025;08;21;2;3;9;1;2;0;1;0;0;0;0;0;436832,285799999721348;5401381,493699999526143;8,140454705000025;48,762235515000043;1
08250713435200246590;08;4;35;036;2025;07;19;1;3;0;1;0;0;1;0;0;0;0;0;517870,920199999585748;5284514,752299999818206;9,238256133000050;47,713765666000029;1
08250723337400250940;08;3;37;126;2025;07;13;4;2;0;1;0;0;1;0;0;0;0;0;440191,856499999761581;5274619,478000000119209;8,204025425000054;47,622216782000066;1
08250729335300277350;08;3;35;075;2025;07;12;3;3;5;2;0;0;1;1;0;0;0;0;486955,275100000202656;5289705,186499999836087;8,825931030000049;47,760582456000066;1
08250809436400324750;08;4;36;009;2025;08;15;7;3;0;1;0;0;1;0;0;0;0;0;556598,397300000302494;5308660,906500000506639;9,757697157000052;47,928767684000036;1
08250710136100238390;08;1;36;050;2025;07;10;5;3;6;4;0;0;1;0;1;0;0;0;581131,147499999962747;5403881,288499999791384;10,104430981000064;48,782637371000078;1
08250712121500269900;08;1;25;005;2025;07;14;7;2;3;6;0;0;1;0;0;0;0;1;516567,627600000239909;5450483,879499999806285;9,227455389000056;49,206924252000078;1
08250819426000350840;08;4;26;066;2025;08;17;3;3;5;3;0;0;1;1;0;0;0;0;583738,499200000427663;5325288,683399999514222;10,124213762000068;48,075370616000043;1
08250808127202349210;08;1;27;014;2025;08;14;6;3;5;2;0;0;1;1;0;0;0;0;575425,183100000023842;5443635,413699999451637;10,034136837000062;49,140912764000063;1
08250817121400346440;08;1;25;056;2025;08;09;1;3;0;1;0;0;1;0;0;0;0;0;509152,320700000040233;5434852,078400000929832;9,125296775000038;49,066465860000051;1
08250718231102250780;08;2;36;065;2025;07;11;6;3;2;2;0;0;1;1;0;0;0;0;489336,703200000338256;5415328,896800000220537;8,854529754000055;48,890818410000065;1
08250823436400360380;08;4;36;087;2025;08;12;7;2;0;1;0;0;1;0;0;0;0;0;546735,462000000290573;5302917,255000000819564;9,625046121000025;47,877888398000039;1
08250808426000334850;08;4;26;073;2025;08;14;6;2;5;3;0;0;1;1;0;0;0;0;564784,672899999655783;5336302,101900000125170;9,871462554000061;48,176654469000027;1
08250711116500243440;08;1;16;042;2025;07;18;6;2;5;3;0;0;1;1;0;0;0;0;517044,283099999651313;5382043,308399999514222;9,231142900000066;48,591240289000041;1
08250805436300340420;08;4;36;094;2025;08;15;3;3;6;4;0;0;0;0;1;1;0;0;570813,923999999649823;5279491,789999999105930;9,943218229000024;47,664940965000028;1
08250809222200362390;08;2;22;000;2025;08;21;7;3;6;6;2;0;1;0;1;0;0;0;460217,312099999748170;5482256,529100000858307;8,450665152000056;49,491641087000062;1
08250722311100334750;08;3;15;013;2025;07;08;3;3;4;2;0;0;1;1;0;0;0;0;404719,299700000323355;5324838,410900000482798;7,720966813000075;48,069700160000082;1
08250714425000219930;08;4;25;020;2025;07;19;2;3;5;3;0;0;1;1;0;0;0;0;559217,767099999822676;5360818,380100000649691;9,800023555000053;48,397742775000040;1
08250718317500237780;08;3;17;096;2025;07;17;6;3;3;6;0;0;1;0;0;0;0;0;422048,388000000268221;5369450,296399999409914;7,945318068000063;48,473348738000027;1
08250813215102343290;08;2;15;102;2025;08;11;4;3;0;7;0;0;1;0;0;0;0;0;455956,897900000214577;5437297,753200000151992;8,396793106000075;49,086957854000048;1
08250717426200252020;08;4;26;001;2025;07;17;5;3;5;3;0;0;1;1;0;0;0;0;566717,195299999788404;5345451,438300000503659;9,898894701000074;48,258759503000078;1
08250718118200271000;08;1;18;019;2025;07;12;6;3;5;2;0;0;1;1;0;0;0;0;504937,233099999837577;5405328,345200000330806;9,067234000000042;48,800927010000066;1
08250715325302279150;08;3;25;053;2025;07;12;3;3;2;6;0;1;1;0;0;0;0;0;454469,684799999929965;5341285,829900000244379;8,386987548000036;48,223161552000079;1
08250722222014303650;08;2;22;000;2025;07;08;3;2;5;3;0;0;1;1;0;0;0;0;461710,009499999694526;5484429,825600000098348;8,471065293000038;49,511284727000032;1
08250711311300231550;08;3;11;000;2025;07;12;6;3;0;1;0;0;1;0;0;0;0;0;414505,286000000312924;5313171,253000000491738;7,854630735000057;47,966137003000028;1
08250716115400245450;08;1;15;045;2025;07;14;4;3;5;2;0;0;1;1;0;0;0;0;500950,279400000348687;5394660,391899999231100;9,012916048000022;48,704976944000066;1
08250710135200207540;08;1;35;019;2025;07;20;5;3;9;1;0;0;1;0;0;0;0;0;584109,560999999754131;5393505,512000000104308;10,142850005000071;48,688919585000065;1
08250822216100358960;08;2;16;009;2025;08;20;6;3;0;1;2;0;1;0;0;0;0;0;445258,943400000222027;5420864,584799999371171;8,252503923000063;48,938285734000033;1
08250722226300286790;08;2;26;056;2025;07;18;3;3;5;2;0;1;1;1;0;0;0;0;485796,932699999772012;5471515,051599999889731;8,804259373000036;49,396160943000041;1
08250806121400320380;08;1;25;058;2025;08;15;4;3;0;1;0;0;1;0;0;0;0;0;508649,526200000196695;5443840,601099999621511;9,118606011000054;49,147328752000078;1
08250816311010344460;08;3;15;064;2025;08;17;7;3;0;1;0;0;1;0;0;0;0;0;422411,730499999597669;5314076,443299999460578;7,960370648000037;47,975287209000044;1
08250802126100333800;08;1;26;028;2025;08;11;7;3;8;6;0;0;1;1;0;0;0;0;541321,342799999751151;5455433,446699999272823;9,567794505000052;49,250275582000029;1
08250710128200211210;08;1;28;047;2025;07;16;5;3;0;1;0;0;1;0;0;0;0;0;553837,505499999970198;5495220,970300000160933;9,745165890000067;49,607158934000040;1
08250710326400224990;08;3;26;074;2025;07;16;5;3;0;1;0;0;1;0;0;0;0;0;459845,690999999642372;5322173,904400000348687;8,461167842000066;48,051582878000033;1
08250710215000209400;08;2;35;033;2025;07;10;5;3;5;3;0;0;1;1;0;0;0;0;458579,173999999649823;5405156,651000000536442;8,435972991000028;48,798022120000041;1
08250808435100355160;08;4;35;016;2025;08;22;6;3;4;6;2;0;1;0;0;0;0;0;538401,952800000086427;5279165,107499999925494;9,511497938000048;47,664738499000066;1
08250810118500325750;08;1;18;049;2025;08;11;1;3;7;7;0;0;1;0;0;0;0;0;518603,646499999798834;5420733,246400000527501;9,254039165000052;48,939246591000028;1
08250807128300349950;08;1;28;064;2025;08;17;5;2;8;7;0;0;1;0;0;0;0;0;537635,232699999585748;5502809,233599999919534;9,521650491000059;49,676635911000062;1
08250820317500380090;08;3;17;096;2025;08;16;4;3;5;2;0;1;1;1;0;0;0;0;422583,793899999931455;5370221,765300000086427;7,952417948000061;48,480354196000064;1
08250730119100298140;08;1;19;008;2025;07;20;4;2;0;7;1;0;1;0;0;0;0;0;531420,134999999776483;5417874,312100000679493;9,428828350000060;48,913010897000049;1
08250722336400291280;08;3;36;091;2025;07;16;3;3;4;6;0;0;1;0;0;1;0;0;394495,901499999687076;5272932,157700000330806;7,596420873000056;47,601208598000028;1
08250718117300309650;08;1;17;026;2025;07;13;6;3;5;3;0;0;1;1;0;0;0;0;547781,366999999620020;5395439,283600000664592;9,649505205000025;48,710153964000028;1
08250803216300316010;08;2;16;013;2025;08;15;1;3;6;1;0;0;0;1;1;0;0;0;452765,019199999980628;5391804,606699999421835;8,358337121000034;48,677499740000030;1
08250710127202208350;08;1;27;075;2025;07;12;5;2;5;2;0;0;1;0;0;0;1;0;570518,981800000183284;5466383,448799999430776;9,970882690000053;49,346090229000026;1
08250802115400330870;08;1;15;045;2025;08;21;7;3;5;3;2;0;1;1;0;0;0;0;502303,131099999882281;5394901,937799999490380;9,031305140000029;48,707146381000030;1
08250729317000279660;08;3;17;089;2025;07;08;3;3;5;3;0;0;1;1;0;0;0;0;432636,323499999940395;5375325,017899999395013;8,087604048000060;48,527416872000060;1
08250723335000253350;08;3;35;075;2025;07;16;4;1;5;3;0;0;1;0;0;1;0;0;494347,817999999970198;5287641,089999999850988;8,924603897000054;47,742117816000075;1
08250718116100264470;08;1;16;019;2025;07;19;6;3;5;3;1;0;1;1;0;0;0;0;524774,413700000382960;5400768,046700000762939;9,337093990000028;48,759429358000034;1
08250823212010389630;08;2;12;000;2025;08;17;7;3;0;7;0;0;1;0;0;0;0;0;456466,155799999833107;5423588,479599999263883;8,405238920000045;48,963677934000032;1
08250720426000240140;08;4;25;138;2025;07;11;1;3;2;6;0;0;1;0;0;0;0;0;571435,728000000119209;5349751,292999999597669;9,963186318000055;48,296924259000036;1
08250713337400218130;08;3;37;128;2025;07;12;1;3;8;1;0;0;1;0;0;0;0;0;442490,165400000289083;5288787,943299999460578;8,232743102000029;47,749896846000070;1
08250710311010233360;08;3;11;000;2025;07;15;5;3;5;3;0;0;1;1;0;0;0;0;409634,475999999791384;5316467,994000000879169;7,788697746000025;47,995122695000077;1
08250724436100283160;08;4;36;055;2025;07;05;5;3;0;1;0;1;1;0;0;0;0;0;576601,452999999746680;5298099,632999999448657;10,023571261000029;47,831680369000026;1
08250731116500293610;08;1;16;042;2025;07;19;5;2;0;1;0;0;1;0;0;0;0;0;517778,238300000317395;5381840,240100000053644;9,241087517000039;48,589393041000051;1
08250815119500353460;08;1;19;085;2025;08;22;6;2;0;7;2;0;1;0;0;0;0;0;531312,297799999825656;5413825,884199999272823;9,427046300000029;48,876598600000079;1
08250722311500267960;08;3;15;068;2025;07;18;3;2;3;2;0;0;1;1;0;0;0;0;441570,021599999628961;5297919,754300000146031;8,219238700000062;47,831970121000040;1
08250713221300234310;08;2;21;000;2025;07;16;1;2;8;1;0;0;1;0;0;0;0;0;482259,070299999788404;5477898,444000000134110;8,755217008000045;49,453485903000058;1
08250814311400347760;08;3;15;074;2025;08;09;5;3;5;3;0;0;1;1;0;0;0;0;397929,910600000061095;5295900,147399999201298;7,636714634000043;47,808358047000070;1
08250717436100250150;08;4;36;003;2025;07;19;5;3;4;1;0;0;1;0;0;0;0;1;580692,392599999904633;5307421,388800000771880;10,079967018000048;47,915036567000072;1
08250713425000235700;08;4;25;108;2025;07;12;1;3;0;1;0;0;1;0;0;0;0;0;544701,377999999560416;5358623,918999999761581;9,603688840000075;48,379197691000059;1
08250817426100359860;08;4;26;071;2025;08;16;1;2;3;2;0;0;1;0;0;0;0;0;565802,842299999669194;5331601,899100000038743;9,884429940000075;48,134267423000040;1
08250814435100354570;08;4;35;057;2025;08;20;5;2;0;1;0;0;1;0;0;0;0;0;543341,573800000362098;5280448,967599999159575;9,577415773000041;47,675977546000070;1
08250717317000283280;08;3;17;031;2025;07;05;5;3;5;3;0;0;1;1;0;0;0;0;413686,739500000141561;5359989,476800000295043;7,834157037000068;48,387159860000054;1
08250817135200370940;08;1;35;032;2025;08;20;1;3;0;7;0;0;1;0;0;0;0;0;578213,801699999719858;5392567,985899999737740;10,062578070000029;48,681253718000050;1
08250817136200344350;08;1;36;019;2025;08;19;1;3;8;7;0;0;1;0;0;0;0;0;596222,580199999734759;5422481,923699999228120;10,314191185000027;48,947770243000036;1
08250716222700228420;08;2;22;000;2025;07;21;4;3;0;7;2;1;1;0;0;0;0;0;463981,351099999621511;5480689,075799999758601;8,502781091000031;49,477777727000046;1
08250814311010353010;08;3;11;000;2025;08;12;5;3;4;3;0;0;1;0;0;0;0;0;414614,918100000359118;5317751,473799999803305;7,855188300000066;48,007352608000076;1
08250724435100257230;08;4;35;016;2025;07;16;5;3;3;2;0;0;1;1;0;0;0;0;537792,155899999663234;5278781,271800000220537;9,503342825000061;47,661320908000050;1
08250713337400218160;08;3;37;039;2025;07;12;1;3;8;1;0;0;1;0;0;0;0;0;442503,532999999821186;5288802,983200000599027;8,232919439000057;47,750033349000034;1
08250729226000289710;08;2;26;041;2025;07;10;3;3;0;7;0;0;1;0;0;0;0;0;476891,998499999754131;5465875,286599999293685;8,681864500000074;49,345158947000073;1
08250717436000230080;08;4;35;005;2025;07;11;5;3;5;3;0;0;1;1;0;0;0;0;524206,287999999709427;5285767,107000000774860;9,322788011000057;47,724827268000070;1
08250730335000295650;08;3;35;075;2025;07;17;4;3;5;3;0;1;1;1;0;0;0;0;488377,107200000435114;5290067,030200000852346;8,844894222000050;47,763865361000057;1
08250711215202245550;08;2;15;064;2025;07;12;6;3;5;3;0;0;1;1;0;0;0;0;482963,714599999599159;5446520,083499999716878;8,766278521000061;49,171256085000039;1
08250712212010213490;08;2;12;000;2025;07;09;7;3;4;6;0;0;1;0;0;0;0;0;456027,686999999918044;5426623,203700000420213;8,398920741000040;48,990944715000069;1
08250819417010358020;08;4;17;002;2025;08;07;3;2;5;3;0;0;1;1;0;0;0;0;489694,550900000147521;5347582,759400000795722;8,861091909000038;48,281364010000061;1
08250810235100353760;08;2;35;033;2025;08;19;1;2;8;1;0;0;1;0;0;0;0;0;463135,090300000272691;5407219,751599999144673;8,497822935000045;48,816867753000054;1
08250819326100477050;08;3;26;027;2025;08;11;3;3;1;5;0;0;1;1;0;0;0;0;461923,737900000065565;5308383,824599999934435;8,490275254000039;47,927643038000042;1
08250809336091351450;08;3;36;014;2025;08;13;7;3;5;3;0;0;1;1;0;0;0;0;393298,209900000132620;5278623,367900000885129;7,579105357000060;47,652205038000034;1
08250819226700400380;08;2;26;095;2025;08;14;3;2;5;3;0;0;1;1;0;0;0;0;474606,716799999587238;5460637,270300000905991;8,650736232000042;49,297952403000068;1
08250821117400366080;08;1;17;051;2025;08;06;5;3;5;3;0;0;1;1;0;0;0;0;543213,293800000101328;5395080,678700000047684;9,587376175000031;48,707261392000078;1
08250810128300356590;08;1;28;039;2025;08;12;1;3;0;1;0;0;1;0;0;0;0;0;523378,684200000017881;5510083,694399999454618;9,324484741000049;49,742786551000052;1
08250820316200355790;08;3;16;009;2025;08;19;4;3;5;6;0;1;1;1;0;0;0;0;416203,438000000081956;5324622,862999999895692;7,875137438000024;48,069373708000057;1
08250724335400272700;08;3;35;079;2025;07;17;5;2;5;2;0;0;1;1;0;0;0;0;501263,930700000375509;5299039,881899999454618;9,016893155000048;47,844702112000050;1
08250815326400351400;08;3;26;074;2025;08;08;6;2;0;6;0;0;1;0;0;0;0;0;460049,603699999861419;5320167,952500000596046;8,464091256000074;48,033548678000045;1
08250727337400347570;08;3;37;060;2025;07;09;1;3;0;1;0;0;1;0;0;0;0;0;467244,186099999584258;5277204,934399999678135;8,563850721000051;47,647412513000063;1
08250806119500321190;08;1;19;089;2025;08;14;4;3;0;7;0;0;1;0;0;0;0;0;533560,929999999701977;5411323,676999999210238;9,457507585000030;48,853972244000033;1
08250823317600394710;08;3;17;146;2025;08;09;7;3;8;6;0;0;1;1;0;0;0;0;430251,608599999919534;5354909,770800000056624;8,058707867000066;48,343515457000080;1
08250801117400319180;08;1;17;018;2025;08;12;6;3;0;7;0;1;1;0;0;0;0;1;538366,905899999663234;5395866,371099999174476;9,521577782000065;48,714646227000060;1
08250818212010372410;08;2;15;108;2025;08;00;2;3;0;7;2;0;1;0;0;0;0;0;448616,593999999575317;5423077,988399999216199;8,298070126000027;48,958483348000073;1
08250710118100208210;08;1;18;079;2025;07;21;5;3;0;7;2;0;1;0;0;0;0;0;510852,697200000286102;5422765,608300000429153;9,148251953000056;48,957713586000068;1
08250725216100259700;08;2;16;043;2025;07;20;6;3;0;1;0;0;1;0;0;0;0;0;437703,283200000412762;5412157,674900000914931;8,150669606000065;48,859254243000066;1
08250801111140319240;08;1;11;000;2025;08;08;6;3;3;2;0;1;1;1;0;0;0;0;510748,124800000339746;5403422,599199999123812;9,146315208000033;48,783709769000041;1
08250803326400316070;08;3;26;074;2025;08;17;1;3;5;3;0;0;1;1;0;0;0;0;460642,944400000385940;5323073,189200000837445;8,471782992000044;48,059723162000068;1
08250713111140215610;08;1;11;000;2025;07;14;1;2;0;1;0;0;1;0;0;0;0;0;509925,094999999739230;5399179,770999999716878;9,135008915000071;48,745555132000050;1
08250818436200374950;08;4;36;069;2025;08;19;2;3;0;1;0;0;1;0;0;0;0;0;551040,056699999608099;5290211,372899999842048;9,681115361000025;47,763247903000035;1
08250710325302219560;08;3;25;024;2025;07;06;5;3;5;2;0;0;1;1;0;0;0;0;456232,444899999536574;5336911,614000000059605;8,411170939000044;48,183933483000033;1
08250816117400355460;08;1;17;001;2025;08;12;7;2;0;1;0;0;1;0;0;0;0;0;545142,266999999992549;5399622,164000000804663;9,614091432000066;48,747977801000047;1
08250725437200290450;08;4;37;104;2025;07;15;6;2;0;1;0;1;1;0;0;0;0;0;517363,781100000254810;5326398,373800000175834;9,233181207000030;48,090617640000062;1
08250729121500282710;08;1;25;065;2025;07;11;3;3;8;1;0;0;1;0;0;0;0;0;515863,509800000116229;5447931,339800000190735;9,217687915000056;49,183982162000063;1
08250821118100396420;08;1;18;028;2025;08;16;5;3;6;4;0;1;0;1;1;0;0;0;513767,118999999947846;5426685,074999999254942;9,188196535000031;48,992913533000035;1
08250814116010351490;08;1;16;046;2025;08;06;5;2;5;3;0;0;1;0;0;0;1;0;527643,753999999724329;5378141,705000000074506;9,374623683000038;48,555762877000063;1
08250808231000335390;08;2;37;040;2025;08;11;6;2;6;4;0;0;0;1;1;0;0;0;477635,043899999931455;5367133,552600000053644;8,697502510000049;48,456941152000070;1
08250804335100322210;08;3;35;002;2025;08;20;2;3;8;1;0;0;1;0;0;0;0;0;503926,212799999862909;5285272,691099999472499;9,052351548000047;47,720820711000044;1
08250727311010265050;08;3;15;084;2025;07;13;1;3;0;1;0;0;1;0;0;0;0;0;419448,205400000326335;5305532,078299999237061;7,922267286000022;47,898058500000047;1
08250813317000388750;08;3;17;008;2025;08;06;4;3;5;2;0;0;1;0;0;0;0;0;441801,290000000037253;5363718,967000000178814;8,213340013000050;48,423930461000054;1
08250716316100227260;08;3;16;039;2025;07;05;4;3;4;6;0;0;1;0;0;0;0;0;417591,401499999687076;5326671,236600000411272;7,893370324000045;48,087980484000070;1
08250810126200347660;08;1;26;069;2025;08;12;1;3;0;1;0;0;1;0;0;0;0;0;536305,612200000323355;5444760,095799999311566;9,497911699000042;49,154587390000074;1
08250718117400289550;08;1;17;003;2025;07;22;6;2;0;6;1;0;1;1;0;0;0;0;541971,471599999815226;5393149,016899999231100;9,570301277000056;48,689969664000046;1
08250812317000511340;08;3;17;141;2025;08;19;3;2;3;6;0;0;1;0;0;0;0;0;417586,462600000202656;5378122,335300000384450;7,883247013000073;48,550781926000070;1
08250801117400327260;08;1;17;051;2025;08;16;6;3;6;7;0;0;0;1;1;0;0;0;543335,956299999728799;5395081,928999999538064;9,589043503000028;48,707264128000077;1
08250711436000209890;08;4;36;009;2025;07;11;6;3;2;6;0;0;1;1;0;0;0;0;556289,091199999675155;5307646,791400000452995;9,753424262000067;47,919671413000060;1