UIDENTSTLAE;ULAND;UREGBEZ;UKREIS;UGEMEINDE;UJAHR;UMONAT;USTUNDE;UWOCHENTAG;UKATEGORIE;UART;UTYP1;ULICHTVERH;IstStrassenzustand;IstRad;IstPKW;IstFuss;IstKrad;IstGkfz;IstSonstige;LINREFX;LINREFY;XGCSWGS84;YGCSWGS84;PLST
08250817226600343180;08;2;26;082;2025;08;12;1;3;8;1;0;0;1;0;0;0;0;0;477699,320100000128150;5480341,007999999448657;8,692166453000027;49,475305920000039;1
08250811117100340190;08;1;17;042;2025;08;19;2;2;0;1;0;0;1;0;0;0;0;0;554206,210500000044703;5393209,663300000131130;9,736540085000058;48,689572376000058;1
08250721212502252250;08;2;12;000;2025;07;11;2;3;6;7;0;0;1;0;1;0;0;0;455204,196000000461936;5428782,232999999076128;8,387426569000070;49,010306210000067;1
08250805221000322240;08;2;26;085;2025;08;17;3;3;4;2;0;0;1;1;0;0;0;0;489433,505499999970198;5449130,730100000277162;8,854968840000026;49,194885161000059;1
08250729226400297910;08;2;26;084;2025;07;07;3;2;5;3;0;1;1;1;0;0;0;0;469448,551900000311434;5470559,570499999448657;8,579031084000064;49,386965689000078;1
08250814421300337210;08;4;25;039;2025;08;07;5;3;6;4;0;0;0;1;1;0;0;0;566171,250500000081956;5352915,687000000849366;9,892709729000046;48,325962423000078;1
08250822119200360880;08;1;19;093;2025;08;16;6;3;6;4;0;0;0;0;1;1;0;0;523804,269999999552965;5406222,653000000864267;9,324209829000040;48,808535820000031;1
08250711311300226370;08;3;11;000;2025;07;12;6;3;0;1;0;0;1;0;0;0;0;0;414547,244599999859929;5313157,676100000739098;7,855195436000031;47,966020476000040;1
08250718311400266960;08;3;15;050;2025;07;07;6;3;0;7;0;0;1;0;0;0;0;0;400466,778500000014901;5304767,361300000920892;7,668548204000047;47,888515961000053;1
08250809326200325940;08;3;26;003;2025;08;17;7;3;0;1;0;0;1;0;0;0;0;0;467148,144600000232458;5319639,451300000771880;8,559350900000027;48,029198523000048;1
08250819121400375190;08;1;25;056;2025;08;11;3;2;3;6;0;0;1;1;0;0;0;0;509759,508999999612570;5435460,877199999988079;9,133623945000068;49,071932976000028;1
08250719126200259550;08;1;26;058;2025;07;12;7;2;5;7;0;0;1;1;0;0;0;0;540931,733099999837577;5452345,788899999111891;9,562125902000048;49,222528865000072;1
08250810436300325610;08;4;36;018;2025;08;13;1;3;3;2;0;0;1;1;0;0;0;0;553800,859299999661744;5285946,313500000163913;9,717427128000054;47,724651123000058;1
08250712212702251720;08;2;15;017;2025;07;13;7;3;5;3;0;0;1;1;0;0;0;0;457535,360199999995530;5415793,974799999967217;8,420657381000069;48,893638665000026;1
08250719215202272300;08;2;15;100;2025;07;16;7;2;3;6;0;0;1;0;0;0;0;0;474915,578999999910593;5452658,288000000640750;8,655484290000061;49,226193875000035;1
08250806222700340090;08;2;22;000;2025;08;09;4;3;5;2;0;0;1;1;0;0;0;0;466658,962399999611080;5480316,113500000908971;8,539774267000041;49,474576060000061;1
08250815435100356410;08;4;35;035;2025;08;14;6;3;5;3;0;0;1;1;0;0;0;0;542236,551599999889731;5282792,657800000160933;9,562921760000052;47,697137441000052;1
08250806436400325170;08;4;36;009;2025;08;21;4;3;3;6;2;0;1;0;0;0;0;0;554917,396099999547005;5306153,118200000375509;9,734875538000040;47,906352439000045;1
08250723327200251010;08;3;27;020;2025;07;12;4;3;0;1;0;0;1;0;0;0;0;0;479971,214999999850988;5322947,267000000923872;8,731192152000062;48,059489942000027;1
08250907215302477510;08;2;15;007;2025;09;03;1;2;1;5;2;1;1;1;0;0;0;0;478994,099700000137091;5430145,571200000122190;8,712671335000039;49,023838555000054;1
08250916335400465920;08;3;35;079;2025;09;18;3;3;3;6;0;0;1;0;0;0;0;0;504037,295599999837577;5300231,447100000455976;9,053971870000055;47,855411686000082;1
08250901325000419140;08;3;27;050;2025;09;09;2;1;5;3;0;0;1;1;0;0;0;0;482229,296199999749660;5311262,309900000691414;8,761981939000066;47,954426135000062;1
08250907119100444880;08;1;19;087;2025;09;19;1;3;8;7;0;0;1;0;0;0;0;0;529763,013700000010431;5426119,566500000655651;9,406814797000038;48,987262693000048;1
08250907215302425190;08;2;15;059;2025;09;01;1;3;0;7;2;0;1;0;0;0;0;0;485579,892599999904633;5434997,014000000432134;8,802581561000068;49,067668806000029;1
08250907435201420100;08;4;35;067;2025;09;15;1;3;0;1;0;0;1;0;0;0;0;0;532388,866700000129640;5290119,664300000295043;9,432223005000026;47,763629913000045;1
08250831436100394350;08;4;36;055;2025;08;15;1;2;0;1;0;0;1;0;0;0;0;0;576832,755099999718368;5296979,755599999800324;10,026462805000051;47,821578340000030;1
08250915426300462220;08;4;26;062;2025;09;20;2;2;0;7;2;1;1;0;0;0;0;0;555241,412800000049174;5316067,935000000521541;9,740484214000048;47,995523394000031;1
08250911426000492610;08;4;26;019;2025;09;20;5;2;6;4;2;0;0;1;1;0;0;0;580151,824900000356138;5322428,132600000128150;10,075534382000058;48,050099510000052;1
08250906121300441990;08;1;21;000;2025;09;17;7;3;5;2;0;0;1;1;0;0;0;0;514924,341699999757111;5446267,950500000268221;9,204738494000026;49,169043078000072;1
08250904421300430330;08;4;25;031;2025;09;21;5;3;1;5;2;1;1;1;0;0;0;0;567083,792399999685585;5370224,391000000759959;9,907785806000049;48,481565374000070;1
08250830417200405010;08;4;17;002;2025;08;19;7;3;4;6;1;1;1;0;0;0;0;0;490262,318400000222027;5344040,760500000789762;8,868826443000046;48,249506534000034;1
08250907111340742860;08;1;11;000;2025;09;14;1;3;0;7;0;0;1;0;0;0;0;0;506769,870299999602139;5403847,253299999982119;9,092165955000041;48,787585957000033;1
08250917119100442220;08;1;19;008;2025;09;06;4;3;6;4;0;0;0;1;1;0;0;0;532347,262400000356138;5419943,805999999865890;9,441645702000073;48,931579227000043;1
08250904116500415220;08;1;16;071;2025;09;10;5;3;0;2;0;1;1;1;0;0;0;0;528247,709499999880791;5390969,407400000840425;9,383681589000048;48,671134242000051;1
08250906311010432410;08;3;11;000;2025;09;02;7;3;6;7;2;0;0;1;1;0;0;0;413640,485700000077486;5316668,566999999806285;7,842344217000061;47,997480560000042;1
08250912116500454500;08;1;16;049;2025;09;18;6;3;0;1;0;0;1;0;0;0;0;0;526334,047799999825656;5387581,126199999824166;9,357473779000031;48,640736967000066;1
08250904326200435530;08;3;26;074;2025;09;18;5;3;5;3;1;1;1;1;0;0;0;0;464528,187699999660254;5323544,447000000625849;8,523886368000035;48,064190842000073;1
08250907415200420290;08;4;15;027;2025;09;12;1;3;2;6;0;0;1;0;0;0;0;0;531514,393099999986589;5359630,142200000584126;9,425681233000034;48,389046632000031;1
08250915426300450880;08;4;26;067;2025;09;19;2;3;0;1;1;0;1;0;0;0;0;0;528550,295699999667704;5332785,697799999266863;9,383831857000075;48,147680088000072;1
08250909226700421510;08;2;26;060;2025;09;12;3;3;3;3;0;1;1;0;0;0;1;0;478106,302799999713898;5461706,400299999862909;8,698810804000061;49,307704697000077;1
08250918215302475860;08;2;15;089;2025;09;17;5;3;3;6;0;0;1;1;0;0;0;0;472209,780799999833107;5432970,976999999955297;8,619680369000037;49,048985729000037;1
08250907317000484600;08;3;17;031;2025;09;18;1;3;5;3;0;0;1;1;0;0;0;0;417299,967899999581277;5358400,317199999466538;7,883264203000067;48,373349710000070;1
08250829317500391260;08;3;17;096;2025;08;12;6;3;5;3;0;0;1;1;0;0;0;0;421615,963999999687076;5369689,232999999076128;7,939423633000047;48,475444192000054;1
08250919135200449740;08;1;35;019;2025;09;13;6;3;2;6;0;0;1;1;0;0;0;0;585489,865500000305474;5392157,317199999466538;10,161322240000061;48,676606008000078;1
08250912135200429810;08;1;35;019;2025;09;15;6;3;2;5;0;0;1;1;0;0;0;0;585059,240299999713898;5391910,031099999323487;10,155422862000023;48,674440661000062;1
08250910337400445770;08;3;37;060;2025;09;12;4;3;6;4;0;0;0;1;1;0;0;0;467638,325400000438094;5277583,274000000208616;8,569070598000053;47,650836448000064;1
08250913136100463800;08;1;36;088;2025;09;17;7;3;5;3;0;0;1;0;0;1;0;0;580182,524000000208616;5409654,845000000670552;10,092647734000025;48,834689363000052;1
08250912316100443290;08;3;16;017;2025;09;12;6;3;4;2;0;0;1;1;0;0;0;0;409252,849999999627471;5340467,875000000000000;7,778478678000056;48,210947249000071;1
08250912215402440870;08;2;15;009;2025;09;14;6;3;0;7;0;0;1;0;0;0;0;0;470066,573599999770522;5435699,469799999147654;8,590148756000076;49,073428934000049;1
08250906211000435330;08;2;16;043;2025;09;14;7;2;5;3;0;0;1;1;0;0;0;0;441439,756000000052154;5410571,406899999827147;8,201832815000046;48,845349779000060;1
08250913317500499160;08;3;17;151;2025;09;17;7;3;8;7;0;0;1;0;0;0;0;0;412074,090400000102818;5365035,089099999517202;7,811322247000021;48,432320395000033;1
08250910119400438860;08;1;19;041;2025;09;16;4;2;5;2;0;0;1;1;0;0;0;0;526163,904799999669194;5410695,556500000879169;9,356632437000030;48,848677901000030;1
08250901216100410900;08;2;16;043;2025;09;07;2;3;5;2;1;1;1;1;0;0;0;0;441374,575199999846518;5413180,556900000199676;8,200570849000030;48,868812837000064;1
08250912216300446070;08;2;16;013;2025;09;17;6;3;0;1;0;0;1;0;0;0;0;0;452638,465900000184774;5392457,751000000163913;8,356543238000029;48,683365544000026;1
08250830336100401050;08;3;36;050;2025;08;11;7;3;3;6;0;0;1;1;0;0;0;0;399258,682400000281632;5275415,828800000250340;7,659193412000036;47,624307734000070;1
08250904426000415510;08;4;26;014;2025;09;09;5;3;5;3;0;0;1;1;0;0;0;0;548365,112800000235438;5314487,400000000372529;9,648139239000045;47,981861074000051;1
08250909335100422200;08;3;35;043;2025;09;08;3;3;5;2;0;0;1;0;0;0;0;1;515208,164400000125170;5281023,414899999275804;9,202634616000068;47,682420200000081;1
08250906116400477310;08;1;16;033;2025;09;12;7;3;0;1;0;0;1;0;0;0;0;0;530214,366000000387430;5389933,265000000596046;9,410317824000060;48,661721135000050;1
08250902317010419310;08;3;17;029;2025;09;16;3;3;5;2;0;0;1;1;0;0;0;0;434623,456000000238419;5348606,923000000417233;8,118677889000026;48,287285044000043;1
08250910121400423850;08;1;25;061;2025;09;20;4;3;4;2;2;0;1;1;0;0;0;0;503500,571600000374019;5446911,502199999988079;9,048028088000024;49,175003552000078;1
08250906435100417720;08;4;35;057;2025;09;16;7;3;0;1;0;0;1;0;0;0;0;0;545177,007500000298023;5280426,732200000435114;9,601864575000036;47,675651836000043;1
08250909326400423970;08;3;26;074;2025;09;18;3;3;5;3;1;0;1;1;0;0;0;0;460518,161000000312924;5328179,257999999448657;8,469636312000034;48,105653075000077;1
08250830117300391210;08;1;17;026;2025;08;20;7;3;3;6;2;0;1;1;0;0;0;0;549534,626199999824166;5395066,141200000420213;9,673291267000025;48,706660574000068;1
08250913421300443170;08;4;25;141;2025;09;11;7;3;0;1;0;0;1;0;0;0;0;0;564463,781000000424683;5359432,997999999672174;9,870675636000044;48,384765938000044;1
08250903226700421480;08;2;26;098;2025;09;07;4;3;5;3;0;0;1;1;0;0;0;0;478173,440100000239909;5460791,204600000753999;8,699784408000028;49,299474899000074;1
08250910415400446240;08;4;15;061;2025;09;09;4;3;6;7;0;1;0;1;1;0;0;0;514851,047600000165403;5371039,790599999949336;9,201007610000033;48,492305421000026;1
08250918435100444410;08;4;35;030;2025;09;18;5;3;0;1;0;0;1;0;0;0;0;0;542059,237999999895692;5271630,597500000149012;9,559485148000022;47,596720459000039;1
08250919127202466940;08;1;27;014;2025;09;18;6;2;3;2;0;0;1;1;0;0;0;0;578276,261400000192225;5442890,545499999076128;10,073075592000066;49,133856859000048;1
08250830119100391610;08;1;19;044;2025;08;19;7;3;0;7;0;0;1;0;0;0;0;0;540417,582100000232458;5426337,104699999094009;9,552461902000061;48,988614102000042;1
08250911426100453740;08;4;26;058;2025;09;19;5;2;0;7;0;0;1;0;0;0;0;0;558722,549599999561906;5319493,887599999085069;9,787611923000043;48,026034103000029;1
08250919111140479030;08;1;11;000;2025;09;19;6;3;6;6;1;0;0;0;1;0;0;1;512435,543800000101328;5402298,273399999365211;9,169252092000022;48,773563971000044;1
08250906111500417750;08;1;11;000;2025;09;13;7;2;5;3;0;0;1;1;0;0;0;0;516323,766499999910593;5409289,906999999657273;9,222449795000045;48,836369828000045;1
08250830212010405280;08;2;15;021;2025;08;11;7;2;6;7;0;0;0;0;1;0;0;1;468486,203700000420213;5445552,854900000616908;8,567741284000022;49,161983009000039;1
08250827335100393230;08;3;35;043;2025;08;11;4;3;5;2;0;0;1;1;0;0;0;0;511093,059399999678135;5281842,797599999234080;9,147825730000022;47,689876447000074;1
08250916216300470300;08;2;16;015;2025;09;22;3;3;0;3;2;0;1;1;0;0;0;0;451682,226800000295043;5404255,687899999320507;8,342169301000069;48,789419858000031;1
08250830336400401270;08;3;36;008;2025;08;11;7;3;5;3;0;0;1;1;0;0;0;0;396270,675999999977648;5276040,888000000268221;7,619288484000037;47,629458611000075;1
08250907211100418680;08;2;11;000;2025;09;20;1;3;0;1;2;0;1;0;0;0;0;0;442640,423700000159442;5405962,940899999812245;8,218840695000040;48,804008507000049;1
08250912127010457380;08;1;27;079;2025;09;12;6;1;5;2;0;0;1;1;0;0;0;0;562206,835099999792874;5423176,989299999549985;9,849784359000068;48,958379470000068;1
08250916326200456820;08;3;26;074;2025;09;16;3;3;3;6;0;0;1;1;0;0;0;0;468597,576000000350177;5322492,762199999764562;8,578582553000047;48,054942332000053;1
08250917316100443900;08;3;16;049;2025;09;18;4;3;5;3;0;0;1;1;0;0;0;0;401648,873999999836087;5338908,712999999523163;7,676512384000034;48,195790504000058;1
08250907326300440740;08;3;26;055;2025;09;19;1;3;6;4;0;0;0;1;1;0;0;0;439820,033800000324845;5332861,802500000223517;8,190958651000074;48,146158283000034;1
08250916316100465620;08;3;16;039;2025;09;07;3;3;5;3;0;0;1;1;0;0;0;0;417561,524899999611080;5326646,215700000524521;7,892974033000030;48,087751548000028;1
08250831127202383560;08;1;27;008;2025;08;19;1;3;5;3;0;0;1;1;0;0;0;0;565840,965900000184774;5461651,960500000044703;9,905705105000038;49,304058302000044;1
08250903437000416580;08;4;37;065;2025;09;19;4;2;5;2;0;0;1;1;0;0;0;0;518344,269000000320375;5318409,758999999612570;9,246005625000066;48,018716455000060;1
08250913435200433370;08;4;35;034;2025;09;14;7;3;0;1;0;0;1;0;0;0;0;0;525723,148199999704957;5283195,146299999207258;9,342862971000045;47,701627435000034;1
08250906212010418130;08;2;12;000;2025;09;12;7;3;4;2;0;0;1;1;0;0;0;0;461834,906000000424683;5424027,375000000000000;8,478542427000036;48,967980760000046;1
08250917121500444580;08;1;25;079;2025;09;12;4;3;0;1;0;0;1;0;0;0;0;0;512412,110299999825656;5453791,422800000756979;9,170507324000027;49,236774617000037;1
08250827119500384910;08;1;19;085;2025;08;08;4;3;0;7;0;0;1;0;0;0;0;0;529132,412299999967217;5414372,331900000572205;9,397356093000042;48,881620487000077;1
08250902118300413490;08;1;18;051;2025;09;19;3;3;0;7;0;0;1;0;0;0;0;0;509248,132699999958277;5415485,088099999353290;9,126167959000043;48,892246208000074;1
08250827121500373410;08;1;25;063;2025;08;10;4;3;5;3;0;0;1;1;0;0;0;0;525683,994400000199676;5463925,114800000563264;9,353473730000076;49,327514265000048;1
08250909126200450180;08;1;26;066;2025;09;18;3;2;0;7;0;0;1;0;0;0;0;0;537466,868599999696016;5449844,046000000089407;9,514310646000069;49,200247633000060;1
08250915311010464140;08;3;11;000;2025;09;20;2;2;5;2;2;0;1;1;0;0;0;1;410084,446299999952316;5314931,210500000044703;7,795049836000032;47,981362437000030;1
08250915221200436150;08;2;21;000;2025;09;09;2;3;3;6;0;0;1;0;0;0;0;0;476581,379399999976158;5472455,744999999180436;8,677200787000061;49,404337579000071;1
08250913335300445730;08;3;35;075;2025;09;14;7;3;0;1;0;0;1;0;0;0;0;0;486020,985899999737740;5292204,267200000584126;8,813383502000022;47,783048347000033;1
08250903235100430380;08;2;35;008;2025;09;18;4;2;2;7;0;0;1;1;0;0;0;0;486522,621000000275671;5401067,694000000134110;8,816608556000062;48,762472064000065;1
08250829335100626250;08;3;35;002;2025;08;11;6;3;6;4;0;0;0;1;1;0;0;0;505139,532899999991059;5284602,277100000530481;9,068521860000033;47,714780056000052;1
08250901111140427420;08;1;11;000;2025;09;16;2;3;5;3;0;0;1;1;0;0;0;0;509285,472799999639392;5398326,126800000667572;9,126289055000029;48,737885614000049;1
08250911325202469760;08;3;25;072;2025;09;19;5;2;5;3;0;0;1;1;0;0;0;0;469189,936900000087917;5325528,917899999767542;8,586312905000057;48,082287034000046;1
08250913215102497000;08;2;15;111;2025;09;16;7;3;5;3;0;0;1;1;0;0;0;0;457147,910000000149012;5444691,549000000581145;8,412318793000054;49,153548799000077;1
08250916415400508110;08;4;15;061;2025;09;07;3;3;5;3;1;0;1;0;0;0;0;0;515054,509600000455976;5373082,906799999997020;9,203835116000050;48,510681151000028;1
08250831222700405650;08;2;22;000;2025;08;22;1;3;1;6;2;0;1;1;0;0;0;0;461898,477099999785423;5481349,980799999088049;8,473965654000040;49,483595065000031;1
08250902237100412560;08;2;37;028;2025;09;16;3;3;0;1;0;0;1;0;0;0;0;0;457143,889100000262260;5368186,344000000506639;8,420252536000021;48,465349924000066;1
08250826436000368840;08;4;35;034;2025;08;12;3;3;0;1;0;0;1;0;0;0;0;0;525477,314399999566376;5283121,686699999496341;9,339582028000052;47,700976226000080;1
08250905436000415500;08;4;36;083;2025;09;14;6;3;5;3;0;0;1;1;0;0;0;0;530830,829699999652803;5301397,829900000244379;9,412234242000068;47,865178764000063;1
08250910311400436850;08;3;15;007;2025;09;18;4;3;0;1;0;0;1;0;0;0;0;0;399051,794999999925494;5294125,320199999958277;7,652107707000027;47,792570418000025;1
08250906436500417290;08;4;36;081;2025;09;20;7;3;5;3;2;0;1;1;0;0;0;0;562170,527499999850988;5281569,029400000348687;9,828400049000038;47,684518014000048;1
08250826435200388850;08;4;35;052;2025;08;10;3;3;0;1;0;0;1;0;0;0;0;0;523208,976499999873340;5290221,628399999812245;9,309726851000050;47,764943270000060;1
08250913335200463790;08;3;35;055;2025;09;14;7;2;3;6;0;0;1;0;0;0;0;0;495443,904299999587238;5286754,845000000670552;8,939234181000074;47,734152417000075;1
08250907136100420200;08;1;36;088;2025;09;18;1;3;5;3;0;0;1;1;0;0;0;0;580400,321800000034273;5410922,753599999472499;10,095863881000071;48,846065046000035;1
08250902317100413940;08;3;17;116;2025;09;15;3;3;5;3;0;0;1;1;0;0;0;0;433692,647599999792874;5387394,670700000599027;8,099983811000072;48,636097868000036;1
08250913426300433240;08;4;26;014;2025;09;15;7;3;0;1;0;0;1;0;0;0;0;0;546382,026999999769032;5318182,179999999701977;9,621965042000056;48,015248622000058;1
08250914212502466860;08;2;12;000;2025;09;16;1;3;0;7;0;0;1;0;0;0;0;0;449958,737800000235438;5431870,512199999764562;8,315320082000028;49,037682001000064;1
08250826335200386430;08;3;35;063;2025;08;12;3;3;5;3;0;0;1;1;0;0;0;0;498194,809999999590218;5288556,548000000417233;8,975916236000046;47,750376967000079;1
08250827421200375840;08;4;21;000;2025;08;17;4;3;5;2;0;1;1;1;0;0;0;0;573566,735000000335276;5361892,110999999567866;9,994036860000051;48,405890135000050;1
08250914116010458200;08;1;16;043;2025;09;01;1;2;0;1;2;1;1;0;0;0;0;0;541598,054899999871850;5380799,298800000920892;9,563987954000027;48,578899659000058;1
08250914127202460630;08;1;27;032;2025;09;09;1;2;0;1;0;1;1;0;0;0;0;0;573206,455299999564886;5456847,890200000256300;10,006129323000039;49,260013112000081;1
08250831118400385640;08;1;18;048;2025;08;17;1;3;5;3;0;0;1;1;0;0;0;0;514433,501699999906123;5416630,869699999690056;9,196949659000040;48,902454251000051;1
08250910221300426390;08;2;21;000;2025;09;16;4;3;3;2;0;0;1;1;0;0;0;0;477362,204300000332296;5474675,917300000786781;8,687836784000069;49,424337206000075;1
08250904231102463850;08;2;36;040;2025;09;09;5;3;6;2;0;0;0;1;1;0;0;0;488499,922799999825656;5421495,902699999511242;8,842940481000028;48,946280045000037;1
08250829216200394990;08;2;16;041;2025;08;09;6;3;5;3;0;0;1;1;0;0;0;0;434480,519999999552965;5390947,737999999895692;8,110114278000026;48,668141042000059;1
08250916436400451850;08;4;36;008;2025;09;14;3;3;0;7;0;0;1;0;0;0;0;0;548302,441999999806285;5310148,947000000625849;9,646811992000039;47,942834171000072;1
08250909111320435310;08;1;11;000;2025;09;18;3;3;0;2;0;0;1;1;0;0;0;0;515554,500799999572337;5405973,901300000026822;9,211841062000076;48,806559339000046;1
08250907111500419280;08;1;11;000;2025;09;17;1;2;0;1;0;0;1;0;0;0;0;0;513096,246100000105798;5406878,758400000631809;9,178390469000021;48,814755980000029;1
08250915111310534770;08;1;11;000;2025;09;16;2;3;4;6;0;0;1;0;0;0;0;1;515640,828099999576807;5405263,998900000005960;9,212989725000057;48,800170988000048;1
08250827336200373240;08;3;36;069;2025;08;11;4;3;8;1;0;0;1;0;0;0;0;0;408638,193900000303984;5267690,274100000038743;7,785607626000058;47,556201135000038;1
08250906212702439130;08;2;15;108;2025;09;20;7;3;0;7;2;0;1;0;0;0;0;0;446596,059600000269711;5424176,054300000891089;8,270326556000043;48,968189142000028;1
08250903118100510430;08;1;18;079;2025;09;20;4;3;4;6;2;0;1;0;0;0;0;0;511064,029299999587238;5422779,523199999704957;9,151139198000067;48,957835013000079;1
08250826221300383590;08;2;26;012;2025;08;19;3;3;0;7;0;0;1;0;0;0;0;0;474251,064000000245869;5477868,432299999520183;8,644729244000075;49,452929339000036;1
08250827119400374520;08;1;19;041;2025;08;13;4;3;0;4;0;0;0;1;1;0;0;0;526481,567099999636412;5410045,571499999612570;9,360920287000056;48,842817370000034;1
08250911118300451530;08;1;18;046;2025;09;17;5;3;0;1;0;0;1;0;0;0;0;0;515191,063000000081956;5412650,717000000178814;9,207138828000041;48,866631721000033;1
08250908317000423840;08;3;17;075;2025;09;06;2;3;1;5;1;0;1;1;0;0;0;0;409226,768899999558926;5362254,722599999979138;7,773439965000023;48,406908480000027;1
08250913335200460240;08;3;35;025;2025;09;11;7;3;0;1;0;0;1;0;0;0;0;0;498619,850599999539554;5280899,157899999991059;8,981611130000033;47,681479622000040;1
08250829226600397620;08;2;26;096;2025;08;20;6;3;5;2;0;1;1;1;0;0;0;0;475753,781399999745190;5488550,808399999514222;8,664806916000032;49,549075707000043;1
08250827231102401210;08;2;36;028;2025;08;09;4;2;5;3;0;0;1;1;0;0;0;0;494902,348600000143051;5422107,538899999111891;8,930372295000041;48,951868048000051;1
08250902436200412020;08;4;36;064;2025;09;11;3;3;5;3;0;0;1;1;0;0;0;0;545723,511400000192225;5292864,630300000309944;9,610451289000025;47,787518425000030;1
08250829221200379620;08;2;21;000;2025;08;10;6;3;3;6;0;0;1;0;0;0;1;0;477611,612999999895692;5472183,337600000202656;8,691416526000069;49,401926085000071;1
08250831136000393610;08;1;36;028;2025;08;21;1;3;4;6;2;0;1;0;0;0;0;1;568023,373999999836087;5405042,551500000059605;9,926214980000054;48,794654264000030;1
08250905415400432230;08;4;15;061;2025;09;11;6;3;5;3;0;1;1;1;0;0;0;0;515034,098299999721348;5370166,455099999904633;9,203453738000064;48,484444225000061;1
08250919117200466730;08;1;17;028;2025;09;15;6;3;5;3;0;0;1;1;0;0;0;0;547601,501099999994040;5382447,339500000700355;9,645566654000049;48,593297521000068;1
08250829216200401290;08;2;16;041;2025;08;12;6;3;5;3;0;0;1;1;0;0;0;0;436221,930999999865890;5390716,453199999406934;8,133798926000054;48,666240880000032;1
08250831121600384940;08;1;25;008;2025;08;14;1;2;0;7;0;0;1;0;0;0;0;0;523135,003999999724329;5431472,282999999821186;9,316526808000049;49,035696714000039;1
08250917121600441870;08;1;25;094;2025;09;10;4;3;5;3;0;0;1;1;0;0;0;0;514150,894000000320375;5436912,991000000387430;9,193799834000060;49,084910118000039;1
08250829317100395740;08;3;17;110;2025;08;05;6;3;5;3;2;1;1;1;0;0;0;0;426666,097000000067055;5381604,283999999985099;8,005647149000026;48,583229405000054;1
08250826121200371200;08;1;21;000;2025;08;16;3;2;5;3;0;0;1;1;0;0;0;0;515909,952300000004470;5444817,110099999234080;9,218202075000022;49,155967576000080;1
08250906335000422820;08;3;35;025;2025;09;15;7;2;6;4;0;0;0;1;1;0;0;0;498479,264000000432134;5283610,811000000685453;8,979728525000041;47,705877864000058;1
08250829437100380050;08;4;37;100;2025;08;17;6;3;5;3;0;0;1;1;0;0;0;0;537330,859600000083447;5318566,429700000211596;9,500631236000061;48,019298627000069;1
08250918317600461480;08;3;17;034;2025;09;18;5;3;5;2;0;0;1;1;0;0;0;0;427300,605000000447035;5357360,107999999076128;8,018465130000038;48,365224242000068;1
08250907336091420970;08;3;36;084;2025;09;15;1;3;8;1;0;0;1;0;0;0;0;0;407594,631000000052154;5281551,089999999850988;7,768815589000042;47,680741367000053;1
08250918212010444920;08;2;12;000;2025;09;18;5;3;5;3;0;0;1;1;0;0;0;0;456386,006699999794364;5426483,106499999761581;8,403833547000033;48,989709933000029;1
08250826116500373370;08;1;16;049;2025;08;17;3;3;5;3;0;0;1;1;0;0;0;0;523832,692999999970198;5385704,289999999105930;9,323411593000060;48,623953229000051;1
08250902231000423110;08;2;36;070;2025;09;09;3;2;6;6;0;0;0;1;1;0;0;0;470134,587000000290573;5416167,875600000843406;8,592515060000039;48,897737528000050;1
08250827326000371950;08;3;35;098;2025;08;14;4;3;0;7;0;0;1;0;0;0;0;0;504434,562199999578297;5296326,589600000530481;9,059242646000030;47,820275354000046;1
08250901326000412650;08;3;35;100;2025;09;21;2;3;6;2;2;1;0;0;1;0;0;1;487688,201600000262260;5286195,916799999773502;8,835810491000075;47,729022035000071;1
08250909311010439960;08;3;36;008;2025;09;07;3;3;6;7;0;1;0;1;1;0;0;0;395370,889399999752641;5275659,978399999439716;7,607406346000062;47,625887536000050;1
08250826415400403800;08;4;15;061;2025;08;08;3;3;1;5;0;0;1;1;0;0;0;0;510387,331399999558926;5365616,282700000330806;9,140457129000026;48,443602890000079;1
08250916325000454600;08;3;26;074;2025;09;09;3;2;6;4;0;0;0;0;1;0;1;0;465970,405299999751151;5323782,036900000646710;8,543224694000060;48,066406970000060;1
08250901119500412180;08;1;19;085;2025;09;13;2;3;0;3;0;0;1;1;0;0;0;0;528661,481599999591708;5413888,095899999141693;9,390898972000059;48,877286451000032;1
08250918222700491170;08;2;22;000;2025;09;13;5;3;2;6;0;0;1;1;0;0;0;0;461602,160799999721348;5481139,058100000023842;8,469895340000051;49,481679251000060;1
08250918127202458610;08;1;27;014;2025;09;16;5;3;0;7;0;0;1;0;0;0;0;0;577135,303600000217557;5443909,676699999719858;10,057632248000061;49,143167084000027;1
08250909311010424450;08;3;11;000;2025;09;12;3;3;0;1;0;1;1;0;0;0;0;0;405565,148500000126660;5316981,071499999612570;7,734051134000026;47,999149750000072;1
08250906435100418270;08;4;35;016;2025;09;16;7;2;0;1;0;0;1;0;0;0;0;0;536561,784400000236928;5279215,305900000035763;9,486992802000032;47,665296800000078;1
08250917436300489340;08;4;36;006;2025;09;18;4;3;5;3;0;0;1;1;0;0;0;0;556330,780100000090897;5283607,283099999651313;9,750857969000037;47,703391334000059;1
08250825436400368210;08;4;36;087;2025;08;15;2;3;0;1;0;0;1;0;0;0;0;0;547726,550800000317395;5302088,765799999237061;9,638208693000024;47,870361707000029;1
08250915221400463900;08;2;21;000;2025;09;19;2;3;6;4;1;0;1;0;1;0;0;0;477502,519000000320375;5471394,890000000596046;8,689957534000030;49,394830086000070;1