UIDENTSTLAE;ULAND;UREGBEZ;UKREIS;UGEMEINDE;UJAHR;UMONAT;USTUNDE;UWOCHENTAG;UKATEGORIE;UART;UTYP1;ULICHTVERH;IstStrassenzustand;IstRad;IstPKW;IstFuss;IstKrad;IstGkfz;IstSonstige;LINREFX;LINREFY;XGCSWGS84;YGCSWGS84;PLST
08251009111000743150;08;1;11;000;2025;10;19;5;3;6;4;1;0;0;0;1;0;0;1;513518,499400000087917;5401689,860400000587106;9,183971423000060;48,768068143000050;1
08250921436200453070;08;4;36;064;2025;09;11;1;3;0;7;0;0;1;0;0;0;0;0;541589,342199999839067;5292194,228700000792742;9,555194873000062;47,781767013000035;1
08250929118010497990;08;1;18;040;2025;09;15;2;1;6;4;0;0;0;0;1;0;1;0;510580,625199999660254;5431720,492900000885129;9,144768620000036;49,038272782000035;1
08250919416200447420;08;4;16;022;2025;09;08;6;2;0;1;0;0;1;0;0;0;0;0;510798,321100000292063;5374616,754300000146031;9,146247103000064;48,524567787000080;1
08250919415300506900;08;4;15;091;2025;09;13;6;2;8;1;0;0;1;0;0;0;0;0;513411,355800000019372;5362524,959400000050664;9,181248763000042;48,415734733000079;1
08250920435100467510;08;4;35;057;2025;09;10;7;3;5;2;0;0;1;1;0;0;0;0;543016,515800000168383;5279221,144300000742078;9,572964502000048;47,664952216000074;1
08251017317500598960;08;3;17;096;2025;10;17;6;3;0;1;0;0;1;0;0;0;0;0;424061,386300000362098;5370271,281700000166893;7,972400082000036;48,480979826000066;1
08251012435100537880;08;4;35;016;2025;10;16;1;3;5;3;0;0;0;0;1;0;0;1;536691,176199999637902;5281973,737999999895692;9,488948022000045;47,690108098000053;1
08251018436200585630;08;4;36;064;2025;10;18;7;3;0;7;2;0;1;0;0;0;0;0;539658,766499999910593;5293567,258500000461936;9,529549383000074;47,794242110000027;1
08251017126200553700;08;1;26;094;2025;10;17;6;3;5;3;0;0;1;1;0;0;0;0;537470,000799999572337;5455930,082000000402331;9,514922230000025;49,254990707000047;1
08251001118100541410;08;1;18;079;2025;10;20;4;3;5;3;2;0;1;0;0;0;0;1;508077,748999999836087;5421527,432000000029802;9,110320636000040;48,946617842000080;1
08250921111240516640;08;1;11;000;2025;09;21;1;3;6;4;2;1;0;1;1;0;0;0;515281,324699999764562;5403145,666500000283122;9,208015416000023;48,781123654000055;1
08250920435200485250;08;4;35;036;2025;09;14;7;3;5;3;0;0;1;1;0;0;0;0;519986,675699999555945;5282338,039899999275804;9,266363418000026;47,694118544000048;1
08251024335300573520;08;3;35;022;2025;10;06;6;2;6;4;2;1;0;1;1;0;0;0;482533,337100000120699;5296961,326899999752641;8,766632954000045;47,825764476000074;1
08251022426200583520;08;4;26;070;2025;10;06;4;3;6;2;2;1;0;1;1;0;0;0;565160,258000000379980;5342161,946000000461936;9,877414061000025;48,229330119000053;1
08250927231102512250;08;2;36;038;2025;09;21;7;3;6;7;2;0;0;1;1;0;0;0;489568,964800000190735;5429019,052999999374151;8,857347609000044;49,013974399000062;1
08250929337400488690;08;3;37;062;2025;09;13;2;3;0;1;0;0;1;0;0;0;0;0;457317,439100000075996;5273383,465399999171495;8,432052942000041;47,612450917000047;1
08251020216200562750;08;2;16;007;2025;10;15;2;3;1;2;0;0;1;1;0;0;0;0;435556,982499999925494;5394931,224700000137091;8,124111793000054;48,704084740000042;1
08251004436400571280;08;4;36;083;2025;10;09;7;3;3;6;0;0;1;0;0;0;0;1;532107,545400000177324;5301497,153999999165535;9,429311903000041;47,866009840000061;1
08251017226300594600;08;2;21;000;2025;10;14;6;3;0;7;0;0;1;0;0;0;0;0;483701,949799999594688;5473054,326500000432134;8,775324266000041;49,409954109000068;1
08251027435200609330;08;4;35;052;2025;10;15;2;2;5;2;0;1;1;1;0;0;0;0;523294,015599999576807;5289776,708000000566244;9,310837843000058;47,760937063000029;1
08251009415400598160;08;4;15;061;2025;10;22;5;3;8;1;2;0;1;0;0;0;0;0;514781,951200000010431;5375572,836300000548363;9,200233022000077;48,533087808000062;1
08251011435100553560;08;4;35;057;2025;10;15;7;2;5;3;0;0;1;0;0;0;0;0;544130,606300000101328;5279763,698699999600649;9,587857801000041;47,669758647000037;1
08251017337400554350;08;3;37;066;2025;10;08;6;3;6;4;0;0;0;1;1;0;0;0;429668,046299999579787;5268452,316099999472499;8,064972934000025;47,565675923000072;1
08251022127202570810;08;1;27;014;2025;10;19;4;3;5;2;2;1;1;1;0;0;0;0;578619,641400000080466;5442531,837899999693036;10,077712115000054;49,130586867000034;1
08251011212702569670;08;2;15;017;2025;10;16;7;3;0;7;0;0;1;0;0;0;0;0;457293,408999999985099;5420580,944000000134110;8,416855638000072;48,936682180000048;1
08250930435100483220;08;4;35;016;2025;09;08;3;3;3;6;0;0;1;1;0;0;0;0;536187,295300000347197;5277949,748500000685453;9,481900099000029;47,653931130000046;1
08251021326200581510;08;3;26;074;2025;10;13;3;2;6;7;0;0;0;0;1;0;0;1;465497,544599999673665;5323808,416200000792742;8,536875624000061;48,066618892000065;1
08251019128300586190;08;1;28;131;2025;10;11;1;2;0;1;0;0;1;0;0;0;0;0;537975,980499999597669;5508289,768799999728799;9,526906072000031;49,725907237000058;1
08251023425000587040;08;4;25;108;2025;10;07;5;3;3;6;2;1;1;1;0;0;0;0;554861,390899999998510;5357704,896299999207258;9,740768303000038;48,370128558000033;1
08251015317600548690;08;3;17;040;2025;10;13;4;3;4;2;0;0;1;1;0;0;0;0;431800,731999999843538;5347888,062999999150634;8,080746606000048;48,280520598000066;1
08250922118600488910;08;1;18;073;2025;09;08;2;2;6;4;0;1;0;1;1;0;0;0;497618,956000000238419;5422057,539999999105930;8,967478124000024;48,951434702000029;1
08251015212010546700;08;2;12;000;2025;10;16;4;3;5;2;0;0;1;1;0;0;0;0;455375,449300000444055;5429730,633999999612570;8,389663998000060;49,018849564000050;1
08251017121200551550;08;1;21;000;2025;10;06;6;3;0;7;2;0;1;0;0;0;0;0;515937,998300000093877;5444947,528999999165535;9,218591881000066;49,157140006000077;1
08251002311500526640;08;3;15;113;2025;10;16;5;3;6;4;0;0;0;1;1;0;0;0;441223,231999999843538;5306871,347999999299645;8,213387345000058;47,912471892000042;1
08250922116200468830;08;1;16;077;2025;09;07;2;3;0;1;0;1;1;0;0;0;0;0;516488,829300000332296;5391769,851199999451637;9,223997301000054;48,678756311000029;1
08251020436200620530;08;4;36;064;2025;10;08;2;3;3;6;1;0;1;0;0;0;1;0;542680,505199999548495;5288926,025599999353290;9,569439520000060;47,752291255000046;1
08250923127202476390;08;1;27;032;2025;09;19;3;2;6;6;2;0;0;1;1;0;0;0;567158,546000000089407;5456494,971000000834465;9,922961166000050;49,257532842000046;1
08251014231000561240;08;2;36;062;2025;10;18;3;3;5;3;0;0;1;1;0;0;0;0;486920,611600000411272;5405926,829800000414252;8,821869494000055;48,806192909000060;1
08250919317010479480;08;3;17;089;2025;09;12;6;2;0;7;0;0;0;0;1;0;0;1;432669,942800000309944;5372504,273000000044703;8,088514623000037;48,502047209000068;1
08251002317000530470;08;3;17;065;2025;10;12;5;3;6;4;0;0;0;1;1;0;0;0;416522,828300000168383;5354461,039400000125170;7,873553691000041;48,337814022000032;1
08250926335400511770;08;3;35;021;2025;09;18;6;3;0;1;0;0;1;0;0;0;0;0;492067,379999999888241;5300453,948999999091029;8,893950165000035;47,857377337000059;1
08250919337100623040;08;3;37;096;2025;09;18;6;3;1;6;0;0;1;1;0;0;0;0;420700,222900000400841;5267649,003499999642372;7,945914958000060;47,557415263000053;1
08251027115200599140;08;1;15;021;2025;10;15;2;3;0;7;1;1;1;0;0;0;0;0;491221,731800000183284;5384209,302899999544024;8,880908966000050;48,610896499000035;1
08250919335400473540;08;3;35;079;2025;09;14;6;3;4;6;0;0;1;0;0;0;0;0;501205,164300000295043;5299797,793199999257922;9,016109820000054;47,851521476000073;1
08251021311500562650;08;3;15;113;2025;10;07;3;3;5;3;1;1;1;1;0;0;0;0;439430,119199999608099;5308192,631799999624491;8,189206758000068;47,924191832000076;1
08250922115400491830;08;1;15;001;2025;09;18;2;3;5;2;1;1;1;1;0;0;0;0;492254,647900000214577;5391705,465600000694394;8,894781889000058;48,678346807000025;1
08251005317100533100;08;3;17;001;2025;10;00;1;3;0;1;2;1;1;0;0;0;0;0;432777,077999999746680;5386353,142799999564886;8,087726969000073;48,626631498000052;1
08251001136000531660;08;1;36;065;2025;10;10;4;3;0;7;0;0;1;0;0;0;0;0;559468,402200000360608;5405990,188400000333786;9,809879643000045;48,804055408000067;1
08250920417100456490;08;4;17;063;2025;09;20;7;3;8;1;2;0;1;0;0;0;0;0;507730,673000000417233;5333269,251000000163913;9,103941529000053;48,152624476000028;1
08250922435100459050;08;4;35;035;2025;09;17;2;3;5;3;0;1;1;1;0;0;0;0;545102,283999999985099;5284206,810000000521541;9,601259959000060;47,709667077000063;1
08250924311010466710;08;3;11;000;2025;09;16;4;3;5;3;0;1;1;0;0;0;0;1;412830,084400000050664;5317725,235700000077486;7,831268345000069;48,006875641000079;1
08250919316100448500;08;3;16;017;2025;09;17;6;3;8;7;0;0;0;1;1;0;0;0;413445,454199999570847;5340190,781500000506639;7,834958257000039;48,209040506000065;1
08251007437200552030;08;4;37;065;2025;10;18;3;3;5;2;0;0;1;1;0;0;0;0;519807,265800000168383;5317815,179700000211596;9,265597443000047;48,013323300000081;1
08251001226300538410;08;2;26;104;2025;10;15;4;3;5;3;0;0;1;1;0;0;0;0;491165,557300000451505;5468583,001599999144673;8,878312388000040;49,369888746000072;1
08250919311300461790;08;3;15;056;2025;09;13;6;2;0;1;0;0;1;0;0;0;0;0;415532,426199999637902;5310209,969699999317527;7,868970009000066;47,939635147000047;1
08251006221200524390;08;2;21;000;2025;10;07;2;3;5;3;1;0;1;1;0;0;0;0;476414,871100000105798;5472984,780600000172853;8,674874276000025;49,409089737000045;1
08251010118200543500;08;1;18;067;2025;10;17;6;3;0;7;0;0;1;0;0;0;0;0;507210,144799999892712;5414042,315600000321865;9,098339238000051;48,879294407000032;1
08250920317100459290;08;3;17;110;2025;09;16;7;3;5;3;0;0;1;1;0;0;0;0;426123,329300000332296;5380936,335500000044703;7,998407511000039;48,577157495000051;1
08250923316100502760;08;3;16;011;2025;09;14;3;3;0;7;0;1;1;0;0;0;0;1;416249,555700000375509;5328579,576199999079108;7,874980350000044;48,104971647000070;1
08251022116200601340;08;1;16;077;2025;10;06;4;3;6;4;2;1;0;1;1;0;0;0;516058,975800000131130;5391734,830900000408292;9,218156515000032;48,678452473000050;1
08251020311010581730;08;3;36;069;2025;10;06;2;2;5;2;2;0;1;0;0;1;0;0;404948,876000000163913;5267797,073999999091029;7,736557709000067;47,556632226000033;1
08250919311200462900;08;3;11;000;2025;09;08;6;3;3;6;0;0;1;0;0;0;0;0;412592,101300000213087;5314268,036499999463558;7,828782267000065;47,975744532000078;1
08250929216200487110;08;2;16;007;2025;09;13;2;3;7;7;0;0;1;0;0;0;0;0;436586,366200000047684;5394366,774000000208616;8,138187862000052;48,699112975000048;1
08250919336100486590;08;3;36;084;2025;09;23;6;3;8;1;2;0;1;0;0;0;0;0;404320,818900000303984;5276895,482499999925494;7,726226354000062;47,638385598000070;1
08251001335000523050;08;3;35;002;2025;10;16;4;2;5;3;0;0;1;1;0;0;0;0;505531,552699999883771;5285555,949899999424815;9,073760497000023;47,723357604000057;1
08251014311010542910;08;3;11;000;2025;10;13;3;3;5;2;0;0;1;0;0;0;0;1;414573,474299999885261;5318179,662499999627471;7,854547453000066;48,011198787000069;1
08251017327100618800;08;3;27;050;2025;10;18;6;3;6;4;0;0;0;1;1;0;0;0;487513,081000000238419;5314205,105000000447035;8,832666255000049;47,981027905000076;1
08250929135100492950;08;1;35;016;2025;09;09;2;2;0;1;0;0;1;0;0;0;0;0;589847,405600000172853;5386555,134400000795722;10,219287181000027;48,625607421000041;1
08250919311010448760;08;3;11;000;2025;09;13;6;3;0;7;0;0;1;0;0;0;0;0;413405,565700000151992;5316240,449500000104308;7,839282152000067;47,993597719000036;1
08250925311010511180;08;3;11;000;2025;09;16;5;3;6;4;0;1;0;1;1;0;0;0;409625,448699999600649;5316459,779899999499321;7,788578498000049;47,995047532000058;1
08251017126200586900;08;1;26;066;2025;10;12;6;3;5;3;0;0;1;1;0;0;0;0;536091,307400000281632;5450219,032500000670552;9,495462661000033;49,203703158000053;1
08250922136000486310;08;1;27;025;2025;09;06;2;3;5;2;2;1;1;1;0;0;0;0;556768,626500000245869;5426059,176999999210238;9,775904703000037;48,984827585000062;1
08251022211100596500;08;2;11;000;2025;10;09;4;3;6;4;0;1;0;1;1;0;0;0;441655,939500000327826;5403622,686899999156594;8,205767065000032;48,782866114000058;1
08251024215402577510;08;2;15;009;2025;10;14;6;3;6;7;0;0;0;1;1;0;0;0;471403,219999999739230;5440864,720000000670552;8,608084152000060;49,119955207000032;1
08251027111110611790;08;1;11;000;2025;10;07;2;3;5;2;1;1;1;1;0;0;0;0;513442,466300000436604;5402566,674799999222159;9,182965363000051;48,775957549000054;1
08251014221300607700;08;2;21;000;2025;10;17;3;3;6;4;0;0;0;1;1;0;0;0;479406,559700000099838;5473740,089900000020862;8,716075548000049;49,415992241000026;1
08251022135010621970;08;1;35;027;2025;10;12;4;3;8;3;0;1;1;1;0;0;0;0;591304,752999999560416;5376685,357999999076128;10,236891457000070;48,536625916000048;1
08251007317000528880;08;2;16;023;2025;10;19;3;3;3;6;2;0;1;0;0;0;0;1;437198,219399999827147;5408029,381200000643730;8,144417300000043;48,822069888000044;1
08251022127202565870;08;1;27;014;2025;10;07;4;3;5;3;1;1;1;1;0;0;0;0;578179,906000000424683;5444035,636499999091029;10,071977026000070;49,144167872000025;1
08250919226700479840;08;2;26;065;2025;09;08;6;2;5;2;0;0;1;1;0;0;0;0;475957,783200000412762;5456414,564200000837445;8,669572562000042;49,260023705000037;1
08251002317000519400;08;3;17;073;2025;10;17;5;3;4;2;0;0;1;1;0;0;0;0;411815,741999999620020;5349403,871999999508262;7,811107224000068;48,291686577000064;1
08251021436100594880;08;4;36;055;2025;10;22;3;3;0;7;2;0;1;0;0;0;0;1;576313,452300000004470;5298232,375900000333786;10,019746939000072;47,832908772000053;1
08250920222400485420;08;2;26;105;2025;09;13;7;3;0;1;0;0;1;0;0;0;0;0;471531,325899999588728;5478441,709899999201298;8,607163351000054;49,457964442000048;1
08250925127202470440;08;1;27;014;2025;09;19;5;3;6;4;1;0;0;1;1;0;0;0;579069,260400000028312;5441950,283199999481440;10,083760290000043;49,125298787000077;1
08251009311010568100;08;3;11;000;2025;10;19;5;3;0;4;2;0;1;0;1;0;0;0;413609,248399999924004;5316612,505799999460578;7,841936854000039;47,996972050000068;1
08251008326000540070;08;3;27;049;2025;10;09;4;3;6;3;0;0;0;1;1;0;0;0;473032,550300000235438;5324926,484300000593066;8,637944611000023;48,077041169000040;1
08251001212010533250;08;2;15;066;2025;10;23;4;2;0;7;2;0;1;0;0;0;0;0;455336,423799999989569;5452938,888299999758601;8,386560664000058;49,227602886000057;1
08251025216100577330;08;2;16;022;2025;10;21;7;3;0;1;2;1;1;0;0;0;0;0;437292,666299999691546;5403920,706000000238419;8,146331364000048;48,785122209000065;1
08251001216200518540;08;2;16;007;2025;10;19;4;3;7;7;2;0;1;0;0;0;0;0;440725,034199999645352;5395053,756899999454618;8,194329086000039;48,705699496000079;1
08251016212502551040;08;2;12;000;2025;10;15;5;3;0;7;0;0;0;0;1;0;1;0;453052,198200000450015;5428873,563999999314547;8,357989768000039;49,010967760000028;1
08251025325202604490;08;3;25;049;2025;10;07;7;3;5;3;2;0;1;1;0;0;0;0;472279,615000000223517;5335023,680999999865890;8,627179412000032;48,167851377000034;1
08250919221200489960;08;2;21;000;2025;09;18;6;3;6;7;0;0;1;0;1;0;0;0;477707,958999999798834;5473057,244000000879169;8,692695406000041;49,409790280000038;1
08251015435100582500;08;4;35;016;2025;10;07;4;3;1;7;0;0;1;0;0;0;1;0;536415,801400000229478;5278032,812599999830127;9,484949884000059;47,654665671000032;1
08251022121200600280;08;1;21;000;2025;10;06;4;3;5;3;2;1;1;1;0;0;0;0;515274,632000000216067;5446320,432000000029802;9,209545885000068;49,169506545000047;1
08251026136000578430;08;1;36;065;2025;10;09;1;3;0;7;0;1;1;0;0;0;0;0;559013,835400000214577;5406063,773800000548363;9,803700271000025;48,804760638000062;1
08250930222301495430;08;2;22;000;2025;09;17;3;3;4;6;0;0;1;0;0;0;0;0;463962,640800000168383;5483726,055400000885129;8,502245906000041;49,505092753000042;1
08250923215000464410;08;2;15;046;2025;09;11;3;3;5;3;0;1;1;1;0;0;0;0;453427,532200000248849;5412275,519899999722838;8,365018702000043;48,861694114000045;1
08251021335200561760;08;3;35;055;2025;10;13;3;3;5;3;0;0;1;1;0;0;0;0;495065,771999999880791;5285962,529799999669194;8,934199917000058;47,727020696000068;1
08251013118500556000;08;1;18;001;2025;10;17;2;3;2;6;0;0;1;1;0;0;0;0;523870,816800000146031;5419608,282899999991059;9,325897218000023;48,928946070000052;1
08251021215202594670;08;2;15;039;2025;10;07;3;3;5;3;2;1;1;1;0;0;0;0;473706,888700000010431;5452096,471400000154972;8,638920997000071;49,221089584000026;1
08250930127202505270;08;1;27;014;2025;09;11;3;2;4;6;0;0;1;0;0;0;0;0;577301,496700000017881;5443734,531799999997020;10,059876981000059;49,141570964000039;1
08251014121500574160;08;1;25;007;2025;10;07;3;3;6;7;0;0;0;1;1;0;0;0;511464,155000000260770;5453042,427999999374151;9,157463734000032;49,230055733000029;1
08251008226700594950;08;2;26;060;2025;10;08;4;3;5;3;0;0;1;1;0;0;0;0;477858,995199999772012;5463531,442199999466538;8,695307424000021;49,324112022000065;1
08250927226700491880;08;2;21;000;2025;09;18;7;3;8;1;0;0;1;0;0;1;0;0;476214,315200000070035;5467450,859500000253320;8,672440679000033;49,359305042000074;1
08250919212010478610;08;2;15;017;2025;09;10;6;2;0;7;0;0;1;0;0;0;0;0;457292,000699999742210;5420581,756999999284744;8,416836324000030;48,936689396000077;1
08251011115400561320;08;1;15;045;2025;10;23;7;3;0;7;2;0;1;0;0;0;0;0;498681,134700000286102;5394601,361199999228120;8,982074380000029;48,704445229000044;1
08250929119500502730;08;1;19;042;2025;09;05;2;2;3;6;2;0;1;1;0;0;0;0;527325,343299999833107;5415086,464400000870228;9,372756598000024;48,888126839000051;1
08250920317100478100;08;3;17;001;2025;09;09;7;2;5;3;0;0;1;1;0;0;0;0;427832,144999999552965;5384553,661800000816584;8,020942919000049;48,609894299000075;1
08251001436000571050;08;4;36;049;2025;10;11;4;2;5;3;0;0;1;1;0;0;0;0;579012,332999999634922;5283306,384999999776483;10,053090781000037;47,698308117000067;1
08251009116500587820;08;1;16;071;2025;10;08;5;3;5;2;0;0;1;1;0;0;0;0;527368,310899999924004;5391266,783700000494719;9,371756884000035;48,673848584000041;1
08251010311400547730;08;3;15;007;2025;10;18;6;3;5;3;1;0;1;1;0;0;0;0;401348,299399999901652;5295986,488299999386072;7,682339540000044;47,809667780000041;1
08251015316100562870;08;3;16;051;2025;10;13;4;3;5;3;0;0;1;1;0;0;0;0;399229,565999999642372;5335212,848999999463558;7,644842212000071;48,162169121000034;1
08250921415100481790;08;4;15;088;2025;09;09;1;3;3;6;0;0;1;0;0;0;0;0;541659,778500000014901;5372452,230900000780821;9,563989919000051;48,503806177000058;1
08251024436300574200;08;4;36;081;2025;10;13;6;3;5;2;0;1;1;1;0;0;0;0;563042,297199999913573;5280948,926400000229478;9,839925230000063;47,678854675000025;1
08251010225100561130;08;2;25;074;2025;10;13;6;2;5;3;0;0;1;0;0;1;0;0;505791,093600000254810;5466531,286399999633431;9,079738042000031;49,351470004000078;1
08251016121500560820;08;1;25;005;2025;10;07;5;3;3;2;0;0;1;1;0;0;0;0;516527,128999999724329;5450758,142999999225140;9,226910682000039;49,209392406000063;1
08251024437100606500;08;4;37;086;2025;10;14;6;3;5;3;0;0;1;1;0;0;0;0;526314,018000000156462;5308335,147600000724196;9,352265050000028;47,927796007000040;1
08251022118400585460;08;1;18;048;2025;10;07;4;3;6;2;0;0;0;0;1;0;0;1;512674,440700000151992;5417211,949799999594688;9,172964881000041;48,907719980000081;1
08250919212000482080;08;2;12;000;2025;09;19;6;2;0;1;0;0;1;0;0;0;0;0;458069,793300000019372;5427684,590500000864267;8,426724252000042;49,000634118000050;1
08251002226600574680;08;2;26;096;2025;10;07;5;3;5;3;0;0;1;1;0;0;0;0;476396,010599999688566;5488576,381899999454618;8,673683760000074;49,549331106000068;1
08251016226500579640;08;2;26;085;2025;10;07;5;3;6;4;1;0;0;1;1;0;0;0;488296,696999999694526;5457661,973899999633431;8,839116533000038;49,271604893000074;1
08250930211000501380;08;2;16;049;2025;09;14;3;3;0;7;0;1;1;0;0;0;0;0;438871,962700000032783;5400954,418800000101328;8,168269633000023;48,758597606000080;1
08251010416010552510;08;1;16;071;2025;10;12;6;3;0;1;0;0;1;0;0;0;0;0;527342,365899999625981;5391168,270400000736117;9,371397955000077;48,672963501000027;1
08251002115400535590;08;1;15;001;2025;10;14;5;3;5;2;0;0;1;1;0;0;0;0;493115,536000000312924;5391837,813999999314547;8,906474555000045;48,679547515000081;1
08250930317000485870;08;3;17;026;2025;09;16;3;3;5;3;0;0;1;1;0;0;0;0;411723,817999999970198;5346783,743000000715256;7,810415567000064;48,268106212000077;1
08251015111140571940;08;1;11;000;2025;10;07;4;3;5;2;1;0;1;1;0;0;0;0;509918,997700000181794;5399162,759700000286102;9,134925565000060;48,745402196000043;1
08250928211100512600;08;2;11;000;2025;09;14;1;3;8;1;0;0;1;0;0;0;0;0;443306,143299999646842;5402229,580000000074506;8,228421075000028;48,770487510000066;1
08251004317500522680;08;3;17;034;2025;10;13;7;3;7;7;0;1;1;0;0;0;0;0;426835,612300000153482;5361917,171399999409914;8,011394460000076;48,406162394000035;1
08251023212102573550;08;2;12;000;2025;10;16;5;3;6;4;0;0;0;1;1;0;0;0;458984,731999999843538;5429504,810699999332428;8,439048884000044;49,017068782000081;1
08251023116010570470;08;1;16;049;2025;10;21;5;3;3;2;2;0;1;1;0;0;0;0;525098,007699999958277;5385791,603099999949336;9,340586993000045;48,624689208000063;1
08250919311010448850;08;3;11;000;2025;09;14;6;3;5;3;0;0;1;0;0;0;0;0;411764,864699999801815;5319104,685100000351667;7,816705644000024;48,019137953000040;1
08250923211000485090;08;2;16;043;2025;09;15;3;1;6;7;0;1;0;0;1;0;0;1;441208,515399999916553;5412931,030799999833107;8,198342509000042;48,866552643000034;1
08250925121400514480;08;1;25;056;2025;09;15;5;2;6;4;0;0;0;1;1;0;0;0;512264,165300000458956;5435913,907899999991059;9,167930462000072;49,075963403000060;1
08250922117100497720;08;1;17;019;2025;09;10;2;3;6;2;0;1;0;1;1;0;0;0;551957,670599999837577;5393700,260900000110269;9,706051679000041;48,694176773000038;1
08251016111500564190;08;1;11;000;2025;10;16;5;2;6;2;0;0;0;1;1;0;0;0;509611,456600000150502;5403248,419500000774860;9,130837611000061;48,782161464000069;1
08251013212010568130;08;2;12;000;2025;10;06;2;3;5;3;2;0;1;1;0;0;0;0;456202,074099999852479;5426686,792300000786781;8,401297534000037;48,991529097000068;1
08251015111500560120;08;1;11;000;2025;10;12;4;3;6;4;0;0;0;1;1;0;0;0;512610,570100000128150;5402122,056600000709295;9,171628847000022;48,771975213000076;1
08250924117400496060;08;1;17;026;2025;09;17;4;2;5;3;0;1;1;1;0;0;0;0;545710,617100000381470;5395612,640399999916553;9,621377905000031;48,711868633000051;1
08251015317500545640;08;3;17;096;2025;10;06;4;2;4;6;2;0;1;0;0;0;0;0;421486,135999999940395;5368815,741000000387430;7,937831322000022;48,467571022000072;1
08251113119400654130;08;1;19;041;2025;11;15;5;3;6;4;0;0;0;1;1;0;0;0;526325,279799999669194;5410162,584200000390410;9,358797793000065;48,843876627000043;1
08251201231102800740;08;2;36;040;2025;12;17;2;2;6;4;2;1;0;1;1;0;0;0;488136,583899999968708;5421627,146900000050664;8,837974466000048;48,947453810000070;1
08251203231000770910;08;2;31;000;2025;12;17;4;2;8;1;2;0;1;0;0;0;0;0;475759,339999999850988;5414462,698999999091029;8,669359090000057;48,882644006000078;1
08251117118010706260;08;1;15;045;2025;11;14;2;2;6;4;0;1;0;1;1;0;0;0;498009,418999999761581;5397059,771600000560284;8,972932761000038;48,726559458000054;1
08251118222400731740;08;2;26;028;2025;11;06;3;3;6;4;2;0;0;1;1;0;0;0;472026,001400000415742;5484591,582800000905991;8,613554032000025;49,513303390000033;1
08251202421300834310;08;4;25;028;2025;12;12;3;3;5;3;0;0;1;1;0;0;0;0;579428,616000000387430;5340569,053999999538064;10,069214238000029;48,213375076000034;1
08251210111310790450;08;1;11;000;2025;12;08;4;3;0;2;0;0;1;0;0;0;0;1;516534,877000000327826;5405789,172499999403954;9,225185532000069;48,804872235000062;1
08251113221300667940;08;2;21;000;2025;11;08;5;3;6;4;0;0;0;1;1;0;0;0;479138,379099999554455;5473684,182700000703335;8,712381095000069;49,415480227000046;1
08251204335000770230;08;3;35;043;2025;12;19;5;2;2;1;2;0;1;0;0;0;0;0;513576,559000000357628;5279451,946000000461936;9,180846251000048;47,668316998000080;1
08251205436000748940;08;4;35;035;2025;12;07;6;3;5;3;2;0;1;1;0;0;0;0;542240,440999999642372;5282799,729000000283122;9,562974280000049;47,697200808000048;1
08251111416100720280;08;4;16;036;2025;11;16;3;3;5;7;0;0;1;1;0;0;0;0;485967,208999999798834;5371299,609200000762939;8,810058624000021;48,494661651000058;1
08251217121100812140;08;1;25;026;2025;12;13;4;3;6;6;0;0;0;1;1;0;0;0;488126,889999999664724;5446845,771800000220537;8,837102352000045;49,174307384000031;1
08251112118200714890;08;1;18;080;2025;11;21;4;2;6;4;2;0;0;0;1;1;0;0;509665,240199999883771;5408595,902200000360608;9,131695652000076;48,830266032000054;1
08251212311010779670;08;3;11;000;2025;12;23;6;2;0;7;2;0;1;0;0;0;0;0;414576,986100000329316;5318259,299000000581145;7,854578666000066;48,011915616000067;1
08251202117400763630;08;1;17;038;2025;12;12;3;2;6;4;0;0;0;1;1;0;0;0;547325,635400000028312;5397556,523700000718236;9,643553655000062;48,729234326000039;1
08251113231000651000;08;2;36;046;2025;11;10;5;3;8;5;0;0;1;1;0;0;0;0;484066,864599999971688;5418302,243899999186397;8,782522273000041;48,917452659000048;1
08251106317000662520;08;3;17;075;2025;11;17;5;3;5;2;2;0;1;1;0;0;0;0;413093,218500000424683;5360160,860500000417233;7,826106568000057;48,388619897000069;1
08251207135200816390;08;1;35;019;2025;12;20;1;3;6;4;2;1;0;1;1;0;0;0;585708,552000000141561;5391035,199999999254942;10,164059769000062;48,666483398000025;1
08251201127100745580;08;1;27;076;2025;12;17;2;3;2;6;2;0;1;1;0;0;0;0;554643,980299999937415;5440851,527499999850988;9,748863837000044;49,118072986000072;1
08251217127100780190;08;1;27;076;2025;12;12;4;2;6;4;0;0;0;1;1;0;0;0;549745,550699999555945;5436293,938799999654293;9,681177707000074;49,077494171000069;1
08251114116200728170;08;1;16;077;2025;11;14;6;2;5;3;0;0;1;1;0;0;0;0;516355,401200000196695;5389719,406600000336766;9,222103641000047;48,660313884000061;1
08251125212010729380;08;2;12;000;2025;11;16;3;3;5;3;2;1;1;1;0;0;0;0;454527,484799999743700;5428272,612800000235438;8,378230330000065;49,005672642000036;1
08251202237200751190;08;2;37;030;2025;12;06;3;3;5;3;2;1;1;1;0;0;0;0;464018,276399999856949;5365754,208900000900030;8,513452921000066;48,443900937000080;1
08251211335300796820;08;3;35;075;2025;12;16;5;3;5;3;1;0;1;1;0;0;0;0;488688,528500000014901;5287936,031899999827147;8,849105519000034;47,744697153000061;1