UIDENTSTLAE;ULAND;UREGBEZ;UKREIS;UGEMEINDE;UJAHR;UMONAT;USTUNDE;UWOCHENTAG;UKATEGORIE;UART;UTYP1;ULICHTVERH;IstStrassenzustand;IstRad;IstPKW;IstFuss;IstKrad;IstGkfz;IstSonstige;LINREFX;LINREFY;XGCSWGS84;YGCSWGS84;PLST
08251112317100661070;08;3;17;001;2025;11;17;4;3;3;2;2;0;1;1;0;0;0;0;432586,841199999675155;5387142,822200000286102;8,085017208000068;48,633714226000052;1
08251205436000752780;08;4;35;057;2025;12;17;6;3;5;2;2;1;1;1;0;0;0;0;542760,859799999743700;5279284,214199999347329;9,569565603000058;47,665536627000051;1
08251211111500807830;08;1;11;000;2025;12;07;5;2;6;2;2;1;0;1;1;0;0;0;511383,417600000277162;5401874,283299999311566;9,154920610000033;48,769769919000055;1
08251111316100682890;08;3;16;054;2025;11;07;3;3;0;6;0;0;1;1;0;0;0;0;419238,105399999767542;5335601,751199999824166;7,913786201000050;48,168524563000062;1
08251205317000782440;08;3;17;057;2025;12;19;6;1;6;4;2;1;0;1;1;0;0;0;414345,303799999877810;5379156,807600000873208;7,839123698000037;48,559652121000056;1
08251117126200715650;08;1;26;066;2025;11;17;2;3;6;2;2;1;0;1;1;0;0;0;536579,984799999743700;5450080,818800000473857;9,502158383000051;49,202430961000061;1
08251201136000754490;08;1;27;025;2025;12;13;2;3;5;3;0;1;1;1;0;0;0;0;556267,545599999837577;5428640,708200000226498;9,769414223000069;49,008093821000045;1
08251103117010653250;08;1;17;038;2025;11;19;2;1;6;4;2;0;0;1;1;0;0;0;547271,701299999840558;5397479,022800000384450;9,642811398000049;48,728541262000078;1
08251216311010805800;08;3;11;000;2025;12;08;3;3;5;3;0;0;1;0;0;0;0;0;414596,065000000409782;5317824,627000000327826;7,854921010000055;48,008008130000064;1
08251105311010635760;08;3;36;069;2025;11;15;4;3;6;7;0;0;0;1;1;0;0;0;403252,143000000156462;5267041,064999999478459;7,714176527000063;47,549580825000078;1
08251111335300649940;08;3;35;075;2025;11;17;3;3;5;2;1;0;1;1;0;0;0;0;488115,668700000271201;5290019,072300000116229;8,841406689000053;47,763429091000035;1
08251103111500631910;08;1;11;000;2025;11;06;2;3;5;2;1;1;1;1;0;0;0;0;516212,045099999755621;5394025,280300000682473;9,220325775000049;48,699053486000025;1
08251125216300738980;08;2;16;029;2025;11;17;3;3;6;4;2;1;0;0;1;1;0;0;455199,416000000201166;5402520,971100000664592;8,390240798000036;48,774078640000027;1
08251108326300655720;08;3;26;060;2025;11;13;7;3;6;4;0;0;0;1;1;0;0;0;443121,264999999664724;5331512,777899999171495;8,235515410000062;48,134326044000034;1
08251203117010756310;08;1;17;051;2025;12;17;4;1;6;4;2;1;0;1;1;0;0;0;542877,341000000014901;5397450,813999999314547;9,583056345000045;48,728605352000045;1
08251209119300768210;08;1;19;055;2025;12;11;3;3;6;7;0;0;0;1;1;0;0;0;544027,308600000105798;5404879,661299999803305;9,599487798000041;48,795351345000029;1
08251104119200723390;08;1;19;020;2025;11;18;3;3;0;7;2;0;1;0;0;0;0;0;519047,137199999764562;5408735,259700000286102;9,259535996000068;48,831302760000028;1
08251104111250633630;08;1;11;000;2025;11;05;3;3;6;4;2;0;0;1;1;0;0;0;518738,220800000242889;5400767,340399999171495;9,254963259000021;48,759633969000049;1
08251110311010735200;08;3;11;000;2025;11;13;2;3;2;1;0;0;1;0;0;0;0;0;414440,112900000065565;5316761,079199999570847;7,853042599000048;47,998420257000078;1
08251103311010631530;08;3;11;000;2025;11;07;2;3;5;2;0;0;1;0;0;0;0;1;413210,328900000080466;5315710,910399999469519;7,836772810000070;47,988807862000044;1
08251201222200760900;08;2;22;000;2025;12;10;2;3;5;3;0;0;1;1;0;0;0;0;460723,688799999654293;5482277,898299999535084;8,457654943000023;49,491866282000046;1
08251115212102728330;08;2;15;101;2025;11;13;7;3;6;7;0;0;0;1;1;0;0;0;465749,762099999934435;5427397,742799999192357;8,531745982000075;48,998527746000036;1
08251114436100683330;08;4;36;055;2025;11;07;6;3;6;4;0;0;0;1;1;0;0;0;576401,434999999590218;5297068,327999999746680;10,020717066000032;47,822426515000075;1
08251105311500644680;08;3;15;070;2025;11;16;4;3;0;6;1;0;1;1;0;0;0;0;451610,211699999868870;5304064,295700000599027;8,352701585000034;47,888085522000040;1
08251105311010634770;08;3;15;131;2025;11;07;4;3;5;3;0;0;1;1;0;0;0;0;405448,944000000134110;5308683,891200000420213;7,734318439000049;47,924499054000080;1
08251105121500655220;08;1;25;065;2025;11;07;4;3;5;3;0;0;1;1;0;0;0;0;516111,486999999731779;5450958,819299999624491;9,221212187000049;49,211208603000046;1
08251120216100679360;08;2;16;043;2025;11;17;5;3;6;6;2;1;1;0;1;0;0;0;439552,684299999848008;5413070,438100000843406;8,175746063000076;48,867647420000026;1
08251113118100743460;08;1;18;079;2025;11;16;5;2;2;1;1;0;1;0;0;0;1;0;509197,826799999922514;5422683,957299999892712;9,125644014000045;48,957005918000050;1
08251105426100634910;08;4;26;021;2025;11;11;4;2;2;2;0;0;1;1;0;0;0;0;553002,269000000320375;5326469,532500000670552;9,711760019000053;48,089290152000046;1
08251118225100721520;08;2;25;058;2025;11;17;3;3;5;3;2;1;1;1;0;0;0;0;509870,794800000265241;5466102,808800000697374;9,135901034000028;49,347563431000026;1
08251130111310710770;08;1;11;000;2025;11;11;1;3;5;3;0;1;1;1;0;0;0;0;516646,302299999631941;5407405,385099999606609;9,226768560000039;48,819408452000062;1
08251118337200689120;08;3;37;125;2025;11;16;3;3;8;6;0;0;1;1;0;0;0;0;446995,814899999648333;5273615,410700000822544;8,294691916000033;47,613775612000040;1
08251113136000685630;08;1;36;027;2025;11;18;5;2;6;4;2;0;0;1;1;0;0;0;554587,352300000376999;5420220,217000000178814;9,745311116000039;48,932503256000075;1
08251202118600780930;08;1;18;050;2025;12;17;3;3;5;2;2;0;1;1;0;0;0;0;506173,863699999637902;5416609,008999999612570;9,084244189000060;48,902394998000034;1
08251210311010781290;08;3;15;064;2025;12;07;4;3;6;6;2;0;1;0;1;0;0;0;423260,763000000268221;5313520,921000000089407;7,971844408000038;47,970392250000032;1
08251117317000662850;08;3;17;127;2025;11;07;2;3;5;3;2;1;1;1;0;0;0;0;421224,867999999783933;5352353,164999999105930;7,937385649000021;48,319457237000051;1
08251114119100690500;08;1;19;018;2025;11;13;6;3;6;4;0;0;0;1;1;0;0;0;527141,622999999672174;5419680,578600000590086;9,370555916000058;48,929461595000078;1
08251109136100665500;08;1;36;088;2025;11;01;1;3;0;7;2;0;1;0;0;0;0;0;580165,247299999929965;5409706,309100000187755;10,092422415000044;48,835154474000035;1
08251118436000694100;08;4;35;034;2025;11;07;3;3;5;3;0;0;1;1;0;0;0;0;530714,758000000379980;5284805,609400000423193;9,409507848000032;47,715899366000031;1
08251217116500811130;08;1;16;036;2025;12;18;4;3;6;4;2;0;0;1;1;0;0;0;524585,922000000253320;5378532,652000000700355;9,333208310000032;48,559407269000076;1
08251212119300797540;08;1;19;055;2025;12;15;6;3;6;4;0;0;0;1;1;0;0;0;543745,104000000283122;5405222,976999999955297;9,595682006000061;48,798459544000082;1
08251124231102721800;08;2;36;065;2025;11;07;2;2;6;4;1;1;0;0;1;0;0;1;489279,703599999658763;5415063,246700000017881;8,853759129000025;48,888427702000058;1
08251101335100634860;08;3;35;043;2025;11;00;7;3;0;7;2;0;1;0;0;0;0;0;514806,886699999682605;5280157,965500000864267;9,197258645000034;47,674642515000073;1
08251125121200723510;08;1;21;000;2025;11;17;3;3;6;7;2;1;0;1;1;0;0;0;515899,867800000123680;5442046,084200000390410;9,217954425000073;49,131041554000035;1
08251031127202600320;08;1;27;014;2025;10;18;6;3;5;3;2;0;1;1;0;0;0;0;577441,732499999925494;5443698,416300000622869;10,061792461000039;49,141228482000031;1
08251112335100724670;08;3;35;002;2025;11;13;4;3;6;4;0;0;0;0;1;0;0;1;504796,112800000235438;5284863,507699999958277;9,063946155000053;47,717133155000056;1
08251124426200730950;08;4;26;070;2025;11;07;2;3;6;4;2;1;0;1;1;0;0;0;565320,408499999903142;5342500,096799999475479;9,879622436000034;48,232355568000060;1
08251202118010785900;08;1;15;045;2025;12;14;3;2;0;7;0;0;1;0;0;0;0;0;500366,875199999660254;5394029,520600000396371;9,004985949000059;48,699302189000036;1
08251108117200687960;08;1;17;014;2025;11;15;7;3;0;7;0;0;1;0;0;0;0;0;552727,445700000040233;5382844,896600000560284;9,715129289000060;48,596463092000079;1
08251113215502663210;08;2;15;099;2025;11;08;5;2;5;2;0;0;1;1;0;0;0;0;461700,768000000156462;5445108,998999999836087;8,474714879000032;49,157604644000060;1
08251114215000656660;08;2;12;000;2025;11;10;6;3;0;3;0;1;1;1;0;0;0;0;456357,499900000169873;5426355,520999999716878;8,403457606000075;48,988560269000061;1
08251213231202778300;08;2;36;043;2025;12;20;7;3;6;2;2;0;0;1;1;0;0;0;470308,434600000269711;5410395,908700000494719;8,595305968000048;48,845823621000079;1
08251117221011732470;08;2;21;000;2025;11;13;2;3;6;4;0;1;0;1;1;0;0;0;481305,659099999815226;5473709,072899999096990;8,742259848000060;49,415774571000043;1
08251207222700757510;08;2;22;000;2025;12;09;1;3;0;7;0;1;1;0;0;0;0;0;464053,047699999995530;5480692,223899999633431;8,503770501000076;49,477810292000072;1
08251114435100658990;08;4;35;016;2025;11;13;6;3;5;3;0;0;1;1;0;0;0;0;535392,531999999657273;5282013,333300000056624;9,471646068000041;47,690536786000052;1
08251102317000685550;08;3;17;141;2025;11;03;1;3;2;6;2;0;1;1;0;0;0;0;417890,172699999995530;5377682,509299999102950;7,887448391000021;48,546865697000044;1
08251120435100675770;08;4;35;016;2025;11;07;5;3;0;2;0;0;1;0;0;0;0;0;534706,334900000132620;5279434,136800000444055;9,462296968000032;47,667367946000070;1
08251110212502670760;08;2;12;000;2025;11;06;2;3;8;1;1;1;1;0;0;0;0;0;449735,820500000379980;5431827,631100000813603;8,312275607000061;49,037278155000081;1
08251209426000821600;08;4;26;044;2025;12;15;3;3;6;4;0;0;0;1;1;0;0;0;579836,970200000330806;5326382,959000000730157;10,072048854000059;48,085714637000081;1
08251117118200704830;08;1;18;019;2025;11;12;2;3;6;4;0;1;0;1;1;0;0;0;504613,669999999925494;5405068,533999999985099;9,062824883000076;48,798592254000027;1
08251213128300799800;08;1;28;131;2025;12;20;7;2;4;6;2;0;1;0;0;0;0;1;538255,797699999995530;5512332,856899999082088;9,531185174000029;49,762253314000077;1
08251213311010824190;08;3;16;020;2025;12;13;7;1;5;3;0;1;1;1;0;0;0;0;407775,758000000379980;5338614,391000000759959;7,759003597000060;48,194062668000072;1
08251128317000707450;08;3;17;059;2025;11;22;6;3;8;1;2;1;1;0;0;0;0;0;412889,754999999888241;5349846,914999999105930;7,825492393000047;48,295820434000063;1
08251215316200804870;08;3;16;056;2025;12;18;2;3;5;3;2;0;1;1;0;0;0;0;421374,465599999763072;5326162,137499999254942;7,944256045000031;48,083878830000060;1
08251107116200728150;08;1;16;078;2025;11;21;6;3;0;3;2;0;1;0;0;0;0;1;512207,602199999615550;5392351,538899999111891;9,165855204000025;48,684087621000060;1
08251116317100688290;08;3;17;001;2025;11;02;1;3;8;1;2;0;1;0;0;0;0;0;432423,357200000435114;5386989,592499999329448;8,082823559000076;48,632318271000031;1
08251205116200771540;08;1;16;080;2025;12;07;6;3;5;2;2;1;1;1;0;0;0;0;518932,019399999640882;5397194,763900000602007;9,257435975000021;48,727489465000076;1
08251208127202754230;08;1;27;014;2025;12;21;2;3;0;7;2;0;1;0;0;0;0;0;578518,256500000134110;5443388,027499999850988;10,076489345000027;49,138300242000071;1
08251213212402797350;08;2;12;000;2025;12;11;7;3;0;6;0;1;1;0;0;0;0;0;455633,237599999643862;5427060,916300000622869;8,393481337000026;48,994853778000049;1
08251205317000749340;08;3;17;031;2025;12;08;6;3;6;4;0;1;0;1;1;0;0;0;417017,452100000344217;5358371,847300000488758;7,879455642000039;48,373056536000036;1
08251103118400652770;08;1;18;048;2025;11;11;2;3;5;3;0;0;1;1;0;0;0;0;514209,628499999642372;5415933,440099999308586;9,193870592000053;48,896185544000048;1
08251207118400783300;08;1;18;048;2025;12;19;1;3;6;2;2;1;0;1;1;0;0;0;514231,630199999548495;5415590,918299999088049;9,194158840000057;48,893103805000067;1
08251209115100771920;08;1;15;003;2025;12;15;3;3;5;3;0;0;1;1;0;0;0;0;502014,794999999925494;5393372,656999999657273;9,027378492000025;48,693389838000030;1
08251103326200652210;08;3;26;074;2025;11;07;2;2;0;1;0;2;1;0;0;0;0;0;467000,039400000125170;5323484,617499999701977;8,557067877000065;48,063785251000070;1
08251203231000772830;08;2;31;000;2025;12;13;4;3;6;2;0;0;0;1;1;0;0;0;475634,315000000409782;5415196,482999999076128;8,667610042000035;48,889239963000080;1
08251120116010715270;08;1;16;019;2025;11;07;5;3;6;4;2;0;0;1;1;0;0;0;526452,896200000308454;5396938,864900000393391;9,359685990000060;48,724913575000073;1
08251117118010703140;08;1;15;045;2025;11;18;2;3;6;4;2;1;0;1;1;0;0;0;500415,582899999804795;5394137,842199999839067;9,005648011000062;48,700276629000030;1
08251124226300700930;08;2;26;056;2025;11;18;2;2;6;4;2;1;0;1;1;0;0;0;484364,687900000251830;5471240,033999999985099;8,784531747000074;49,393652077000070;1
08251111326300662160;08;3;26;031;2025;11;12;3;3;6;4;0;0;0;1;1;0;0;0;456881,614900000393391;5331549,650499999523163;8,420447719000038;48,135739117000071;1
08251109311010662020;08;3;36;050;2025;11;17;1;3;6;4;2;1;0;1;1;0;0;0;399269,695299999788404;5275587,033700000494719;7,659300560000077;47,625849488000028;1
08251123222014711950;08;2;26;036;2025;11;13;1;2;0;5;0;0;1;1;0;0;0;0;468827,661799999885261;5482122,382099999114871;8,569566774000066;49,490937965000057;1
08251114118100687170;08;1;18;079;2025;11;15;6;3;5;2;0;0;1;1;0;0;0;0;509783,864699999801815;5422954,036000000312924;9,133655869000052;48,959426457000063;1
08251209215302805620;08;2;15;059;2025;12;12;3;3;6;4;0;0;0;0;1;0;0;1;485478,608799999579787;5434503,066999999806285;8,801212668000062;49,063223145000052;1
08251119117010722170;08;4;25;134;2025;11;07;4;1;6;4;2;0;0;1;1;0;0;0;546314,782100000418723;5373613,679700000211596;9,627134520000027;48,513928393000072;1
08251205118010777310;08;1;18;027;2025;12;06;6;3;6;4;2;0;0;1;1;0;0;0;502564,032999999821186;5412498,027000000700355;9,034961215000067;48,865438901000061;1
08251120135200735800;08;1;35;019;2025;11;17;5;3;5;3;2;2;1;1;0;0;0;0;584814,078099999576807;5390942,259099999442697;10,151894899000069;48,665769566000051;1
08251213436000817630;08;4;35;057;2025;12;14;7;3;5;3;0;0;1;1;0;0;0;0;545764,016599999740720;5279842,729499999433756;9,609623270000043;47,670356165000044;1
08251127335400735380;08;3;35;079;2025;11;14;5;3;6;4;0;0;0;0;1;0;0;1;500398,720599999651313;5299669,751399999484420;9,005329709000023;47,850370437000038;1
08251120117010732990;08;1;17;019;2025;11;19;5;2;5;2;2;0;1;0;0;0;1;0;553521,742200000211596;5393020,191999999806285;9,727215949000026;48,687927091000063;1
08251103426300648620;08;4;26;035;2025;11;06;2;3;6;4;1;1;0;1;1;0;0;0;538186,064399999566376;5330931,490399999544024;9,513204695000070;48,130492929000070;1
08251125436200723880;08;4;36;064;2025;11;17;3;3;6;6;2;1;0;1;1;0;0;0;545714,739199999719858;5292843,558100000023842;9,610331959000064;47,787329461000070;1
08251112436000651770;08;4;35;036;2025;11;07;4;3;6;6;0;0;1;0;1;0;0;0;520318,660400000400841;5282770,897800000384450;9,270807909000041;47,698002856000073;1
08251030216100595440;08;2;16;043;2025;10;17;5;3;0;7;0;0;1;0;0;0;0;0;441607,512299999594688;5413131,296299999579787;8,203753940000070;48,868391717000065;1
08251104311010641350;08;3;11;000;2025;11;08;3;2;0;1;0;1;1;0;0;0;0;0;414182,131299999542534;5315817,604000000283122;7,849773650000031;47,989898759000027;1
08251112211000663010;08;2;16;049;2025;11;17;4;2;6;4;2;0;0;1;1;0;0;0;439161,764299999922514;5402173,114000000059605;8,172032159000025;48,769588214000066;1
08251215436000774660;08;4;35;057;2025;12;17;2;3;3;6;2;0;1;1;0;0;0;0;544740,400000000372529;5279969,190999999642372;9,596001380000075;47,671565602000044;1
08251031426000600030;08;4;25;039;2025;10;18;6;3;6;4;2;0;0;1;1;0;0;0;563557,319099999964237;5353308,319700000807643;9,857508845000041;48,329762683000070;1
08251208426100753440;08;4;26;058;2025;12;12;2;3;6;4;0;0;0;1;1;0;0;0;559704,249800000339746;5320755,852800000458956;9,800953503000073;48,037296049000076;1
08251205311010778280;08;3;15;064;2025;12;00;6;3;6;4;2;0;0;1;1;0;0;0;421842,001000000163913;5312773,844000000506639;7,952974881000046;47,963500032000070;1
08251216311100779290;08;3;15;043;2025;12;14;3;3;6;4;0;0;0;1;1;0;0;0;405290,324799999594688;5322726,792799999937415;7,729097859000035;48,050791478000065;1
08251212436100797200;08;4;36;010;2025;12;16;6;3;0;1;0;0;1;0;0;0;0;0;565806,736800000071526;5306167,235700000077486;9,880576755000050;47,905454566000060;1
08251124336200723570;08;3;36;105;2025;11;10;2;2;0;7;0;1;1;0;0;0;0;0;398990,201000000350177;5267521,923699999228120;7,657438558000024;47,553257416000065;1
08251031119400619940;08;1;19;091;2025;10;06;6;3;4;5;1;0;1;1;0;0;0;0;527091,476599999703467;5406873,552600000053644;9,369023041000048;48,814256523000040;1
08251101135200701220;08;1;35;019;2025;11;13;7;3;5;3;0;0;1;1;0;0;0;0;584037,105000000447035;5392424,562000000849366;10,141645911000069;48,679206931000067;1
08251202311400746820;08;3;15;108;2025;12;12;3;3;9;7;0;0;1;0;0;0;0;0;404332,499699999578297;5303298,127699999138713;7,720571703000076;47,875887929000044;1
08251115335200676920;08;3;35;075;2025;11;15;7;3;3;6;0;0;1;0;0;0;1;0;488622,665000000037253;5290034,637000000104308;8,848171990000026;47,763578284000062;1
08251115136000692340;08;1;36;042;2025;11;20;7;2;0;7;2;0;1;0;0;0;0;0;547587,963499999605119;5404511,366100000217557;9,647924860000046;48,791776055000071;1
08251125316200709730;08;3;16;010;2025;11;17;3;3;6;4;1;1;0;1;1;0;0;0;430888,453200000338256;5335840,637800000607967;8,070416477000038;48,172047317000079;1
08251104311300651680;08;3;11;000;2025;11;20;3;3;8;7;2;0;1;0;0;0;0;0;412812,888700000010431;5314684,687000000849366;7,831655493000028;47,979522574000043;1
08251124436200718900;08;4;36;064;2025;11;08;2;3;0;1;0;2;1;0;0;0;0;0;545284,659199999645352;5292279,245799999684095;9,604531472000076;47,782282716000054;1
08251030121500594810;08;1;25;005;2025;10;14;5;3;3;2;0;0;1;1;0;0;0;0;516406,434000000357628;5450946,638000000268221;9,225261306000050;49,211091203000080;1
08251103311010632320;08;3;11;000;2025;11;08;2;3;5;2;0;0;1;1;0;0;0;0;414627,414300000295043;5318632,654500000178814;7,855180361000066;48,015280825000048;1
08251030326300597020;08;3;26;031;2025;10;15;5;3;2;6;0;0;1;0;0;1;0;0;457216,625699999742210;5331884,002100000157952;8,424916756000073;48,138769733000061;1
08251214416100778700;08;4;16;036;2025;12;03;1;3;0;1;2;0;1;0;0;0;0;0;496139,801199999637902;5368499,337600000202656;8,947775862000071;48,469614069000045;1
08251106325202662240;08;3;25;069;2025;11;13;5;3;5;2;0;0;1;1;0;0;0;0;469513,633600000292063;5335034,669099999591708;8,589978973000029;48,167823563000070;1
08251211221200804680;08;2;21;000;2025;12;07;5;3;0;7;1;1;1;0;0;0;0;0;476264,491100000217557;5472957,663499999791384;8,672802914000044;49,408839976000081;1
08251123325202717530;08;3;25;049;2025;11;11;1;3;6;7;0;0;0;1;1;0;0;0;472279,615000000223517;5335023,680999999865890;8,627179412000032;48,167851377000034;1
08251125226100695800;08;2;26;013;2025;11;18;3;3;6;4;2;1;0;1;1;0;0;0;498966,561700000427663;5478424,236800000071526;8,985739548000026;49,458473507000065;1
08251113426000698600;08;4;25;138;2025;11;09;5;2;5;3;0;0;1;1;0;0;0;0;573512,220800000242889;5350014,468599999323487;9,991225744000076;48,299053753000067;1
08251204327100748950;08;3;27;025;2025;12;18;5;3;6;4;2;1;0;1;1;0;0;0;480174,577700000256300;5309482,805999999865890;8,734543641000073;47,938355299000079;1
08251208118200786650;08;1;18;011;2025;12;17;2;3;5;3;2;1;1;1;0;0;0;0;505160,184000000357628;5408369,698999999091029;9,070308335000050;48,828284915000040;1
08251112127100681130;08;1;27;076;2025;11;12;4;3;5;3;0;0;1;1;0;0;0;0;553788,841500000096858;5441107,939099999144673;9,737179867000066;49,120454745000075;1
08251127111500699890;08;1;11;000;2025;11;06;5;3;4;6;2;0;1;0;0;0;0;1;518329,625799999572337;5403338,713800000026822;9,249518324000064;48,782777926000051;1
08251203111500747140;08;1;11;000;2025;12;14;4;3;5;2;0;0;1;1;0;0;0;0;512776,135700000450015;5407599,492799999192357;9,174052553000024;48,821246271000064;1
08251104215102654920;08;2;12;000;2025;11;16;3;3;0;2;1;0;1;1;0;0;0;0;462406,604500000365078;5438303,642599999904633;8,485029561000033;49,096433731000047;1
08251204126200747500;08;1;26;066;2025;12;12;5;3;5;3;0;0;1;1;0;0;0;0;536568,579599999822676;5449548,270400000736117;9,501953340000057;49,197641392000037;1
08251130118400734880;08;1;18;048;2025;11;18;1;3;5;3;2;1;1;1;0;0;0;0;515209,847699999809265;5414677,668199999257922;9,207470355000055;48,884865211000033;1
08251103335300631610;08;3;35;077;2025;11;07;2;3;6;7;0;0;0;1;1;0;0;0;494342,912700000219047;5293818,844699999317527;8,924458014000038;47,797702379000043;1
08251213326300785490;08;3;26;020;2025;12;14;7;3;8;1;0;0;1;0;0;0;0;0;435804,808899999596179;5321595,396299999207258;8,138679848000038;48,044412889000057;1
08251202335000770220;08;3;35;043;2025;12;17;3;3;5;3;2;0;1;1;0;0;0;0;512374,196299999952316;5279842,318800000473857;9,164841337000041;47,671853570000053;1
08251203222600754260;08;2;22;000;2025;12;07;4;3;0;7;2;1;1;0;0;0;0;0;461027,752799999900162;5483680,462999999523163;8,461715049000077;49,504501173000051;1
08251127212010715890;08;2;12;000;2025;11;16;5;3;4;6;1;0;1;0;0;0;0;0;459377,857699999585748;5428021,641799999400973;8,444573685000023;49,003753427000049;1
08251112222400665200;08;2;26;105;2025;11;07;4;3;5;3;1;0;1;0;0;1;0;0;470813,600100000388920;5479703,315199999138713;8,597166752000021;49,469278103000079;1
08251130121400731640;08;1;25;074;2025;11;11;1;3;4;6;0;1;1;0;0;0;0;0;509961,063199999742210;5438810,125800000503659;9,136466089000066;49,102057763000062;1
08251212416010778510;08;4;16;036;2025;12;06;6;3;2;6;1;0;1;1;0;0;0;0;494920,419999999925494;5372501,748999999836087;8,931230354000036;48,505612752000047;1
08251203435100752750;08;4;35;035;2025;12;08;4;3;5;3;0;0;1;1;0;0;0;0;540088,125300000421703;5280132,708300000056624;9,534044869000070;47,673341992000076;1
08251118115400699510;08;1;15;045;2025;11;07;3;3;5;3;0;0;1;0;0;0;0;1;497884,017599999904633;5395995,971000000834465;8,971233054000038;48,716989040000044;1
08251110237200674460;08;2;37;024;2025;11;15;2;3;3;6;0;0;1;0;0;0;0;1;481059,475599999539554;5361004,046800000593066;8,744096200000058;48,401909949000071;1
08251102116010631210;08;1;16;077;2025;11;12;1;3;6;4;0;1;0;1;1;0;0;0;516073,328599999658763;5391737,682900000363588;9,218351604000077;48,678477760000078;1
08251030311100610580;08;3;15;133;2025;10;16;5;3;4;6;0;0;1;0;0;0;0;1;401993,286000000312924;5328717,322000000625849;7,683492854000065;48,104176591000055;1
08251110136100675230;08;1;36;088;2025;11;17;2;3;0;3;2;1;1;0;0;0;0;1;582472,109000000171363;5407883,698999999091029;10,123485532000075;48,818459501000063;1
08251105436200701430;08;4;36;064;2025;11;22;4;3;0;7;2;0;1;0;0;0;0;0;546069,452999999746680;5293499,983799999579787;9,615137110000035;47,793210045000080;1
08251129417300712480;08;4;17;025;2025;11;13;7;3;2;7;0;0;1;1;0;0;0;0;485063,600200000219047;5356335,219499999657273;8,798361147000037;48,360014295000042;1
08251125435100723270;08;4;35;016;2025;11;07;3;3;7;7;1;1;1;0;0;0;0;0;538438,003499999642372;5283679,730599999427795;9,512375732000066;47,705355881000060;1
08251211119300793340;08;1;19;001;2025;12;06;5;3;5;3;2;0;1;1;0;0;0;0;550089,612200000323355;5409848,284600000828505;9,682634650000068;48,839586575000055;1
08251128336400731120;08;3;36;008;2025;11;19;6;2;5;3;2;0;1;1;0;0;0;0;396270,675999999977648;5276040,888000000268221;7,619288484000037;47,629458611000075;1
08251111222301720210;08;2;22;000;2025;11;14;3;3;4;6;0;0;1;0;0;0;0;0;463914,846599999815226;5483696,210200000554323;8,501588518000062;49,504821468000046;1
08251115111230657980;08;1;11;000;2025;11;09;7;3;1;5;0;0;1;1;0;0;0;0;510515,218100000172853;5397179,075400000438094;9,142985154000030;48,727547187000027;1
08251108235200667220;08;2;35;032;2025;11;14;7;2;5;3;0;0;1;1;0;0;0;0;474120,351700000464916;5374622,669800000265241;8,649501339000039;48,524180341000033;1
08251106426200639020;08;4;26;070;2025;11;15;5;3;0;1;0;0;1;0;0;0;0;0;565436,540000000037253;5342775,026699999347329;9,881228572000055;48,234816796000075;1
08251118117400705550;08;1;17;018;2025;11;15;3;3;5;3;0;0;1;1;0;0;0;0;538416,975200000219047;5395953,977099999785423;9,522266576000050;48,715431221000074;1
08251127119400735980;08;1;19;068;2025;11;17;5;3;5;2;2;1;1;1;0;0;0;0;526531,243999999947846;5412163,403999999165535;9,361734548000072;48,861866567000050;1
08251115118500696860;08;1;18;070;2025;11;16;7;3;5;3;2;0;1;1;0;0;0;0;519738,814399999566376;5423782,082299999892712;9,269687886000042;48,966637490000039;1
08251118116100730130;08;1;16;004;2025;11;21;3;3;6;4;2;0;0;1;1;0;0;0;528469,507100000046194;5396438,545700000599027;9,387071134000053;48,720323927000038;1
08251204317000747290;08;3;17;034;2025;12;08;5;3;6;4;0;0;0;1;1;0;0;0;426872,792799999937415;5361809,104599999263883;8,011915601000055;48,405194625000036;1
08251202435100744990;08;4;35;016;2025;12;16;3;3;5;3;1;0;1;1;0;0;0;0;537354,969600000418723;5278834,400800000876188;9,497524836000025;47,661824325000055;1
08251124221011719000;08;2;26;103;2025;11;07;2;3;6;4;0;1;0;0;1;0;0;1;470869,044099999591708;5457239,351299999281764;8,599576402000025;49,267221472000074;1
08251031111500611090;08;1;11;000;2025;10;21;6;3;6;4;2;0;0;1;1;0;0;0;510661,695399999618530;5402055,428600000217557;9,145103188000064;48,771412277000081;1
08251105235100635880;08;2;35;085;2025;11;16;4;2;0;1;0;1;1;0;0;0;0;0;482545,285400000400841;5395030,434399999678135;8,762743682000064;48,708062324000082;1
08251106435100840610;08;4;35;016;2025;11;18;5;3;3;6;2;0;1;0;0;0;0;1;536025,275399999693036;5279648,486300000920892;9,479882636000070;47,669224403000044;1
08251202216300761930;08;2;16;033;2025;12;10;3;2;6;4;0;0;0;1;1;0;0;0;447073,923999999649823;5412998,244999999180436;8,278305210000042;48,867685532000053;1
08251209222400821300;08;2;26;038;2025;12;08;3;3;5;3;0;1;1;1;0;0;0;0;472276,536000000312924;5480532,183000000193715;8,617299754000044;49,476802055000064;1
08251125111500693960;08;1;11;000;2025;11;16;3;3;6;4;2;1;0;1;1;0;0;0;515524,064799999818206;5405216,635500000789762;9,211397916000067;48,799747840000066;1
08251107121500639990;08;1;25;007;2025;11;16;6;3;6;4;2;0;0;1;1;0;0;0;511130,224999999627471;5452967,794900000095367;9,152875048000055;49,229390552000041;1