UIDENTSTLAE;ULAND;UREGBEZ;UKREIS;UGEMEINDE;UJAHR;UMONAT;USTUNDE;UWOCHENTAG;UKATEGORIE;UART;UTYP1;ULICHTVERH;IstStrassenzustand;IstRad;IstPKW;IstFuss;IstKrad;IstGkfz;IstSonstige;LINREFX;LINREFY;XGCSWGS84;YGCSWGS84;PLST
08251124117200721930;08;1;17;024;2025;11;07;2;3;6;4;1;1;0;1;1;0;0;0;560956,990600000135601;5386080,133500000461936;9,827208518000077;48,624817819000043;1
08251203325302765540;08;3;25;051;2025;12;14;4;3;5;3;0;0;1;1;0;0;0;0;447796,347799999639392;5348887,157500000670552;8,296207483000046;48,291029761000061;1
08251107436000662320;08;4;36;079;2025;11;13;6;3;0;7;0;0;1;0;0;0;0;0;553812,133200000040233;5289585,574300000444055;9,718027549000055;47,757392205000031;1
08251126127100697020;08;1;27;076;2025;11;07;4;3;5;3;2;1;1;1;0;0;0;0;556255,989299999549985;5438743,335599999874830;9,770659655000031;49,098965174000057;1
08251213115100806870;08;1;15;013;2025;12;10;7;3;5;3;0;0;1;1;0;0;0;0;495741,374400000087917;5388267,697499999776483;8,942183293000028;48,647453684000027;1
08251112215402649770;08;2;15;009;2025;11;07;4;3;5;3;0;0;1;1;0;0;0;0;470843,339100000448525;5441957,889799999073148;8,600332217000073;49,129762188000029;1
08251216118600796270;08;1;18;073;2025;12;14;3;3;6;4;0;0;0;1;1;0;0;0;497489,155100000090897;5419343,081599999219179;8,965721942000073;48,927015708000056;1
08251108118400641180;08;1;18;048;2025;11;14;7;3;5;3;0;0;1;1;0;0;0;0;514241,302000000141561;5415238,640200000256300;9,194278511000050;48,889934582000080;1
08251210118300773430;08;1;18;051;2025;12;17;4;3;6;7;1;0;1;0;1;0;0;0;508991,243099999614060;5415123,551699999719858;9,122655387000066;48,888997691000043;1
08251101311010645870;08;3;15;056;2025;11;16;7;2;8;1;0;1;1;0;0;0;0;0;415049,684399999678135;5310068,090700000524521;7,862535358000059;47,938295040000071;1
08251215212010831030;08;2;12;000;2025;12;18;2;2;5;7;2;0;1;1;0;0;0;0;457257,448400000110269;5428213,976800000295043;8,415562636000061;49,005340308000029;1
08251119436400709470;08;4;36;082;2025;11;17;4;3;6;2;1;0;0;0;1;0;0;1;548605,352099999785423;5296653,993000000715256;9,649348832000044;47,821399949000067;1
08251127421300719560;08;4;21;000;2025;11;17;5;3;4;6;2;0;1;0;0;0;0;0;568406,151399999856949;5362212,938300000503659;9,924368935000075;48,409357338000063;1
08251107335300678050;08;3;35;100;2025;11;21;6;3;5;3;2;0;1;1;0;0;0;0;488462,864799999631941;5286120,125299999490380;8,846143328000039;47,728354410000065;1
08251104226300660300;08;2;26;006;2025;11;06;3;3;4;6;2;0;1;0;0;0;0;0;484477,300699999555945;5467332,805400000885129;8,786236113000029;49,358509574000038;1
08251108311010673600;08;3;36;091;2025;11;13;7;1;3;1;0;0;0;1;1;0;0;1;395408,190399999730289;5271970,078999999910593;7,608783309000046;47,592702381000038;1
08251104111500632970;08;1;11;000;2025;11;16;3;3;5;3;1;0;1;1;0;0;0;0;514110,605800000019372;5406043,226199999451637;9,192178760000047;48,807217438000066;1
08251130235200734370;08;2;35;020;2025;11;15;1;3;9;1;0;1;1;0;0;0;0;0;475811,323699999600649;5386147,576899999752641;8,671731904000069;48,627927397000065;1
08251209118400784450;08;1;18;048;2025;12;19;3;3;6;4;2;0;0;1;1;0;0;0;519404,539900000207126;5416907,973999999463558;9,264793543000053;48,904811204000055;1
08251029415300605890;08;4;15;059;2025;10;07;4;3;5;3;0;0;1;1;0;0;0;0;516254,159900000318885;5369149,204299999400973;9,219924927000022;48,475262296000039;1
08251118121200726010;08;1;21;000;2025;11;02;3;3;0;1;2;0;1;0;0;0;0;0;516174,122899999842048;5444246,590099999681115;9,221802185000058;49,150828669000077;1
08251112221200653280;08;2;21;000;2025;11;17;4;2;6;4;2;0;1;0;1;0;0;0;477711,780000000260770;5472661,072899999096990;8,692770317000054;49,406226921000041;1
08251126135100717000;08;1;35;027;2025;11;17;4;3;6;4;2;0;0;1;1;0;0;0;591226,819899999536574;5377028,191099999472499;10,235911035000072;48,539720778000060;1
08251031425000616890;08;4;25;020;2025;10;15;6;3;3;2;0;0;1;1;0;0;0;0;559608,367300000041723;5361008,441199999302626;9,805326954000066;48,399415691000058;1
08251201317000769960;08;3;17;065;2025;12;11;2;3;5;3;0;1;1;0;0;0;0;1;415648,861999999731779;5353091,490100000053644;7,862036908000050;48,325378996000040;1
08251211136000779110;08;1;36;065;2025;12;13;5;3;5;3;0;1;1;0;0;0;0;1;559781,262400000356138;5404330,835000000894070;9,813898418000065;48,789099468000074;1
08251201118100760250;08;1;18;047;2025;12;17;2;3;4;6;2;0;1;0;0;0;0;0;508902,178600000217557;5427207,714299999177456;9,121704446000024;48,997704298000031;1
08251125212010735220;08;2;12;000;2025;11;12;3;3;3;2;0;1;1;1;0;0;0;0;455001,683000000193715;5428241,759999999776483;8,384717318000071;49,005429875000061;1
08251129121300736930;08;1;21;000;2025;11;23;7;2;6;1;2;0;0;1;1;0;0;0;510482,099000000394881;5449333,783399999141693;9,143878085000040;49,196713132000070;1
08251114136000669350;08;1;36;065;2025;11;07;6;2;5;3;0;0;1;1;0;0;0;0;563584,400000000372529;5403254,906999999657273;9,865504211000029;48,779044347000081;1
08251209326000755150;08;3;35;043;2025;12;13;3;3;0;1;0;1;1;0;0;0;0;0;511850,110299999825656;5281082,125499999150634;9,157893469000044;47,683018748000052;1
08251130311010718010;08;3;36;105;2025;11;17;1;3;1;5;2;1;1;1;0;0;0;0;399165,564500000327826;5267484,409600000828505;7,659777332000033;47,552947217000053;1
08251119436000670480;08;4;35;024;2025;11;10;4;3;8;1;0;0;1;0;0;0;0;0;527010,740299999713898;5279254,823200000450015;9,359781040000030;47,666121787000066;1
08251213111250769050;08;1;11;000;2025;12;18;7;3;6;7;2;0;0;0;1;0;0;1;518752,231300000101328;5400795,062899999320507;9,255155155000068;48,759882936000054;1
08251212311010791390;08;3;36;103;2025;12;15;6;1;6;7;0;0;0;0;1;0;0;1;413890,344499999657273;5284369,037200000137091;7,852123735000021;47,706960554000034;1
08251201212010762940;08;2;15;096;2025;12;14;2;2;6;6;0;0;0;1;1;0;0;0;461336,317999999970198;5416305,349899999797344;8,472462814000039;48,898487535000072;1
08251112231000686900;08;2;35;065;2025;11;18;4;2;6;4;2;0;0;1;1;0;0;0;474201,316399999894202;5403692,885199999436736;8,648786038000026;48,785699025000042;1
08251123221000737200;08;2;21;000;2025;11;03;1;3;6;4;2;0;0;0;1;0;0;1;477713,432799999602139;5472714,075200000777841;8,692790124000055;49,406703729000071;1
08251118221200734030;08;2;21;000;2025;11;15;3;3;3;2;0;0;1;1;0;0;0;0;477554,084800000302494;5471984,200799999758601;8,690634869000064;49,400132759000030;1
08251030417300617410;08;4;17;031;2025;10;19;5;2;5;3;2;0;1;1;0;0;0;0;497244,504999999888241;5355997,822000000625849;8,962803381000072;48,357149554000046;1
08251105231000633850;08;2;31;000;2025;11;06;4;3;6;4;1;0;1;0;1;0;0;0;477746,301099999807775;5415713,376099999994040;8,696392578000030;48,893969202000051;1
08251104119300633900;08;1;19;055;2025;11;14;3;3;0;6;0;0;1;0;0;0;0;1;544581,761800000444055;5404237,073000000789762;9,606967211000040;48,789531473000068;1
08251128226600747980;08;2;26;096;2025;11;16;6;3;5;3;2;1;1;1;0;0;0;0;475682,515899999998510;5488320,406099999323487;8,663835941000059;49,547000471000047;1
08251125117400736690;08;1;17;029;2025;11;14;3;3;5;3;0;1;1;1;0;0;0;0;542476,442300000227988;5390675,252699999138713;9,576908196000034;48,667682345000060;1
08251215119100785720;08;1;19;087;2025;12;07;2;3;6;4;1;0;0;1;1;0;0;0;526322,311099999584258;5426578,588300000876188;9,359816430000024;48,991548042000034;1
08251202121200752260;08;1;21;000;2025;12;21;3;3;6;2;2;0;0;1;1;0;0;0;516233,638000000268221;5441276,085999999195337;9,222498697000049;49,124106425000036;1
08251115231000690460;08;2;31;000;2025;11;06;7;2;6;4;1;1;0;1;1;0;0;0;478068,926699999719858;5415658,690400000661612;8,700797035000051;48,893488772000069;1
08251208311010752870;08;3;11;000;2025;12;08;2;3;5;3;0;0;1;1;0;0;0;0;414579,889399999752641;5318115,299499999731779;7,854646274000061;48,010620675000041;1
08251124116100706310;08;1;16;019;2025;11;11;2;3;0;1;0;1;1;0;0;0;0;0;523612,985700000077486;5397423,098099999129772;9,321099491000041;48,729383755000072;1
08251216317000785460;08;2;16;017;2025;12;13;3;3;5;7;0;0;1;1;0;0;0;0;452245,743999999947846;5400456,696799999102950;8,350281989000052;48,755289966000078;1
08251113435100672010;08;4;35;016;2025;11;11;5;3;6;7;0;0;0;1;1;0;0;0;536713,644100000150502;5281733,956499999389052;9,489227242000027;47,687949424000067;1
08251211115400789240;08;1;15;045;2025;12;06;5;3;5;2;2;1;1;1;0;0;0;0;500202,901300000026822;5393906,307299999520183;9,002757432000067;48,698193826000079;1
08251115436100661890;08;4;36;003;2025;11;15;7;2;0;1;0;0;1;0;0;0;0;0;577511,343000000342727;5303297,096000000834465;10,036659061000023;47,878327409000065;1
08251212118100764410;08;1;18;079;2025;12;07;6;3;6;4;2;0;0;1;1;0;0;0;509786,128200000151992;5422956,220200000330806;9,133686843000021;48,959446069000080;1
08251105115400661390;08;1;15;045;2025;11;13;4;3;4;6;0;0;1;0;0;0;0;0;500125,273299999535084;5394479,059900000691414;9,001702640000076;48,703346378000049;1
08251118311010668090;08;3;15;089;2025;11;08;3;3;4;2;0;1;1;1;0;0;0;0;407090,163300000131130;5310481,392100000753999;7,755894935000072;47,940907885000058;1
08251031317000614430;08;3;17;005;2025;10;10;6;2;5;3;0;0;1;0;0;0;1;0;424555,222000000067055;5376484,108999999240041;7,977958270000045;48,536923393000052;1
08251106317000642230;08;3;17;005;2025;11;16;5;3;6;6;1;1;0;0;1;0;1;0;426484,591300000436604;5374513,033500000834465;8,004438671000059;48,519422621000047;1
08251208311300765460;08;3;11;000;2025;12;16;2;3;0;7;1;1;1;0;0;0;0;0;415015,773500000126660;5312719,017999999225140;7,861557717000039;47,962136927000074;1
08251103317100632540;08;3;17;001;2025;11;12;2;3;8;1;0;0;1;0;0;0;0;0;427330,027200000360608;5388619,580800000578165;8,013419318000047;48,646408586000064;1
08251124119400703060;08;1;19;079;2025;11;07;2;2;5;3;2;1;1;1;0;0;0;0;522356,971099999733269;5409485,720699999481440;9,304676059000030;48,837943369000072;1
08251104118400670330;08;1;18;048;2025;11;17;3;3;5;3;2;0;1;1;0;0;0;0;519574,444000000134110;5416951,111800000071526;9,267114089000074;48,905193911000026;1
08251111116500720330;08;1;16;049;2025;11;16;3;3;0;1;0;0;1;0;0;0;0;0;525136,443900000303984;5385789,027799999341369;9,341108418000033;48,624664497000026;1
08251211435200761920;08;4;35;066;2025;12;17;5;3;9;7;2;0;1;0;0;0;0;0;519864,294999999925494;5287812,781799999997020;9,264982114000077;47,743381495000051;1
08251216136100774150;08;1;36;088;2025;12;17;3;3;5;3;2;0;1;1;0;0;0;0;580213,257000000216067;5411562,888000000268221;10,093440026000053;48,851846756000043;1
08251116116010693970;08;1;16;019;2025;11;16;1;3;6;7;2;1;0;1;1;0;0;0;523237,447200000286102;5398218,952400000765920;9,316037708000067;48,736557296000058;1
08251104311010632570;08;3;11;000;2025;11;08;3;3;5;3;0;0;1;1;0;0;0;0;410171,416699999943376;5318809,071799999102950;7,795403202000045;48,016256792000036;1
08251215311010804650;08;3;36;050;2025;12;10;2;2;2;6;0;0;1;1;0;0;0;0;399258,701000000350177;5275414,808000000193715;7,659193894000055;47,624298555000053;1
08251114311010669640;08;3;15;041;2025;11;11;6;3;2;6;0;0;1;1;0;0;0;0;420919,997200000099838;5322349,436599999666214;7,938860063000050;48,049525317000075;1
08251215119400789660;08;1;19;091;2025;12;12;2;3;0;7;0;1;1;0;0;0;0;0;528300,093000000342727;5404117,847400000318885;9,385295743000029;48,789413085000035;1
08251029127100617050;08;1;27;025;2025;10;19;4;3;6;6;2;0;0;0;1;0;0;1;556755,586600000038743;5426317,546000000089407;9,775762569000051;48,987152764000029;1
08251106116010645150;08;1;16;049;2025;11;12;5;2;0;1;0;0;1;0;0;0;0;0;525417,256900000385940;5386937,698300000280142;9,344989490000046;48,634986627000046;1
08251127426000788060;08;4;25;039;2025;11;13;5;2;6;4;0;0;0;1;1;0;0;0;566172,825600000098348;5352918,116200000047684;9,892731357000059;48,325984110000036;1
08251209215102755800;08;2;15;102;2025;12;18;3;3;3;2;2;0;1;1;0;0;0;0;455761,823900000192225;5436758,397700000554323;8,394180583000036;49,082092370000055;1
08251107231202677690;08;2;36;004;2025;11;10;6;3;6;4;0;0;0;1;1;0;0;0;473330,536000000312924;5413058,114299999549985;8,636322643000028;48,869909136000047;1
08251204335300758060;08;3;35;075;2025;12;13;5;3;5;3;0;0;1;1;0;0;0;0;491746,417999999597669;5291258,307000000029802;8,889834438000037;47,774635869000065;1
08251119119400672450;08;1;19;090;2025;11;08;4;3;5;3;0;0;1;1;0;0;0;0;530322,093600000254810;5407238,166400000452995;9,413054287000023;48,817387203000067;1
08251104435100654540;08;4;35;016;2025;11;18;3;3;6;4;2;0;1;0;1;0;0;0;535564,395200000144541;5278464,120300000533462;9,473647191000055;47,658593690000032;1
08251029116500615890;08;1;16;071;2025;10;08;4;3;5;3;0;0;1;1;0;0;0;0;527317,344499999657273;5391258,171700000762939;9,371064029000024;48,673773343000050;1
08251123212402722280;08;2;12;000;2025;11;14;1;3;4;6;0;0;1;0;0;1;0;0;455801,620900000445545;5427028,873199999332428;8,395786583000074;48,994577623000055;1
08251124119400723560;08;1;19;090;2025;11;14;2;3;5;3;0;1;1;1;0;0;0;0;531930,527300000190735;5406697,613500000908971;9,434922019000055;48,812443992000055;1
08251205222014777650;08;2;22;000;2025;12;07;6;3;5;3;2;0;1;1;0;0;0;0;462791,298600000329316;5480311,426500000059605;8,486389235000047;49,474309177000066;1
08251112327200724940;08;3;27;002;2025;11;14;4;3;1;6;0;0;1;1;0;0;0;0;478816,626500000245869;5327026,763800000771880;8,715494239000066;48,096155690000046;1
08251120111140693910;08;1;11;000;2025;11;17;5;3;6;4;2;1;0;0;1;0;0;1;511717,999800000339746;5402006,696399999782443;9,159477801000037;48,770954889000052;1
08251216231000814460;08;2;37;002;2025;12;15;3;3;3;6;0;0;1;0;0;0;0;1;455766,788399999961257;5354854,160800000652671;8,403029776000039;48,345317463000072;1
08251118231000680730;08;2;37;028;2025;11;16;3;3;6;4;0;0;0;1;1;0;0;0;456526,137600000016391;5367714,597699999809265;8,411945219000074;48,461063705000072;1
08251113336100687490;08;3;36;050;2025;11;15;5;3;4;2;0;0;1;1;0;0;0;0;399769,337700000032783;5273817,629300000146031;7,666353709000020;47,610010597000041;1
08251029116010602770;08;1;16;058;2025;10;06;4;3;5;3;2;0;1;1;0;0;0;0;533873,067999999970198;5395160,450600000098348;9,460430684000073;48,708556265000027;1
08251121317000695200;08;3;17;145;2025;11;15;6;2;9;1;0;0;1;0;0;0;0;0;442395,172699999995530;5349977,740900000557303;8,223248430000069;48,300371901000062;1
08251209436000756890;08;4;36;049;2025;12;15;3;3;0;1;0;0;1;0;0;0;0;0;577990,795099999755621;5283482,596499999985099;10,039509379000037;47,700017481000032;1
08251108231000670570;08;2;31;000;2025;11;14;7;3;6;4;0;0;0;1;1;0;0;0;478146,789499999955297;5416060,359300000593066;8,701837805000025;48,897104799000033;1
08251110119100661770;08;1;19;008;2025;11;14;2;3;0;7;0;1;1;0;0;0;0;0;532139,480000000447035;5421047,132999999448657;9,438895884000033;48,941514979000033;1
08251121421200697640;08;4;21;000;2025;11;18;6;3;4;2;2;0;1;1;0;0;0;0;574839,296699999831617;5364084,584799999371171;10,011620219000065;48,425461901000062;1
08251205211100750640;08;2;11;000;2025;12;19;6;3;6;4;2;1;0;1;1;0;0;0;446240,017900000326335;5399013,322399999946356;8,268766383000070;48,741816805000042;1
08251213311010778450;08;3;15;073;2025;12;12;7;3;6;4;0;0;0;1;1;0;0;0;412546,991899999789894;5313780,310200000181794;7,828277228000047;47,971351102000028;1
08251203119010753100;08;1;19;008;2025;12;06;4;1;6;4;2;1;0;1;1;0;0;0;532566,762299999594688;5425168,859799999743700;9,445060426000055;48,978569243000038;1
08251107231202662300;08;2;36;043;2025;11;06;6;3;5;3;1;1;1;1;0;0;0;0;468917,667000000365078;5410955,914999999105930;8,576307929000052;48,850793124000063;1
08251105226500701380;08;2;26;020;2025;11;07;4;3;5;3;2;0;1;1;0;0;0;0;490835,271399999968708;5463010,360799999907613;8,873891137000044;49,319757658000071;1
08251118121500669600;08;1;25;005;2025;11;15;3;3;5;3;0;0;1;1;0;0;0;0;515735,756000000052154;5452967,236999999731779;9,216132173000062;49,229284501000052;1
08251128118500741370;08;1;18;049;2025;11;11;6;3;5;3;0;0;1;0;0;0;0;1;518683,554700000211596;5421052,884600000455976;9,255144983000037;48,942119527000045;1
08251115311010665700;08;3;36;050;2025;11;12;7;2;2;6;0;0;1;1;0;0;0;0;402000,589700000360608;5273583,707299999892712;7,696086530000059;47,608247630000051;1
08251209417300756440;08;4;17;057;2025;12;21;3;3;3;6;2;0;1;1;0;0;0;0;481147,545900000259280;5338321,111999999731779;8,746299288000046;48,197842688000037;1
08251103115200653850;08;1;15;021;2025;11;13;2;3;6;4;0;0;0;1;1;0;0;0;490190,835099999792874;5382450,697899999096990;8,866964822000057;48,595060399000033;1
08251208119100790260;08;1;19;008;2025;12;06;2;3;5;3;2;0;1;1;0;0;0;0;530460,557400000281632;5422418,702199999243021;9,416071781000028;48,953937834000044;1
08251112121300650410;08;1;21;000;2025;11;17;4;3;6;4;2;0;0;1;1;0;0;0;514870,183899999596179;5445257,187300000339746;9,203958194000052;49,159952273000044;1
08251121135200680200;08;1;35;019;2025;11;19;6;3;0;5;2;0;1;1;0;0;0;0;584804,975499999709427;5392442,050899999216199;10,152078846000052;48,679260394000039;1
08251203111500746700;08;1;11;000;2025;12;22;4;3;5;2;2;0;1;1;0;0;0;0;512671,451999999582767;5399859,515599999576807;9,172387772000036;48,751620272000025;1
08251113435200665750;08;4;35;052;2025;11;07;5;3;0;1;1;0;1;0;0;0;0;0;521968,770399999804795;5289723,972699999809265;9,293151209000030;47,760509110000044;1
08251216118100774050;08;1;18;079;2025;12;07;3;3;5;2;2;0;1;1;0;0;0;0;508062,848199999891222;5421444,348799999803305;9,110115486000041;48,945870646000060;1
08251028435100615940;08;4;35;016;2025;10;12;3;3;5;2;0;0;1;1;0;0;0;0;536034,399699999950826;5279748,615499999374151;9,480012435000049;47,670124796000039;1
08251123111250729310;08;1;11;000;2025;11;12;1;3;6;7;0;0;0;1;1;0;0;0;518054,588000000454485;5404011,452999999746680;9,245803868000053;48,788837845000046;1
08251121335400736530;08;3;35;079;2025;11;18;6;3;5;2;2;0;1;1;0;0;0;0;500411,117700000293553;5300738,518200000748038;9,005496437000033;47,859986567000078;1
08251211127202763520;08;1;27;014;2025;12;17;5;3;3;3;2;0;1;1;0;0;0;0;578057,598100000061095;5439435,323899999260902;10,069410139000070;49,102808893000031;1
08251107212702643340;08;2;15;096;2025;11;15;6;3;5;2;0;0;1;0;0;0;0;1;465877,454499999992549;5421239,311200000345707;8,534008241000038;48,943137483000044;1
08251028426000587590;08;4;26;031;2025;10;22;3;2;6;7;2;0;0;1;1;0;0;0;582867,792799999937415;5328656,529500000178814;10,113180275000047;48,105779316000053;1
08251118235200713670;08;2;35;020;2025;11;16;3;3;6;7;1;0;0;1;1;0;0;0;476381,336299999617040;5381197,344299999997020;8,679749191000042;48,583416425000053;1
08251209327200768740;08;3;27;046;2025;12;07;3;3;6;6;1;1;1;0;1;0;0;0;480317,207899999804795;5325123,069099999964237;8,735735498000054;48,079076365000049;1
08251103317000634270;08;3;17;065;2025;11;10;2;3;5;6;0;0;1;0;0;0;1;0;414298,833599999547005;5355499,382500000298023;7,843337923000036;48,346855953000045;1
08251211116010790330;08;1;16;078;2025;12;16;5;2;6;4;2;0;0;1;1;0;0;0;513101,207499999552965;5392684,750399999320507;9,178006430000039;48,687067096000078;1
08251103316200652240;08;3;16;045;2025;11;06;2;3;2;6;1;0;1;1;0;0;0;0;413999,709999999962747;5324514,129000000655651;7,845583206000072;48,068102242000066;1
08251215235200775890;08;2;35;020;2025;12;12;2;3;0;1;0;0;1;0;0;0;0;0;476135,571600000374019;5381339,910000000149012;8,676408680000065;48,584689649000040;1
08251112317500664860;08;3;17;096;2025;11;19;4;2;5;3;2;0;1;1;0;0;0;0;421033,686200000345707;5368449,990900000557303;7,931780545000038;48,464224493000074;1
08251029119500616690;08;1;19;068;2025;10;10;4;3;2;6;0;0;1;0;0;0;0;1;525559,890599999576807;5413851,966399999335408;9,348596603000033;48,877097079000066;1
08251120127202679150;08;1;27;014;2025;11;19;5;3;6;2;2;0;0;1;1;0;0;0;574981,957100000232458;5443496,906300000846386;10,028035131000024;49,139721299000030;1
08251103215302656360;08;2;15;007;2025;11;15;2;3;5;3;0;0;1;1;0;0;0;0;478494,266999999992549;5431020,864000000059605;8,705788061000021;49,031694986000048;1
08251105136000636740;08;1;36;065;2025;11;14;4;3;0;7;0;0;1;0;0;0;0;0;561071,419300000183284;5403854,370999999344349;9,831390680000027;48,784688311000082;1
08251127311010699260;08;3;11;000;2025;11;14;5;3;0;7;0;1;1;0;0;0;0;0;411454,869199999608099;5319620,734600000083447;7,812442687000043;48,023737040000071;1
08251212335200765050;08;3;35;063;2025;12;17;6;3;5;3;2;0;1;1;0;0;0;0;496888,959499999880791;5287981,070599999278784;8,958498480000060;47,745194084000047;1
08251205311400767850;08;3;15;076;2025;12;06;6;3;6;7;2;1;0;0;1;0;0;1;391370,991499999538064;5296662,864099999889731;7,548948337000070;47,814144729000077;1
08251125117300696260;08;1;17;026;2025;11;18;3;3;1;5;2;1;1;1;0;0;0;0;548698,457399999722838;5394486,571499999612570;9,661858211000037;48,701512919000038;1
08251210121200759420;08;1;21;000;2025;12;12;4;3;6;2;0;0;0;1;1;0;0;0;515545,379200000315905;5443353,085000000894070;9,213145558000065;49,142807541000082;1
08251105327200657120;08;3;27;046;2025;11;08;4;3;6;4;0;0;0;1;1;0;0;0;480405,197999999858439;5325070,188999999314547;8,736919280000052;48,078603315000066;1
08251207235100816350;08;2;35;033;2025;12;17;1;3;6;4;2;1;0;1;1;0;0;0;458959,648900000378489;5405452,528000000864267;8,441124087000048;48,800708917000065;1
08251102121600645100;08;1;25;021;2025;11;03;1;3;0;1;2;1;1;0;0;0;0;0;523353,763399999588728;5447615,532999999821186;9,320453587000031;49,180901946000063;1
08251101435200631150;08;4;35;034;2025;11;15;7;3;3;6;0;0;1;1;0;0;0;0;531367,797299999743700;5284744,083399999886751;9,418209899000033;47,715314393000028;1
08251204226600767760;08;2;26;031;2025;12;17;5;3;5;4;2;0;0;1;1;0;0;0;474368,616700000129640;5493325,966900000348687;8,645346970000048;49,591969066000047;1
08251112437200682450;08;4;37;008;2025;11;16;4;3;5;3;0;0;1;1;0;0;0;0;520353,322999999858439;5328464,831000000238419;9,273426412000049;48,109120929000028;1
08251210116010785570;08;1;16;058;2025;12;17;4;3;4;2;2;1;1;1;0;0;0;0;533345,180300000123680;5395087,621300000697374;9,453249551000056;48,707929558000046;1
08251104326000647710;08;3;35;002;2025;11;14;3;3;0;1;0;0;1;0;0;0;0;0;503859,106999999843538;5287843,308000000193715;9,051479559000029;47,743950511000037;1
08251124118010720770;08;1;15;001;2025;11;06;2;3;6;4;2;1;0;1;1;0;0;0;493004,333700000308454;5391834,329900000244379;8,904963933000033;48,679514935000043;1
08251209335000771030;08;3;35;079;2025;12;09;3;2;6;7;0;1;0;1;1;0;0;0;501371,671099999919534;5298882,711200000718236;9,018332668000028;47,843287759000077;1
08251108115300641370;08;1;15;050;2025;11;13;7;3;5;3;0;0;1;1;0;0;0;0;487951,821000000461936;5402536,571000000461936;8,836013073000061;48,775715301000048;1
08251215316100817280;08;3;16;011;2025;12;07;2;3;0;3;1;1;1;0;0;0;0;1;416380,456000000238419;5329564,015000000596046;7,876545371000077;48,113844152000070;1
08251116335300700120;08;3;35;075;2025;11;18;1;3;0;1;2;1;1;0;0;0;0;0;487929,001899999566376;5289064,511600000783801;8,838942188000033;47,754836933000036;1
08251209111250759040;08;1;11;000;2025;12;18;3;2;4;6;2;0;1;0;0;0;0;1;516205,799999999813735;5403935,048000000417233;9,220630770000071;48,788201443000048;1
08251106119300664570;08;1;19;086;2025;11;13;5;2;2;2;0;1;1;1;0;0;0;0;534462,458300000056624;5404361,715600000694394;9,469211943000062;48,791295858000069;1
08251117116010701860;08;1;16;054;2025;11;07;2;3;6;4;1;0;0;1;1;0;0;0;533307,523299999535084;5381388,229000000283122;9,451635914000065;48,584693333000075;1
08251128436300707910;08;4;36;081;2025;11;13;6;3;0;4;0;0;0;1;1;0;0;0;560898,933500000275671;5280251,283700000494719;9,811274469000068;47,672783600000059;1
08251108115100641470;08;1;16;078;2025;11;14;7;3;0;1;0;1;1;0;0;0;0;0;509320,364699999801815;5390922,228000000119209;9,126596444000029;48,671279191000053;1
08251119311500676090;08;3;15;070;2025;11;17;4;3;2;6;2;0;1;1;0;0;0;0;452664,411600000225008;5301827,195299999788404;8,367047657000057;47,868037338000079;1
08251204311010748520;08;3;11;000;2025;12;14;5;3;5;3;0;0;1;1;0;0;0;0;411640,884700000286102;5319280,194700000807643;7,815007170000058;48,020699566000076;1
08251028215202614810;08;2;15;084;2025;10;16;3;3;6;2;0;0;0;1;1;0;0;0;474148,165000000037253;5447773,477299999445677;8,645259098000054;49,182222483000032;1
08251118118100718770;08;1;18;007;2025;11;17;3;3;5;2;2;0;1;1;0;0;0;0;510290,417799999937415;5427130,667099999263883;9,140681487000052;48,996989633000055;1
08251108212102714800;08;2;15;101;2025;11;18;7;3;4;6;2;0;1;0;0;0;0;1;466926,034599999897182;5428002,753200000151992;8,547777652000036;49,004034158000081;1
08251031435200621400;08;4;35;047;2025;10;17;6;2;6;4;0;0;0;1;1;0;0;0;513231,907499999739230;5295250,929999999701977;9,176735789000077;47,810476369000071;1
08251203436400754050;08;4;36;013;2025;12;23;4;3;0;7;2;0;1;1;0;0;0;0;545373,968999999575317;5294775,824100000783801;9,605984749000072;47,804738168000029;1
08251202317100803290;08;3;17;001;2025;12;06;3;3;3;5;2;0;1;1;0;0;0;0;432282,534900000318885;5386097,197699999436736;8,081058291000033;48,624275909000062;1
08251118416010694980;08;4;15;061;2025;11;15;3;3;5;3;0;0;1;0;0;0;0;1;512997,548700000159442;5373868,286699999123812;9,176008886000034;48,517792639000049;1
08251115437100657970;08;4;37;076;2025;11;12;7;3;5;3;0;0;1;1;0;0;0;0;523973,347000000067055;5321289,360999999567866;9,321654416000058;48,044437776000052;1
08251030111310619130;08;1;11;000;2025;10;19;5;3;5;3;2;0;1;1;0;0;0;0;515566,605299999937415;5405968,995200000703335;9,212005729000055;48,806514901000071;1
08251209118500765860;08;1;18;078;2025;12;07;3;3;4;6;2;0;1;0;0;0;0;0;512916,105399999767542;5420341,554800000041723;9,176361899000028;48,935867964000067;1
08251115212010723220;08;2;12;000;2025;11;19;7;3;6;3;2;0;0;0;1;1;0;0;455672,955199999734759;5430081,966099999845028;8,393694399000026;49,022031274000028;1
08251114317010693870;08;3;17;096;2025;11;09;6;2;5;3;0;0;1;1;0;0;0;0;421039,734299999661744;5368494,740700000897050;7,931853899000032;48,464627772000028;1
08251202326400746600;08;3;26;074;2025;12;16;3;3;5;3;1;0;1;1;0;0;0;0;460518,032999999821186;5323127,515000000596046;8,470101595000074;48,060204196000029;1