UIDENTSTLAE;ULAND;UREGBEZ;UKREIS;UGEMEINDE;UJAHR;UMONAT;USTUNDE;UWOCHENTAG;UKATEGORIE;UART;UTYP1;ULICHTVERH;IstStrassenzustand;IstRad;IstPKW;IstFuss;IstKrad;IstGkfz;IstSonstige;LINREFX;LINREFY;XGCSWGS84;YGCSWGS84;PLST
08251128226200730080;08;2;26;059;2025;11;21;6;3;5;2;2;1;1;0;0;1;0;0;464911,320700000040233;5460275,566400000825524;8,517420064000021;49,294218974000046;1
08251028136010609750;08;1;36;019;2025;10;06;3;2;6;4;2;1;0;1;1;0;0;0;582153,865199999883771;5421689,768300000578165;10,121925250000061;48,942674576000059;1
08251213121500784750;08;1;25;065;2025;12;17;7;3;6;4;2;0;0;1;1;0;0;0;516035,463999999687076;5447486,475999999791384;9,220029807000060;49,179976023000052;1
08251111212010674640;08;2;12;000;2025;11;14;3;3;5;2;0;0;1;1;0;0;0;0;458071,263199999928474;5427690,781400000676513;8,426743708000060;49,000689906000048;1
08251201119000744820;08;1;19;044;2025;12;13;2;2;5;3;0;0;1;0;0;0;0;1;544139,223899999633431;5424803,151300000026822;9,603163106000068;48,974561172000051;1
08251117212010690730;08;2;12;000;2025;11;07;2;3;5;3;1;1;1;0;0;0;0;0;455419,542000000365078;5431313,940999999642372;8,390092986000070;49,033094702000028;1
08251212215402783930;08;2;15;009;2025;12;12;6;3;5;3;0;0;1;1;0;0;0;0;469646,407999999821186;5440409,146999999880791;8,584042145000069;49,115772999000058;1
08251121136000709500;08;1;36;028;2025;11;20;6;3;5;2;2;0;1;1;0;0;0;0;569113,346099999733269;5405781,984799999743700;9,941178533000027;48,801185054000030;1
08251112226700700900;08;2;26;103;2025;11;09;4;3;1;2;0;0;1;1;0;0;0;0;470805,955299999564886;5457275,346599999815226;8,598706603000039;49,267542241000058;1
08251108216100656530;08;2;16;043;2025;11;16;7;3;5;3;0;0;1;1;0;0;0;0;441538,106999999843538;5410919,828600000590086;8,203123458000050;48,848493099000052;1
08251113335100724860;08;3;35;043;2025;11;16;5;3;6;7;1;0;1;0;1;0;0;0;513691,431200000457466;5279684,148700000718236;9,182383675000040;47,670403858000043;1
08251104115300641380;08;1;15;028;2025;11;07;3;3;5;3;0;0;1;1;0;0;0;0;501275,451700000092387;5405489,483300000429153;9,017369287000065;48,802394896000067;1
08251114436000685400;08;4;36;052;2025;11;14;6;3;5;3;0;0;1;1;0;0;0;0;565004,579599999822676;5293860,323100000619888;9,867994602000067;47,794818620000058;1
08251106117300637720;08;1;17;026;2025;11;15;5;3;0;7;0;0;1;0;0;0;0;0;548638,120400000363588;5394232,919500000774860;9,661008352000067;48,699235903000044;1
08251101316100630950;08;3;16;020;2025;11;14;7;3;3;6;0;1;1;0;0;0;0;0;405672,735899999737740;5338771,637900000438094;7,730676904000063;48,195168119000073;1
08251110317000651020;08;3;17;005;2025;11;12;2;3;6;4;0;0;0;1;1;0;0;0;425066,123200000263751;5376786,580299999564886;7,984823850000055;48,539705329000071;1
08251213311010777580;08;3;36;091;2025;12;16;7;2;6;4;1;0;1;0;1;0;0;0;394559,969800000078976;5271746,678999999538064;7,597557963000042;47,590555494000057;1
08251203311010751340;08;3;36;050;2025;12;17;4;3;6;4;2;0;0;1;1;0;0;0;398954,256900000385940;5276183,846000000834465;7,654965579000077;47,631168852000030;1
08251110119500657550;08;1;19;085;2025;11;15;2;3;5;3;0;0;1;0;0;1;0;0;529196,451000000350177;5414142,868000000715256;9,398213150000061;48,879553312000041;1
08251211435100777440;08;4;35;016;2025;12;15;5;3;5;3;0;0;1;0;0;0;0;1;537841,359199999831617;5278808,200099999085069;9,504000455000039;47,661560315000031;1
08251210311010775500;08;3;11;000;2025;12;16;4;3;5;3;0;1;1;1;0;0;0;0;404502,761900000274181;5319796,267599999904633;7,719185944000060;48,024314395000033;1
08251031335100682510;08;3;35;043;2025;10;17;6;3;0;7;0;0;1;0;0;0;0;0;515155,048499999567866;5280844,212799999862909;9,201920679000068;47,680809052000029;1
08251114119000686740;08;1;19;044;2025;11;15;6;3;5;3;0;0;1;1;0;0;0;0;542948,940999999642372;5425112,272099999710917;9,586931425000046;48,977425659000062;1
08251121336300716650;08;3;36;081;2025;11;18;6;2;0;7;2;0;1;0;0;0;0;0;409737,821299999952316;5278452,531099999323487;7,798004523000031;47,653170390000071;1
08251121118010712200;08;1;18;071;2025;11;09;6;3;6;2;0;0;0;1;1;0;0;0;509215,789200000464916;5418707,662599999457598;9,125799461000042;48,921236135000072;1
08251105317600670960;08;3;17;145;2025;11;11;4;2;0;1;0;0;1;0;0;0;0;0;442461,324300000444055;5347218,123700000345707;8,224516298000026;48,275552657000048;1
08251112335300663790;08;3;35;075;2025;11;15;4;3;5;3;0;0;1;1;0;0;0;0;488547,956600000150502;5290026,261900000274181;8,847175247000052;47,763501606000034;1
08251105435100658730;08;4;35;057;2025;11;05;4;3;5;2;2;0;1;1;0;0;0;0;543016,692999999970198;5279221,149499999359250;9,572966862000044;47,664952251000045;1
08251209426200757900;08;4;26;108;2025;12;14;3;3;5;3;0;1;1;0;0;0;0;1;572286,339999999850988;5338044,223999999463558;9,972654739000063;48,191516675000059;1
08251118116200716310;08;1;16;077;2025;11;20;3;2;5;3;2;0;1;0;0;0;0;1;515630,489000000059605;5390790,564999999478459;9,212299995000024;48,669968670000060;1
08251122117300685160;08;1;17;026;2025;11;16;7;3;6;4;1;0;0;1;1;0;0;0;548921,682799999602139;5394772,756699999794364;9,664925754000024;48,704069824000044;1
08251125116500738970;08;1;16;049;2025;11;14;3;2;3;2;0;1;1;1;0;0;0;0;525296,666000000201166;5385342,296000000089407;9,343255382000052;48,620639217000075;1
08251125435200734090;08;4;35;066;2025;11;17;3;3;6;4;2;1;0;1;1;0;0;0;518854,880499999970198;5286987,606899999082088;9,251481291000061;47,735987274000081;1
08251210426100801710;08;4;26;021;2025;12;09;4;3;5;3;0;0;1;1;0;0;0;0;558824,444699999876320;5328626,116699999198318;9,790235155000062;48,108180325000035;1
08251030317100622260;08;3;17;001;2025;10;17;5;2;6;4;0;0;1;0;1;0;0;0;431610,072300000116229;5386746,512700000777841;8,071826949000069;48,630043343000068;1
08251121211000689410;08;2;16;041;2025;11;13;6;1;6;4;0;0;0;0;1;0;0;1;434476,993499999865890;5390940,382500000298023;8,110067552000032;48,668074509000064;1
08251127426000701570;08;4;26;117;2025;11;14;5;3;0;1;0;0;1;0;0;0;0;0;580573,949000000022352;5316904,703299999237061;10,080158975000074;48,000360093000040;1
08251201435100745420;08;4;35;016;2025;12;18;2;3;0;7;2;0;1;0;0;0;0;0;537204,378999999724329;5279458,835200000554323;9,495572396000057;47,667451277000055;1
08251113127100653660;08;1;27;009;2025;11;15;5;3;0;1;0;1;1;0;0;0;0;0;558130,532599999569356;5450304,216800000518560;9,798005242000045;49,202775338000038;1
08251207226300767050;08;2;26;029;2025;12;12;1;3;5;3;0;1;1;1;0;0;0;0;485202,289200000464916;5481035,989299999549985;8,795708873000024;49,481786397000064;1
08251203416200768530;08;4;16;041;2025;12;19;4;3;5;3;2;0;1;1;0;0;0;0;500205,047399999573827;5370185,640900000929832;9,002774888000033;48,484796605000042;1
08251111436300682230;08;4;36;081;2025;11;15;3;3;3;2;0;0;1;1;0;0;0;0;562839,962899999693036;5282173,146099999547005;9,837406055000031;47,689888340000039;1
08251128311010731190;08;3;11;000;2025;11;13;6;3;5;3;0;0;1;0;0;0;0;1;414580,036999999545515;5318137,452099999412894;7,854643840000051;48,010819966000042;1
08251122119200717650;08;1;19;020;2025;11;18;7;3;6;4;2;0;0;1;1;0;0;0;519787,594200000166893;5406584,315799999982119;9,269521568000073;48,811930152000059;1
08251213128300803030;08;1;28;131;2025;12;18;7;2;2;6;2;1;1;1;0;0;0;0;542888,982099999673665;5513286,252699999138713;9,595618938000030;49,770515313000033;1
08251118121500702720;08;1;25;005;2025;11;12;3;3;5;3;0;0;1;1;0;0;0;0;516181,074000000022352;5453457,120999999344349;9,222268381000049;49,233679494000057;1
08251129311300706840;08;3;11;000;2025;11;11;7;3;2;6;0;0;1;1;0;0;0;0;418740,976999999955297;5314355,052999999374151;7,911141369000063;47,977337800000043;1
08251214436300785890;08;4;36;081;2025;12;13;1;3;5;3;0;0;1;1;0;0;0;0;562965,701000000350177;5281444,641000000759959;9,838976341000034;47,683321947000081;1
08251106118100660480;08;1;18;077;2025;11;14;5;3;5;3;0;0;1;1;0;0;0;0;513788,026999999769032;5423079,695800000801682;9,188360106000061;48,960480502000053;1
08251031121200621940;08;1;21;000;2025;10;14;6;2;5;3;0;0;1;1;0;0;0;0;516052,136500000022352;5446241,151499999687076;9,220208880000030;49,168773548000047;1
08251126317000724350;08;3;17;065;2025;11;07;4;3;1;2;2;1;1;1;0;0;0;0;416244,404000000096858;5354461,482499999925494;7,869797286000050;48,337781158000041;1
08251103116200645820;08;1;16;077;2025;11;15;2;3;6;4;0;0;0;0;1;0;0;1;517337,455299999564886;5391201,245999999344349;9,235501766000027;48,673618119000025;1
08251223421200815770;08;4;25;072;2025;12;16;3;2;6;2;0;0;0;1;1;0;0;0;582102,967000000178814;5371445,591600000858307;10,111230871000032;48,490767544000050;1
08251223128300823560;08;1;28;131;2025;12;09;3;3;0;1;0;0;1;0;0;0;0;0;536914,629800000227988;5512281,404300000518560;9,512558860000070;49,761874421000073;1
08251220417300821120;08;4;17;025;2025;12;15;7;3;0;1;0;0;1;0;0;0;0;0;483255,865299999713898;5358459,880200000479817;8,773872610000069;48,379083519000062;1
08251224335010831500;08;3;27;018;2025;12;10;4;1;6;7;0;1;0;0;1;0;0;1;473943,637199999764562;5307626,217100000008941;8,651226987000030;47,921428189000039;1
08251227226700840520;08;2;26;060;2025;12;21;7;3;0;7;2;0;1;0;0;0;0;0;476395,178799999877810;5463957,311000000685453;8,675138300000071;49,327887835000070;1
08251223416010817530;08;4;15;061;2025;12;20;3;2;2;6;2;0;1;1;0;0;0;0;512994,324599999934435;5364068,255200000479817;9,175660626000024;48,429627702000062;1
08251220111230803970;08;1;11;000;2025;12;21;7;3;5;2;2;0;1;1;0;0;0;0;507573,075000000186265;5397444,972999999299645;9,102983076000044;48,729981907000081;1
08251229415400840300;08;4;15;061;2025;12;15;2;2;5;2;0;1;1;1;0;0;0;0;510955,006000000052154;5370198,530999999493361;9,148253188000069;48,484817129000078;1
08251230119300825580;08;1;19;067;2025;12;19;3;3;6;4;2;0;0;1;1;0;0;0;539037,850599999539554;5407053,046000000089407;9,531759902000033;48,815235409000081;1
08251223222600808290;08;2;22;000;2025;12;00;3;3;0;7;2;0;1;0;0;0;0;0;462812,076500000432134;5482532,241299999877810;8,486467157000050;49,494285562000073;1
08251219116200824220;08;1;16;077;2025;12;10;6;3;0;2;0;1;1;0;0;0;0;0;517227,430399999953806;5391473,519300000742078;9,234018609000032;48,676070550000077;1
08251224116500833050;08;1;16;081;2025;12;12;4;3;5;3;0;1;1;1;0;0;0;0;517080,673999999649823;5386767,388000000268221;9,231830884000033;48,633737829000040;1
08251230311010839450;08;3;15;064;2025;12;15;3;3;5;3;0;0;1;1;0;0;0;0;422229,315000000409782;5313461,226999999955297;7,958038176000059;47,969730735000041;1
08251223222400824430;08;2;22;000;2025;12;20;3;3;6;4;2;0;0;0;1;0;0;1;468376,566800000146031;5479438,485099999234080;8,563552755000046;49,466774026000053;1
08251221119400820540;08;1;19;079;2025;12;17;1;3;5;2;2;0;1;0;0;0;0;1;522801,466000000014901;5409187,858999999240041;9,310716877000061;48,835247716000026;1
08251218216200799280;08;2;16;007;2025;12;03;5;3;9;7;2;0;1;0;0;0;0;0;434508,116899999789894;5399414,615900000557303;8,109145713000032;48,744303420000051;1
08251222317000798240;08;3;17;067;2025;12;17;2;3;5;3;2;1;1;1;0;0;0;0;433494,099899999797344;5374809,721699999645352;8,099302751000039;48,522873140000058;1
08251219127100787880;08;1;27;076;2025;12;19;6;3;5;3;2;1;1;1;0;0;0;0;555869,495000000111759;5438453,994999999180436;9,765325490000066;49,096397877000072;1
08251218212702830180;08;2;15;046;2025;12;18;5;2;4;6;2;0;1;0;0;0;0;0;454831,282999999821186;5419066,103000000119209;8,383405920000030;48,922881013000051;1
08251218212102833250;08;2;12;000;2025;12;17;5;3;6;6;2;0;1;0;1;0;0;0;459342,407700000330806;5428048,566800000146031;8,444086306000031;49,003993288000061;1
08251218135200798590;08;1;35;019;2025;12;12;5;3;6;4;0;0;0;0;1;0;1;0;585522,537700000219047;5395687,197100000455976;10,162496737000026;48,708350142000029;1
08251219111500788750;08;1;11;000;2025;12;17;6;2;6;4;2;1;0;0;1;0;0;1;516842,714499999769032;5409790,606200000271201;9,229542206000076;48,840860155000030;1
08251218435200784580;08;4;35;047;2025;12;17;5;3;4;6;2;1;1;0;0;0;0;0;513410,775100000202656;5293369,050100000575185;9,179066676000048;47,793540536000080;1
08251231121600827550;08;1;25;098;2025;12;19;4;3;6;4;2;0;0;1;1;0;0;0;520120,834900000132620;5437111,893300000578165;9,275568641000064;49,086533099000064;1
08251219326100798520;08;3;26;027;2025;12;20;6;3;0;7;2;0;1;0;0;0;0;0;462040,688099999912083;5308625,911800000816584;8,491819459000055;47,929828021000048;1
08251220317000789020;08;3;17;113;2025;12;10;7;3;0;3;0;1;1;1;0;0;0;0;408622,022699999623001;5344518,459200000390410;7,769115797000040;48,247290716000066;1
08251218118010814410;08;1;18;073;2025;12;14;5;2;5;2;0;0;1;1;0;0;0;0;497819,266999999992549;5415834,676999999210238;8,970247375000042;48,895456213000045;1
08251228222400841060;08;2;26;028;2025;12;16;1;2;6;4;0;0;0;1;1;0;0;0;471116,759700000286102;5484679,167600000277162;8,600987247000035;49,514048544000048;1
08251219212010831700;08;2;15;100;2025;12;11;6;2;6;4;0;0;0;1;1;0;0;0;474754,502600000239909;5452031,199799999594688;8,653311532000032;49,220546534000050;1
08251218436400802980;08;4;36;082;2025;12;13;5;3;6;4;0;0;0;1;1;0;0;0;547375,314899999648333;5295358,696599999442697;9,632775448000075;47,809838031000027;1
08251218436500803020;08;4;36;055;2025;12;17;5;3;5;3;2;0;1;1;0;0;0;0;576539,325299999676645;5297382,269899999722838;10,022614439000051;47,825234352000052;1
08251227311010840480;08;3;36;084;2025;12;17;7;3;6;4;2;0;0;1;1;0;0;0;405377,328700000420213;5277383,255999999120831;7,740182608000055;47,642928686000062;1
08251218127000798160;08;1;27;008;2025;12;19;5;3;0;7;2;1;1;0;0;0;0;0;564683,585199999623001;5464237,315600000321865;9,890205262000052;49,327434749000076;1
08251218116200797000;08;1;16;078;2025;12;06;5;3;6;4;2;0;0;1;1;0;0;0;509543,448499999940395;5393278,890599999576807;9,129680948000043;48,692476576000047;1
08251228115400830480;08;1;15;045;2025;12;00;1;3;8;7;2;1;1;0;0;0;0;0;500014,185999999754131;5395408,929999999701977;9,000192840000068;48,711711572000070;1
08251224221300839990;08;2;26;012;2025;12;15;4;3;5;3;0;0;1;1;0;0;0;0;475934,148699999786913;5477598,711999999359250;8,667967556000065;49,450572270000066;1
08251217436000815150;08;4;37;124;2025;12;07;4;3;5;3;0;0;1;1;0;0;0;0;512740,803100000135601;5301066,837700000032783;9,170347435000053;47,862814356000058;1
08251217416010808190;08;4;16;041;2025;12;12;4;3;4;3;0;0;1;1;0;0;0;0;505275,618200000375509;5373392,281500000506639;9,071434957000065;48,513622704000056;1
08251229119400815590;08;1;19;041;2025;12;08;2;3;6;4;0;0;0;1;1;0;0;0;525831,146999999880791;5409782,773099999874830;9,352039246000061;48,840480725000077;1
08251223335000808990;08;3;35;075;2025;12;17;3;2;6;4;2;0;0;1;1;0;0;0;486821,731999999843538;5291035,724700000137091;8,824108682000031;47,772551274000080;1
08251219136000787290;08;1;36;065;2025;12;11;6;3;0;7;0;0;1;0;0;0;0;0;557377,842100000008941;5407548,885500000789762;9,781629762000023;48,818272511000032;1
08251218325000808790;08;3;26;074;2025;12;17;5;1;4;6;2;1;1;0;0;0;0;0;462946,545599999837577;5323374,234400000423193;8,502672641000061;48,062569558000064;1
08251221216100796300;08;2;16;043;2025;12;17;1;2;6;2;2;0;0;1;1;0;0;0;441582,831000000238419;5411498,544099999591708;8,203650461000052;48,853702846000033;1
08251227221300835830;08;2;21;000;2025;12;11;7;3;1;5;0;0;1;1;0;0;0;0;477669,892799999564886;5473633,464099999517202;8,692138243000045;49,414971892000040;1
08251218317010799420;08;3;17;089;2025;12;07;5;2;5;3;1;0;1;1;0;0;0;0;432813,935899999924004;5375116,046000000089407;8,090043051000066;48,525556162000044;1
08251231311400838440;08;3;15;004;2025;12;15;4;3;6;7;0;0;0;0;1;0;0;1;393693,591900000348687;5292064,907299999147654;7,581089914000074;47,773175194000032;1
08251224135100833570;08;1;35;016;2025;12;06;4;2;4;6;2;1;1;1;0;0;0;0;591409,981300000101328;5386332,086300000548363;10,240438032000043;48,623374890000036;1
08251220316100792510;08;3;16;011;2025;12;15;7;3;0;7;0;0;1;0;0;0;0;0;413665,162100000306964;5330478,937100000679493;7,839886894000074;48,121711642000037;1
08251220119300825520;08;1;19;055;2025;12;23;7;3;0;7;2;1;1;0;0;0;0;0;543501,957200000062585;5405531,367799999192357;9,592403903000047;48,801250720000041;1
08250113116200621010;08;1;16;078;2025;01;07;2;3;5;3;1;0;1;1;0;0;0;0;512254,082999999634922;5392613,939999999478459;9,166494481000029;48,686447290000046;1
08250112115400631260;08;1;15;045;2025;01;18;1;3;8;7;2;0;1;1;0;0;0;0;499040,734000000171363;5395576,999800000339746;8,986959677000073;48,713222802000075;1
08250107326200602870;08;3;26;074;2025;01;09;3;3;0;1;0;2;1;0;0;0;0;0;463791,551199999637902;5323478,891000000759959;8,514004922000026;48,063559657000042;1
08250121325302656660;08;3;25;053;2025;01;07;3;3;4;6;2;0;1;1;0;0;0;0;451563,499599999748170;5337671,412399999797344;8,348274398000058;48,190429974000040;1
08250122216100634840;08;2;16;043;2025;01;15;4;3;8;1;0;0;1;0;0;0;0;0;442014,206899999640882;5411561,212600000202656;8,209521564000056;48,854307012000049;1
08250115317000647190;08;3;17;110;2025;01;07;4;1;9;1;2;1;1;0;0;0;0;0;431195,458999999798834;5380641,829600000753999;8,067212453000025;48,575085963000049;1
08250117121300673970;08;1;21;000;2025;01;11;6;3;5;3;0;0;1;1;0;0;0;0;514088,423000000417233;5441454,821499999612570;9,193102751000026;49,125767135000046;1
08250110212010609760;08;2;12;000;2025;01;15;6;3;5;3;0;0;1;1;0;0;0;0;452875,653900000266731;5428093,443299999460578;8,355666239000072;49,003937089000033;1
08250114115100644940;08;1;15;003;2025;01;11;3;3;7;7;0;0;1;0;0;0;0;0;500831,092199999839067;5392783,078099999576807;9,011292296000022;48,688088626000081;1
08250116311000630710;08;3;15;006;2025;01;12;5;3;0;7;0;0;1;0;0;0;0;0;402739,371000000275671;5308157,248999999836087;7,698175922000075;47,919356489000052;1
08250113226400622470;08;2;26;084;2025;01;15;2;3;5;3;0;0;1;1;0;0;0;0;470151,674599999561906;5469974,832200000062585;8,588763055000072;49,381740964000073;1
08250127215402646060;08;2;15;009;2025;01;07;2;2;6;2;2;1;0;1;1;0;0;0;469477,628200000151992;5441015,651699999347329;8,581683415000043;49,121220268000059;1
08250108222500620620;08;2;22;000;2025;01;17;4;3;6;2;2;1;0;1;1;0;0;0;461697,247800000011921;5480272,467900000512600;8,471291931000053;49,473890726000036;1
08250130135200656790;08;1;35;032;2025;01;13;5;3;6;4;0;0;0;1;1;0;0;0;578302,766900000162423;5393622,659900000318885;10,063986333000059;48,690728889000070;1
08250125221300669130;08;2;21;000;2025;01;13;7;3;4;2;0;0;1;0;0;0;0;0;476840,729700000025332;5474385,159800000488758;8,680663015000050;49,421702262000053;1
08250103118500591160;08;1;18;049;2025;01;15;6;3;5;3;0;1;1;0;0;0;1;0;518481,859299999661744;5422061,270500000566244;9,252436386000056;48,951196636000077;1
08250123226500679340;08;2;26;085;2025;01;21;5;3;6;4;2;0;0;1;1;0;0;0;493301,163399999961257;5454221,516200000420213;8,907969574000049;49,240732585000046;1
08250123421300661360;08;4;21;000;2025;01;07;5;3;6;4;1;1;0;1;1;0;0;0;572175,350999999791384;5360165,054999999701977;9,974942364000071;48,390515696000080;1
08250129436200652110;08;4;36;064;2025;01;06;4;3;5;3;2;1;1;1;0;0;0;0;542798,488199999555945;5291964,277200000360608;9,571312823000028;47,779618913000036;1
08250127221200670550;08;2;21;000;2025;01;19;2;2;0;1;2;0;1;0;0;0;0;0;477565,517599999904633;5472729,617499999701977;8,690750336000065;49,406838095000069;1
08250129415400653270;08;4;15;061;2025;01;17;4;3;6;3;2;0;0;1;1;0;0;0;514776,328999999910593;5371644,591000000014901;9,200017708000075;48,497748181000077;1
08250122222014631400;08;2;22;000;2025;01;17;4;3;5;2;1;0;1;1;0;0;0;0;462264,377000000327826;5480629,523600000888109;8,479085837000071;49,477137779000032;1
08250116316100643510;08;3;16;011;2025;01;15;5;3;1;7;0;1;1;1;0;0;0;0;414233,495799999684095;5330179,743699999526143;7,847582399000032;48,119097173000057;1
08250121237100660880;08;2;37;045;2025;01;18;3;3;6;7;2;0;0;1;1;0;0;0;458791,992300000041723;5363248,071699999272823;8,443032504000030;48,421035052000036;1
08250108111330596420;08;1;11;000;2025;01;17;4;2;6;2;2;1;0;1;1;0;0;0;512444,707700000144541;5408714,784800000488758;9,169571294000036;48,831285998000055;1
08250101215302638530;08;2;15;101;2025;01;16;4;3;5;2;1;0;1;1;0;0;0;0;465637,293100000359118;5428346,775800000876188;8,530128104000028;49,007058341000061;1
08250115226400638950;08;2;26;084;2025;01;08;4;2;0;5;0;2;1;1;0;0;0;0;469600,530100000090897;5470501,855299999937415;8,581129548000035;49,386454159000039;1
08250110226400607980;08;2;26;062;2025;01;07;6;3;0;7;0;2;1;0;0;0;0;0;470138,320199999958277;5468284,987500000745058;8,588705914000059;49,366540496000027;1
08250126416010663670;08;4;15;061;2025;01;16;1;3;6;4;0;0;0;1;1;0;0;0;515908,301900000311434;5374664,837500000372529;9,215455554000073;48,524891640000078;1
08250109436000596720;08;4;36;052;2025;01;08;5;3;0;1;0;2;1;0;0;0;0;0;566500,151999999769032;5292106,212999999523163;9,887693505000072;47,778885135000053;1
08250113115400605450;08;1;15;045;2025;01;09;2;3;5;3;0;0;1;1;0;0;0;0;502575,768600000068545;5395069,810499999672174;9,035011993000069;48,708655510000028;1
08250113222301619350;08;2;22;000;2025;01;07;2;3;6;4;2;0;0;1;1;0;0;0;464908,009399999864399;5484226,559800000861287;8,515258520000032;49,509649980000063;1
08250101128100601420;08;1;28;082;2025;01;22;4;3;3;2;2;0;1;1;0;0;0;0;566688,456199999898672;5472311,521999999880791;9,919146234000038;49,399837479000041;1
08250107212010593570;08;2;12;000;2025;01;15;3;3;2;3;0;0;1;1;0;0;0;0;452365,794599999673665;5427547,700699999928474;8,348759385000051;48,998988978000057;1
08250115118600632850;08;1;18;073;2025;01;07;4;3;6;2;1;2;0;1;1;0;0;0;498911,130599999800324;5425057,522399999201298;8,985119472000065;48,978425183000070;1
08250118212010620460;08;2;12;000;2025;01;16;7;3;6;4;0;0;0;1;1;0;0;0;455437,275600000284612;5427918,776100000366569;8,390708467000024;49,002556208000044;1
08250114119200610750;08;1;19;020;2025;01;13;3;3;6;7;0;0;0;1;1;0;0;0;520113,949799999594688;5406940,169299999251962;9,273984162000033;48,815120862000072;1
08250109436200621220;08;4;36;064;2025;01;18;5;3;4;3;2;1;1;1;0;0;0;0;546338,311700000427663;5292391,702999999746680;9,618608464000033;47,783219554000027;1
08250118415400622540;08;4;15;061;2025;01;19;7;3;5;3;2;0;1;1;0;0;0;0;516452,134399999864399;5370237,271400000900030;9,222646409000049;48,485045795000076;1
08250115212010673540;08;2;15;021;2025;01;07;4;3;0;7;2;2;1;0;0;0;0;0;469704,921000000089407;5444627,799799999222159;8,584526944000061;49,153723379000041;1
08250129222500673350;08;2;22;000;2025;01;11;4;3;5;3;0;0;1;1;0;0;0;0;462991,888700000010431;5479563,966499999165535;8,489227876000029;49,467598393000060;1
08250111215502612890;08;2;15;111;2025;01;11;7;3;6;4;0;0;0;1;1;0;0;0;457952,445500000379980;5448174,491000000387430;8,422987777000060;49,184933122000075;1
08250126436100657610;08;4;36;003;2025;01;18;1;3;6;2;2;0;0;1;1;0;0;0;580686,653300000354648;5305290,309299999848008;10,079491494000024;47,895866659000035;1
08250125111240640510;08;1;11;000;2025;01;10;7;3;6;4;0;0;0;1;1;0;0;0;518318,956899999640882;5401547,551899999380112;9,249293299000044;48,766665155000055;1
08250127212102659910;08;2;12;000;2025;01;08;2;3;0;7;2;0;0;1;1;0;0;0;461455,726700000464916;5427496,198799999430776;8,473032953000029;48,999160204000077;1
08250115221400611940;08;2;21;000;2025;01;20;4;3;5;5;2;1;1;1;0;0;0;0;475799,871799999848008;5470649,557800000533462;8,666538786000046;49,388060633000066;1
08250122311010660720;08;3;11;000;2025;01;09;4;3;3;6;0;0;1;1;0;0;0;0;414359,986299999989569;5317797,001800000667572;7,851761887000066;48,007728039000028;1
08250115118010644740;08;1;18;048;2025;01;06;4;2;9;1;2;2;0;1;1;0;1;1;515310,862200000323355;5416561,459000000730157;9,208918835000077;48,901808786000061;1
08250125337200674220;08;3;37;126;2025;01;19;7;3;6;4;2;0;0;1;1;0;0;0;442940,599000000394881;5273781,238099999725819;8,240713696000057;47,614923120000071;1
08250122127100670350;08;1;27;076;2025;01;15;4;3;6;4;0;1;0;1;1;0;0;0;552252,341000000014901;5441165,797299999743700;9,716131262000033;49,121107695000035;1
08250115421200639220;08;4;21;000;2025;01;08;4;2;0;1;0;2;1;0;0;0;0;0;572872,679899999871850;5361252,997800000011921;9,984549238000056;48,400221800000054;1
08250116119400646400;08;1;19;079;2025;01;12;5;3;6;4;0;0;0;1;1;0;0;0;524327,618700000457466;5409422,230100000277162;9,331527407000067;48,837298128000043;1
08250113111230632990;08;1;11;000;2025;01;07;2;3;6;4;0;0;0;1;1;0;0;0;506829,972000000067055;5398419,896999999880791;9,092894101000070;48,738760932000048;1
08250127237200665800;08;2;37;040;2025;01;07;2;3;6;2;2;1;0;1;1;0;0;0;477124,667999999597669;5365552,942999999970198;8,690685890000054;48,442703086000051;1
08250120117300663420;08;1;17;026;2025;01;11;2;3;0;1;0;0;1;0;0;0;0;0;550744,918999999761581;5392833,523900000378489;9,689466425000035;48,686479896000037;1
08250125421300669190;08;4;21;000;2025;01;17;7;2;6;4;1;0;0;1;1;0;0;0;571551,781399999745190;5359638,908500000834465;9,966430833000061;48,385853915000041;1
08250118121200634480;08;1;21;000;2025;01;20;7;3;6;4;2;1;0;1;1;0;0;0;517070,596300000324845;5443142,043299999088049;9,234048976000054;49,140868657000055;1
08250115225100634770;08;2;25;058;2025;01;14;4;3;0;6;0;0;0;1;1;0;0;0;510283,657599999569356;5466813,073599999770522;9,141603645000032;49,353945469000053;1
08250122221200635160;08;2;21;000;2025;01;14;4;3;0;1;0;0;1;0;0;0;0;0;476576,059700000099838;5471982,655899999663234;8,677155362000065;49,400082011000052;1
08250120121200624270;08;1;21;000;2025;01;11;2;3;0;7;0;0;1;0;0;0;0;0;516140,116000000387430;5442767,604299999773502;9,221276594000074;49,137525608000033;1
08250113417100626400;08;4;17;079;2025;01;14;2;3;6;2;0;0;0;1;1;0;0;0;501866,728900000452995;5339827,485200000926852;9,025127646000044;48,211672508000049;1
08250130116500658790;08;1;16;068;2025;01;17;5;3;5;2;2;0;1;1;0;0;0;0;526257,491799999959767;5389615,672800000756979;9,356563606000066;48,659042951000060;1
08250108117100597460;08;1;17;019;2025;01;16;4;3;5;3;1;1;1;1;0;0;0;0;551843,755800000391901;5393373,978800000622869;9,704462866000028;48,691251205000071;1