UIDENTSTLAE;ULAND;UREGBEZ;UKREIS;UGEMEINDE;UJAHR;UMONAT;USTUNDE;UWOCHENTAG;UKATEGORIE;UART;UTYP1;ULICHTVERH;IstStrassenzustand;IstRad;IstPKW;IstFuss;IstKrad;IstGkfz;IstSonstige;LINREFX;LINREFY;XGCSWGS84;YGCSWGS84;PLST
08250124311010637260;08;3;11;000;2025;01;12;6;3;5;2;0;0;1;1;0;0;0;0;414644,534300000406802;5315661,402699999511242;7,856001063000065;47,988555551000047;1
08250109317000598500;08;2;16;009;2025;01;13;5;3;1;7;0;1;1;0;0;0;0;1;446980,484000000171363;5420396,067500000819564;8,276070728000036;48,934221362000073;1
08250104128300612620;08;1;28;131;2025;01;18;7;2;0;1;2;0;1;0;0;0;0;0;532249,703900000080466;5509258,241599999368191;9,447538460000033;49,734952004000036;1
08250109135200659230;08;1;35;019;2025;01;11;5;3;6;7;0;0;0;1;1;0;0;0;586036,674200000241399;5391155,818800000473857;10,168540316000076;48,667523161000076;1
08250116426200614510;08;4;26;070;2025;01;07;5;3;0;1;0;2;1;0;0;0;0;0;565863,836500000208616;5341546,832200000062585;9,886791307000067;48,223724025000081;1
08250121212402642690;08;2;12;000;2025;01;07;3;3;3;6;1;0;1;1;0;0;0;0;455116,366200000047684;5427108,623400000855327;8,386410564000073;48,995245549000060;1
08250114226400622200;08;2;26;084;2025;01;08;3;3;5;2;0;0;1;1;0;0;0;0;469790,773400000296533;5469548,630899999290705;8,583823231000054;49,377889582000080;1
08250128421300647470;08;4;21;000;2025;01;07;3;3;3;2;0;1;1;1;0;0;0;0;570982,660899999551475;5360935,979299999773502;9,958964229000060;48,397585777000074;1
08250122212010653190;08;2;15;102;2025;01;21;4;3;5;3;2;0;1;1;0;0;0;0;456405,966000000014901;5438345,875000000000000;8,402830044000041;49,096417668000072;1
08250107231000596980;08;2;37;019;2025;01;10;3;3;6;3;0;1;0;1;1;0;0;0;463031,883299999870360;5368618,964500000700355;8,499862295000071;48,469615477000048;1
08250122425000645740;08;4;25;033;2025;01;07;4;2;6;2;2;1;0;1;1;0;0;0;553113,838100000284612;5349006,546800000593066;9,716077374000065;48,292028047000031;1
08250121222200701170;08;2;22;000;2025;01;16;3;3;6;2;0;0;0;1;1;0;0;0;461358,916600000113249;5482121,120100000873208;8,466441379000059;49,490496936000056;1
08250127311010645050;08;3;36;091;2025;01;14;2;3;5;3;0;1;1;1;0;0;0;0;396468,538300000131130;5272011,707499999552965;7,622873365000032;47,593247009000038;1
08250124231000668050;08;2;31;000;2025;01;08;6;3;6;7;0;0;1;0;1;0;0;0;479049,546699999831617;5416354,744699999690056;8,714139635000038;48,899784178000061;1
08250121436000629960;08;4;37;072;2025;01;15;3;3;0;1;0;0;1;0;0;0;0;0;503898,200299999676645;5322768,794900000095367;9,052316703000031;48,058186734000060;1
08250117115200632690;08;1;15;037;2025;01;14;6;3;5;6;0;0;1;0;0;0;0;0;491562,834800000302494;5384971,519600000232458;8,885521055000027;48,617758247000040;1
08250117111230633320;08;1;11;000;2025;01;16;6;3;5;2;1;0;1;1;0;0;0;0;507851,540000000037253;5398395,361999999731779;9,106787904000043;48,738528177000035;1
08250110116000598970;08;4;15;034;2025;01;13;6;3;0;1;0;2;1;0;0;0;0;0;535938,343399999663234;5345867,613600000739098;9,484262139000066;48,264997501000039;1
08250128221300657510;08;2;21;000;2025;01;16;3;3;1;5;0;0;1;1;0;0;0;0;477343,546099999919534;5472892,172900000587106;8,687681327000064;49,408292032000077;1
08250102226600638570;08;2;26;082;2025;01;15;5;3;6;2;0;1;0;1;1;0;0;0;475509,559299999848008;5480412,653999999165535;8,661935584000048;49,475865967000061;1
08250115215402621620;08;2;15;103;2025;01;06;4;3;0;1;2;2;1;0;0;0;0;0;467019,377299999818206;5443551,713600000366569;8,547786093000070;49,143905487000040;1
08250110121200598720;08;1;21;000;2025;01;08;6;3;0;7;0;2;1;0;0;0;0;0;515410,017900000326335;5441833,253200000151992;9,211231508000026;49,129139545000044;1
08250124311010648380;08;3;11;000;2025;01;11;6;3;4;6;0;0;1;0;0;0;0;1;412260,016699999570847;5318220,456599999219179;7,823525496000059;48,011252282000044;1
08250113127100633440;08;1;27;076;2025;01;15;2;3;6;7;0;0;0;0;1;0;1;0;556836,954300000332296;5439436,303300000727177;9,778715141000021;49,105144755000026;1
08250114317000613460;08;3;17;034;2025;01;15;3;3;0;1;0;0;1;0;0;0;0;0;427226,144600000232458;5364302,606599999591708;8,016256638000073;48,427665085000058;1
08250110416200598900;08;4;16;041;2025;01;12;6;3;6;4;0;0;1;0;1;0;0;0;502738,550999999977648;5374508,646999999880791;9,037088925000035;48,523682132000033;1
08250128326100663290;08;3;26;005;2025;01;15;3;2;5;3;0;0;1;1;0;0;0;0;464762,849000000394881;5298447,753000000491738;8,529091808000032;47,838409939000030;1
08250107436300593840;08;4;36;081;2025;01;10;3;3;0;1;0;2;1;0;0;0;0;0;562898,223899999633431;5281097,241800000891089;9,838027294000028;47,680203063000079;1
08250103311100659260;08;3;15;043;2025;01;12;6;3;4;6;0;0;1;1;0;0;0;0;403589,093999999575317;5322260,181500000879169;7,706380274000026;48,046339642000078;1
08250124327100650400;08;3;27;050;2025;01;14;6;3;5;3;0;0;1;1;0;0;0;0;485732,770800000056624;5314471,868100000545382;8,808800078000047;47,983390785000040;1
08250114111320682270;08;1;11;000;2025;01;21;3;3;6;7;2;0;0;1;1;0;0;0;517342,267500000074506;5408067,754499999806285;9,236277451000035;48,825347967000027;1
08250128311010647840;08;3;36;050;2025;01;09;3;3;5;2;0;1;1;0;0;0;0;1;400585,796799999661744;5275442,097599999979138;7,676845655000022;47,624749088000044;1
08250118222200675410;08;2;22;000;2025;01;23;7;3;1;7;2;0;1;1;0;0;0;0;461157,498700000345707;5482251,788499999791384;8,463647474000027;49,491659366000079;1
08250110311010612540;08;3;11;000;2025;01;11;6;3;4;6;0;0;1;0;0;0;0;1;412336,931499999947846;5317635,257899999618530;7,824676220000072;48,005998813000076;1
08250106237100626440;08;2;37;028;2025;01;07;2;2;6;7;0;1;0;0;1;0;0;1;458154,210500000044703;5365674,988399999216199;8,434170320000021;48,442825717000062;1
08250121121500628980;08;1;25;005;2025;01;19;3;2;6;2;2;1;0;1;1;0;0;0;515664,171299999579787;5451822,555800000205636;9,215104259000043;49,218989698000030;1
08250115215302621590;08;2;15;007;2025;01;07;4;3;0;7;2;2;1;0;0;0;0;0;479394,080500000156462;5431227,914499999955297;8,718087392000029;49,033588227000052;1
08250121311010656570;08;3;11;000;2025;01;13;3;3;5;3;0;0;1;1;0;0;0;0;415210,995600000023842;5315782,268300000578165;7,863567785000043;47,989718143000061;1
08250107212010596920;08;2;12;000;2025;01;14;3;3;5;3;0;0;1;1;0;0;0;0;457896,061999999918044;5428023,552999999374151;8,424313955000059;49,003671314000030;1
08250115317000626610;08;3;17;065;2025;01;14;4;2;5;3;0;0;1;1;0;0;0;0;411701,465300000272691;5356783,126399999484420;7,808021101000065;48,358045038000057;1
08250121421300658880;08;4;21;000;2025;01;07;3;3;5;3;0;0;1;1;0;0;0;0;571405,355000000447035;5361069,029999999329448;9,964696548000063;48,398734873000080;1
08250121117100654370;08;1;17;019;2025;01;18;3;3;6;7;2;0;0;1;1;0;0;0;552049,139499999582767;5394323,853299999609590;9,707373140000072;48,699778615000071;1
08250121311010678830;08;3;11;000;2025;01;18;3;3;5;2;2;0;1;1;0;0;0;0;414036,851999999955297;5317942,217000000178814;7,847401188000049;48,008990918000052;1
08250110337400663020;08;3;37;096;2025;01;08;6;3;6;4;0;0;0;1;1;0;0;0;422484,674999999813735;5268031,007799999788404;7,969563237000045;47,561067457000036;1
08250109111310621810;08;1;11;000;2025;01;18;5;3;6;2;2;1;0;0;1;0;1;0;517194,115000000223517;5406064,192700000479817;9,234175019000077;48,807328386000052;1
08250130121500653310;08;1;25;065;2025;01;07;5;3;6;6;0;0;0;0;1;0;0;1;516955,773599999956787;5448841,173200000077486;9,232714823000038;49,192137115000037;1
08250125335010665280;08;3;35;063;2025;01;21;7;3;0;1;2;1;1;0;0;0;0;0;497816,464100000448525;5287268,008799999952316;8,970875040000067;47,738782052000033;1
08250115119400640850;08;1;19;079;2025;01;08;4;3;6;1;0;2;0;1;1;0;0;0;523094,877000000327826;5415179,060000000521541;9,315053242000033;48,889131897000027;1
08250119121100646500;08;1;25;006;2025;01;04;1;3;6;7;2;0;0;1;1;0;0;0;510665,574699999764562;5456232,320000000298023;9,146579932000066;49,258763893000037;1
08250109226500614870;08;2;26;085;2025;01;08;5;3;5;5;0;1;1;1;0;0;0;0;491032,094399999827147;5450383,530799999833107;8,876882355000021;49,206179924000025;1
08250127115100676780;08;1;15;046;2025;01;07;2;3;6;4;2;1;0;1;1;0;0;0;508798,998999999836087;5389649,987999999895692;9,119487807000041;48,659841530000051;1
08250127115400646850;08;1;15;001;2025;01;18;2;2;0;1;2;1;1;0;0;0;0;0;491575,737399999983609;5391910,813500000163913;8,885554943000045;48,680185345000041;1
08250108311010616500;08;3;11;000;2025;01;07;4;3;3;2;0;1;1;0;0;0;0;0;415505,473100000061095;5315908,171000000089407;7,867489103000025;47,990889670000058;1
08250116111130641900;08;1;11;000;2025;01;19;5;3;5;2;2;0;1;1;0;0;0;0;512161,710199999623001;5402345,202999999746680;9,165526526000065;48,773991559000081;1
08250113222700635310;08;2;22;000;2025;01;11;2;3;5;3;0;0;1;1;0;0;0;0;462401,253499999642372;5481396,207000000402331;8,480902350000065;49,484042202000069;1
08250109335100659270;08;3;35;043;2025;01;15;5;3;5;3;0;0;1;0;0;0;0;1;513166,094299999997020;5279808,425300000235438;9,175389438000025;47,671532967000076;1
08250128415400680860;08;4;15;061;2025;01;07;3;3;6;2;1;1;0;1;1;0;0;0;514779,593200000002980;5371643,942900000140071;9,200061870000070;48,497742274000075;1
08250109426000623680;08;4;26;021;2025;01;08;5;3;6;4;0;0;0;1;1;0;0;0;559829,941499999724329;5326976,656799999997020;9,803510132000042;48,093247877000067;1
08250110311300628270;08;3;11;000;2025;01;18;6;3;4;2;2;0;1;1;0;0;0;0;412291,859699999913573;5314841,641699999570847;7,824642948000076;47,980863210000052;1
08250115421200611580;08;4;21;000;2025;01;05;4;3;0;1;2;2;1;0;0;0;0;0;573014,028099999763072;5361151,043099999427795;9,986440901000037;48,399288339000066;1
08250129115200675010;08;1;15;021;2025;01;11;4;3;6;7;0;0;0;0;1;0;0;1;489956,470900000073016;5382310,138900000602007;8,863789704000055;48,593792182000072;1
08250129215000650420;08;2;15;090;2025;01;07;4;3;6;6;2;1;0;0;1;0;0;1;465167,608900000341237;5433751,501099999994040;8,523241600000063;49,055648897000026;1
08250113311010604930;08;3;15;047;2025;01;13;2;3;1;5;0;0;1;1;0;0;0;0;416039,784500000067055;5321674,933800000697374;7,873519688000044;48,042834508000055;1
08250120311010628780;08;3;11;000;2025;01;15;2;3;3;5;0;0;1;1;0;0;0;0;412812,676400000229478;5316490,067199999466538;7,831286018000071;47,995762542000080;1
08250124121200679880;08;1;21;000;2025;01;15;6;3;0;7;0;0;1;0;0;0;0;0;517048,719499999657273;5443594,258500000461936;9,233768167000051;49,144937084000048;1
08250113116500662600;08;1;16;049;2025;01;09;2;3;0;7;0;0;1;1;0;0;0;0;524249,745699999853969;5385572,359099999070168;9,329063220000023;48,622750340000039;1
08250110317500600920;08;3;17;047;2025;01;18;6;3;5;3;2;0;1;1;0;0;0;0;419222,231599999591708;5364001,527699999511242;7,908138689000054;48,423981198000035;1
08250125111110643020;08;1;11;000;2025;01;18;7;3;5;3;2;0;1;1;0;0;0;0;513210,805200000293553;5403341,648299999535084;9,179837144000032;48,782934110000042;1
08250103317500590740;08;3;17;096;2025;01;15;6;3;5;3;0;0;1;0;0;0;0;1;420920,389899999834597;5373253,053999999538064;7,929339130000074;48,507413101000054;1
08250112116400603610;08;1;16;027;2025;01;15;1;3;6;7;0;0;0;1;1;0;0;0;534933,326799999922514;5393590,616100000217557;9,474709267000037;48,694375895000064;1
08250112316200626350;08;3;16;056;2025;01;00;1;3;6;4;2;0;0;0;1;0;0;1;422946,449799999594688;5327598,696000000461936;7,965100977000077;48,096993475000033;1
08250116311010615910;08;3;11;000;2025;01;15;5;3;1;5;0;0;1;1;0;0;0;0;411648,451700000092387;5317754,109400000423193;7,815423127000031;48,006973110000047;1
08250117221200620050;08;2;21;000;2025;01;13;6;3;1;5;0;0;1;1;0;0;0;0;475901,398599999956787;5472228,616399999707937;8,667841965000036;49,402268049000043;1
08250127316100645230;08;3;16;024;2025;01;06;2;3;5;3;2;1;1;1;0;0;0;0;408841,825600000098348;5334082,101099999621511;7,774317601000064;48,153449342000044;1
08250121416200654120;08;4;16;041;2025;01;08;3;3;0;1;0;2;1;0;0;0;0;0;503792,063799999654293;5372508,982699999585748;9,051338745000066;48,505686923000042;1
08250119311010636430;08;3;11;000;2025;01;10;1;3;1;7;0;1;1;1;0;0;0;0;412538,051099999807775;5315553,014200000092387;7,827796497000065;47,987295946000074;1
08250128115100680760;08;1;15;003;2025;01;07;3;3;5;2;2;1;1;1;0;0;0;0;499842,851599999703467;5391635,595599999651313;8,997865214000058;48,677766277000046;1
08250123111370635270;08;1;11;000;2025;01;11;5;3;0;1;0;1;1;0;0;0;0;0;510867,582000000402331;5406524,122999999672174;9,148023453000064;48,811608703000047;1
08250127311010665680;08;3;36;091;2025;01;08;2;3;5;3;0;1;1;1;0;0;0;0;396661,950699999928474;5271624,991000000387430;7,625536383000053;47,589799255000059;1
08250117121200657760;08;1;21;000;2025;01;11;6;3;6;7;0;0;1;0;1;0;0;0;515268,699099999852479;5442833,473300000652671;9,209332287000052;49,138140400000054;1
08250104231000593100;08;2;31;000;2025;01;18;7;3;6;2;2;1;0;1;1;0;0;0;477667,155500000342727;5415370,519300000742078;8,695331551000038;48,890882131000069;1
08250123119300649190;08;1;19;076;2025;01;17;5;3;5;3;1;1;1;1;0;0;0;0;542220,966400000266731;5405951,968399999663234;9,575003723000066;48,805122550000078;1
08250130118200654430;08;1;18;011;2025;01;12;5;3;6;3;0;0;0;0;1;0;0;1;504741,038499999791384;5408196,523299999535084;9,064595412000074;48,826730389000033;1
08250124118010653450;08;1;18;047;2025;01;18;6;2;6;6;2;0;0;0;1;0;0;1;506780,538900000043213;5427758,345000000670552;9,092708090000031;49,002684503000069;1
08250105311010612680;08;3;11;000;2025;01;13;1;3;0;7;0;1;1;0;0;0;0;0;413952,376000000163913;5316419,700899999588728;7,846574153000063;47,995283972000038;1
08250122226700678740;08;2;26;095;2025;01;16;4;3;0;7;0;0;1;0;0;0;0;1;474745,188699999824166;5459820,565500000491738;8,652692380000076;49,290611892000072;1
08250118327200675260;08;3;27;007;2025;01;06;7;3;6;4;1;1;0;0;1;0;0;1;487248,178700000047684;5329580,522700000554323;8,828658130000065;48,119356360000040;1
08250115118400635750;08;1;18;048;2025;01;04;4;3;0;1;2;2;1;0;0;0;0;0;512848,784300000406802;5417303,497700000181794;9,175346974000036;48,908539926000060;1
08250107311010618670;08;3;11;000;2025;01;12;3;2;3;6;0;1;1;0;0;0;0;0;414102,016699999570847;5315245,509400000795722;7,848814549000053;47,984741790000044;1
08250127136000672320;08;1;36;065;2025;01;18;2;3;0;7;2;0;1;0;0;0;0;0;559577,513299999758601;5404606,360600000247359;9,811164696000048;48,791597386000035;1
08250115121601610500;08;1;25;102;2025;01;08;4;3;8;1;0;2;1;0;0;0;0;0;519656,065999999642372;5444847,720200000330806;9,269580292000057;49,156134411000039;1
08250111436400601780;08;4;36;005;2025;01;15;7;3;0;1;0;0;1;0;0;0;0;0;540010,381299999542534;5309113,988299999386072;9,535683386000073;47,934094415000061;1
08250111116100630430;08;1;16;019;2025;01;17;7;3;5;3;1;0;1;1;0;0;0;0;522668,070700000040233;5398229,376800000667572;9,308294673000034;48,736672050000038;1
08250122221400678760;08;2;21;000;2025;01;14;4;3;5;5;0;1;1;1;0;0;0;0;475009,471300000324845;5473557,687200000509620;8,655464852000023;49,414186826000048;1
08250117222014675420;08;2;26;032;2025;01;12;6;3;6;2;0;0;0;1;1;0;0;0;467112,448400000110269;5463003,050499999895692;8,547466849000045;49,318874752000056;1
08250117311010635040;08;3;15;064;2025;01;13;6;2;0;1;0;0;1;0;0;0;0;0;421506,840300000272691;5312832,765900000929832;7,948475002000066;47,963989064000032;1
08250125212702643290;08;2;15;017;2025;01;13;7;3;5;3;0;0;1;1;0;0;0;0;456847,192400000058115;5421217,570000000298023;8,410695619000023;48,942377817000079;1
08250102426000589820;08;4;25;033;2025;01;17;5;2;6;4;2;1;0;1;1;0;0;0;554215,305100000463426;5348165,206199999898672;9,730818038000052;48,284365931000082;1
08250107311010593480;08;3;11;000;2025;01;12;3;3;5;3;0;1;1;0;0;0;0;1;413962,707999999634922;5316579,634999999776483;7,846680555000034;47,996724029000063;1
08250109311400598340;08;3;15;076;2025;01;14;5;3;1;7;0;1;1;1;0;0;0;0;392670,937599999830127;5296242,321100000292063;7,566411323000068;47,810580237000067;1
08250116221300641470;08;2;26;012;2025;01;08;5;3;3;6;0;1;1;0;0;0;0;0;475595,872700000181794;5477776,392200000584126;8,663289557000041;49,452156967000064;1
08250116325202654150;08;3;25;049;2025;01;10;5;3;6;7;0;1;0;1;1;0;0;0;472603,259100000374019;5334246,991399999707937;8,631582158000072;48,160877735000042;1
08250102127202594350;08;1;27;014;2025;01;16;5;3;5;3;1;1;1;1;0;0;0;0;579180,907999999821186;5442281,860999999567866;10,085355391000064;49,128266559000053;1
08250121311010657530;08;3;11;000;2025;01;16;3;3;5;3;1;1;1;1;0;0;0;0;414296,482499999925494;5317798,377399999648333;7,850910348000070;48,007731900000067;1
08250122311010633090;08;3;11;000;2025;01;15;4;3;0;6;0;1;1;0;0;0;0;0;410297,417100000195205;5316056,841499999165535;7,797668019000071;47,991517642000076;1
08250128118400680770;08;1;18;048;2025;01;07;3;3;5;2;1;1;1;1;0;0;0;0;515073,723000000230968;5416258,341000000014901;9,205671871000050;48,899087839000060;1
08250104226600609180;08;2;26;040;2025;01;10;7;3;6;2;0;0;0;1;1;0;0;0;474240,600499999709427;5495507,234099999070168;8,643432648000044;49,611583034000034;1
08250108421300616690;08;4;21;000;2025;01;07;4;3;5;3;2;1;1;1;0;0;0;0;571901,377799999900162;5359910,171700000762939;9,971198465000043;48,388254247000077;1
08250107135200616670;08;1;35;019;2025;01;17;3;2;6;4;2;1;0;1;1;0;0;0;584908,209699999541044;5392372,582000000402331;10,153466722000076;48,678621538000073;1
08250116212702628800;08;2;15;096;2025;01;09;5;3;6;7;0;0;0;1;1;0;0;0;464050,424700000323355;5414335,518999999389052;8,509666607000042;48,880931451000038;1
08250114426010608520;08;4;25;033;2025;01;10;3;2;6;6;0;1;0;1;1;0;0;0;554513,690899999812245;5346144,699500000104308;9,734579301000053;48,266163796000058;1
08250110115300621860;08;1;15;028;2025;01;12;6;3;6;7;0;0;0;1;1;0;0;0;501154,371299999766052;5405451,194900000467896;9,015720289000058;48,802050693000069;1
08250111226300601990;08;2;26;056;2025;01;10;7;3;5;3;0;0;1;1;0;0;0;0;485727,237499999813735;5471605,362299999222159;8,803295626000022;49,396971652000047;1
08250128111500652460;08;1;11;000;2025;01;17;3;3;5;3;1;0;1;1;0;0;0;0;514229,793899999931455;5403602,311100000515580;9,193717462000052;48,785256530000026;1
08250104222500649820;08;2;22;000;2025;01;11;7;3;6;7;0;0;0;1;1;0;0;0;465873,135599999688566;5475713,013900000602007;8,529324051000060;49,433129346000044;1
08250128317500663340;08;3;17;096;2025;01;14;3;2;1;5;0;0;1;1;0;0;0;0;422819,709099999628961;5372369,667500000447035;7,955212895000045;48,499703413000077;1
08250113111210608240;08;1;11;000;2025;01;09;2;3;6;2;0;0;0;1;1;0;0;0;511080,887699999846518;5397602,442399999126792;9,150688440000067;48,731346000000030;1
08250110435200600000;08;4;35;059;2025;01;07;6;3;0;1;0;2;1;0;0;0;0;0;511991,004399999976158;5291276,842800000682473;9,160051547000023;47,774743925000053;1
08250106416100601800;08;4;16;036;2025;01;19;2;3;6;4;2;1;0;1;1;0;0;0;495226,447999999858439;5368841,505000000819564;8,935415324000076;48,472686088000046;1
08250116421200678960;08;4;25;072;2025;01;07;5;3;5;3;1;0;1;1;0;0;0;0;582979,069699999876320;5372763,509500000625849;10,123348106000037;48,502506712000070;1
08250109421200607190;08;4;21;000;2025;01;08;5;3;0;1;0;2;1;0;0;0;0;0;573637,092100000008941;5361544,470899999141693;9,994926382000074;48,402754829000060;1
08250109421300622270;08;4;21;000;2025;01;07;5;3;0;1;0;2;1;0;0;0;0;0;571222,324799999594688;5360071,581399999558926;9,962054966000039;48,389783231000081;1
08250117436100641920;08;4;36;055;2025;01;12;6;3;0;4;0;0;1;0;1;0;0;0;576513,071200000122190;5297409,383600000292063;10,022268515000064;47,825481392000029;1
08250119215302655570;08;2;15;089;2025;01;12;1;3;5;3;0;0;1;1;0;0;0;0;468817,790199999697506;5431063,619400000199676;8,573407738000071;49,031666163000068;1
08250103211100591120;08;2;11;000;2025;01;14;6;3;6;4;0;0;0;1;1;0;0;0;440527,880800000391901;5403249,767300000414252;8,190466430000072;48,779404845000045;1
08250117231000674060;08;2;31;000;2025;01;17;6;2;6;4;2;1;0;1;1;0;0;0;481567,003399999812245;5417459,680299999192357;8,748439048000023;48,909803852000039;1
08250129119500653260;08;1;19;085;2025;01;18;4;3;5;2;2;0;1;1;0;0;0;0;528481,465200000442564;5413405,842800000682473;9,388410296000075;48,872956588000079;1
08250124416200681420;08;4;16;041;2025;01;11;6;3;0;7;0;0;1;0;1;0;0;0;504586,281499999575317;5374840,902100000530481;9,062116873000036;48,526660436000043;1
08250123116100675050;08;1;16;056;2025;01;18;5;3;0;7;2;0;0;1;1;0;0;0;530755,453399999998510;5395543,428500000387430;9,418083274000026;48,712163018000069;1
08250114221200622640;08;2;21;000;2025;01;11;3;3;6;2;0;0;0;1;1;0;0;0;477088,476300000213087;5472838,970300000160933;8,684168322000062;49,407803932000036;1
08250109115100606330;08;1;15;003;2025;01;05;5;3;6;4;2;1;0;1;1;0;0;0;498888,154500000178814;5391847,531400000676513;8,984895542000061;48,679671906000067;1
08250103311010590730;08;3;15;047;2025;01;16;6;2;6;3;1;0;0;1;1;0;0;0;415328,597900000400841;5320943,250299999490380;7,864124458000049;48,036158813000043;1
08250117116200618110;08;1;16;077;2025;01;14;6;3;0;1;0;1;1;0;0;0;0;0;517318,968799999915063;5390947,554999999701977;9,235240033000025;48,671336415000042;1
08250110211000614380;08;2;11;000;2025;01;11;6;1;6;4;0;0;0;0;1;0;1;0;442953,759499999694526;5406334,744999999180436;8,223055826000063;48,807381757000030;1
08250108335000602610;08;3;35;043;2025;01;11;4;3;0;7;0;1;1;0;0;0;0;0;513411,078900000080466;5279515,047599999234080;9,178643926000063;47,668888218000063;1
08250107436000616620;08;4;35;034;2025;01;11;3;3;6;7;0;1;0;1;1;0;0;0;528928,156000000424683;5285347,692099999636412;9,385724355000036;47,720859243000064;1
08250127317500670680;08;3;17;096;2025;01;07;2;2;3;6;2;0;1;0;0;0;0;0;422225,573499999940395;5368775,335400000214577;7,947840494000047;48,467299453000066;1
08250118119200648760;08;1;19;020;2025;01;11;7;2;0;7;0;0;1;0;0;0;0;0;520479,527499999850988;5406010,590299999341369;9,278917466000053;48,806746606000047;1
08250116118200617830;08;1;18;019;2025;01;16;5;3;5;2;2;1;1;1;0;0;0;0;505489,055800000205636;5405610,344200000166893;9,074752347000071;48,803459222000072;1
08250107426300602920;08;4;26;013;2025;01;10;3;3;6;4;0;1;0;1;1;0;0;0;545416,921199999749660;5323722,972300000488758;9,609611951000034;48,065166330000068;1
08250113212702619570;08;2;15;017;2025;01;07;2;3;5;3;1;0;1;1;0;0;0;0;454850,479000000283122;5421825,210999999195337;8,383362328000032;48,947701133000066;1
08250110415100601330;08;4;15;050;2025;01;13;6;3;0;1;0;0;1;0;0;0;0;0;520501,342899999581277;5376676,524499999359250;9,277760127000022;48,542856038000082;1
08250123421200678040;08;4;21;000;2025;01;07;5;2;4;2;1;1;1;1;0;0;0;0;573771,849499999545515;5361429,891799999400973;9,996726693000028;48,401708411000072;1
08250121415400642210;08;4;15;061;2025;01;13;3;3;1;5;0;0;1;1;0;0;0;0;515854,090300000272691;5371283,501099999994040;9,214592860000039;48,494473418000041;1
08250108327100616480;08;3;27;050;2025;01;07;4;3;6;7;1;1;0;1;1;0;0;0;485452,097599999979138;5314407,882500000298023;8,805040872000063;47,982808774000034;1
08250115226400653100;08;2;26;063;2025;01;07;4;3;0;7;2;2;1;0;0;0;0;0;470028,840900000184774;5470596,514699999243021;8,587023890000069;49,387326830000063;1
08250123118300660990;08;1;18;046;2025;01;07;5;2;6;7;0;0;0;0;1;0;0;1;513853,302899999544024;5412041,697699999436736;9,188877195000032;48,861184442000081;1
08250128426100647540;08;4;26;021;2025;01;05;3;2;4;2;2;1;1;1;0;0;0;0;559099,364699999801815;5328779,935599999502301;9,793949320000024;48,109538649000058;1
08250115231000609970;08;2;31;000;2025;01;06;4;3;0;1;2;2;1;0;0;0;0;0;477999,940999999642372;5415592,379599999636412;8,699859456000070;48,892889817000025;1
08250118221011675290;08;2;21;000;2025;01;09;7;3;3;6;0;0;1;1;0;0;0;0;477480,077999999746680;5469888,098699999973178;8,689733638000064;49,381275854000080;1
08250115212702612030;08;2;15;017;2025;01;07;4;3;0;1;1;2;1;0;0;0;0;0;456779,046400000341237;5421258,584499999880791;8,409760703000074;48,942741994000073;1
08250123116100679220;08;1;16;019;2025;01;08;5;3;5;3;0;1;1;1;0;0;0;0;523279,732699999585748;5398438,285199999809265;9,316625188000046;48,738528812000027;1
08250122221300659110;08;2;21;000;2025;01;22;4;3;4;2;2;0;1;1;0;0;0;0;476528,308000000193715;5473840,464800000190735;8,676387405000071;49,416790854000055;1
08250110327200655300;08;3;27;046;2025;01;08;6;3;6;4;2;0;0;1;1;0;0;0;480033,762799999676645;5325148,323499999940395;8,731928778000054;48,079294763000064;1
08250125311400666280;08;3;15;006;2025;01;14;7;3;0;1;0;0;1;0;0;0;0;0;402122,844999999739230;5307778,620999999344349;7,690011995000020;47,915856912000038;1
08250118216200619440;08;2;16;007;2025;01;11;7;3;1;1;0;0;1;1;0;0;0;0;434601,120299999602139;5396614,210999999195337;8,110854932000052;48,719123684000067;1
08250109116200611390;08;1;16;077;2025;01;17;5;3;0;1;2;1;1;0;0;0;0;0;518146,298600000329316;5391986,344200000166893;9,246522971000047;48,680657910000036;1
08250121127100643070;08;1;27;076;2025;01;12;3;2;5;3;0;0;1;1;0;0;0;0;553701,501299999654293;5441142,197899999096990;9,735987526000031;49,120770528000037;1
08250110121200625900;08;1;21;000;2025;01;07;6;3;0;7;0;2;1;0;0;0;0;0;516820,264399999752641;5442082,426699999719858;9,230572578000022;49,131343961000027;1
08250112111230605960;08;1;11;000;2025;01;14;1;3;6;3;0;0;0;1;1;0;0;0;512541,160799999721348;5397863,487400000914931;9,170554477000053;48,733666680000056;1
08250113311010626890;08;3;11;000;2025;01;07;2;3;5;3;2;0;1;1;0;0;0;0;414047,219999999739230;5317944,030999999493361;7,847539810000058;48,009008631000029;1
08250114221011636120;08;2;26;098;2025;01;16;3;3;6;6;0;0;0;1;1;0;0;0;479171,935499999672174;5460906,900599999353290;8,713512095000056;49,300550451000049;1
08250125335200656950;08;3;35;063;2025;01;14;7;3;6;4;0;0;1;0;1;0;0;0;497681,806900000199676;5287272,785000000149012;8,969078898000021;47,738824556000054;1
08250123221200664800;08;2;21;000;2025;01;17;5;3;0;7;0;1;1;0;0;0;0;0;477172,006299999542534;5472146,660499999299645;8,685359545000040;49,401579851000065;1