UIDENTSTLAE;ULAND;UREGBEZ;UKREIS;UGEMEINDE;UJAHR;UMONAT;USTUNDE;UWOCHENTAG;UKATEGORIE;UART;UTYP1;ULICHTVERH;IstStrassenzustand;IstRad;IstPKW;IstFuss;IstKrad;IstGkfz;IstSonstige;LINREFX;LINREFY;XGCSWGS84;YGCSWGS84;PLST
08250105211100592060;08;2;11;000;2025;01;12;1;3;6;4;0;0;0;1;1;0;0;0;444392,546400000341237;5400554,278000000864267;8,243431584000064;48,755515860000060;1
08250115116400664450;08;1;16;072;2025;01;05;4;2;0;1;2;2;1;0;0;0;0;0;530491,766400000080466;5393484,188799999654293;9,414346777000048;48,693651364000061;1
08250122222500661000;08;2;22;000;2025;01;11;4;3;5;3;0;0;1;1;0;0;0;0;463685,748999999836087;5478022,142000000923872;8,498945308000032;49,453772264000065;1
08250115311010608880;08;3;11;000;2025;01;20;4;3;1;5;2;0;1;1;0;0;0;0;413076,768799999728799;5316575,459499999880791;7,834808024000040;47,996566632000054;1
08250109421300619210;08;4;21;000;2025;01;08;5;3;0;1;0;2;1;0;0;0;0;0;569573,483400000259280;5361358,463099999353290;9,939999182000065;48,401543252000067;1
08250119336100654470;08;3;36;050;2025;01;20;1;3;0;7;2;0;1;0;0;0;0;0;399392,418399999849498;5273236,912699999287724;7,661473219000072;47,604728441000077;1
08250109415400604660;08;4;15;061;2025;01;19;5;3;5;3;2;0;1;1;0;0;0;0;515805,585599999874830;5370944,425699999555945;9,213923498000042;48,491424199000051;1
08250115226700636350;08;2;26;041;2025;01;07;4;2;0;7;2;2;1;0;0;0;0;0;476798,344800000078976;5465856,625099999830127;8,680576246000044;49,344987532000061;1
08250121417000630840;08;4;17;002;2025;01;14;3;3;6;4;0;0;0;1;1;0;0;0;488979,896200000308454;5345926,408500000834465;8,851502231000040;48,266450236000026;1
08250115115400632190;08;1;15;045;2025;01;07;4;3;0;1;1;1;1;0;0;0;0;0;500114,103900000452995;5394967,556099999696016;9,001550967000071;48,707740931000046;1
08250115421300639250;08;4;21;000;2025;01;09;4;3;0;1;0;2;1;0;0;0;0;0;570458,421699999831617;5356631,700999999418855;9,951161260000049;48,358926094000026;1
08250128111330965720;08;1;11;000;2025;01;10;3;3;6;4;0;0;0;1;1;0;0;0;513758,145899999886751;5408496,590500000864267;9,187460754000028;48,829295446000060;1
08250105425000592020;08;4;25;033;2025;01;19;1;3;6;4;2;1;0;1;1;0;0;0;553788,463000000454485;5348521,036299999803305;9,725110033000021;48,287603403000048;1
08250107111230594480;08;1;11;000;2025;01;19;3;3;1;5;2;1;1;0;0;0;0;1;511887,244500000029802;5398526,748199999332428;9,161680663000027;48,739646189000041;1
08250123222700677490;08;2;22;000;2025;01;23;5;3;5;3;2;1;1;1;0;0;0;0;461647,130900000222027;5482455,901000000536442;8,470388394000054;49,493526396000050;1
08250123436200649230;08;4;36;064;2025;01;19;5;3;5;2;2;0;1;1;0;0;0;0;545056,033900000154972;5288233,353199999779463;9,601060099000051;47,745897600000035;1
08250115136200637040;08;1;36;019;2025;01;07;4;2;6;1;0;2;0;0;1;0;0;1;581394,947399999946356;5424834,819900000467896;10,112191985000038;48,971061464000059;1
08250121111230660260;08;1;11;000;2025;01;20;3;3;5;2;2;1;1;1;0;0;0;0;507545,029299999587238;5399222,984600000083447;9,102634252000030;48,745977263000043;1
08250130116010658380;08;1;16;035;2025;01;16;5;3;5;3;0;0;1;1;0;0;0;0;526722,741100000217557;5392488,339299999177456;9,363066952000054;48,684865587000047;1
08250110231000622990;08;2;31;000;2025;01;18;6;3;6;6;2;0;0;1;1;0;0;0;475582,536299999803305;5415360,481200000271201;8,666893904000062;48,890713193000067;1
08250111221400624620;08;2;21;000;2025;01;17;7;3;3;2;2;1;1;1;0;0;0;0;476627,514999999664724;5469692,074999999254942;8,677999234000026;49,379480526000066;1
08250103125102607170;08;1;26;066;2025;01;13;6;3;6;4;0;0;0;1;1;0;0;0;536477,441599999554455;5449925,359699999913573;9,500736640000071;49,201038725000046;1
08250109436400623030;08;4;36;082;2025;01;18;5;3;6;2;2;1;0;0;1;0;0;1;547590,650500000454485;5294973,780500000342727;9,635609172000045;47,806359077000081;1
08250121136200631910;08;1;36;019;2025;01;16;3;3;5;3;0;0;1;1;0;0;0;0;586435,112300000153482;5423822,551799999549985;10,180831626000042;48,961272936000057;1
08250120115400626480;08;1;15;045;2025;01;14;2;3;6;4;0;0;0;1;1;0;0;0;500737,848199999891222;5394144,168999999761581;9,010027794000052;48,700333248000049;1
08250108115400602310;08;1;15;045;2025;01;07;4;3;6;2;1;1;0;1;1;0;0;0;501493,533300000242889;5394890,388100000098348;9,020300701000053;48,707044943000028;1
08250103118500590450;08;1;18;021;2025;01;11;6;3;6;7;0;0;0;0;1;0;0;1;521439,292399999685585;5427632,285199999809265;9,293123967000042;49,001215431000048;1
08250106221400643950;08;2;21;000;2025;01;12;2;3;6;7;0;0;1;0;1;0;0;0;477245,281600000336766;5470459,659700000658631;8,686466090000067;49,386408250000045;1
08250109119500609600;08;1;19;085;2025;01;18;5;3;6;4;2;1;0;1;1;0;0;0;530071,073699999600649;5413293,444199999794364;9,410079435000057;48,871870441000056;1
08250108118400618890;08;1;18;048;2025;01;15;4;3;5;3;0;1;1;1;0;0;0;0;512499,095800000242889;5414987,957599999383092;9,170503947000043;48,887717095000028;1
08250101335100599870;08;3;35;043;2025;01;00;4;3;6;6;2;0;0;1;1;0;0;0;513639,585599999874830;5279242,845599999651313;9,181679262000046;47,666434256000059;1
08250126311010642720;08;3;11;000;2025;01;11;1;3;8;1;0;0;1;0;0;0;0;0;413448,865399999544024;5317256,090199999511242;7,839657556000077;48,002739618000078;1
08250128111500648980;08;1;11;000;2025;01;07;3;3;5;2;2;1;1;1;0;0;0;0;513605,794800000265241;5399704,752100000157952;9,185093784000060;48,750208311000051;1
08250128311010680960;08;3;11;000;2025;01;17;3;3;0;7;1;1;1;0;0;0;0;0;414106,358599999919534;5316142,837600000202656;7,848693192000042;47,992814187000079;1
08250107416200594200;08;4;16;041;2025;01;07;3;3;0;1;2;2;1;0;0;0;0;0;504816,817699999548495;5371202,196399999782443;9,065197260000048;48,493923533000043;1
08250122325202631290;08;3;25;049;2025;01;15;4;3;5;3;0;1;1;1;0;0;0;0;470761,730999999679625;5335327,297000000253320;8,606744493000065;48,170514899000068;1
08250102311010636180;08;3;15;047;2025;01;15;5;3;6;7;0;1;0;0;1;0;1;0;415796,258500000461936;5321903,785299999639392;7,870207976000074;48,044861032000028;1
08250111316100629920;08;3;16;011;2025;01;18;7;3;0;3;2;0;1;1;0;0;0;0;412572,764200000092387;5331131,051000000908971;7,825077334000071;48,127428374000033;1
08250107235100682630;08;2;35;085;2025;01;17;3;3;6;7;2;1;0;1;1;0;0;0;483609,551300000399351;5393832,805199999362230;8,777257334000069;48,697317314000031;1
08250115116400637340;08;1;16;016;2025;01;06;4;3;0;1;2;2;1;0;0;0;0;0;533336,353199999779463;5384919,375000000000000;9,452310353000030;48,616457857000057;1
08250117121200675320;08;1;21;000;2025;01;22;6;3;6;3;2;0;1;0;1;0;0;0;516168,706000000238419;5443111,619000000879169;9,221682353000062;49,140619383000057;1
08250108135200620230;08;1;35;019;2025;01;12;4;3;6;4;0;1;0;1;1;0;0;0;583712,005499999970198;5392695,262700000777841;10,137285156000075;48,681685385000037;1
08250115212502651240;08;2;12;000;2025;01;08;4;3;0;1;0;2;1;0;0;0;0;0;454909,167299999855459;5429020,233699999749660;8,383365917000049;49,012425557000029;1
08250129111500678550;08;1;11;000;2025;01;12;4;3;6;4;0;0;0;0;1;0;0;1;515540,275000000372529;5410155,921900000423193;9,211805800000036;48,844180436000045;1
08250111116200653970;08;1;16;078;2025;01;10;7;3;0;7;0;0;1;1;0;0;0;0;510429,241899999789894;5393839,670199999585748;9,141731656000047;48,697507210000026;1
08250110212402616470;08;2;12;000;2025;01;07;6;3;5;2;2;0;1;1;0;0;0;0;455420,541000000201166;5427464,968299999833107;8,390529485000059;48,998472950000064;1
08250115221200629510;08;2;21;000;2025;01;17;4;3;0;6;2;2;1;0;0;0;0;0;477124,238099999725819;5472428,731899999082088;8,684684916000037;49,404115247000050;1
08250129121100674120;08;1;25;026;2025;01;15;4;3;6;4;0;0;0;1;1;0;0;0;492987,021300000138581;5442268,598799999803305;8,903862348000075;49,133208857000056;1
08250111311010602990;08;3;11;000;2025;01;18;7;2;1;5;2;0;1;1;0;0;0;0;415595,332700000144541;5319181,838700000196695;7,868049060000033;48,020349557000031;1
08250106235200594050;08;2;35;080;2025;01;12;2;3;0;7;0;1;1;0;0;0;0;0;483349,001199999824166;5390681,644899999722838;8,773843497000030;48,668962440000030;1
08250115317000639070;08;3;17;057;2025;01;09;4;3;0;1;0;2;1;0;0;0;0;0;413512,047600000165403;5378878,261299999430776;7,827890933000049;48,557032354000057;1
08250125215102667250;08;2;15;105;2025;01;20;7;3;0;7;2;0;0;1;1;0;0;0;456850,805300000123680;5441756,986700000241399;8,408558666000033;49,127131848000033;1
08250125118200653610;08;1;18;067;2025;01;06;7;3;6;7;2;0;0;1;1;0;0;0;505472,001699999906123;5413666,800200000405312;9,074627686000042;48,875934125000072;1
08250102311100600510;08;3;15;072;2025;01;20;5;3;6;7;2;1;0;1;1;0;0;0;401986,207499999552965;5319310,203700000420213;7,685554036000042;48,019561151000062;1
08250120215102655460;08;2;15;109;2025;01;07;2;2;6;2;2;0;0;1;1;0;0;0;461615,970599999651313;5434528,165899999439716;8,474557968000056;49,062424070000077;1
08250102311010589860;08;3;15;131;2025;01;17;5;3;5;2;2;1;1;1;0;0;0;0;405707,353000000119209;5308479,355900000780821;7,737821455000073;47,922697301000028;1
08250116326200632040;08;3;26;074;2025;01;13;5;3;6;4;0;0;0;1;1;0;0;0;465415,816300000064075;5323120,070000000298023;8,535834309000052;48,060421558000030;1
08250107111500595660;08;1;11;000;2025;01;17;3;2;5;3;2;1;1;1;0;0;0;0;508570,834099999628961;5397325,686599999666214;9,116548677000026;48,728895880000039;1
08250108216100605150;08;2;16;043;2025;01;05;4;3;6;2;2;1;0;1;1;0;0;0;442826,189000000245869;5411735,125199999660254;8,220565365000027;48,855946712000048;1
08250115215102621090;08;2;15;090;2025;01;05;4;3;8;1;2;2;1;0;0;0;0;0;464450,213999999687076;5433378,155999999493361;8,513455605000047;49,052249602000074;1
08250113127100649330;08;1;27;076;2025;01;21;2;2;5;3;2;0;1;1;0;0;0;0;552991,205000000074506;5438978,208000000566244;9,725969555000063;49,101367691000064;1
08250113111140608990;08;1;11;000;2025;01;10;2;3;1;5;0;0;1;0;0;0;0;1;511646,172899999655783;5402819,700200000777841;9,158523291000051;48,778269968000075;1
08250107212010630270;08;2;12;000;2025;01;13;3;3;5;3;0;0;1;1;0;0;0;0;454826,344600000418723;5432722,389799999073148;8,381820927000035;49,045720567000046;1
08250115216100638770;08;2;16;043;2025;01;09;4;3;0;1;0;2;1;0;0;0;0;0;440953,531999999657273;5411942,487999999895692;8,195008637000058;48,857636533000061;1
08250115226400638470;08;2;26;063;2025;01;07;4;3;0;7;0;2;1;0;0;0;0;0;469949,934799999929965;5470845,470699999481440;8,585917843000061;49,389562244000047;1
08250110121400628190;08;1;25;013;2025;01;17;6;3;0;3;1;0;1;1;0;0;0;0;504748,193799999542534;5435853,466800000518560;9,065015366000068;49,075523553000039;1
08250113311010616800;08;3;11;000;2025;01;07;2;3;5;3;1;0;1;1;0;0;0;0;415127,614000000059605;5317314,442999999970198;7,862147408000055;48,003489632000026;1
08250104237100643690;08;2;37;024;2025;01;15;7;3;6;1;0;0;0;1;1;0;0;0;478962,810200000181794;5359769,695399999618530;8,715830528000026;48,390738676000069;1
08250102311010595520;08;3;11;000;2025;01;18;5;3;6;7;2;2;1;0;1;0;0;0;413557,607800000347197;5315686,387099999934435;7,841431280000052;47,988634302000037;1
08250123111500637590;08;1;11;000;2025;01;18;5;3;6;2;2;0;0;1;1;0;0;0;514895,555999999865890;5406589,310499999672174;9,202889104000064;48,812111616000038;1
08250118118500648420;08;1;18;049;2025;01;14;7;3;6;7;0;0;0;1;1;0;0;0;519402,721900000236928;5421179,722100000828505;9,264971954000032;48,943238366000060;1
08250110311010644160;08;3;11;000;2025;01;10;6;3;1;5;0;0;1;1;0;0;0;0;413460,828800000250340;5316996,079600000753999;7,839870358000042;48,000402355000062;1
08250120215102669390;08;2;15;105;2025;01;13;2;3;5;3;0;0;1;1;0;0;0;0;457442,167899999767542;5442044,429899999871850;8,416633631000025;49,129758622000054;1
08250129111340759880;08;1;11;000;2025;01;07;4;2;0;6;2;0;1;0;0;0;0;0;508889,614599999971688;5406834,238099999725819;9,121089054000038;48,814429911000047;1
08250124111310639150;08;1;11;000;2025;01;17;6;3;6;4;2;0;1;0;1;0;0;0;516408,835699999704957;5407614,645099999383092;9,223542007000049;48,821297237000067;1
08250107235100617980;08;2;35;085;2025;01;07;3;2;0;1;1;2;1;0;0;0;0;0;480227,117499999701977;5395579,792199999094009;8,731207590000054;48,712935139000081;1
08250123212702647640;08;2;15;017;2025;01;07;5;3;6;2;1;1;0;1;1;0;0;0;456840,831399999558926;5420859,437799999490380;8,410646689000032;48,939155891000041;1
08250122311010659950;08;3;11;000;2025;01;12;4;3;5;3;0;0;1;1;0;0;0;0;414298,333899999968708;5317007,382300000637770;7,851093204000051;48,000616856000079;1
08250113222500648200;08;2;22;000;2025;01;12;2;3;5;3;0;0;1;1;0;0;0;0;462667,344999999739230;5478896,610799999907613;8,484811777000061;49,461575980000077;1
08250127237100649180;08;2;37;028;2025;01;16;2;3;6;2;0;1;0;1;1;0;0;0;456574,150399999693036;5368310,334200000390410;8,412532789000068;48,466426257000080;1
08250124215102678570;08;2;15;102;2025;01;13;6;3;5;3;0;0;1;1;0;0;0;0;454978,883000000379980;5435726,241699999198318;8,383574151000062;49,072751385000061;1
08250117311010646790;08;3;11;000;2025;01;08;6;3;5;2;1;0;1;1;0;0;0;0;409625,588999999687076;5316939,694000000134110;7,788479304000020;47,999364464000053;1
08250110226700599900;08;2;26;103;2025;01;08;6;3;0;7;0;2;1;0;0;0;0;0;473336,023799999617040;5456474,429300000891089;8,633536808000031;49,260453526000049;1
08250121231202642400;08;2;36;070;2025;01;13;3;3;6;7;0;0;1;0;1;0;0;0;469029,215699999593198;5416068,807900000363588;8,577441261000047;48,896792086000062;1
08250114212010613650;08;2;12;000;2025;01;12;3;3;4;6;0;0;1;1;0;0;0;0;454933,160699999891222;5429270,222500000149012;8,383666256000026;49,014675977000081;1
08250110111500624340;08;1;11;000;2025;01;12;6;3;6;2;0;0;0;1;1;0;0;0;507876,330500000156462;5397723,975400000810623;9,107112244000064;48,732488060000037;1
08250109436400597770;08;4;36;082;2025;01;07;5;3;6;4;0;1;0;1;1;0;0;0;548058,142199999652803;5295207,677200000733137;9,641878403000021;47,808428688000049;1
08250130119400674560;08;1;19;079;2025;01;08;5;3;6;4;0;0;0;1;1;0;0;0;522943,085599999874830;5415310,695199999958277;9,312989974000061;48,890321680000056;1
08250111216100646160;08;2;16;043;2025;01;19;7;3;5;3;2;0;1;1;0;0;0;0;442135,280199999921024;5412824,721200000494719;8,210993279000036;48,865683553000054;1
08250122212402642040;08;2;12;000;2025;01;18;4;3;0;7;2;0;1;0;0;0;0;0;457075,370900000445545;5425376,543299999088049;8,413372902000049;48,979804515000069;1
08250109111240637010;08;1;11;000;2025;01;16;5;3;6;4;0;1;0;0;1;0;0;1;514364,689000000245869;5404045,908999999985099;9,195569353000053;48,789243990000045;1
08250114211100608760;08;2;11;000;2025;01;10;3;3;2;7;0;0;1;1;0;0;0;0;442400,923999999649823;5406685,410000000149012;8,215477980000060;48,810485022000080;1
08250121118010671470;08;1;15;003;2025;01;09;3;2;6;7;0;0;0;0;1;0;0;1;500811,911000000312924;5392325,577999999746680;9,011030777000030;48,683972931000028;1
08250102426000603950;08;4;21;000;2025;01;13;5;3;0;4;0;1;1;0;1;0;0;0;573679,748100000433624;5360817,267200000584126;9,995374991000062;48,396208502000036;1
08250103121600604450;08;1;25;046;2025;01;17;6;3;6;4;2;0;0;1;1;0;0;0;517709,779099999926984;5433600,813799999654293;9,242394210000043;49,055023553000069;1
08250107436000593220;08;4;37;056;2025;01;08;3;3;8;1;0;0;1;0;0;0;0;0;528540,502000000327826;5297154,861999999731779;9,381331440000054;47,827109670000027;1
08250107226200656200;08;2;26;032;2025;01;16;3;3;5;3;0;0;1;1;0;0;0;0;466995,329800000414252;5463613,774199999868870;8,545804828000030;49,324361786000054;1
08250114212010608790;08;2;15;017;2025;01;22;3;3;3;6;2;0;1;0;0;0;0;1;456837,628999999724329;5420652,193900000303984;8,410624910000024;48,937291459000051;1
08250108215102622490;08;2;12;000;2025;01;17;4;3;5;3;1;1;1;1;0;0;0;0;458384,740399999544024;5430826,603399999439716;8,430707830000074;49,028918306000037;1
08250113136200622740;08;1;36;019;2025;01;07;2;3;6;2;1;1;0;1;1;0;0;0;582472,085799999535084;5424527,873099999502301;10,126844974000051;48,968157990000066;1
08250111311010609540;08;3;11;000;2025;01;18;7;3;7;7;2;0;1;0;0;0;0;1;412927,647400000132620;5317293,184599999338388;7,832663847000049;48,003002507000076;1
08250115111330638660;08;1;11;000;2025;01;09;4;3;0;7;0;2;1;0;0;0;0;0;513534,690100000239909;5409017,365800000727177;9,184433282000043;48,833985164000069;1
08250102111330602140;08;1;11;000;2025;01;11;5;3;6;4;0;1;0;1;1;0;0;0;512829,072300000116229;5408823,772900000214577;9,174812022000026;48,832258615000057;1
08250110211000626780;08;2;11;000;2025;01;10;6;3;6;4;0;0;0;0;1;0;0;1;445501,621299999766052;5399766,156300000846386;8,258624109000039;48,748524577000069;1
08250114116200669600;08;1;16;080;2025;01;13;3;2;6;4;0;0;0;1;1;0;0;0;522116,683500000275671;5395779,452700000256300;9,300664291000032;48,714652541000078;1
08250115421300612190;08;4;21;000;2025;01;07;4;3;6;4;1;2;0;1;1;0;0;0;573227,092000000178814;5362209,447300000116229;9,989503682000077;48,408784193000031;1
08250102111320590400;08;1;11;000;2025;01;15;5;3;0;7;0;1;1;0;0;0;0;0;516122,717199999839067;5405414,940199999138713;9,219557750000035;48,801516523000032;1
08250118115400661770;08;1;15;001;2025;01;13;7;3;5;3;0;0;1;1;0;0;0;0;491635,925999999977648;5391670,009999999776483;8,886377486000072;48,678019861000053;1
08250116221400672880;08;2;21;000;2025;01;18;5;3;5;3;2;0;1;1;0;0;0;0;475492,337899999693036;5470522,044900000095367;8,662309117000063;49,386901374000047;1
08250107212010605040;08;2;12;000;2025;01;07;3;3;5;3;0;1;1;1;0;0;0;0;455356,005800000391901;5428467,589400000870228;8,389537016000077;49,007486964000066;1
08250111416010627030;08;4;15;061;2025;01;13;7;2;6;4;0;0;0;1;1;0;0;0;515638,352300000376999;5371165,800300000235438;9,211668354000039;48,493419947000064;1
08250115226400611410;08;2;26;084;2025;01;07;4;3;5;3;0;2;1;1;0;0;0;0;468563,921099999919534;5471255,131999999284744;8,566787090000048;49,393177066000078;1
08250120212302652490;08;2;12;000;2025;01;10;2;3;5;3;0;0;1;1;0;0;0;0;456182,329499999992549;5428846,603499999269843;8,400794621000045;49,010955462000027;1
08250114221400608470;08;2;21;000;2025;01;09;3;2;6;2;0;0;0;1;1;0;0;0;475383,656999999657273;5469902,098999999463558;8,660850014000061;49,381320665000032;1
08250126336100662560;08;3;36;050;2025;01;16;1;3;0;7;0;0;1;0;0;0;0;0;399860,339800000190735;5276714,624099999666214;7,666901751000069;47,636084129000039;1
08250116311010615290;08;3;11;000;2025;01;08;5;3;0;1;0;1;1;0;0;0;0;0;409580,492300000041723;5316643,393600000068545;7,787937334000048;47,996692813000038;1
08250129417200681270;08;4;17;002;2025;01;07;4;3;8;1;2;1;1;0;0;0;0;0;490772,223500000312924;5350538,870200000703335;8,875553306000029;48,307975887000055;1
08250107136100617000;08;1;36;088;2025;01;18;3;2;0;7;2;1;1;0;0;0;0;0;579643,457700000144541;5410849,399800000712276;10,085535436000043;48,845502870000075;1
08250125436100643010;08;4;36;055;2025;01;19;7;3;5;3;2;0;1;1;0;0;0;0;578149,823300000280142;5292633,682099999859929;10,043272278000074;47,782322377000071;1
08250115416200863470;08;4;16;041;2025;01;07;4;3;0;1;1;2;1;0;0;0;0;0;504491,548999999649823;5373801,892000000923872;9,060822619000021;48,517313811000065;1
08250118118500620370;08;1;18;078;2025;01;23;7;3;2;5;2;0;1;1;0;0;0;0;514396,145200000144541;5419634,970399999991059;9,196545911000044;48,929479095000033;1
08250106336200592820;08;3;36;069;2025;01;06;2;3;0;1;2;2;1;0;0;0;0;0;408709,395800000056624;5267826,222300000488758;7,786525592000032;47,557434122000075;1
08250108311010613110;08;3;36;091;2025;01;07;4;3;5;3;2;1;1;1;0;0;0;0;396318,472900000400841;5271974,235400000587106;7,620886719000055;47,592885961000036;1
08250129221200678370;08;2;21;000;2025;01;08;4;3;5;2;0;0;1;1;0;0;0;0;477462,785799999721348;5471833,833200000226498;8,689385073000039;49,398776850000047;1
08250130136000655730;08;1;36;065;2025;01;12;5;3;5;3;0;0;0;1;1;0;0;0;558233,257299999706447;5405609,677799999713898;9,793006368000022;48,800749641000039;1
08250120221011648180;08;2;26;049;2025;01;12;2;3;6;4;0;0;0;1;1;0;0;0;488952,479000000283122;5464542,685000000521541;8,847941109000033;49,333509854000056;1
08250115415400671320;08;4;15;061;2025;01;08;4;3;0;1;0;2;1;0;0;0;0;0;515606,805700000375509;5370504,817999999970198;9,211216670000056;48,487474300000031;1
08250125311010654580;08;3;11;000;2025;01;18;7;3;3;6;2;0;1;0;0;0;0;0;415500,725999999791384;5315908,475500000640750;7,867425429000036;47,990891782000062;1
08250109317000659280;08;3;17;065;2025;01;14;5;3;1;3;0;1;1;1;0;0;0;0;416009,524299999698997;5354168,102399999275804;7,866686946000073;48,335111052000059;1
08250114215402631180;08;2;15;009;2025;01;14;3;3;6;6;0;0;0;1;1;0;0;0;470395,172000000253320;5442940,365000000223517;8,594116936000034;49,138578301000052;1
08250106116100612690;08;1;16;019;2025;01;11;2;3;0;1;0;1;1;0;0;0;0;0;522339,206899999640882;5398748,112099999561906;9,303850187000023;48,741350420000060;1
08250124317010664470;08;3;17;065;2025;01;17;6;3;9;1;2;0;1;0;0;0;0;0;414683,366399999707937;5354515,886800000444055;7,848725918000071;48,338061638000056;1
08250110215502624450;08;2;15;066;2025;01;17;6;3;6;2;2;0;0;1;1;0;0;0;460817,484600000083447;5454088,187699999660254;8,461725162000050;49,238315894000038;1
08250104435100607260;08;4;35;035;2025;01;12;7;3;5;3;0;0;1;1;0;0;0;0;541080,514100000262260;5281290,094200000166893;9,547373540000024;47,683693028000050;1
08250112127010604740;08;1;27;012;2025;01;03;1;2;5;7;2;0;1;1;0;0;0;0;566675,240100000053644;5432542,141899999231100;9,912355153000021;49,042148334000046;1
08250108311400619110;08;3;15;006;2025;01;19;4;3;6;3;2;1;0;1;1;0;0;0;403173,846800000406802;5308284,035199999809265;7,703961307000043;47,920562701000051;1
08250123311010666640;08;3;36;069;2025;01;06;5;3;5;3;2;1;1;0;0;0;0;0;407627,747899999842048;5267591,552600000053644;7,772200563000069;47,555170075000035;1
08250109221200659350;08;2;21;000;2025;01;08;5;3;0;7;0;1;1;0;0;0;0;0;475778,081199999898672;5473060,682499999180436;8,666091524000024;49,409747446000040;1
08250107311400620170;08;3;15;006;2025;01;15;3;3;5;3;0;1;1;1;0;0;0;0;402362,203700000420213;5307550,524399999529123;7,693266377000043;47,913841683000044;1
08250116425000615670;08;4;25;033;2025;01;13;5;3;5;2;0;1;1;1;0;0;0;0;553264,371000000275671;5348272,637000000104308;9,718014123000046;48,285413122000080;1
08250108415300659370;08;4;15;059;2025;01;17;4;3;6;4;2;1;0;1;1;0;0;0;516922,286799999885261;5369512,756300000473857;9,228979581000033;48,478515315000038;1
08250125435100641710;08;4;35;057;2025;01;15;7;3;6;2;0;0;0;1;1;0;0;0;544324,900500000454485;5279555,256999999284744;9,590424674000076;47,667869959000029;1
08250125231000666480;08;2;31;000;2025;01;09;7;3;0;7;0;0;0;0;1;0;0;1;480203,005599999800324;5414400,782800000160933;8,729972594000060;48,882244885000034;1
08250107115300593890;08;1;15;052;2025;01;17;3;3;6;4;1;0;0;1;1;0;0;0;494552,145299999974668;5410601,127800000831485;8,925742443000047;48,848356085000034;1
08250115135200639350;08;1;35;019;2025;01;16;4;3;5;3;1;1;1;1;0;0;0;0;584788,396399999968708;5393056,832499999552965;10,151979774000040;48,684792173000062;1
08250112111120604210;08;1;11;000;2025;01;16;1;3;6;7;1;0;0;1;1;0;0;0;513957,052099999971688;5404839,817900000140071;9,190046549000044;48,796395191000045;1
08250101335300603110;08;3;35;075;2025;01;12;4;3;0;1;0;0;1;0;0;0;0;0;488191,412600000388920;5289729,402100000530481;8,842425338000055;47,760824168000056;1
08250128416010649860;08;4;16;041;2025;01;06;3;2;6;4;2;1;0;1;1;0;0;0;503562,047299999743700;5374460,344100000336766;9,048241338000025;48,523243449000063;1
08250125311010656460;08;3;11;000;2025;01;18;7;3;0;1;2;0;1;0;0;0;0;0;413742,300200000405312;5316484,628200000151992;7,843745734000038;47,995839710000041;1
08250102231000596240;08;2;31;000;2025;01;17;5;2;6;2;2;1;0;1;1;0;0;0;478364,085799999535084;5415436,808100000023842;8,704835548000062;48,891503170000078;1
08250124116000651020;08;4;16;023;2025;01;15;6;3;0;1;0;0;1;0;0;0;0;1;507996,059600000269711;5373961,444900000467896;9,108282180000060;48,518714351000028;1
08250109337400604620;08;3;37;126;2025;01;17;5;2;6;7;2;1;0;1;1;0;0;0;445348,446499999612570;5276014,884800000116229;8,272473260000027;47,635226944000067;1
08250116111250614440;08;1;11;000;2025;01;09;5;2;0;7;0;2;1;0;0;0;0;0;518583,740000000223517;5400606,335999999195337;9,252854054000068;48,758190219000028;1
08250125426000654020;08;4;26;087;2025;01;09;7;3;6;7;0;0;0;1;1;0;0;0;565724,948200000450015;5321793,467499999329448;9,881873147000022;48,046039054000062;1
08250123416010664660;08;4;16;023;2025;01;15;5;3;5;3;0;0;1;1;0;0;0;0;508485,597299999557436;5374785,802899999544024;9,114928235000036;48,526124135000032;1
08250114311010644050;08;3;15;098;2025;01;12;3;2;6;3;0;0;0;1;1;0;0;0;406841,292399999685585;5312175,795299999415874;7,752196380000044;47,956113122000033;1
08250121212010645710;08;2;12;000;2025;01;09;3;2;6;2;0;0;1;0;1;0;0;0;455637,422199999913573;5428624,203600000590086;8,393367769000065;49,008916018000036;1
08250117222200634930;08;2;22;000;2025;01;14;6;3;3;5;0;0;1;1;0;0;0;0;461340,696999999694526;5481958,154300000518560;8,466205752000064;49,489029986000048;1
08250103311010607860;08;3;11;000;2025;01;12;6;3;0;4;0;0;0;0;1;0;0;1;413881,808799999766052;5316443,231799999251962;7,845623712000076;47,995486140000025;1
08250113118600604990;08;1;18;050;2025;01;16;2;3;6;2;0;0;0;1;1;0;0;0;505562,786000000312924;5417042,939500000327826;9,075911774000076;48,906304321000050;1
08250109231402598240;08;2;31;000;2025;01;16;5;3;6;7;1;1;1;0;1;0;0;0;478166,355800000019372;5415640,515000000596046;8,702127201000053;48,893328713000074;1
08250119127202638870;08;1;27;046;2025;01;14;1;3;4;6;0;0;1;1;0;0;0;0;567849,411600000225008;5448581,481100000441074;9,931116157000076;49,186282062000032;1
08250124212010653790;08;2;12;000;2025;01;19;6;2;2;6;2;1;1;0;0;0;0;0;456366,054700000211596;5428191,951600000262260;8,403377277000061;49,005079811000030;1
08250128226400663220;08;2;26;032;2025;01;18;3;3;5;3;2;0;1;1;0;0;0;0;466566,721099999733269;5463176,552799999713898;8,539943349000055;49,320405729000072;1