UIDENTSTLAE;ULAND;UREGBEZ;UKREIS;UGEMEINDE;UJAHR;UMONAT;USTUNDE;UWOCHENTAG;UKATEGORIE;UART;UTYP1;ULICHTVERH;IstStrassenzustand;IstRad;IstPKW;IstFuss;IstKrad;IstGkfz;IstSonstige;LINREFX;LINREFY;XGCSWGS84;YGCSWGS84;PLST
08250122222600678710;08;2;22;000;2025;01;07;4;3;5;3;0;0;1;1;0;0;0;0;462194,495699999853969;5481704,742399999871850;8,478018422000048;49,486804474000053;1
08250124415400637290;08;4;15;061;2025;01;14;6;3;5;3;0;0;1;1;0;0;0;0;516218,156200000084937;5371474,310900000855327;9,219528044000072;48,496180716000026;1
08250116221011636910;08;2;21;000;2025;01;19;5;3;2;6;2;0;1;1;0;0;0;0;477007,641599999740720;5472854,188999999314547;8,683053165000047;49,407937773000072;1
08250117421300648830;08;4;21;000;2025;01;18;6;3;6;4;2;0;0;1;1;0;0;0;570654,324500000104308;5362675,791799999773502;9,954822021000041;48,413272793000033;1
08250106311010592580;08;3;36;050;2025;01;14;2;3;0;7;0;1;1;0;0;0;0;0;398053,451000000350177;5272682,062300000339746;7,643793154000036;47,599528179000060;1
08250120311010653820;08;3;11;000;2025;01;15;2;3;6;4;0;0;0;1;1;0;0;0;413906,996000000275671;5316435,645999999716878;7,845962786000030;47,995421295000028;1
08250115215000610390;08;2;15;109;2025;01;08;4;3;0;1;0;2;1;0;0;0;0;0;461098,995699999853969;5435095,906300000846386;8,467426803000023;49,067498532000059;1
08250129121200673700;08;1;21;000;2025;01;08;4;3;6;4;0;1;0;1;1;0;0;0;515708,821200000122190;5441634,327600000426173;9,215319550000061;49,127342573000078;1
08250127435100670000;08;4;35;016;2025;01;16;2;2;5;3;1;1;1;1;0;0;0;0;535322,532200000248849;5278042,144400000572205;9,470392066000045;47,654810246000068;1
08250128222014648520;08;2;22;000;2025;01;13;3;2;1;5;0;0;1;0;0;0;0;1;464008,796199999749660;5487183,893899999558926;8,502567995000049;49,536196892000078;1
08250107437100593110;08;4;37;100;2025;01;08;3;2;0;1;0;2;1;0;0;0;0;0;537280,408499999903142;5318076,607499999925494;9,499912077000033;48,014894733000062;1
08250128116200679790;08;1;16;077;2025;01;07;3;3;6;4;0;0;0;0;1;0;0;1;515932,649000000208616;5391612,855000000447035;9,216435715000046;48,677358407000042;1
08250130128100668990;08;1;28;007;2025;01;15;5;3;5;7;0;0;1;0;0;0;0;1;556189,262099999934435;5482987,672000000253320;9,775968493000050;49,496919467000055;1
08250119416200623760;08;4;16;041;2025;01;15;1;3;3;6;0;0;1;1;0;0;0;0;505017,916000000201166;5375386,839999999850988;9,067969525000024;48,531568581000045;1
08250115111500614420;08;1;11;000;2025;01;07;4;3;5;3;2;2;0;1;1;0;0;0;517789,629300000146031;5402409,228299999609590;9,242127287000073;48,774432062000074;1
08250124226500655010;08;2;26;085;2025;01;13;6;2;6;4;0;0;0;1;1;0;0;0;492269,179499999620020;5455808,162799999117851;8,893761306000044;49,254992645000073;1
08250121325000633480;08;3;25;049;2025;01;13;3;2;6;4;0;0;0;0;1;0;0;1;471145,269000000320375;5334509,428799999877810;8,611958475000051;48,163174301000026;1
08250116436000647970;08;4;36;049;2025;01;14;5;2;6;3;0;0;0;1;1;0;0;0;577804,374599999748170;5283242,106200000271201;10,036982166000030;47,697876466000025;1
08250114421300866690;08;4;21;000;2025;01;16;3;3;0;7;0;0;0;1;1;0;0;0;572178,722799999639392;5361501,215600000694394;9,975217606000058;48,402534421000041;1
08250116421300645470;08;4;21;000;2025;01;13;5;3;8;1;0;0;0;1;1;0;0;0;571210,272499999962747;5359530,970699999481440;9,961800546000063;48,384921632000044;1
08250121111320628730;08;1;11;000;2025;01;10;3;3;6;4;0;0;0;1;1;0;0;0;516601,318300000391901;5405267,977499999105930;9,226069304000021;48,800181869000028;1
08250124119400655240;08;1;19;079;2025;01;18;6;3;6;4;2;0;0;1;1;0;0;0;523119,529099999926984;5408684,424300000071526;9,315022678000048;48,830707184000062;1
08250116115100615200;08;1;15;003;2025;01;05;5;3;7;7;2;1;1;0;0;0;0;0;500989,256000000052154;5392587,838400000706315;9,013440847000027;48,686331998000071;1
08250113335100651900;08;3;35;043;2025;01;16;2;3;1;5;0;0;1;0;0;0;0;1;513230,015700000338256;5279778,507300000637770;9,176240044000053;47,671262470000045;1
08250220311010730930;08;3;11;000;2025;02;05;5;3;5;3;2;0;1;1;0;0;0;0;414183,870199999772012;5320760,670299999415874;7,848807598000064;48,034363611000060;1
08250223118500771580;08;1;18;060;2025;02;11;1;3;2;6;0;0;1;1;0;0;0;0;523207,878200000151992;5429985,601600000634789;9,317438750000065;49,022320632000060;1
08250225226500762640;08;2;26;102;2025;02;14;3;3;6;4;0;1;0;1;1;0;0;0;483111,497600000351667;5453400,659499999135733;8,768016618000047;49,233152507000057;1
08250221121600738840;08;1;25;102;2025;02;18;6;3;6;4;1;0;0;1;1;0;0;0;520440,773099999874830;5444507,371099999174476;9,280325035000033;49,153047254000057;1
08250219317100724340;08;3;17;110;2025;02;17;4;3;8;1;1;0;1;0;0;0;0;0;426958,371500000357628;5381898,096499999985099;8,009557911000059;48,585906376000025;1
08250305115100771120;08;1;15;024;2025;03;16;4;3;6;2;0;0;0;1;1;0;0;0;501224,105499999597669;5388004,104499999433756;9,016618143000073;48,645095668000067;1
08250228325202764620;08;3;25;049;2025;02;12;6;3;0;1;0;0;1;0;0;0;0;0;472501,137000000104308;5334124,137499999254942;8,630216844000074;48,159768040000074;1
08250305212702771230;08;2;15;017;2025;03;13;4;3;0;7;0;0;1;0;0;0;0;0;455283,652400000020862;5421863,687200000509620;8,389273893000052;48,948078707000036;1
08250218211100714950;08;2;11;000;2025;02;15;3;3;8;1;0;0;1;0;0;0;0;0;442369,186400000005960;5404052,867900000885129;8,215415160000020;48,786802133000037;1
08250306116200773390;08;1;16;015;2025;03;16;5;3;1;5;0;0;1;1;0;0;0;0;523161,189000000245869;5394282,755699999630451;9,314779568000063;48,701150420000033;1
08250212317500698450;08;3;17;096;2025;02;12;4;3;9;1;0;1;1;0;0;0;0;0;422391,714399999938905;5368867,037799999117851;7,950070696000068;48,468144835000032;1
08250305211100791460;08;2;16;049;2025;03;15;4;3;5;3;0;0;1;1;0;0;0;0;439189,874400000087917;5402801,258199999108911;8,172321803000045;48,775241140000048;1
08250214222800703280;08;2;22;000;2025;02;05;6;3;4;6;2;0;1;0;0;0;0;0;462442,259999999776483;5487132,834000000730157;8,480922784000029;49,535642542000062;1
08250212437200764210;08;4;37;078;2025;02;13;4;3;6;6;0;0;0;0;1;0;0;1;507719,153699999675155;5315106,460100000724196;9,103458587000034;47,989212879000036;1
08250214117300725050;08;1;17;026;2025;02;05;6;3;6;6;2;1;0;1;1;0;0;0;550958,102400000207126;5390730,367499999701977;9,692103488000043;48,667543655000031;1
08250223111340727980;08;1;11;000;2025;02;13;1;3;1;7;0;0;1;1;0;0;0;0;512204,337500000372529;5405918,150800000876188;9,166212829000074;48,806132633000061;1
08250214215102733080;08;2;12;000;2025;02;12;6;3;5;2;0;1;1;1;0;0;0;0;459206,183100000023842;5431120,532999999821186;8,441914940000061;49,031617132000065;1
08250211415400751780;08;4;15;061;2025;02;07;3;3;6;7;0;1;0;0;1;0;0;1;515294,508000000379980;5371099,437300000339746;9,207011952000073;48,492831386000034;1
08250221116010719750;08;1;16;080;2025;02;05;6;3;0;1;2;1;1;0;0;0;0;0;517504,328999999910593;5398168,791999999433756;9,238063909000061;48,736293519000071;1
08250217426200724260;08;4;26;001;2025;02;19;2;3;6;7;2;0;0;0;1;0;0;1;568786,927000000141561;5345865,640499999746680;9,926844254000059;48,262264147000053;1
08250212111250698320;08;1;11;000;2025;02;14;4;3;6;2;0;1;0;0;1;0;0;1;520399,553299999795854;5402355,067700000479817;9,277646789000073;48,773864742000058;1
08250214415400730810;08;4;15;061;2025;02;17;6;3;6;3;2;0;0;1;1;0;0;0;515446,809799999929965;5372564,092499999329448;9,209127542000033;48,506004200000064;1
08250308117400780990;08;1;17;053;2025;03;16;7;3;5;2;0;0;1;1;0;0;0;0;550818,609400000423193;5400856,401399999856949;9,691456180000046;48,758642866000059;1
08250307436000773190;08;4;35;042;2025;03;13;6;3;6;6;0;0;0;1;1;0;0;0;554429,714300000108778;5278813,094599999487400;9,724922127000070;47,660421185000075;1
08250224311010730150;08;3;11;000;2025;02;19;2;3;5;3;2;0;1;1;0;0;0;0;409894,604600000195205;5316876,758500000461936;7,792097998000031;47,998836321000056;1
08250307216200791790;08;2;11;000;2025;03;14;6;3;1;7;0;0;1;1;0;0;0;0;439691,953499999828637;5398714,676999999210238;8,179753515000073;48,738530909000076;1
08250212231000699500;08;2;31;000;2025;02;18;4;2;6;2;2;1;0;1;1;0;0;0;477698,293999999761581;5414858,228299999609590;8,695784299000024;48,886274855000067;1
08250307212010777740;08;2;12;000;2025;03;13;6;3;0;7;0;0;1;0;0;0;0;0;459383,983000000007451;5424438,478000000119209;8,445015512000055;48,971522508000078;1
08250221117100765760;08;1;17;015;2025;02;13;6;3;5;3;0;0;1;1;0;0;0;0;559023,010599999688566;5392720,998400000855327;9,801913312000067;48,684739734000061;1
08250225118100731630;08;1;18;079;2025;02;07;3;3;5;3;0;1;1;1;0;0;0;0;506943,764200000092387;5421301,499500000849366;9,094829582000045;48,944599195000080;1
08250302215402792310;08;2;15;103;2025;03;21;1;3;6;7;2;0;0;1;1;0;0;0;467023,515499999746680;5443194,095499999821186;8,547872098000028;49,140688894000050;1
08250220421200851280;08;4;21;000;2025;02;07;5;2;0;3;1;0;1;1;0;0;0;0;572646,647199999541044;5360751,811699999496341;9,981409156000041;48,395739600000070;1
08250208212302735010;08;2;12;000;2025;02;15;7;3;5;3;0;0;1;1;0;0;0;0;455633,282100000418723;5428568,001900000497699;8,393317301000025;49,008410181000045;1
08250224116000731800;08;4;16;050;2025;02;09;2;3;6;7;0;0;0;1;1;0;0;0;488749,387699999846518;5364239,642200000584126;8,847906632000047;48,431203149000055;1
08250220215102721690;08;2;15;109;2025;02;14;5;3;2;7;0;0;1;1;0;0;0;1;461194,003100000321865;5435265,990100000053644;8,468711128000052;49,069034451000050;1
08250306215302790750;08;2;15;089;2025;03;16;5;3;4;6;0;0;1;1;0;0;0;0;470842,498800000175834;5428999,857899999246001;8,601254640000036;49,013200946000040;1
08250303311010785680;08;3;11;000;2025;03;13;2;3;6;3;0;0;1;0;1;0;0;0;412608,349499999545515;5315515,126199999824166;7,828746175000049;47,986964741000065;1
08250306417200808620;08;4;17;002;2025;03;18;5;3;8;1;0;0;1;0;0;0;0;0;488823,872000000439584;5346471,186799999326468;8,849385385000062;48,271348727000031;1
08250308118400800630;08;1;18;048;2025;03;20;7;3;3;6;2;0;1;0;0;0;0;0;515094,331500000320375;5415593,854399999603629;9,205928506000021;48,893109801000037;1
08250219222200753160;08;2;22;000;2025;02;12;4;3;5;5;0;0;1;1;0;0;0;0;461134,064000000245869;5482256,094699999317527;8,463323470000034;49,491696598000033;1
08250217121400742120;08;1;25;086;2025;02;17;2;3;5;3;0;0;1;1;0;0;0;0;504111,970599999651313;5443183,662200000137091;9,056378448000032;49,141466480000076;1
08250301119300767210;08;1;19;084;2025;03;19;7;3;5;3;2;1;1;1;0;0;0;0;546477,973500000312924;5413629,193399999290705;9,633846801000061;48,873877864000065;1
08250207337200705920;08;3;37;126;2025;02;20;6;3;8;7;2;1;1;0;0;0;0;0;443739,342699999921024;5276761,955800000578165;8,250958511000022;47,641810501000066;1
08250301226700815430;08;2;26;095;2025;03;13;7;3;5;3;0;0;1;1;0;0;0;0;473725,844399999827147;5461815,250000000000000;8,638543310000045;49,308511034000048;1
08250224336200762150;08;3;36;105;2025;02;16;2;2;0;7;0;0;1;0;0;0;0;0;401140,480999999679625;5266662,437000000849366;7,686204220000036;47,545856831000037;1
08250221311010744430;08;3;11;000;2025;02;10;6;3;5;3;0;0;1;1;0;0;0;0;414046,150200000032783;5317948,261299999430776;7,847524621000048;48,009046540000043;1
08250305311010809060;08;3;15;131;2025;03;17;4;3;6;6;0;0;0;1;1;0;0;0;406155,731100000441074;5308960,584300000220537;7,743717010000069;47,927091819000054;1
08250224336100756150;08;3;36;050;2025;02;13;2;3;6;7;0;0;1;0;1;0;0;0;398822,811700000427663;5272689,801999999210238;7,654023341000027;47,599718335000034;1
08250220311300718990;08;3;11;000;2025;02;09;5;2;8;1;0;0;1;0;0;0;0;0;412218,042399999685585;5314770,124600000679493;7,823668571000042;47,980209766000030;1
08250307416100774280;08;4;16;036;2025;03;13;6;3;0;1;0;0;1;0;0;0;0;0;494185,567800000309944;5368381,297100000083447;8,921338950000063;48,468537092000076;1
08250304436400789870;08;4;36;082;2025;03;15;3;2;1;7;0;0;1;1;0;0;0;0;547017,158099999651313;5294158,766699999570847;9,627861859000063;47,799068586000033;1
08250307216100773320;08;2;16;043;2025;03;09;6;3;5;3;0;0;1;0;0;0;0;0;441981,514700000174344;5412363,406199999153614;8,208962243000030;48,861519672000043;1
08250302221011801030;08;2;26;046;2025;03;18;1;2;6;4;2;0;1;0;1;0;0;0;476434,285299999639392;5454402,973899999633431;8,676239671000076;49,241947833000040;1
08250207216200716310;08;2;16;041;2025;02;13;6;3;8;1;0;0;1;0;0;0;0;0;436034,911299999803305;5390177,774299999698997;8,131342503000042;48,661376279000081;1
08250217335300709850;08;3;35;100;2025;02;23;2;3;0;1;2;0;1;0;0;0;0;0;487776,550200000405312;5286616,711400000378489;8,836976883000034;47,732809845000077;1
08250220119300733200;08;1;19;067;2025;02;12;5;3;6;7;0;0;1;0;1;0;0;0;540661,108900000341237;5408583,648900000378489;9,554022035000060;48,828899794000051;1
08250227221400764790;08;2;21;000;2025;02;18;5;3;0;1;2;1;1;0;0;0;0;0;476545,072800000198185;5470799,176999999210238;8,676798143000042;49,389435597000045;1
08250225121200732270;08;1;21;000;2025;02;16;3;3;6;7;0;1;0;0;1;0;0;1;516055,340499999932945;5443237,045600000768900;9,220133055000076;49,141750610000031;1
08250222416100746640;08;4;16;036;2025;02;09;7;3;5;3;0;0;1;1;0;0;0;0;495807,307000000029802;5369907,872999999672174;8,943263465000030;48,482283737000046;1
08250213212010702080;08;2;12;000;2025;02;06;5;2;6;4;2;1;0;1;1;0;0;0;458417,127899999730289;5431495,488600000739098;8,431082261000029;49,034937195000055;1
08250217426010726520;08;4;21;000;2025;02;17;2;3;6;4;0;0;0;0;1;0;0;1;571287,098799999803305;5362781,465299999341369;9,963390035000032;48,414152082000044;1
08250219325000740190;08;3;26;074;2025;02;14;4;2;6;4;0;0;0;1;1;0;0;0;465068,321100000292063;5322684,360099999234080;8,531206212000029;48,056482632000041;1
08250214311010703130;08;3;11;000;2025;02;21;6;3;6;2;2;0;0;1;1;0;0;0;414344,135300000198185;5317167,672399999573827;7,851675081000053;48,002064864000033;1
08250221421200721800;08;4;21;000;2025;02;21;6;3;0;1;2;0;1;0;0;0;0;0;574110,678799999877810;5361127,619500000029802;10,001250502000062;48,398949672000072;1
08250223111230729280;08;1;11;000;2025;02;16;1;3;5;2;0;0;1;1;0;0;0;0;512161,321899999864399;5398618,107200000435114;9,165411123000069;48,740462763000039;1
08250210127100695770;08;1;27;025;2025;02;13;2;3;6;4;0;0;0;1;1;0;0;0;556693,199300000444055;5427316,751599999144673;9,775049320000051;48,996146154000030;1
08250213436000710790;08;4;36;009;2025;02;10;5;1;5;3;0;1;1;0;0;0;0;1;557185,218600000254810;5305781,486099999397993;9,765170315000034;47,902810836000072;1
08250215311010751050;08;3;15;073;2025;02;09;7;2;0;7;0;2;1;0;0;0;0;0;412651,084699999541044;5313198,725899999961257;7,829789798000036;47,966133761000037;1
08250207212010688840;08;2;12;000;2025;02;15;6;3;5;2;0;0;1;1;0;0;0;0;454316,181599999777973;5429335,521099999547005;8,375221626000041;49,015217966000080;1
08250221316100746390;08;3;16;020;2025;02;13;6;3;6;4;0;0;0;1;1;0;0;0;408874,657999999821186;5338842,517000000923872;7,773738212000069;48,196273278000035;1
08250301416010777190;08;4;15;059;2025;03;20;7;3;6;6;2;0;0;0;1;1;0;0;517478,817800000309944;5366291,006999999284744;9,236375447000057;48,449516003000042;1
08250305311300771260;08;3;11;000;2025;03;15;4;3;1;5;0;0;1;0;0;0;0;1;410203,335500000044703;5314973,383999999612570;7,796633877000033;47,981758498000033;1
08250212115100749250;08;1;15;044;2025;02;19;4;3;4;6;2;1;1;1;0;0;0;0;504659,971199999563396;5389584,614600000903010;9,063280348000035;48,659298010000043;1
08250224121400749040;08;1;25;056;2025;02;10;2;3;5;3;0;0;1;1;0;0;0;0;510494,417700000107288;5435825,778000000864267;9,143695505000039;49,075203345000034;1
08250218119500741660;08;1;19;085;2025;02;07;3;3;5;2;1;0;1;1;0;0;0;0;528331,409900000318885;5412285,172700000926852;9,386286389000077;48,862882342000034;1
08250220416200734440;08;4;16;041;2025;02;13;5;3;5;3;0;0;1;1;0;0;0;0;507121,542899999767542;5374335,194499999284744;9,096445927000048;48,522087265000039;1
08250222221400762480;08;2;21;000;2025;02;16;7;3;5;3;0;0;1;1;0;0;0;0;475558,823699999600649;5469932,746099999174476;8,663261433000059;49,381603386000052;1
08250306119200790690;08;1;19;020;2025;03;22;5;3;0;7;2;0;1;0;0;0;0;0;519822,125099999830127;5407933,530099999159575;9,270057090000023;48,824066316000028;1
08250218325202727230;08;3;25;064;2025;02;14;3;2;0;1;0;0;1;0;0;0;0;0;479367,661999999545515;5333096,731000000610948;8,722601010000062;48,150784586000043;1
08250302221400783250;08;2;21;000;2025;03;19;1;3;0;7;2;0;1;0;0;0;0;0;476041,028099999763072;5471228,680099999532104;8,669826786000044;49,393279291000056;1
08250208221200715040;08;2;21;000;2025;02;14;7;3;6;7;0;0;0;1;1;0;0;0;476087,606999999843538;5472933,054899999871850;8,670366068000021;49,408611700000051;1
08250222317500723450;08;3;17;096;2025;02;17;7;3;6;6;0;0;0;0;1;0;0;1;421792,831899999640882;5368481,592399999499321;7,942042174000051;48,464603596000075;1
08250218119200713710;08;1;19;020;2025;02;13;3;3;5;3;0;0;1;1;0;0;0;0;519707,093899999745190;5408433,308399999514222;9,268513940000048;48,828565877000074;1
08250218415100726320;08;4;15;050;2025;02;07;3;3;2;6;0;0;1;1;0;0;0;0;521389,566100000403821;5375839,851800000295043;9,289751002000060;48,535299482000028;1
08250220222014721140;08;2;22;000;2025;02;14;5;3;1;7;0;0;0;1;1;0;0;0;462711,130900000222027;5483780,069299999624491;8,484955463000063;49,505502918000047;1
08250227421200742360;08;4;21;000;2025;02;16;5;3;5;3;0;0;1;1;0;0;0;0;571967,282999999821186;5367059,944900000467896;9,973315673000059;48,452560570000060;1
08250226221400759140;08;2;26;018;2025;02;13;4;3;0;7;0;0;1;0;0;0;0;1;473372,986899999901652;5471707,521700000390410;8,633027775000073;49,397475542000052;1
08250302121400768180;08;1;25;086;2025;03;13;1;3;5;3;0;0;1;1;0;0;0;0;504216,934000000357628;5443128,335000000894070;9,057817001000046;49,140968078000071;1
08250206212702705950;08;2;15;017;2025;02;12;5;3;6;4;0;0;0;1;1;0;0;0;456203,021200000308454;5421579,344000000506639;8,401860280000051;48,945586775000038;1
08250208416200691530;08;4;16;041;2025;02;18;7;3;1;5;2;0;1;1;0;0;0;0;504432,092299999669194;5374013,186400000005960;9,060019728000043;48,519215115000065;1
08250220311400744880;08;3;15;004;2025;02;16;5;3;5;3;0;0;1;1;0;0;0;0;394515,132699999958277;5294093,756999999284744;7,591558938000048;47,791559323000058;1
08250222311010723190;08;3;36;091;2025;02;09;7;3;5;3;0;0;1;1;0;0;0;0;397018,115000000223517;5272504,510500000789762;7,630065697000020;47,597767413000042;1
08250223117200797650;08;1;17;024;2025;02;15;1;3;0;6;0;0;1;0;0;0;0;1;555244,313000000081956;5380553,088199999183416;9,748957261000044;48,575630110000077;1
08250303222301799910;08;2;22;000;2025;03;09;2;3;6;2;0;0;0;1;1;0;0;0;465809,851999999955297;5481727,699999999254942;8,527931877000071;49,487225431000070;1
08250207212010707990;08;2;12;000;2025;02;18;6;3;5;3;2;0;1;1;0;0;0;0;455002,319000000134110;5428250,857999999076128;8,384725006000053;49,005511759000058;1
08250205316100691010;08;3;16;020;2025;02;12;4;3;6;4;0;0;0;1;1;0;0;0;408475,144899999722838;5338333,819399999454618;7,768472971000051;48,191640179000046;1
08250212128200723880;08;1;28;061;2025;02;08;4;3;6;7;0;1;0;0;1;0;0;1;543326,459999999962747;5496587,528100000694394;9,599842569000032;49,620295033000048;1
08250307121200773700;08;1;21;000;2025;03;10;6;2;5;3;0;0;1;0;0;0;0;0;512292,803600000217557;5440324,222400000318885;9,168456793000075;49,115635496000039;1
08250205311010685760;08;3;36;105;2025;02;06;4;3;5;3;2;0;1;1;0;0;0;0;399849,849799999967217;5267075,104299999773502;7,668963094000048;47,549371232000055;1
08250221436200736900;08;4;36;064;2025;02;16;6;3;0;1;0;0;1;0;0;0;0;0;545306,258000000379980;5292914,341700000688434;9,604886081000075;47,787995170000045;1
08250302317500783020;08;3;17;151;2025;03;15;1;3;0;1;0;0;1;0;0;0;0;0;410578,872499999590218;5371464,290100000798702;7,789738816000067;48,489936999000065;1
08250228226700756870;08;2;26;076;2025;02;14;6;3;3;2;0;0;1;1;0;0;0;0;475601,843700000084937;5464999,467499999329448;8,664156440000056;49,337230768000040;1
08250204426000685600;08;4;26;021;2025;02;15;3;2;0;2;0;0;0;1;1;0;0;0;558353,358500000089407;5325834,439999999478459;9,783525614000041;48,083109199000035;1
08250206127202688200;08;1;27;071;2025;02;05;5;3;0;1;2;2;1;0;0;0;0;0;576686,195000000298023;5458881,400299999862909;10,054335290000040;49,277875500000050;1
08250224212102729490;08;2;12;000;2025;02;06;2;3;0;3;1;0;1;1;0;0;0;0;460312,145499999634922;5426105,560200000181794;8,457534774000067;48,986578635000058;1
08250222111210747190;08;1;11;000;2025;02;14;7;3;2;6;0;0;1;0;0;0;0;0;511154,314799999818206;5399610,803700000047684;9,151741342000037;48,749411892000069;1
08250204226000687190;08;2;22;000;2025;02;13;3;3;1;5;0;0;1;1;0;0;0;0;468352,638199999928474;5478559,545800000429153;8,563292784000055;49,458867046000080;1
08250224116500757880;08;1;16;035;2025;02;14;2;3;6;4;0;0;1;0;1;0;0;0;526896,378499999642372;5392253,830800000578165;9,365410755000028;48,682748507000042;1
08250227316100757020;08;3;16;011;2025;02;14;5;3;6;4;0;0;0;1;1;0;0;0;413935,185999999754131;5330611,853000000119209;7,843487696000068;48,122943807000070;1
08250223435100726060;08;4;35;016;2025;02;13;1;3;3;6;0;0;1;0;0;0;0;0;533281,869599999859929;5279314,654600000008941;9,443314234000070;47,666367791000027;1
08250305415400794270;08;4;15;061;2025;03;13;4;3;5;3;0;0;1;1;0;0;0;0;516090,415799999609590;5371045,545800000429153;9,217782449000026;48,492326682000055;1
08250225335100753840;08;3;35;043;2025;02;16;3;3;5;3;0;1;1;1;0;0;0;0;511415,662600000388920;5280086,697200000286102;9,152078785000072;47,674070040000061;1
08250303417300795880;08;4;17;025;2025;03;15;2;3;5;3;0;0;1;1;0;0;0;0;486049,473399999551475;5358904,727499999105930;8,811584927000069;48,383153571000037;1
08250214121200719040;08;1;21;000;2025;02;15;6;3;5;3;0;0;1;1;0;0;0;0;515273,899100000038743;5446344,139000000432134;9,209536731000071;49,169719815000065;1
08250208115200763550;08;1;15;021;2025;02;11;7;3;6;7;0;0;0;1;1;0;0;0;489815,923999999649823;5382395,121500000357628;8,861881530000062;48,594554435000077;1
08250218215102749330;08;2;15;090;2025;02;11;3;3;5;3;0;0;1;1;0;0;0;0;465028,757799999788404;5434044,382200000807643;8,521315887000071;49,058275559000037;1
08250301311010766200;08;3;36;050;2025;03;13;7;3;3;6;0;0;1;1;0;0;0;0;399205,492800000123680;5273015,613500000908971;7,659037865000073;47,602708737000057;1
08250214311400702890;08;3;15;006;2025;02;11;6;3;5;3;0;0;1;1;0;0;0;0;402538,997999999672174;5307445,210999999195337;7,695655675000069;47,912921287000074;1
08250214311010727260;08;3;15;089;2025;02;10;6;3;4;6;0;0;1;1;0;0;0;0;406979,178000000305474;5310037,448400000110269;7,754505086000052;47,936898436000035;1
08250307116100796150;08;1;16;019;2025;03;13;6;3;5;3;0;0;1;1;0;0;0;0;523282,623700000345707;5398432,181900000199676;9,316664163000041;48,738473799000076;1
08250204116010698290;08;1;16;019;2025;02;21;3;2;0;1;2;0;1;0;0;0;0;0;524356,318799999542534;5396210,397900000214577;9,331135852000045;48,718445816000042;1
08250306118600793140;08;1;18;050;2025;03;15;5;2;2;6;0;0;1;0;0;0;0;0;505989,557199999690056;5416334,386399999260902;9,081725248000055;48,899926368000081;1
08250227115100756670;08;1;15;003;2025;02;16;5;3;6;3;0;0;0;1;1;0;0;0;500810,591300000436604;5392722,397299999371171;9,011013625000032;48,687542762000078;1
08250306222500794300;08;2;22;000;2025;03;08;5;3;5;3;0;0;1;1;0;0;0;0;462391,957600000314415;5478369,048900000751019;8,481061721000060;49,456813820000036;1
08250213335100746720;08;3;35;043;2025;02;17;5;3;5;3;0;0;1;1;0;0;0;0;512452,818599999882281;5279201,087300000712276;9,165870409000036;47,666082470000049;1
08250226221200762700;08;2;21;000;2025;02;10;4;3;5;2;0;0;1;1;0;0;0;0;477709,276999999769032;5472751,292999999597669;8,692730750000067;49,407038345000046;1
08250207115400700230;08;1;15;045;2025;02;15;6;3;0;7;0;0;1;0;0;0;0;0;501513,502500000409782;5394262,183000000193715;9,020569827000031;48,701393512000038;1
08250219415100761070;08;4;15;050;2025;02;10;4;3;6;7;0;0;0;0;1;0;0;1;521405,560200000181794;5377211,662699999287724;9,290038160000051;48,547640050000041;1
08250210421300694920;08;4;21;000;2025;02;16;2;2;4;2;0;0;1;1;0;0;0;0;569501,599999999627471;5361321,138000000268221;9,939021929000035;48,401215429000047;1
08250217111120738670;08;1;11;000;2025;02;08;2;3;0;7;0;0;1;1;0;0;0;0;513380,714999999850988;5405623,063999999314547;9,182224404000067;48,803453854000054;1
08250204436300685840;08;4;36;081;2025;02;20;3;3;6;4;2;0;0;1;1;0;0;0;562138,509700000286102;5282664,317199999466538;9,828129455000067;47,694375107000042;1
08250204119300718390;08;1;19;067;2025;02;16;3;3;5;3;0;0;1;1;0;0;0;0;538849,376799999736249;5406121,734200000762939;9,529104533000066;48,806869581000058;1
08250218215402749790;08;2;15;009;2025;02;06;3;3;6;2;2;0;0;1;1;0;0;0;471100,477300000376999;5441782,328400000929832;8,603869457000030;49,128195126000037;1
08250212421300698060;08;4;21;000;2025;02;19;4;3;0;1;2;1;1;0;0;0;0;0;571669,417500000447035;5359727,873800000175834;9,968034655000054;48,386640827000065;1
08250215212010704790;08;2;12;000;2025;02;22;7;2;5;3;2;0;1;1;0;0;0;0;455197,464999999850988;5430971,205600000917912;8,387092796000047;49,029995683000038;1
08250216128100706230;08;1;28;007;2025;02;12;1;3;5;3;0;1;1;1;0;0;0;0;555741,060999999754131;5482291,907999999821186;9,769681332000062;49,490703093000036;1
08250203311400699220;08;3;15;074;2025;02;11;2;3;6;5;0;0;0;1;1;0;0;0;397165,672899999655783;5295938,366200000047684;7,626501151000070;47,808580159000030;1
08250206119100699150;08;1;19;008;2025;02;18;5;3;6;6;2;0;0;1;1;0;0;0;531477,208399999886751;5421829,183700000867248;9,429912617000070;48,948583933000066;1
08250207237100708790;08;2;37;028;2025;02;15;6;3;6;6;0;0;0;1;1;0;0;0;457690,082799999974668;5368370,062899999320507;8,427622345000032;48,467039641000042;1
08250203311010697000;08;3;11;000;2025;02;08;2;3;6;7;0;0;0;1;1;0;0;0;411007,003800000064075;5316753,950300000607967;7,807032294000066;47,997887452000043;1