UIDENTSTLAE;ULAND;UREGBEZ;UKREIS;UGEMEINDE;UJAHR;UMONAT;USTUNDE;UWOCHENTAG;UKATEGORIE;UART;UTYP1;ULICHTVERH;IstStrassenzustand;IstRad;IstPKW;IstFuss;IstKrad;IstGkfz;IstSonstige;LINREFX;LINREFY;XGCSWGS84;YGCSWGS84;PLST
08250228311010753990;08;3;36;081;2025;02;18;6;2;6;4;1;0;0;1;1;0;0;0;411009,253800000064075;5277367,534099999815226;7,815152857000044;47,643586075000030;1
08250222136000727080;08;1;36;065;2025;02;14;7;3;0;7;0;0;1;0;0;0;0;0;557971,718999999575317;5405650,873999999836087;9,789450972000054;48,801144650000026;1
08250214326400756530;08;3;26;074;2025;02;13;6;3;5;3;0;1;1;1;0;0;0;0;459144,026700000278652;5323285,028699999675155;8,451646487000062;48,061534774000052;1
08250206222301694280;08;2;22;000;2025;02;11;5;3;6;7;0;0;0;1;1;0;0;0;464921,938500000163913;5484730,341199999675155;8,515406159000065;49,514182044000052;1
08250224335100751030;08;3;35;043;2025;02;15;2;3;7;7;0;0;1;0;0;0;0;1;512779,262600000016391;5279482,471400000154972;9,170226825000043;47,668607903000066;1
08250225226300754740;08;2;26;080;2025;02;15;3;3;6;7;0;1;0;1;1;0;0;0;485884,844899999909103;5475717,309599999338388;8,805321493000065;49,433961940000074;1
08250223116400729790;08;1;16;016;2025;02;12;1;2;0;1;0;0;1;0;0;0;0;0;533447,406100000254810;5385734,398900000378489;9,453882808000060;48,623783827000068;1
08250221212402754370;08;2;12;000;2025;02;13;6;3;5;3;0;0;1;0;0;0;0;1;453461,077399999834597;5426472,166400000452995;8,363855986000033;48,989398016000052;1
08250305111370777910;08;1;11;000;2025;03;13;4;3;4;2;0;0;1;1;0;0;0;0;510483,687099999748170;5406536,653899999335408;9,142794895000065;48,811728025000036;1
08250203311000692190;08;3;37;060;2025;02;10;2;2;5;3;0;0;1;1;0;0;0;0;468178,149299999698997;5277689,847300000488758;8,576250954000045;47,651822114000026;1
08250304415400825480;08;4;15;061;2025;03;14;3;3;5;3;0;0;1;0;0;0;1;0;516331,223000000230968;5373336,820000000298023;9,221131376000073;48,512933528000076;1
08250221421200756100;08;4;21;000;2025;02;17;6;3;3;2;0;0;1;1;0;0;0;0;573752,279900000430644;5361516,945399999618530;9,996477628000036;48,402493765000031;1
08250215127202719500;08;1;27;014;2025;02;17;7;3;0;7;1;0;1;0;0;0;0;0;579134,787399999797344;5443660,507200000807643;10,084993931000042;49,140671756000074;1
08250210317000692890;08;3;17;065;2025;02;20;2;3;5;3;2;0;1;1;0;0;0;0;413762,821000000461936;5354708,816999999806285;7,836267103000068;48,339672022000059;1
08250224316100758230;08;3;16;037;2025;02;12;2;2;6;4;0;0;0;1;1;0;0;0;406980,555599999614060;5333669,265100000426173;7,749387955000032;48,149466405000055;1
08250211311010735310;08;3;11;000;2025;02;17;3;3;6;3;2;1;0;1;1;0;0;0;413100,298999999649823;5316616,880000000819564;7,835114987000054;47,996942422000075;1
08250307216300774560;08;2;16;013;2025;03;17;6;3;3;6;0;0;1;0;0;1;0;0;452576,855899999849498;5391202,409900000318885;8,355850253000028;48,672068380000042;1
08250305436200778120;08;4;36;095;2025;03;15;4;2;0;7;0;0;1;0;0;0;0;0;538948,017699999734759;5296013,552500000223517;9,520279163000055;47,816295105000052;1
08250215211000717710;08;2;16;043;2025;02;12;7;2;5;3;0;0;1;1;0;0;0;0;442632,560499999672174;5412798,285199999809265;8,217776922000041;48,865491958000064;1
08250307212010778050;08;2;12;000;2025;03;14;6;3;5;3;0;0;1;1;0;0;0;0;457895,510999999940395;5428009,007999999448657;8,424307930000055;49,003540442000030;1
08250203226400703080;08;2;26;084;2025;02;13;2;3;5;3;0;0;1;1;0;0;0;0;469859,118499999865890;5469686,057000000029802;8,584754345000022;49,379129086000034;1
08250208215102690310;08;2;12;000;2025;02;18;7;3;5;3;2;0;1;1;0;0;0;0;455040,130599999800324;5429893,819800000637770;8,385059990000059;49,020293083000070;1
08250203225200683870;08;2;25;014;2025;02;07;2;3;6;4;2;0;0;1;1;0;0;0;523699,565899999812245;5485090,303600000217557;9,327427997000029;49,517971374000069;1
08250307316100834600;08;3;16;012;2025;03;13;6;3;5;3;0;0;1;1;0;0;0;0;403685,391699999570847;5332772,917799999937415;7,705300040000054;48,140913555000054;1
08250301231400777670;08;2;31;000;2025;03;16;7;3;6;7;0;0;0;1;1;0;0;0;476594,773299999535084;5414169,262000000104308;8,680770953000035;48,880036456000028;1
08250227118500748440;08;1;18;078;2025;02;09;5;3;4;5;0;0;1;1;0;0;0;0;513155,494699999690056;5421091,625000000000000;9,179654818000074;48,942610302000048;1
08250211231102722930;08;2;36;040;2025;02;09;3;2;6;7;0;1;0;0;1;0;0;1;488309,606499999761581;5421821,033199999481440;8,840331961000061;48,949201241000026;1
08250219231000723380;08;2;31;000;2025;02;16;4;3;6;4;0;0;0;1;1;0;0;0;475631,390899999998510;5411820,197300000116229;8,667771326000036;48,858867922000059;1
08250210111120717150;08;1;11;000;2025;02;17;2;3;0;7;2;1;1;0;0;0;0;0;511810,094100000336766;5403513,204600000753999;9,160774440000068;48,784505590000038;1
08250203111500699670;08;1;11;000;2025;02;16;2;3;0;4;0;0;0;0;1;0;0;1;514841,860600000247359;5409420,346899999305606;9,202260196000054;48,837580438000032;1
08250212316200722490;08;3;16;009;2025;02;19;4;3;5;3;2;1;1;1;0;0;0;0;416453,946299999952316;5325141,800200000405312;7,878398079000021;48,074074597000049;1
08250222222800747970;08;2;22;000;2025;02;06;7;3;5;2;2;0;1;1;0;0;0;0;463365,858000000007451;5484835,799300000071526;8,493900409000048;49,515038551000032;1
08250225311010733450;08;3;15;073;2025;02;11;3;3;1;6;0;1;1;1;0;0;0;0;412583,520299999974668;5313911,286199999973178;7,828739896000059;47,972534268000061;1
08250202436400700050;08;4;36;064;2025;02;16;1;2;0;7;0;0;1;0;0;0;0;0;545544,936400000005960;5290813,798900000751019;9,607852175000062;47,769079690000069;1
08250203136100684150;08;1;36;088;2025;02;07;2;3;5;3;2;0;1;1;0;0;0;0;580533,280199999921024;5410049,133899999782443;10,097504052000033;48,838190288000078;1
08250215127202721250;08;1;27;073;2025;02;10;7;3;6;4;0;0;0;1;1;0;0;0;578443,513700000010431;5446581,775200000032783;10,076086847000056;49,167033686000082;1
08250204325302703740;08;3;25;051;2025;02;16;3;3;0;5;0;0;1;0;0;0;0;0;451787,212399999611080;5348405,850899999961257;8,350062212000068;48,287016511000047;1
08250225111310863620;08;1;11;000;2025;02;16;3;2;6;4;0;1;0;1;1;0;0;0;516179,695199999958277;5405848,067399999126792;9,220350734000021;48,805411393000043;1
08250215212010757770;08;2;12;000;2025;02;09;7;3;6;7;0;0;0;1;1;0;0;0;453474,144600000232458;5428930,776100000366569;8,363752944000055;49,011514344000034;1
08250304336400778900;08;3;36;091;2025;03;19;3;3;5;3;2;0;1;1;0;0;0;0;396688,482499999925494;5272064,197799999266863;7,625785727000050;47,593754253000043;1
08250307116010834650;08;1;16;071;2025;03;11;6;3;6;4;0;0;1;0;1;0;0;0;527502,374800000339746;5391168,763800000771880;9,373571379000055;48,672960913000054;1
08250225211000751650;08;2;11;000;2025;02;13;3;2;0;1;0;1;1;0;0;0;0;0;440772,714100000448525;5404567,434599999338388;8,193608865000044;48,791280702000051;1
08250219335300733440;08;3;35;022;2025;02;14;4;3;0;1;0;0;1;0;0;0;0;0;482729,172000000253320;5298009,498999999836087;8,769207616000074;47,835200569000051;1
08250223212010755850;08;2;12;000;2025;02;20;1;3;5;2;2;0;1;1;0;0;0;0;455183,345999999903142;5428485,732000000774860;8,387174200000061;49,007637644000056;1
08250214121200703830;08;1;21;000;2025;02;18;6;3;6;4;2;0;0;1;1;0;0;0;515999,403099999763072;5443683,738700000569224;9,219383846000028;49,145770219000042;1
08250303212102772260;08;2;12;000;2025;03;15;2;3;0;6;0;0;0;1;1;0;0;0;462719,573099999688566;5427933,466600000858307;8,490271057000029;49,003171162000058;1
08250207437100689650;08;4;37;086;2025;02;15;6;3;5;3;0;0;1;1;0;0;0;0;529080,687800000421703;5311135,912599999457598;9,389490774000024;47,952875119000055;1
08250305221011828710;08;2;21;000;2025;03;14;4;2;0;7;0;0;1;0;0;0;0;0;477122,759700000286102;5472453,009800000116229;8,684663140000055;49,404333567000037;1
08250202221011730720;08;2;26;018;2025;02;15;1;2;3;2;0;0;1;0;0;0;0;0;472604,723000000230968;5471161,354000000283122;8,622477491000041;49,392528782000056;1
08250305326400778960;08;3;26;074;2025;03;12;4;3;0;6;0;0;1;1;0;0;0;0;462929,126400000415742;5325591,968399999663234;8,502246464000052;48,082520907000060;1
08250210111120704700;08;1;11;000;2025;02;07;2;3;6;7;0;0;0;1;1;0;0;0;513940,453499999828637;5404738,760099999606609;9,189817105000031;48,795486459000074;1
08250208436300708520;08;4;36;049;2025;02;13;7;3;5;3;0;0;1;1;0;0;0;0;578252,781000000424683;5283146,296700000762939;10,042940349000048;47,696960388000036;1
08250202118400694470;08;1;18;048;2025;02;10;1;3;5;3;0;0;1;1;0;0;0;0;515862,847000000067055;5417742,198999999091029;9,216496569000071;48,912416476000033;1
08250210121500722110;08;1;25;065;2025;02;17;2;3;6;4;1;1;0;1;1;0;0;0;516482,484000000171363;5449001,858999999240041;9,226225656000054;49,193595429000027;1
08250307311400774800;08;3;15;108;2025;03;15;6;3;6;7;0;0;0;0;1;0;0;1;404798,293999999761581;5304429,059000000357628;7,726550174000067;47,886130061000074;1
08250303212000773280;08;2;12;000;2025;03;09;2;3;5;3;0;0;1;1;0;0;0;0;455205,672000000253320;5428809,813999999314547;8,387443708000035;49,010554411000044;1
08250225119100735390;08;1;19;008;2025;02;13;3;3;6;7;0;1;0;1;1;0;0;0;532163,273299999535084;5420895,719200000166893;9,439208844000063;48,940151708000030;1
08250206311010687400;08;3;36;091;2025;02;16;5;3;0;1;0;0;1;0;0;0;0;0;396129,533699999563396;5272137,261399999260902;7,618335702000024;47,594322175000059;1
08250306317000831900;08;3;17;057;2025;03;18;5;3;0;7;2;0;1;0;0;0;0;0;415939,006000000052154;5386535,857999999076128;7,859225269000035;48,626238509000075;1
08250205135100703590;08;1;35;016;2025;02;11;4;3;0;1;0;0;1;0;1;0;0;0;591617,780000000260770;5385829,354000000283122;10,243146122000041;48,618822868000052;1
08250211311010717240;08;3;11;000;2025;02;19;3;3;5;3;2;1;1;1;0;0;0;0;414025,755800000391901;5318136,529799999669194;7,847213482000029;48,010737337000080;1
08250227119400738460;08;1;19;079;2025;02;07;5;3;6;4;0;0;0;1;1;0;0;0;522486,191200000233948;5408179,166400000452995;9,306365347000053;48,826185265000049;1
08250221337400720960;08;3;37;125;2025;02;15;6;3;7;1;0;0;1;0;0;0;0;0;446989,308699999935925;5273209,238199999555945;8,294654489000038;47,610120699000049;1
08250214231000719570;08;2;31;000;2025;02;00;6;3;6;2;2;1;0;1;1;0;0;0;477632,480100000277162;5412386,941500000655651;8,695021716000042;48,864041567000072;1
08250210316100722670;08;3;16;011;2025;02;19;2;3;0;7;2;0;0;0;1;0;0;1;414297,249099999666214;5330215,059200000017881;7,848431752000067;48,119423428000061;1
08250211121500722990;08;1;25;069;2025;02;13;3;3;6;7;0;0;0;1;1;0;0;0;524522,074500000104308;5453552,123900000005960;9,336847103000025;49,234256794000032;1
08250205216100692580;08;2;16;043;2025;02;13;4;3;6;4;0;0;0;1;1;0;0;0;440822,564899999648333;5412953,870300000533462;8,193077081000069;48,866721376000044;1
08250303212010777170;08;2;12;000;2025;03;15;2;3;5;3;0;0;1;1;0;0;0;0;454710,081600000150502;5427527,665200000628829;8,380809999000064;48,998985200000050;1
08250226231000754110;08;2;36;075;2025;02;16;4;2;6;4;0;1;0;1;1;0;0;0;482491,897499999962747;5422885,654300000518560;8,760828199000059;48,958640808000041;1
08250201415400695960;08;4;15;061;2025;02;18;7;3;0;1;2;0;1;0;0;0;0;0;515263,777999999932945;5371442,637000000104308;9,206608567000046;48,495919679000053;1
08250213128100729570;08;1;28;007;2025;02;17;5;2;6;4;2;1;0;1;1;0;0;0;556611,012500000186265;5482286,197300000116229;9,781691773000034;49,490571188000047;1
08250206116200692180;08;1;16;080;2025;02;07;5;3;0;1;1;1;1;0;0;0;0;0;516654,299300000071526;5396565,381599999964237;9,226438583000061;48,721892588000060;1
08250210436000692120;08;4;36;005;2025;02;07;2;3;6;4;1;0;0;1;1;0;0;0;540605,851099999621511;5308505,076700000092387;9,543598113000030;47,928578642000048;1
08250210116200722970;08;1;16;080;2025;02;17;2;3;6;4;1;1;0;0;1;0;0;1;518663,128999999724329;5394855,699999999254942;9,253673843000058;48,706455422000033;1
08250228222200757090;08;2;22;000;2025;02;13;6;3;6;4;0;0;0;1;1;0;0;0;461450,548399999737740;5482136,700400000438094;8,467705060000071;49,490642901000058;1
08250207311010708700;08;3;11;000;2025;02;13;6;3;3;6;0;0;1;0;0;0;0;0;412796,011900000274181;5314913,396900000050664;7,831382949000044;47,981577598000058;1
08250216317000733550;08;3;17;065;2025;02;16;1;3;5;3;0;0;0;1;1;0;0;1;414680,966500000096858;5354475,920499999076128;7,848701635000054;48,337701824000078;1
08250305311010780590;08;3;11;000;2025;03;12;4;3;4;2;0;0;1;1;0;0;0;0;414584,905500000342727;5319137,502100000157952;7,854509847000031;48,019816430000049;1
08250205115400705750;08;1;15;045;2025;02;15;4;3;6;7;0;0;1;0;1;0;0;0;498654,229500000365078;5396138,750099999830127;8,981703678000031;48,718275628000072;1
08250206116400742650;08;1;16;033;2025;02;16;5;3;6;7;0;0;0;1;1;0;0;0;532860,280399999581277;5388622,738600000739098;9,446144800000070;48,649798203000046;1
08250204216200706530;08;2;16;007;2025;02;11;3;3;1;3;0;0;1;1;0;0;0;0;436406,620299999602139;5393927,601399999111891;8,135812970000075;48,695144291000076;1
08250226335300764680;08;3;35;075;2025;02;19;4;3;6;6;2;1;0;0;1;0;0;1;488050,375699999742210;5289817,634400000795722;8,840540913000041;47,761615441000060;1
08250307118100798340;08;1;18;079;2025;03;17;6;3;1;5;0;0;1;1;0;0;0;0;509435,362700000405312;5421242,488299999386072;9,128855394000027;48,944035357000075;1
08250201335100726640;08;3;35;043;2025;02;18;7;3;5;2;2;0;1;1;0;0;0;0;512786,406499999575317;5278383,094699999317527;9,170289812000021;47,658715926000070;1
08250205226000708210;08;2;26;082;2025;02;14;4;3;1;5;0;0;1;1;0;0;0;0;475590,819799999706447;5480346,054099999368191;8,663061387000027;49,475270192000039;1
08250307436400774230;08;4;36;082;2025;03;17;6;3;0;1;0;0;1;0;0;0;0;0;547469,656100000254810;5295989,559699999168515;9,634104547000049;47,815506910000067;1
08250220222500761550;08;2;22;000;2025;02;16;5;3;1;7;0;0;1;1;0;0;0;0;461234,858199999667704;5480165,773900000378489;8,464920129000063;49,472901721000028;1
08250204212010685960;08;2;12;000;2025;02;12;3;2;6;2;0;0;0;1;1;0;0;0;456177,148699999786913;5423925,028899999335408;8,401254475000030;48,966684832000055;1
08250201237100683700;08;2;37;045;2025;02;16;7;2;6;7;0;0;0;1;1;0;0;0;459333,580500000156462;5362451,260399999096990;8,450429526000050;48,413902042000075;1
08250302436300767280;08;4;36;081;2025;03;10;1;2;6;7;0;0;0;1;1;0;0;0;563857,873999999836087;5282923,024299999698997;9,851078989000030;47,696534962000044;1
08250210111500717390;08;1;11;000;2025;02;17;2;3;5;3;0;1;1;1;0;0;0;0;514855,941700000315905;5406113,012299999594688;9,202332290000072;48,807827854000038;1
08250303421200817750;08;4;25;031;2025;03;12;2;3;5;3;0;0;1;1;0;0;0;0;569956,019999999552965;5368639,200999999418855;9,946382473000028;48,466993170000080;1
08250227222500755890;08;2;22;000;2025;02;10;5;3;5;3;0;1;1;1;0;0;0;0;462625,071299999952316;5478286,729599999263883;8,484285995000050;49,456087783000044;1
08250305426100792070;08;4;26;021;2025;03;17;4;3;6;4;0;0;0;1;1;0;0;0;558951,970300000160933;5327299,377900000661612;9,791764817000058;48,096232970000074;1
08250227436000752450;08;4;36;049;2025;02;15;5;3;5;3;0;0;1;1;0;0;0;0;577627,882000000216067;5282829,746999999508262;10,034556867000049;47,694188034000035;1
08250201226200727340;08;2;26;068;2025;02;15;7;2;5;3;0;0;1;1;0;0;0;0;467754,279600000008941;5460070,781600000336766;8,556534950000071;49,292533622000064;1
08250301311010780750;08;3;11;000;2025;03;23;7;2;0;7;2;0;1;0;0;0;0;0;412546,878999999724329;5314415,307900000363588;7,828146464000042;47,977063109000028;1
08250303216300777040;08;2;16;017;2025;03;16;2;3;6;4;0;0;0;1;1;0;0;0;451260,228299999609590;5401435,148399999365211;8,336758664000058;48,764015149000045;1
08250306226700791880;08;2;26;103;2025;03;11;5;3;5;3;0;0;1;1;0;0;0;0;472940,062699999660254;5456939,463300000876188;8,628063498000074;49,264619126000071;1
08250211115100722350;08;1;15;003;2025;02;17;3;3;6;7;1;1;0;0;1;0;0;1;500480,560899999924004;5392801,376499999314547;9,006529545000035;48,688253609000071;1
08250220311010719460;08;3;11;000;2025;02;18;5;3;5;3;2;0;1;0;0;0;0;1;410110,935800000093877;5316731,593000000342727;7,795027757000071;47,997560983000028;1
08250305221400794060;08;2;21;000;2025;03;15;4;3;1;2;0;0;1;1;0;0;0;0;473849,483199999667704;5474725,013399999588728;8,639395926000077;49,424637916000052;1
08250210216100695420;08;2;16;043;2025;02;16;2;3;4;7;0;1;1;1;0;0;0;0;441204,418600000441074;5411876,524100000038743;8,198438144000022;48,857067018000066;1
08250226426000737050;08;4;21;000;2025;02;15;4;2;6;7;0;0;0;1;1;0;0;0;572490,448699999600649;5361397,509899999946356;9,979410832000042;48,401565791000053;1
08250228135100758650;08;1;35;031;2025;02;14;6;3;6;4;0;0;0;1;1;0;0;0;593884,674700000323355;5380826,280300000682473;10,272766402000059;48,573489012000039;1
08250207311010725640;08;3;36;081;2025;02;07;6;3;5;3;0;0;1;0;0;0;0;1;411057,434299999848008;5277881,623600000515580;7,815689658000053;47,648217354000053;1
08250201222201693910;08;2;22;000;2025;02;20;7;3;3;2;2;0;1;1;0;0;0;0;462006,047500000335276;5479259,966700000688434;8,475651439000046;49,464803183000072;1
08250305311010778390;08;3;11;000;2025;03;08;4;3;0;7;0;0;1;0;0;0;0;1;417969,920099999755621;5314668,490900000557303;7,900751425000067;47,980058951000046;1
08250202311400684090;08;3;15;006;2025;02;14;1;3;0;7;0;0;1;1;0;0;0;0;402010,419700000435114;5308446,965199999511242;7,688355733000037;47,921851465000032;1
08250207311010712830;08;3;11;000;2025;02;13;6;3;5;3;0;0;1;0;0;0;0;0;414368,510700000450015;5316056,964600000530481;7,852223444000060;47,992076887000053;1
08250212118400722310;08;1;18;048;2025;02;07;4;3;3;6;0;0;1;1;0;0;0;0;513504,082299999892712;5414934,440400000661612;9,184211432000041;48,887214583000059;1
08250226115100763170;08;1;15;002;2025;02;19;4;3;5;3;1;0;1;1;0;0;0;0;499929,162600000388920;5386705,177999999374151;8,999038552000059;48,633411483000032;1
08250201121200688370;08;1;21;000;2025;02;16;7;3;6;4;1;0;0;1;1;0;0;0;515420,099600000306964;5443201,248600000515580;9,211422029000062;49,141444880000051;1
08250304326400775450;08;3;26;074;2025;03;15;3;3;0;1;0;0;1;0;0;0;0;0;459216,769999999552965;5323383,694900000467896;8,452613363000069;48,062427097000068;1
08250204326000685800;08;3;35;100;2025;02;10;3;2;5;3;0;0;1;1;0;0;0;0;487999,721800000406802;5286376,948899999260902;8,839959901000043;47,730656753000062;1
08250303416200822100;08;4;16;041;2025;03;16;2;3;6;4;0;0;0;1;1;0;0;0;500368,060300000011921;5372010,715700000524521;9,004982535000067;48,501215656000056;1
08250307311400796580;08;3;15;050;2025;03;12;6;3;0;7;0;0;0;1;1;0;0;0;399212,757000000216067;5303746,387399999424815;7,652016308000043;47,879136713000037;1
08250305116500791060;08;1;16;049;2025;03;19;4;3;5;3;2;0;1;1;0;0;0;0;525471,632000000216067;5384682,523000000044703;9,345588969000062;48,614696764000030;1
08250202111500683760;08;1;11;000;2025;02;15;1;3;6;7;0;0;0;1;1;0;0;0;512532,326999999582767;5408815,900800000876188;9,170768278000025;48,832193860000075;1
08250226311010748060;08;3;11;000;2025;02;13;4;3;5;3;0;1;1;1;0;0;0;0;413757,061900000087917;5317219,550400000065565;7,843795846000035;48,002452587000050;1
08250218118200737660;08;1;18;067;2025;02;08;3;3;6;4;0;0;0;1;1;0;0;0;505619,261099999770522;5413699,718800000846386;9,076636474000054;48,876228937000064;1
08250307216100080080;08;2;16;043;2025;03;12;6;3;1;1;0;0;1;1;0;0;0;0;442876,533499999903142;5409849,203299999237061;8,221514652000053;48,838987437000071;1
08250304226300828660;08;2;26;056;2025;03;09;3;2;0;7;0;0;0;1;1;0;0;0;485628,799899999983609;5470696,503900000825524;8,801971853000055;49,388794203000032;1
08250304221200778700;08;2;21;000;2025;03;19;3;3;5;2;0;0;1;1;0;0;0;0;476163,363099999725819;5472740,356899999082088;8,671421921000046;49,406881387000055;1
08250219325202759350;08;3;25;049;2025;02;12;4;3;6;2;0;0;0;1;1;0;0;0;471900,020899999886751;5335143,670700000599027;8,622066309000047;48,168914220000033;1
08250208237200690890;08;2;37;040;2025;02;17;7;3;6;2;0;0;0;1;1;0;0;0;477658,340800000354648;5367205,307600000873208;8,697813777000022;48,457587512000032;1
08250220116500721970;08;1;16;049;2025;02;17;5;3;8;1;1;1;1;0;0;0;0;0;524701,742600000463426;5386046,769300000742078;9,335224864000054;48,627000472000077;1
08250212231402697480;08;2;31;000;2025;02;20;4;3;6;2;2;1;0;1;1;0;0;0;477643,244900000281632;5415373,049100000411272;8,695005225000045;48,890904026000044;1
08250203221400733690;08;2;21;000;2025;02;22;2;3;5;2;2;0;1;0;0;1;0;0;476262,691999999806285;5470300,855000000447035;8,672936842000070;49,384942316000036;1
08250208136000725450;08;1;36;040;2025;02;14;7;3;5;3;0;0;1;1;0;0;0;0;564305,985399999655783;5411364,779600000008941;9,876596178000057;48,851917289000028;1
08250210215102704270;08;2;15;105;2025;02;10;2;3;0;2;0;0;1;1;0;0;0;0;456858,684799999929965;5441497,445699999108911;8,408694424000032;49,124797846000035;1
08250201225200688300;08;2;25;109;2025;02;10;7;3;6;2;0;0;0;1;1;0;0;0;526495,747000000439584;5492319,985700000077486;9,366544892000036;49,582883493000054;1
08250205118400694800;08;1;18;048;2025;02;16;4;3;6;4;0;0;0;0;1;0;0;1;513896,706100000068545;5415931,098500000312924;9,189601147000076;48,896171577000075;1
08250206212010708950;08;2;12;000;2025;02;11;5;3;5;3;0;0;1;1;0;0;0;0;455548,400600000284612;5428608,801599999889731;8,392152209000074;49,008771070000080;1
08250227311010748150;08;3;11;000;2025;02;18;5;3;0;7;2;1;1;0;0;0;0;0;414171,392199999652803;5315613,658800000324845;7,849670517000050;47,988062752000076;1
08250227111340764930;08;1;11;000;2025;02;09;5;3;5;2;0;0;1;1;0;0;0;0;508258,573699999600649;5406386,238199999555945;9,112484391000066;48,810408460000076;1
08250201111210687530;08;1;11;000;2025;02;08;7;3;0;7;0;0;1;0;0;0;0;0;512432,033999999985099;5399743,793899999931455;9,169127149000076;48,750584070000059;1
08250308119200776860;08;1;19;020;2025;03;14;7;3;0;7;0;0;1;0;0;0;0;0;520784,803000000305474;5405981,158600000664592;9,283073572000035;48,806471710000039;1
08250304436000782250;08;4;36;049;2025;03;16;3;3;6;6;0;0;1;0;1;0;0;0;578157,445199999958277;5282867,025399999693036;10,041619904000072;47,694459554000048;1
08250303111230767810;08;1;11;000;2025;03;10;2;3;6;4;0;0;0;1;1;0;0;0;508380,944699999876320;5397670,342199999839067;9,113973518000023;48,731998992000058;1
08250307317000785120;08;3;17;114;2025;03;11;6;3;5;3;0;0;1;1;0;0;0;0;405634,327499999664724;5345893,858999999240041;7,728574212000069;48,259224046000043;1
08250227421200740520;08;4;21;000;2025;02;14;5;3;8;1;0;0;1;0;0;0;0;0;573739,251600000075996;5361070,024000000208616;9,996223119000035;48,398475144000031;1
08250205222301695160;08;2;22;000;2025;02;17;4;3;5;3;1;0;1;1;0;0;0;0;463671,750799999572337;5484636,206700000911951;8,498144506000074;49,513261730000067;1
08250226311010738620;08;3;11;000;2025;02;14;4;3;5;3;0;1;1;1;0;0;0;0;413746,027099999599159;5318369,036800000816584;7,843416755000021;48,012791119000042;1
08250224111340729930;08;1;11;000;2025;02;09;2;3;0;1;0;0;1;0;0;0;0;0;510923,469600000418723;5406428,996899999678135;9,148782144000052;48,810751980000077;1
08250219226200751380;08;2;26;068;2025;02;06;4;3;6;2;2;0;0;1;1;0;0;0;468543,335599999874830;5460155,903699999675155;8,567379554000070;49,293340421000039;1
08250131435100665950;08;4;35;057;2025;01;11;6;3;0;7;0;1;1;0;0;0;0;0;544110,786999999545515;5279657,004000000655651;9,587583030000076;47,668800042000044;1
08250205335100686300;08;3;35;043;2025;02;10;4;3;0;1;0;0;1;0;0;0;0;0;511341,286799999885261;5281610,948400000110269;9,151127562000056;47,687786040000049;1
08250226436200747560;08;4;36;064;2025;02;17;4;3;0;1;0;1;1;0;0;0;0;0;546340,104600000195205;5292738,346100000664592;9,618669404000059;47,786338173000047;1
08250131421200676300;08;4;21;000;2025;01;19;6;3;6;4;2;0;0;1;1;0;0;0;574492,570700000040233;5363653,637499999254942;10,006857624000077;48,421626577000040;1
08250225116100732280;08;1;16;019;2025;02;11;3;3;5;3;0;1;1;0;0;0;0;0;522640,204400000162423;5398308,810499999672174;9,307920051000053;48,737387641000055;1
08250220121600744660;08;1;25;001;2025;02;15;5;3;0;7;0;0;1;0;0;0;0;0;521791,388000000268221;5436834,169999999925494;9,298432728000023;49,083977992000030;1
08250203335200863510;08;3;35;063;2025;02;14;2;3;5;3;0;0;1;1;0;0;0;0;497082,137900000438094;5287336,814400000497699;8,961079815000062;47,739398233000031;1
08250131317500681740;08;3;17;096;2025;01;12;6;3;5;3;0;0;1;1;0;0;0;0;421303,734500000253320;5370272,150299999862909;7,935090019000029;48,480648460000054;1
08250203119400703140;08;1;19;090;2025;02;18;2;3;6;6;2;0;1;0;1;0;0;0;532314,176400000229478;5405917,832599999383092;9,440086108000060;48,805409521000058;1
08250201212010727420;08;2;12;000;2025;02;14;7;3;5;3;0;0;1;1;0;0;0;0;455055,269999999552965;5429568,865199999883771;8,385303044000068;49,017371198000035;1
08250131311010670820;08;3;11;000;2025;01;15;6;3;3;6;0;0;1;0;0;0;0;0;410330,783099999651313;5315726,650299999862909;7,798184111000069;47,988552179000067;1
08250225311010750400;08;3;36;050;2025;02;12;3;3;5;2;0;1;1;1;0;0;0;0;399055,806699999608099;5273039,766899999231100;7,657041456000059;47,602902711000070;1
08250210311010692360;08;3;36;091;2025;02;07;2;3;5;3;0;0;1;1;0;0;0;0;395926,859000000171363;5271943,403000000864267;7,615686572000072;47,592545880000046;1
08250217222700723060;08;2;22;000;2025;02;17;2;3;5;5;0;0;1;1;0;0;0;0;463008,492800000123680;5481766,392899999395013;8,489251057000047;49,487409154000034;1
08250206421300717060;08;4;21;000;2025;02;21;5;3;0;1;2;1;1;0;0;0;0;0;570388,986999999731779;5360345,730900000780821;9,950845998000034;48,392342864000057;1
08250228222200741200;08;2;22;000;2025;02;16;6;3;6;2;0;0;0;1;1;0;0;0;461611,225200000219047;5481974,056299999356270;8,469939398000065;49,489190192000081;1
08250217212010709340;08;2;12;000;2025;02;12;2;3;5;3;0;0;1;1;0;0;0;0;452105,664200000464916;5428443,060000000521541;8,345097603000056;49,007022628000072;1
08250306118010794340;08;1;15;010;2025;03;20;5;3;3;6;2;0;1;1;0;0;0;0;487015,978799999691546;5388758,667500000447035;8,823709023000049;48,651750141000036;1