UIDENTSTLAE;ULAND;UREGBEZ;UKREIS;UGEMEINDE;UJAHR;UMONAT;USTUNDE;UWOCHENTAG;UKATEGORIE;UART;UTYP1;ULICHTVERH;IstStrassenzustand;IstRad;IstPKW;IstFuss;IstKrad;IstGkfz;IstSonstige;LINREFX;LINREFY;XGCSWGS84;YGCSWGS84;PLST
08250221311010747920;08;3;11;000;2025;02;18;6;3;0;1;2;0;1;0;0;0;0;0;411905,457899999804795;5316251,775200000032783;7,819176663000064;47,993494680000026;1
08250303311400795920;08;3;15;050;2025;03;20;2;3;6;7;2;0;0;1;1;0;0;0;400212,478000000119209;5303155,391000000759959;7,665519887000073;47,873976910000067;1
08250304111230790320;08;1;11;000;2025;03;16;3;2;0;1;0;0;1;0;0;0;0;0;515775,701100000180304;5396151,829900000244379;9,214477079000062;48,718195136000077;1
08250305111500771930;08;1;11;000;2025;03;18;4;3;5;3;2;0;1;1;0;0;0;0;514412,807300000451505;5402259,143699999898672;9,196161814000050;48,773169302000042;1
08250211415400721130;08;4;15;061;2025;02;07;3;3;5;3;1;1;1;1;0;0;0;0;516091,211699999868870;5371044,812400000169873;9,217793193000034;48,492320064000069;1
08250205335200705270;08;3;35;063;2025;02;10;4;3;3;6;0;0;1;1;0;0;0;0;498381,049300000071526;5287651,729800000786781;8,978404296000065;47,742236282000079;1
08250217311010710970;08;3;36;105;2025;02;10;2;3;5;3;0;0;1;1;0;0;0;0;400652,178199999965727;5267112,046299999579787;7,679615092000063;47,549826784000061;1
08250130311010656390;08;3;11;000;2025;01;14;5;3;4;2;0;1;1;0;0;0;0;0;413572,785699999891222;5319032,734999999403954;7,840960434000067;48,018737888000032;1
08250201119200689320;08;1;19;020;2025;02;15;7;3;5;3;0;0;1;1;0;0;0;0;520217,169800000265241;5407119,304099999368191;9,275398993000067;48,816728973000068;1
08250201121100688400;08;1;25;034;2025;02;13;7;3;6;4;0;0;0;1;1;0;0;0;499118,518699999898672;5445001,971100000664592;8,987910195000040;49,157835994000038;1
08250303216300770210;08;2;16;033;2025;03;17;2;3;5;2;1;0;1;1;0;0;0;0;447246,995000000111759;5413347,735999999567866;8,280619927000032;48,870843989000036;1
08250208416010728450;08;4;16;041;2025;02;10;7;3;6;7;0;0;0;0;1;0;0;1;503640,635999999940395;5376436,796199999749660;9,049322942000060;48,541023847000076;1
08250305226700772360;08;2;26;095;2025;03;12;4;3;0;7;0;0;1;0;0;0;1;0;474605,375000000000000;5460176,365900000557303;8,650747071000069;49,293806519000043;1
08250130311010654090;08;3;11;000;2025;01;12;5;3;0;1;0;0;1;0;0;0;0;0;414103,666400000452995;5316118,638699999079108;7,848661956000058;47,992596147000029;1
08250203311010699230;08;3;11;000;2025;02;18;2;2;0;7;2;0;1;0;0;0;0;0;409446,631599999964237;5317060,638499999418855;7,786055309000062;48,000427056000035;1
08250212416010753700;08;4;15;059;2025;02;16;4;3;6;4;0;1;0;1;1;0;0;0;516722,830000000074506;5368397,422000000253320;9,226236092000022;48,468486690000077;1
08250307326000795140;08;3;27;018;2025;03;13;6;3;0;7;0;0;0;1;1;0;0;1;473605,362999999895692;5308294,700999999418855;8,646658205000051;47,927428789000032;1
08250212426200697160;08;4;26;070;2025;02;06;4;3;5;3;2;1;1;1;0;0;0;0;565670,338000000454485;5342193,486999999731779;9,884286575000033;48,229561238000031;1
08250130311000681490;08;3;15;006;2025;01;11;5;3;5;3;0;0;1;1;0;0;0;0;403328,046099999919534;5307775,605499999597669;7,706138803000044;47,916012639000030;1
08250303416010822110;08;4;15;050;2025;03;17;2;3;5;3;0;0;1;1;0;0;0;0;520624,252799999900162;5375884,391200000420213;9,279386120000026;48,535725793000040;1
08250221215202762010;08;2;15;064;2025;02;23;6;3;4;6;2;0;1;0;0;1;0;0;478779,412999999709427;5451912,378000000491738;8,708589822000022;49,219630377000044;1
08250202116100683660;08;1;16;019;2025;02;05;1;3;5;3;2;0;1;1;0;0;0;0;524193,084099999628961;5397794,877699999138713;9,329009603000031;48,732705992000035;1
08250307111500795190;08;1;11;000;2025;03;19;6;3;6;7;2;0;0;1;1;0;0;0;514640,196000000461936;5406148,509199999272823;9,199395200000026;48,808152299000028;1
08250224311010758120;08;3;11;000;2025;02;07;2;3;0;3;1;0;1;1;0;0;0;0;412141,622800000011921;5314625,166799999773502;7,822674377000055;47,978895333000025;1
08250221316100761920;08;3;16;011;2025;02;15;6;3;0;1;0;0;1;0;0;0;0;0;415149,247499999590218;5329363,967599999159575;7,860046879000038;48,111881800000049;1
08250224226400740500;08;2;21;000;2025;02;08;2;3;5;7;0;0;1;1;0;0;0;0;477631,686800000257790;5471983,650100000202656;8,691704448000053;49,400130662000038;1
08250130226700753110;08;2;26;037;2025;01;19;5;3;0;7;2;1;1;0;0;0;0;0;466005,379800000227988;5468433,833399999886751;8,531770820000077;49,367662793000079;1
08250208111130711710;08;1;11;000;2025;02;17;7;3;8;7;2;0;1;0;0;0;0;0;513967,045500000007451;5401689,739000000059605;9,190075587000024;48,768057145000057;1
08250211226400753590;08;2;26;037;2025;02;10;3;3;0;5;0;0;1;1;0;0;0;0;465671,616000000387430;5468606,066999999806285;8,527158988000053;49,369193278000068;1
08250228316100757050;08;3;16;011;2025;02;16;6;3;4;6;0;0;1;0;0;0;0;1;414332,821000000461936;5330210,871999999508262;7,848910465000074;48,119390551000038;1
08250307311010772910;08;3;11;000;2025;03;09;6;3;0;7;0;0;1;0;0;0;0;0;414538,688199999742210;5316096,266799999400973;7,854496150000045;47,992453193000074;1
08250222317000725620;08;3;17;065;2025;02;15;7;3;8;1;0;0;1;0;0;0;0;0;418071,169900000095367;5354418,093200000002980;7,894451383000046;48,337630411000077;1
08250305436000779960;08;4;35;057;2025;03;16;4;2;6;4;0;0;0;1;1;0;0;0;544101,127100000157952;5279671,137499999254942;9,587455788000057;47,668927863000079;1
08250224311010753290;08;3;15;131;2025;02;15;2;3;5;3;0;0;1;1;0;0;0;0;405241,414699999615550;5308090,493000000715256;7,731671610000035;47,919130729000074;1
08250221317500761930;08;3;17;096;2025;02;16;6;3;5;3;0;0;1;1;0;0;0;0;420602,940799999982119;5370067,645099999383092;7,925647526000034;48,478720846000044;1
08250217111500721020;08;1;11;000;2025;02;21;2;2;6;2;2;0;0;1;1;0;0;0;508193,249300000257790;5406745,721499999985099;9,111601831000030;48,813643198000079;1
08250131417200666630;08;4;17;022;2025;01;09;6;3;1;7;0;0;0;1;1;0;0;0;486122,212000000290573;5348172,920900000259280;8,812920870000028;48,286605271000042;1
08250130225100674770;08;2;25;074;2025;01;16;5;3;5;3;0;0;1;1;0;0;0;0;503607,275000000372529;5467488,266000000759959;9,049677549000023;49,360094920000051;1
08250212118300724550;08;1;18;046;2025;02;06;4;3;6;2;2;1;0;1;1;0;0;0;513547,287399999797344;5411321,689699999988079;9,184681146000059;48,854714159000025;1
08250131311400679550;08;3;15;074;2025;01;09;6;3;1;3;0;1;1;1;0;0;0;0;397126,963999999687076;5295876,079600000753999;7,625999071000024;47,808013711000058;1
08250226316100752650;08;3;16;011;2025;02;06;4;3;5;3;2;1;1;1;0;0;0;0;414638,074000000022352;5329435,027000000700355;7,853166562000069;48,112452675000043;1
08250220111500719650;08;1;11;000;2025;02;16;5;3;5;3;0;0;1;1;0;0;0;0;511815,519199999980628;5406459,091800000518560;9,160933044000046;48,811006388000067;1
08250219111310758110;08;1;11;000;2025;02;20;4;3;0;7;2;0;1;0;0;0;0;0;515195,469200000166893;5405610,217900000512600;9,206937883000023;48,803296575000047;1
08250214311010702160;08;3;36;050;2025;02;13;6;2;5;3;0;0;1;1;0;0;0;0;399419,207600000314415;5273714,666400000452995;7,661719898000058;47,609030160000032;1
08250216337400706200;08;3;37;022;2025;02;12;1;3;6;6;0;0;0;1;1;0;0;0;449979,998200000263751;5297141,278599999845028;8,331697030000043;47,825675533000037;1
08250226436400752750;08;4;36;082;2025;02;10;4;3;5;3;0;1;1;1;0;0;0;0;547188,602199999615550;5295708,406700000166893;9,630319821000057;47,812998071000038;1
08250207436200708540;08;4;36;064;2025;02;12;6;3;5;3;0;0;1;0;0;0;0;0;545691,714800000190735;5291703,044600000604987;9,609904543000027;47,777069873000073;1
08250211115300721900;08;1;15;041;2025;02;07;3;3;4;6;0;1;1;1;0;0;0;0;495184,947200000286102;5401296,329600000753999;8,934477052000034;48,764656153000033;1
08250204222600685190;08;2;22;000;2025;02;22;3;3;3;3;2;0;1;1;0;0;0;0;461151,474100000225008;5483775,476399999111891;8,463414463000049;49,505363702000068;1
08250202311400692470;08;3;15;022;2025;02;02;1;2;3;6;2;0;1;0;0;0;0;0;399005,407200000248849;5300994,225800000131130;7,649887053000043;47,854348723000044;1
08250206119300706030;08;1;19;067;2025;02;13;5;3;6;4;0;1;0;1;1;0;0;0;539140,151600000448525;5406079,962500000372529;9,533060545000069;48,806475578000061;1
08250221311010747910;08;3;11;000;2025;02;15;6;3;5;3;0;0;1;1;0;0;0;0;413337,530399999581277;5316491,430800000205636;7,838319715000068;47,995846165000046;1
08250130215402669150;08;2;15;009;2025;01;17;5;3;6;2;1;0;0;1;1;0;0;0;469717,942699999548495;5441038,561499999836087;8,584975174000022;49,121438232000060;1
08250225221200763850;08;2;21;000;2025;02;15;3;3;5;3;0;0;1;1;0;0;0;0;476475,128999999724329;5471858,078999999910593;8,675771667000049;49,398957569000061;1
08250302311010773510;08;3;11;000;2025;03;22;1;3;5;2;2;0;1;1;0;0;0;0;404404,608000000007451;5315114,200999999418855;7,718913224000062;47,982184859000029;1
08250227118010752560;08;1;18;048;2025;02;17;5;2;6;4;1;1;0;0;1;1;0;0;512992,053899999707937;5416421,319800000637770;9,177274089000036;48,900601109000036;1
08250222436200737820;08;4;36;064;2025;02;18;7;2;0;1;2;0;1;0;0;0;0;0;546281,999400000087917;5291866,278400000184774;9,617800738000028;47,778496353000037;1
08250213111500700700;08;1;11;000;2025;02;21;5;3;6;4;2;1;0;0;1;0;0;1;512525,164599999785423;5402895,215199999511242;9,170490040000061;48,778932218000080;1
08250224336200749800;08;3;36;069;2025;02;06;2;3;6;6;1;0;0;1;1;0;0;0;409666,749800000339746;5269083,324500000104308;7,798989777000031;47,568876800000055;1
08250307311010831350;08;3;15;132;2025;03;17;6;3;0;7;0;0;1;0;0;0;0;0;410140,018799999728799;5322801,171900000423193;7,794144585000026;48,052161875000081;1
08250201118010691840;08;1;18;051;2025;02;12;7;2;5;3;0;0;1;1;0;0;0;0;510565,116100000217557;5415251,953299999237061;9,144128865000027;48,890127927000037;1
08250221212010734130;08;2;12;000;2025;02;17;6;3;2;7;0;0;1;1;0;0;0;0;456082,738400000147521;5428453,823300000280142;8,399475286000040;49,007415282000068;1
08250131127202668110;08;1;27;014;2025;01;17;6;3;5;2;0;0;1;1;0;0;0;0;576448,625599999912083;5443045,038100000470877;10,048054597000032;49,135476470000071;1
08250213119300700640;08;1;19;067;2025;02;20;5;3;5;2;2;1;1;1;0;0;0;0;538693,767199999652803;5406581,668700000271201;9,527028679000068;48,811016646000041;1
08250219119300733240;08;1;19;067;2025;02;12;4;3;6;4;0;0;0;0;1;0;0;1;538966,244199999608099;5404892,112999999895692;9,530579439000064;48,795801156000039;1
08250222337400732140;08;3;37;126;2025;02;22;7;3;6;4;2;0;0;1;1;0;0;0;445483,370000000111759;5275914,005000000819564;8,274281794000046;47,634330700000078;1
08250204216300163530;08;2;16;013;2025;02;06;3;3;6;7;2;1;0;1;1;0;0;0;452956,925999999977648;5392169,393999999389052;8,360902394000050;48,680795697000065;1
08250308118300775540;08;1;18;003;2025;03;14;7;3;0;7;0;0;1;0;0;0;0;0;511735,921000000089407;5416005,429999999701977;9,160122519000026;48,896884945000068;1
08250306119200773410;08;1;19;020;2025;03;16;5;3;5;2;0;0;1;1;0;0;0;0;520682,423999999649823;5406970,630000000819564;9,281729128000052;48,815376216000061;1
08250218215302727160;08;2;15;007;2025;02;16;3;2;0;7;0;0;1;0;0;0;0;0;478038,941800000146031;5429349,241599999368191;8,699649523000062;49,016641933000074;1
08250211116010706460;08;1;16;077;2025;02;11;3;3;5;3;0;1;1;1;0;0;0;0;515754,604299999773502;5391072,306700000539422;9,213996503000033;48,672500119000063;1
08250306117010772530;08;1;17;026;2025;03;12;5;2;6;4;0;0;0;1;1;0;0;0;546952,333999999798834;5392938,280999999493361;9,637952302000031;48,687719093000055;1
08250213416100699990;08;4;16;036;2025;02;11;5;3;6;2;0;1;0;1;1;0;0;0;495226,599100000225008;5368850,774399999529123;8,935417263000033;48,472769481000057;1
08250301416010815420;08;4;15;059;2025;03;21;7;3;0;1;2;0;1;0;0;0;0;0;517474,718299999833107;5366294,831499999389052;9,236320168000077;48,449550524000074;1
08250209212402703610;08;2;12;000;2025;02;12;1;3;0;2;0;0;1;1;0;0;0;0;455664,032999999821186;5427454,768400000408292;8,393859317000022;48,998398736000070;1
08250220111500753620;08;1;11;000;2025;02;08;5;3;1;5;0;0;1;1;1;1;0;0;514858,097400000318885;5403511,599400000646710;9,202267545000041;48,784425804000080;1
08250305222014796100;08;2;22;000;2025;03;16;4;3;5;3;0;0;1;1;0;0;0;0;461971,362599999643862;5481014,155999999493361;8,475004171000023;49,480579065000029;1
08250227111120757370;08;1;11;000;2025;02;19;5;3;6;7;2;1;0;0;1;0;0;1;513279,379099999554455;5404205,278799999505281;9,180798535000065;48,790701788000035;1
08250301121200783210;08;1;21;000;2025;03;13;7;3;0;7;0;0;1;1;0;0;0;0;516542,648799999617040;5443429,996799999848008;9,226822354000035;49,143473337000046;1
08250407435200876950;08;4;35;059;2025;04;13;2;3;0;1;0;0;1;0;0;0;0;0;511921,487900000065565;5290444,803099999204278;9,159100835000061;47,767258927000057;1
08250407121500874930;08;1;25;065;2025;04;07;2;3;5;3;0;0;1;1;0;0;0;0;516709,447800000198185;5448405,718100000172853;9,229315971000062;49,188226851000081;1
08250403116200877180;08;1;16;077;2025;04;12;5;3;3;6;0;0;1;1;0;0;0;0;517021,050900000147521;5390705,932199999690056;9,231183566000027;48,669170953000048;1
08250327415100829660;08;4;15;050;2025;03;13;5;3;0;1;0;0;1;0;0;0;0;0;522851,561599999666214;5375027,840700000524521;9,309510919000047;48,527942905000032;1
08250408116010935540;08;1;16;019;2025;04;18;3;3;5;3;0;0;1;1;0;0;0;0;523244,313599999994040;5399972,390799999237061;9,316230040000050;48,752330762000042;1
08250325435100847880;08;4;35;034;2025;03;17;3;3;5;3;0;0;1;1;0;0;0;0;529188,488699999637902;5285057,200099999085069;9,389176051000049;47,718233845000043;1
08250404435100895900;08;4;35;029;2025;04;15;6;3;0;3;0;0;1;0;0;0;0;0;545265,883000000379980;5271110,537000000476837;9,602084924000053;47,591825333000031;1
08250407311010906400;08;3;11;000;2025;04;12;2;3;6;3;0;0;0;0;1;0;0;1;413905,699199999682605;5316436,067199999466538;7,845945322000034;47,995424910000054;1
08250324435100818340;08;4;35;016;2025;03;11;2;3;5;3;0;0;1;1;0;0;0;0;536442,095599999651313;5277952,765799999237061;9,485293358000035;47,653943977000040;1
08250326222014847330;08;2;26;084;2025;03;16;4;2;5;3;0;0;1;0;0;0;0;1;469398,061200000345707;5470075,917500000447035;8,578372618000060;49,382612806000054;1
08250404436400894030;08;4;36;082;2025;04;15;6;3;0;6;0;0;1;1;0;0;0;0;547853,676599999889731;5294636,425599999725819;9,639084628000035;47,803304413000035;1
08250321311010823090;08;3;36;069;2025;03;13;6;3;5;3;0;0;1;1;0;0;0;0;408718,146200000308454;5268489,111899999901652;7,786504166000043;47,563398614000050;1
08250405118010882090;08;1;15;054;2025;04;10;7;2;0;7;0;0;1;0;0;0;0;0;493993,316999999806285;5395073,319000000134110;8,918352145000028;48,708663463000050;1
08250322215402838480;08;2;15;103;2025;03;11;7;3;1;5;0;0;1;1;0;0;0;0;467135,076999999582767;5442977,723999999463558;8,549419269000055;49,138748586000077;1
08250326212010848100;08;2;12;000;2025;03;16;4;3;3;6;0;0;1;1;0;0;0;0;456854,921799999661744;5428676,159299999475479;8,410009903000059;49,009469690000060;1
08250320119400820170;08;1;19;090;2025;03;18;5;3;0;7;0;0;1;0;0;0;0;0;532594,378999999724329;5405932,309100000187755;9,443903212000066;48,805525115000080;1
08250404116400878060;08;1;16;033;2025;04;11;6;3;5;3;0;0;1;1;0;0;0;0;533746,604799999855459;5388401,386399999260902;9,458160012000064;48,647759709000070;1
08250401116500904130;08;1;16;049;2025;04;13;3;3;3;2;0;0;1;1;0;0;0;0;524959,181699999608099;5386202,081800000742078;9,338727832000075;48,628387448000069;1
08250324212010819330;08;2;15;108;2025;03;09;2;2;4;6;0;0;1;1;0;0;0;0;447776,025700000114739;5423480,008700000122190;8,286536776000048;48,962029074000043;1
08250328119500852930;08;1;19;085;2025;03;12;6;3;6;2;0;0;0;1;1;0;0;0;528753,490000000223517;5412963,070000000298023;9,392088765000040;48,868961023000054;1
08250404212010874030;08;2;12;000;2025;04;13;6;3;5;3;0;0;1;0;0;0;0;1;454765,775999999605119;5428847,037000000476837;8,381424408000044;49,010857144000056;1
08250327111230843010;08;1;11;000;2025;03;17;5;3;2;6;1;0;0;1;1;0;0;0;514285,794999999925494;5397011,419999999925494;9,194251102000067;48,725963932000070;1
08250318436400830110;08;4;36;082;2025;03;09;3;3;6;7;0;0;0;1;1;0;0;0;547901,832999999634922;5295337,278500000014901;9,639805148000050;47,809606355000028;1
08250407415300918990;08;4;15;061;2025;04;15;2;3;6;6;0;0;0;0;1;0;0;1;515149,625300000421703;5370951,042899999767542;9,205045587000029;48,491499888000078;1
08250402421200867970;08;4;21;000;2025;04;19;4;3;4;2;0;0;1;1;0;0;0;0;572668,496700000017881;5360665,399399999529123;9,981689328000073;48,394959782000058;1
08250401335100883870;08;3;35;043;2025;04;16;3;3;5;3;0;0;1;0;0;0;0;0;511223,463800000026822;5280985,189099999144673;9,149541432000035;47,682157733000054;1
08250318121200803210;08;1;21;000;2025;03;15;3;2;0;7;0;0;1;0;0;0;0;0;515440,406600000336766;5440796,409299999475479;9,211608366000064;49,119811998000046;1
08250402212010869730;08;2;12;000;2025;04;13;4;3;0;7;0;0;1;0;0;0;0;0;455505,250599999912083;5428398,419999999925494;8,391585252000027;49,006875557000058;1
08250324212010836600;08;2;12;000;2025;03;16;2;3;1;5;0;0;1;1;0;0;0;0;455046,244099999777973;5427493,974600000306964;8,385409361000029;48,998706721000076;1
08250318327100802790;08;3;27;054;2025;03;15;3;3;5;3;0;0;1;1;0;0;0;0;483905,209900000132620;5316970,453299999237061;8,784214783000039;48,005827508000039;1
08250327215402830590;08;2;15;009;2025;03;15;5;3;5;2;0;0;1;1;0;0;0;0;470318,900100000202656;5440904,594799999147654;8,593221114000073;49,120262488000037;1
08250318118010835220;08;1;15;045;2025;03;06;3;3;4;2;0;0;1;1;0;0;0;0;500938,856200000271201;5396457,750800000503659;9,012764875000073;48,721146121000061;1
08250405121100871560;08;1;25;026;2025;04;12;7;3;6;7;0;0;0;1;1;0;0;0;493117,450600000098348;5442449,879699999466538;8,905647245000068;49,134841025000071;1
08250320436200824940;08;4;36;064;2025;03;15;5;3;1;6;0;0;1;1;0;0;0;0;545454,980100000277162;5291945,497099999338388;9,606770112000049;47,779267973000060;1
08250402117010899110;08;1;17;033;2025;04;07;4;2;4;2;0;0;1;1;0;0;0;0;558956,507500000298023;5387419,121899999678135;9,800254497000026;48,637054214000045;1
08250402311000875560;08;3;15;006;2025;04;09;4;3;6;7;0;0;0;1;1;0;0;0;402762,539499999955297;5307781,666699999943376;7,698570688000075;47,915981643000066;1
08250328118600849030;08;1;18;073;2025;03;17;6;3;6;7;0;0;0;1;1;0;0;0;497000,950400000438094;5419970,808599999174476;8,959052355000040;48,932660394000038;1
08250317436400798770;08;4;36;008;2025;03;09;2;3;6;7;0;0;0;1;1;0;0;0;547566,801500000059605;5311306,069900000467896;9,637089688000060;47,953299526000080;1
08250318325102799010;08;3;25;057;2025;03;12;3;3;5;2;0;0;1;1;0;0;0;0;471837,517500000074506;5356049,724099999293685;8,619833522000022;48,356994353000061;1
08250327311010829260;08;3;11;000;2025;03;17;5;2;0;7;0;0;1;0;0;0;0;0;417494,882000000216067;5315111,378000000491738;7,894301790000043;47,983981868000058;1
08250331221011862860;08;2;21;000;2025;03;19;2;2;5;3;0;0;1;1;0;0;0;0;476936,910899999551475;5470219,794999999925494;8,682231079000076;49,384239097000034;1
08250328226400834170;08;2;26;084;2025;03;12;6;3;5;3;0;0;1;1;0;0;0;0;469249,463800000026822;5470435,544299999251962;8,576297517000057;49,385840081000026;1
08250406226700881960;08;2;26;076;2025;04;03;1;3;0;7;2;0;1;0;0;0;0;0;475453,956000000238419;5465674,095899999141693;8,662079238000047;49,343293069000026;1
08250320111320837560;08;1;11;000;2025;03;14;5;3;6;6;0;0;0;0;1;0;0;1;515881,625599999912083;5405472,692299999296665;9,216276844000049;48,802042260000064;1
08250403212010927190;08;2;12;000;2025;04;07;5;3;2;2;0;0;1;0;0;0;0;1;457719,173999999649823;5429592,321000000461936;8,421732092000070;49,017770511000037;1
08250317311010807660;08;3;11;000;2025;03;18;2;3;1;5;1;0;1;1;0;0;0;0;412252,134800000116229;5318228,099600000306964;7,823418269000058;48,011319950000029;1
08250405416200881130;08;4;16;041;2025;04;13;7;3;3;2;0;0;1;1;0;0;0;0;504827,134899999946356;5375202,718800000846386;9,065383194000049;48,529913659000044;1
08250407311010889320;08;3;11;000;2025;04;15;2;3;0;7;0;0;1;0;0;0;0;0;414384,172000000253320;5319945,049000000581145;7,851657045000024;48,027053719000037;1
08250404235100888260;08;2;35;085;2025;04;14;6;3;6;7;0;0;0;1;1;0;0;0;482820,139999999664724;5395277,658999999985099;8,766469368000060;48,710293989000036;1
08250401111210867140;08;1;11;000;2025;04;09;3;3;0;7;0;0;1;0;0;0;0;0;512601,520800000056624;5399255,543899999931455;9,171417921000057;48,746188380000035;1
08250403111210876820;08;1;11;000;2025;04;07;5;2;5;3;0;0;1;0;0;0;0;0;510651,052699999883771;5396437,867399999871850;9,144813072000034;48,720876958000076;1
08250401212702867720;08;2;15;017;2025;04;18;3;3;0;7;0;0;1;0;0;0;0;0;455012,266200000420213;5421132,228099999949336;8,385648356000047;48,941479413000081;1
08250404212010869710;08;2;12;000;2025;04;07;6;3;2;6;0;0;1;1;0;0;0;0;463617,985000000335276;5427929,734400000423193;8,502554734000057;49,003191200000060;1
08250402436000890860;08;4;35;035;2025;04;15;4;3;5;3;0;0;1;0;0;0;0;1;541159,199599999934435;5281175,480799999088049;9,548411120000026;47,682656814000040;1
08250320119100806430;08;1;19;038;2025;03;06;5;3;0;1;0;0;1;0;0;0;0;0;524699,583700000308454;5422227,301000000908971;9,337370540000052;48,952473063000070;1
08250317118100811890;08;1;18;079;2025;03;12;2;3;6;5;0;0;0;1;1;0;0;0;507313,695000000298023;5421673,078999999910593;9,099888316000033;48,947937544000069;1
08250403116200878120;08;1;16;078;2025;04;08;5;3;3;6;0;0;1;1;0;0;0;0;512735,135400000028312;5393443,725899999961257;9,173056019000057;48,693902464000075;1
08250403127202875340;08;1;27;014;2025;04;19;5;3;5;3;1;0;1;1;0;0;0;0;579136,956600000150502;5442100,273299999535084;10,084717419000071;49,126639056000045;1
08250405326300895020;08;3;26;052;2025;04;16;7;2;4;1;0;0;1;0;0;0;0;1;452515,624800000339746;5328751,715099999681115;8,362079997000023;48,110256797000034;1
08250401116010921020;08;1;16;080;2025;04;07;3;2;6;4;0;0;0;0;1;0;0;1;520051,133100000210106;5395840,108300000429153;9,272587553000051;48,715268047000052;1
08250327221000856010;08;2;21;000;2025;03;17;5;3;5;3;0;0;1;1;0;0;0;0;476941,168100000359118;5475107,343399999663234;8,682005932000038;49,428201984000054;1
08250331335000847300;08;3;35;075;2025;03;07;2;3;0;1;0;0;1;0;0;0;0;0;486863,716599999926984;5289767,870400000363588;8,824707384000021;47,761144596000065;1
08250320116200832790;08;1;16;077;2025;03;09;5;3;0;7;0;0;1;0;0;0;0;0;516249,216000000014901;5392174,205000000074506;9,220758125000032;48,682400182000038;1
08250403437200870870;08;4;37;031;2025;04;18;5;3;0;1;0;0;1;0;0;0;0;0;515330,585099999792874;5343489,916799999773502;9,206493613000021;48,244440111000074;1
08250401216100887270;08;2;16;043;2025;04;12;3;3;6;2;0;0;0;1;1;0;0;0;441105,157200000248849;5413329,525800000876188;8,196875936000026;48,870127275000073;1
08250316212010827240;08;2;12;000;2025;03;17;1;3;5;3;0;0;1;1;0;0;0;0;455758,107400000095367;5427677,917799999937415;8,395121077000056;49,000412740000058;1
08250330212070837820;08;2;12;000;2025;03;13;1;3;0;7;0;0;1;0;0;0;0;0;455100,026600000448525;5429275,772700000554323;8,385947561000023;49,014738068000042;1
08250323212102817530;08;2;12;000;2025;03;15;1;3;0;1;0;0;1;0;0;0;0;0;463307,151899999938905;5429047,045199999585748;8,498203947000036;49,013223299000060;1
08250315216100791010;08;2;16;043;2025;03;13;7;3;0;1;0;0;1;0;0;0;0;0;442047,993999999947846;5412681,776799999177456;8,209823463000021;48,864389622000033;1
08250403421200919410;08;4;21;000;2025;04;14;5;3;2;6;0;0;1;0;0;0;0;0;573317,812800000421703;5361423,880200000479817;9,990592139000057;48,401707309000074;1
08250324111130847870;08;1;11;000;2025;03;14;2;3;6;4;0;0;1;0;1;0;0;0;512725,319099999964237;5402384,167700000107288;9,173198674000048;48,774330811000027;1
08250321335300859430;08;3;35;075;2025;03;10;6;3;5;3;0;0;1;1;0;0;0;0;489057,304200000129640;5289881,494999999180436;8,853975990000038;47,762207910000029;1
08250401436100882470;08;4;36;055;2025;04;11;3;3;1;7;0;1;1;1;0;0;0;0;576603,281999999657273;5297686,339999999850988;10,023522583000045;47,827962160000027;1
08250325435200835590;08;4;35;047;2025;03;16;3;3;5;3;0;0;1;1;0;0;0;0;513048,375000000000000;5295011,253299999982119;9,174277181000036;47,808323639000037;1
08250314222014795260;08;2;22;000;2025;03;18;6;3;5;3;2;0;1;1;0;0;0;0;465366,378800000064075;5484107,857200000435114;8,521600361000026;49,508608663000075;1
08250327222400827510;08;2;21;000;2025;03;07;5;3;3;2;0;0;1;1;0;0;0;0;476048,168700000271201;5474137,043700000271201;8,669749768000031;49,419439810000029;1
08250319116010826390;08;1;16;071;2025;03;14;4;3;5;3;0;0;1;0;0;0;1;0;527651,696000000461936;5390727,903000000864267;9,375570123000045;48,668988361000061;1
08250318226600836350;08;2;26;031;2025;03;16;3;2;5;3;0;0;1;0;0;0;0;0;474242,028500000014901;5492766,386700000613928;8,643632115000059;49,586930530000075;1
08250404337200892300;08;3;37;070;2025;04;18;6;3;3;2;0;0;1;1;0;0;0;0;468603,071000000461936;5275543,868000000715256;8,582063210000058;47,632534400000054;1
08250317221200855390;08;2;21;000;2025;03;18;2;3;0;1;0;0;1;0;0;0;0;0;478151,911999999545515;5471566,063200000673532;8,698897410000029;49,396393418000059;1
08250324118400845200;08;1;18;048;2025;03;20;2;3;5;2;2;0;1;1;0;0;0;0;514252,152300000190735;5415927,288699999451637;9,194450552000035;48,896129231000032;1
08250405317000887420;08;3;17;065;2025;04;15;7;3;6;6;0;0;0;0;1;0;0;1;416473,179800000041723;5354903,912200000137091;7,872796034000032;48,341791061000038;1
08250319317000837920;08;3;17;057;2025;03;13;4;3;5;2;0;0;1;1;0;0;0;0;413010,235600000247359;5380301,346400000154972;7,820794184000022;48,569762717000060;1
08250319221200806080;08;2;21;000;2025;03;17;4;3;1;7;0;0;1;1;0;0;0;0;476021,549999999813735;5472565,289999999105930;8,669477691000054;49,405301118000068;1
08250327216100850930;08;2;16;043;2025;03;13;5;3;5;3;0;0;1;1;0;0;0;0;443841,258999999612570;5412392,851700000464916;8,234311989000048;48,861955697000042;1