UIDENTSTLAE;ULAND;UREGBEZ;UKREIS;UGEMEINDE;UJAHR;UMONAT;USTUNDE;UWOCHENTAG;UKATEGORIE;UART;UTYP1;ULICHTVERH;IstStrassenzustand;IstRad;IstPKW;IstFuss;IstKrad;IstGkfz;IstSonstige;LINREFX;LINREFY;XGCSWGS84;YGCSWGS84;PLST
08250314126100831310;08;1;26;046;2025;03;17;6;2;0;7;0;0;1;0;0;0;0;0;550298,748499999754131;5458834,520700000226498;9,691571417000034;49,280194611000070;1
08250404118200870120;08;1;18;080;2025;04;16;6;3;5;3;0;0;1;1;0;0;0;0;509460,028099999763072;5408647,650000000372529;9,128900695000027;48,830734709000069;1
08250314119300787770;08;1;19;067;2025;03;05;6;3;5;2;2;0;1;1;0;0;0;0;538423,321299999952316;5405627,589800000190735;9,523255928000026;48,802450969000063;1
08250319335300856310;08;3;35;075;2025;03;15;4;3;0;7;0;0;1;0;0;0;0;0;488256,481499999761581;5288704,887299999594688;8,843321295000067;47,751607246000049;1
08250314116100801380;08;1;16;019;2025;03;08;6;3;0;1;0;0;1;0;0;0;0;0;523347,396999999880791;5396564,307299999520183;9,317439333000038;48,721668159000046;1
08250328317000850780;08;3;17;057;2025;03;13;6;3;8;1;0;0;1;0;0;0;0;0;412885,030199999921024;5380452,218900000676513;7,819065712000054;48,571102329000041;1
08250322435200831200;08;4;35;005;2025;03;14;7;3;6;4;0;0;1;0;1;0;0;0;526659,866399999707937;5286031,246799999848008;9,355521742000064;47,727107163000028;1
08250316221300824710;08;2;26;012;2025;03;10;1;3;0;7;0;0;1;0;0;0;0;0;476553,564299999736249;5477807,078400000929832;8,676501048000034;49,452470695000045;1
08250320222600858670;08;2;22;000;2025;03;07;5;3;5;3;0;0;1;1;0;0;0;0;461926,979500000365078;5484986,953500000759959;8,474008630000071;49,516309440000043;1
08250317417100822570;08;4;17;079;2025;03;13;2;3;5;3;0;0;1;1;0;0;0;0;499881,318699999712408;5339953,452999999746680;8,998402421000037;48,212808556000027;1
08250404215102896590;08;2;12;000;2025;04;14;6;2;5;3;0;0;1;1;0;0;0;0;456751,344899999909103;5430253,752299999818206;8,408425471000044;49,023653063000040;1
08250401116500885310;08;1;16;020;2025;04;14;3;3;5;3;0;0;1;1;0;0;0;0;525963,672699999995530;5382957,178300000727177;9,352156717000071;48,599155229000075;1
08250404116400871060;08;1;16;033;2025;04;12;6;3;2;7;0;0;1;1;0;0;0;0;532162,139800000004470;5388463,141599999740720;9,436654023000074;48,648398805000056;1
08250404118010897980;08;1;15;045;2025;04;14;6;2;6;4;0;0;0;1;1;0;0;0;499984,093500000424683;5394599,577199999243021;8,999783804000060;48,704430574000071;1
08250407116200887470;08;1;16;080;2025;04;13;2;3;3;6;0;0;1;1;0;0;0;0;517126,498700000345707;5396593,048000000417233;9,232859891000032;48,722128679000036;1
08250402415400904370;08;4;15;061;2025;04;08;4;3;6;4;2;0;0;1;1;0;0;0;514899,122000000439584;5372495,173599999397993;9,201710227000035;48,505397414000072;1
08250404311010870400;08;3;11;000;2025;04;07;6;3;2;6;0;0;1;1;0;0;0;0;413118,358199999667704;5316607,175200000405312;7,835358982000059;47,996857579000050;1
08250318311010814360;08;3;11;000;2025;03;15;3;3;6;4;0;0;0;0;1;0;0;1;413276,772400000132620;5316708,061899999156594;7,837461668000060;47,997786596000026;1
08250403212010891240;08;2;12;000;2025;04;17;5;3;3;6;0;0;1;1;0;0;0;0;455720,990799999795854;5428291,538200000301003;8,394546736000052;49,005929661000039;1
08250320435100824650;08;4;35;016;2025;03;11;5;3;2;6;0;0;1;0;0;0;0;0;535007,217199999839067;5277594,386099999770522;9,466157289000023;47,650798708000082;1
08250326115100850320;08;1;15;003;2025;03;13;4;3;4;1;0;1;1;0;0;0;1;0;498111,912899999879301;5392077,137900000438094;8,974349227000062;48,681735608000054;1
08250407426300887800;08;4;26;045;2025;04;13;2;3;0;1;0;0;1;0;0;0;0;0;535063,752999999560416;5327424,384199999272823;9,470955245000027;48,099120249000066;1
08250330335100839960;08;3;35;043;2025;03;19;1;3;5;3;0;0;1;1;0;0;0;0;511133,807500000111759;5281637,005999999120831;9,148363485000061;47,688024106000057;1
08250314311010816420;08;3;11;000;2025;03;16;6;3;0;2;0;0;1;1;0;0;0;0;413820,476800000295043;5316998,441600000485778;7,844690247000074;48,000472188000060;1
08250331226700840080;08;2;26;098;2025;03;19;2;3;5;3;0;0;1;1;0;0;0;0;477769,760700000450015;5460051,014900000765920;8,694273225000074;49,292802317000053;1
08250313417300812930;08;4;17;031;2025;03;07;5;3;0;2;0;1;0;0;1;0;1;0;497092,861299999989569;5354578,011099999770522;8,960766139000043;48,344375356000057;1
08250313311010801520;08;3;11;000;2025;03;12;5;3;6;7;0;0;1;0;1;0;0;0;414356,790000000037253;5316585,735999999567866;7,851960857000051;47,996831821000058;1
08250329126200856180;08;1;26;066;2025;03;16;7;3;0;7;0;0;1;0;0;0;0;0;536611,902599999681115;5448951,969200000166893;9,502493648000041;49,192275098000039;1
08250314311010804820;08;3;11;000;2025;03;17;6;3;6;4;0;0;0;0;1;0;0;1;408913,620299999602139;5315137,423399999737740;7,779319630000032;47,983051713000066;1
08250315437200815200;08;4;37;104;2025;03;00;7;3;8;1;2;0;1;0;0;0;0;0;516236,537999999709427;5326092,055299999192357;9,218031734000022;48,087891418000027;1
08250407436000918310;08;4;36;079;2025;04;07;2;3;1;1;0;0;1;0;0;0;1;0;555170,468200000002980;5289625,273700000718236;9,736155634000056;47,757634559000053;1
08250405116200880650;08;1;16;047;2025;04;15;7;3;5;3;0;0;1;1;0;0;0;0;519518,833700000308454;5393777,818099999800324;9,265253708000046;48,696732615000030;1
08250313222500802810;08;2;22;000;2025;03;18;5;3;5;3;2;1;1;1;0;0;0;0;462591,066800000146031;5479529,819800000637770;8,483699345000048;49,467266700000039;1
08250401421200899220;08;4;21;000;2025;04;17;3;3;4;2;0;0;1;1;0;0;0;0;573560,605000000447035;5361889,731000000610948;9,993953627000053;48,405869442000039;1
08250322316100838620;08;3;16;043;2025;03;09;7;3;6;4;0;0;0;1;1;0;0;0;412917,634499999694526;5335032,036599999293685;7,828912942000045;48,162565328000028;1
08250314221011850550;08;2;26;085;2025;03;17;6;2;0;7;1;0;1;0;0;0;0;0;492823,353000000119209;5455805,453199999406934;8,901376920000075;49,254975023000043;1
08250407121200906700;08;1;21;000;2025;04;16;2;3;6;4;0;0;0;1;1;0;0;0;516137,157899999991059;5441463,982899999246001;9,221183865000057;49,125799164000057;1
08250402335100890170;08;3;35;043;2025;04;13;4;3;7;1;0;0;1;0;0;0;0;0;513415,433000000193715;5279810,473999999463558;9,178710999000032;47,671546275000026;1
08250404416010892620;08;4;15;059;2025;04;07;6;3;3;6;0;0;1;1;0;0;0;0;516316,090400000102818;5368663,870799999684095;9,220743923000043;48,470894449000070;1
08250331437100857150;08;4;37;076;2025;03;20;2;3;0;1;1;0;1;0;0;0;0;0;524804,351700000464916;5322137,407199999317527;9,332853114000045;48,052035859000057;1
08250323119300844530;08;1;19;084;2025;03;12;1;2;2;6;0;0;1;1;0;0;0;0;546488,357200000435114;5414027,995400000363588;9,634033736000049;48,877464414000031;1
08250326221400861640;08;2;21;000;2025;03;13;4;3;4;2;0;1;1;1;0;0;0;0;477089,475999999791384;5471240,916699999943376;8,684274270000060;49,393429713000046;1
08250315231000818390;08;2;31;000;2025;03;12;7;3;1;5;0;0;1;0;0;0;0;1;477506,354000000283122;5415804,457000000402331;8,693114012000024;48,894779869000047;1
08250405127100872580;08;1;27;062;2025;04;16;7;3;0;7;0;0;1;0;0;0;0;0;546941,890300000086427;5431322,064300000667572;9,642212731000029;49,032992510000042;1
08250312222500798150;08;2;22;000;2025;03;12;4;3;0;7;0;0;1;0;0;0;0;0;466185,404199999757111;5476866,212099999189377;8,533532321000052;49,443519387000038;1
08250318436400826750;08;4;36;082;2025;03;19;3;3;5;3;2;0;1;1;0;0;0;0;547189,989099999889731;5295858,848500000312924;9,630354727000054;47,814351484000042;1
08250408116500905080;08;1;16;050;2025;04;08;3;3;5;2;0;0;1;1;0;0;0;0;526902,770299999974668;5388283,559299999848008;9,365239414000030;48,647031832000039;1
08250405311010888290;08;3;36;078;2025;04;14;7;1;0;7;0;0;1;1;0;0;0;0;393437,687800000421703;5290669,960799999535084;7,578017454000076;47,760585688000049;1
08250312212402035740;08;2;12;000;2025;03;16;4;3;5;2;0;1;1;0;0;0;0;1;456409,721800000406802;5427361,593699999153614;8,404063443000041;48,997613722000040;1
08250313216300819730;08;2;16;015;2025;03;15;5;3;6;4;0;1;0;1;1;0;0;0;450092,902400000020862;5405981,181399999186397;8,320323068000050;48,804815672000075;1
08250331212010861050;08;2;12;000;2025;03;14;2;2;0;1;0;0;1;0;0;0;0;0;455734,392599999904633;5428436,097799999639392;8,394714215000022;49,007230951000054;1
08250312212010807550;08;2;12;000;2025;03;09;4;3;2;2;0;1;1;0;0;0;0;1;457065,585300000384450;5427360,478000000119209;8,413029583000025;48,997649648000049;1
08250327221200858600;08;2;21;000;2025;03;19;5;3;5;3;1;0;1;1;0;0;0;0;476145,913200000301003;5472760,482499999925494;8,671180176000064;49,407061729000077;1
08250320222014844140;08;2;22;000;2025;03;12;5;3;0;7;0;0;1;0;0;0;0;0;466184,470099999569356;5474798,483799999579787;8,533695784000031;49,424920867000026;1
08250401316200874810;08;3;16;056;2025;04;08;3;3;4;6;0;0;1;0;0;0;0;1;422197,887900000438094;5327098,370100000873208;7,955140035000056;48,092401799000072;1
08250408116200923560;08;1;16;077;2025;04;15;3;3;2;6;0;0;1;1;0;0;0;0;514289,000900000333786;5389126,883700000122190;9,194021990000067;48,655034174000036;1
08250324335100845520;08;3;35;043;2025;03;12;2;3;5;3;0;0;1;0;0;0;0;0;512482,222000000067055;5281093,013000000268221;9,166316140000049;47,683104811000078;1
08250327111130828890;08;1;11;000;2025;03;16;5;3;3;6;0;0;1;0;0;0;0;0;511755,877100000157952;5400989,965099999681115;9,159964243000047;48,761807713000053;1
08250403212010877680;08;2;12;000;2025;04;11;5;3;6;4;0;0;0;1;1;0;0;0;459299,779799999669194;5432036,518500000238419;8,443103366000059;49,039862730000038;1
08250316116400846370;08;1;16;033;2025;03;13;1;3;5;3;0;0;1;1;0;0;0;0;531813,138100000098348;5388417,499399999156594;9,431912385000032;48,648006076000058;1
08250406226700874610;08;2;26;095;2025;04;16;1;3;5;4;0;0;0;1;1;0;0;0;474263,777300000190735;5461964,964299999177456;8,645933916000047;49,309880617000033;1
08250404116500893730;08;1;16;035;2025;04;07;6;3;0;3;0;0;1;1;0;0;0;0;526463,132500000298023;5391811,436100000515580;9,359496529000069;48,678787270000043;1
08250320212702806860;08;2;15;017;2025;03;11;5;2;5;3;0;0;1;1;0;0;0;0;456526,215400000102818;5420733,740199999883771;8,406364148000023;48,938003182000045;1
08250312121600797160;08;1;25;008;2025;03;07;4;3;6;7;0;1;0;1;1;0;0;0;522840,975499999709427;5432092,457800000905991;9,312539005000076;49,041286411000044;1
08250331435200857360;08;4;35;059;2025;03;16;2;3;6;7;0;0;0;1;1;0;0;0;512028,310999999754131;5290475,577899999916553;9,160527312000056;47,767533839000066;1
08250324335200859660;08;3;35;063;2025;03;18;2;3;0;1;0;0;1;0;0;0;0;0;497629,936700000427663;5288819,839600000530481;8,968378600000051;47,752744125000049;1
08250403115000883100;08;1;15;003;2025;04;07;5;3;0;7;0;0;1;0;0;0;0;0;500449,236999999731779;5390463,737099999561906;9,006101396000076;48,667223943000067;1
08250312121500800090;08;1;25;065;2025;03;14;4;3;5;3;0;1;1;0;0;0;0;1;516105,265999999828637;5446473,383999999612570;9,220947020000040;49,170861153000033;1
08250403221200890720;08;2;21;000;2025;04;11;5;3;5;3;0;0;1;1;0;0;0;0;476147,502199999988079;5472760,448300000280142;8,671202082000036;49,407061484000053;1
08250403212010879850;08;2;12;000;2025;04;13;5;3;5;3;0;0;1;1;0;0;0;0;457427,440700000151992;5428113,425699999555945;8,417897430000039;49,004447586000026;1
08250323317500860380;08;3;17;096;2025;03;19;1;3;0;1;2;0;1;0;0;0;0;0;421577,850999999791384;5373608,220000000670552;7,938172166000072;48,510690203000081;1
08250403435100869310;08;4;35;016;2025;04;20;5;3;0;7;2;0;1;0;0;0;0;0;537822,715900000184774;5278741,621099999174476;9,503746396000054;47,660962369000060;1
08250405215502882660;08;2;15;066;2025;04;12;7;3;5;3;0;0;1;1;0;0;0;0;461079,226800000295043;5449783,317900000140071;8,465738269000042;49,199610797000048;1
08250321311010813120;08;3;36;050;2025;03;16;6;2;0;1;0;0;1;0;0;0;0;0;401810,567900000140071;5276541,868000000715256;7,692895672000077;47,634828824000067;1
08250402136000873240;08;1;36;079;2025;04;08;4;3;5;3;0;0;1;0;0;0;0;1;560322,475499999709427;5402161,186400000005960;9,820947695000029;48,769531134000033;1
08250404212302871510;08;2;12;000;2025;04;14;6;3;1;5;0;0;1;1;0;0;0;0;455763,879900000058115;5428768,475700000301003;8,395081181000023;49,010222838000061;1
08250321222500824720;08;2;22;000;2025;03;11;6;3;5;3;0;0;1;1;0;0;0;0;466347,635200000368059;5474265,610700000077486;8,535990893000076;49,420136905000049;1
08250403116200892880;08;1;16;077;2025;04;15;5;3;6;7;0;0;0;0;1;0;0;1;518064,557699999772012;5391346,830900000408292;9,245384563000073;48,674907194000070;1
08250328221200854840;08;2;21;000;2025;03;15;6;3;5;7;0;0;1;1;0;0;0;0;475479,028500000014901;5472469,881400000303984;8,662005525000041;49,404421317000072;1
08250312111500808060;08;1;11;000;2025;03;07;4;3;5;3;0;1;1;1;0;0;0;0;512579,514499999582767;5401314,425000000745058;9,171181487000069;48,764710437000076;1
08250321416200840890;08;4;16;041;2025;03;14;6;3;6;4;0;0;0;0;1;1;0;0;503161,008999999612570;5374284,008999999612570;9,042808681000054;48,521659222000039;1
08250324116010821430;08;1;16;012;2025;03;16;2;2;5;3;0;0;1;1;0;0;0;0;537114,069500000216067;5383102,643799999728799;9,503402286000039;48,599902054000040;1
08250315215402808180;08;2;15;009;2025;03;16;7;2;7;7;0;0;1;0;0;0;0;0;471528,695500000379980;5441485,666300000622869;8,609759913000062;49,125546577000080;1
08250314221011829470;08;2;26;010;2025;03;09;6;2;0;7;0;0;1;0;1;0;0;0;480751,083999999798834;5458953,717000000178814;8,735326944000064;49,283033246000059;1
08250401221011868430;08;2;21;000;2025;04;14;3;3;0;3;0;0;1;1;0;0;0;0;474570,805599999614060;5474248,929300000891089;8,649372958000072;49,420386230000076;1
08250315317000807680;08;3;17;065;2025;03;14;7;1;6;4;0;0;0;1;1;0;0;0;415173,949300000444055;5354814,977800000458956;7,855284294000057;48,340817979000064;1
08250407335100916050;08;3;35;043;2025;04;16;2;3;5;2;0;0;1;1;0;0;0;0;512866,876400000415742;5280065,295499999076128;9,171411055000021;47,673850222000056;1
08250405118010871440;08;1;15;045;2025;04;18;7;2;0;1;0;0;1;0;0;0;0;0;500548,371000000275671;5394156,773099999874830;9,007452703000070;48,700446831000079;1
08250406119300873000;08;1;19;090;2025;04;10;1;3;0;7;0;0;1;0;0;0;0;0;530668,342799999751151;5406514,214900000020862;9,417716732000031;48,810857778000070;1
08250311416010793160;08;4;15;061;2025;03;19;3;3;3;2;2;1;1;1;0;0;0;0;515415,036799999885261;5371257,636299999430776;9,208649143000059;48,494251655000028;1
08250403415400879080;08;4;15;061;2025;04;15;5;3;3;6;0;0;1;1;0;0;0;0;515210,735799999907613;5372756,179500000551343;9,205938463000052;48,507738040000049;1
08250327116400853310;08;1;16;070;2025;03;12;5;2;0;1;0;0;1;0;0;0;0;0;538457,931800000369549;5386381,365800000727177;9,521933132000072;48,629315820000045;1
08250405435100872170;08;4;35;016;2025;04;14;7;3;0;1;0;0;1;0;0;0;0;0;537416,730200000107288;5277508,328600000590086;9,498233870000035;47,649889569000038;1
08250311337400785860;08;3;37;060;2025;03;18;3;3;0;1;1;0;1;0;0;0;0;0;470607,780000000260770;5278357,869300000369549;8,608558897000023;47,657947586000034;1
08250402415100924270;08;4;15;050;2025;04;16;4;3;5;3;0;0;1;1;0;0;0;0;521727,779799999669194;5375688,192099999636412;9,294324600000039;48,533923495000067;1
08250327426000847980;08;4;26;014;2025;03;10;5;3;1;5;0;0;1;1;0;0;0;0;548864,411700000055134;5317322,607899999246001;9,655152701000077;48,007330377000073;1
08250402222014924210;08;2;22;000;2025;04;12;4;3;6;4;0;0;0;1;1;0;0;0;462009,298399999737740;5488110,504899999126792;8,474844951000023;49,544409102000031;1
08250327119400841450;08;1;19;041;2025;03;20;5;3;1;5;2;0;1;1;0;0;0;0;526622,643099999986589;5409391,498700000345707;9,362800491000030;48,836927500000058;1
08250404126200886530;08;1;26;069;2025;04;16;6;3;5;3;0;0;1;1;0;0;0;0;537478,804499999620020;5447614,934000000357628;9,514266611000039;49,180196140000078;1
08250317311010812480;08;3;11;000;2025;03;17;2;3;6;4;0;0;0;1;1;0;0;0;413179,388199999928474;5316770,637199999764562;7,836143836000076;47,998336264000045;1
08250404215102926830;08;2;15;102;2025;04;15;6;3;1;5;0;0;1;1;0;0;0;0;456187,612999999895692;5436759,570299999788404;8,400011085000074;49,082133373000033;1
08250406335200874960;08;3;35;063;2025;04;18;1;2;5;3;0;0;1;0;0;0;0;1;497800,934700000099838;5287079,513800000771880;8,970668854000053;47,737085997000065;1
08250325212402848520;08;2;12;000;2025;03;11;3;3;1;7;0;0;1;1;0;0;0;0;457070,170800000429153;5427969,634199999272823;8,413027881000062;49,003129415000046;1
08250329121200856060;08;1;21;000;2025;03;17;7;3;5;3;0;0;1;1;0;0;0;0;514109,493099999614060;5440643,591199999675155;9,193363174000069;49,118469331000028;1
08250404215302881820;08;2;15;007;2025;04;15;6;3;6;7;0;0;0;1;1;0;0;0;478901,456000000238419;5431189,125000000000000;8,711349831000064;49,033222637000051;1
08250311231000787460;08;2;31;000;2025;03;08;3;3;6;4;0;1;0;1;1;0;0;0;476461,176400000229478;5414312,986400000751019;8,678940550000050;48,881324293000034;1
08250407212010902910;08;2;12;000;2025;04;17;2;3;6;4;0;0;1;0;1;0;0;0;454300,873100000433624;5428359,633799999952316;8,375122147000070;49,006438664000029;1
08250320311010822770;08;3;36;050;2025;03;10;5;3;6;4;0;0;1;0;1;0;0;0;399354,413399999961257;5274235,611500000581145;7,660738366000032;47,613706178000029;1
08250407226600937660;08;2;26;096;2025;04;17;2;3;0;7;0;0;0;1;1;0;0;0;474764,268299999646842;5486085,265599999576807;8,651285437000070;49,526858685000036;1
08250314335200789210;08;3;35;063;2025;03;08;6;3;5;2;0;0;1;0;0;1;0;0;497653,036999999545515;5287298,452999999746680;8,968695013000058;47,739055403000066;1
08250326116010848490;08;1;16;033;2025;03;08;4;2;6;2;0;0;0;0;1;0;0;1;533446,395999999716878;5388496,426200000569224;9,454092044000049;48,648630815000047;1
08250330317000858210;08;3;17;145;2025;03;15;1;3;6;6;0;0;1;0;1;0;0;0;442247,081600000150502;5349924,536299999803305;8,221259020000048;48,299879775000079;1
08250311222800812120;08;2;22;000;2025;03;18;3;3;6;6;2;0;1;0;1;0;0;0;462587,662899999879301;5485909,144400000572205;8,483048361000044;49,524645161000080;1
08250326116400826430;08;1;16;033;2025;03;19;4;3;1;5;2;1;1;1;0;0;0;0;532481,946800000034273;5388358,861700000241399;9,440987616000029;48,647444172000064;1
08250320111330837750;08;1;11;000;2025;03;19;5;2;0;7;2;0;1;0;0;0;0;0;513510,791500000283122;5407423,630300000309944;9,184055111000021;48,819648693000033;1
08250406215402903010;08;2;15;009;2025;04;17;1;2;5;3;0;0;1;1;0;0;0;0;468536,610000000335276;5440473,373999999836087;8,568829193000056;49,116294937000077;1
08250321221400842080;08;2;21;000;2025;03;07;6;3;5;3;0;0;1;1;0;0;0;0;474631,740600000135601;5474003,980000000447035;8,650228795000032;49,418185506000043;1
08250331311010860120;08;3;11;000;2025;03;09;2;2;5;3;0;0;1;1;0;0;0;0;414651,603699999861419;5316633,638100000098348;7,855902462000074;47,997302144000059;1
08250329116500862260;08;1;16;049;2025;03;02;7;3;0;1;2;0;1;0;0;0;0;0;525849,658499999903142;5384122,430700000375509;9,350682888000051;48,609642638000025;1
08250407116500875360;08;1;16;071;2025;04;15;2;3;0;1;0;0;1;0;0;0;0;0;528987,129499999806285;5390574,614299999549985;9,393697034000070;48,667548826000029;1
08250320221200835240;08;2;21;000;2025;03;11;5;3;1;6;0;0;1;0;0;0;1;0;477231,024899999611080;5472078,847100000828505;8,686176879000072;49,400972090000039;1
08250322326000840970;08;3;35;043;2025;03;10;7;3;0;6;0;0;1;0;0;0;0;1;511342,179299999959767;5281314,817700000479817;9,151131758000076;47,685121544000026;1
08250323216100815490;08;2;16;009;2025;03;16;1;3;8;7;0;0;1;0;0;0;0;0;446930,155399999581277;5420516,272600000724196;8,275367948000053;48,935298292000027;1
08250318116500826680;08;1;16;049;2025;03;07;3;3;1;5;0;0;1;1;0;0;0;0;525345,275700000114739;5387633,797000000253320;9,344055087000072;48,641251668000052;1
08250312222500847010;08;2;22;000;2025;03;08;4;3;5;3;0;1;1;1;0;0;0;0;462208,133999999612570;5478754,891100000590086;8,478488498000047;49,460272880000048;1
08250325118300822970;08;1;18;081;2025;03;12;3;3;6;4;0;0;0;1;1;0;0;0;520232,407200000248849;5413019,250299999490380;9,275897934000056;48,869802965000076;1
08250310416200805470;08;4;16;041;2025;03;17;2;3;5;3;0;1;1;1;0;0;0;0;503547,801300000399351;5373855,460500000044703;9,048043256000028;48,517801775000066;1
08250402118100873200;08;1;18;079;2025;04;09;4;3;5;3;0;0;1;1;0;0;0;0;510206,920400000177324;5422451,027499999850988;9,139422539000066;48,954894724000042;1
08250404121100894300;08;1;25;006;2025;04;18;6;3;2;2;0;0;1;1;0;0;0;0;506935,750599999912083;5454081,192399999126792;9,095282782000027;49,239467702000070;1
08250404436200870990;08;4;36;064;2025;04;18;6;2;0;1;0;0;1;0;0;0;0;0;546293,659199999645352;5292777,491599999368191;9,618053542000041;47,786693706000051;1
08250331311010857180;08;3;15;064;2025;03;16;2;3;0;7;0;0;0;1;1;0;0;0;422173,447700000368059;5312961,024000000208616;7,957380377000050;47,965224244000069;1
08250319317100814260;08;3;17;110;2025;03;15;4;3;0;1;0;0;1;0;0;0;0;0;429588,732900000177324;5381175,306700000539422;8,045342724000022;48,579706103000035;1
08250319117300817350;08;1;17;026;2025;03;11;4;3;1;7;0;0;1;1;0;0;0;0;548316,660000000149012;5394402,849899999797344;9,656659782000077;48,700789492000069;1
08250310416010782540;08;4;15;061;2025;03;10;2;2;3;2;0;0;1;1;0;0;0;0;515692,524000000208616;5372313,370300000533462;9,212444708000021;48,503742528000032;1
08250319317010813460;08;3;17;047;2025;03;07;4;2;5;3;0;0;1;1;0;0;0;0;419621,853299999609590;5364285,426699999719858;7,913484870000048;48,426585963000036;1
08250320111500836130;08;1;11;000;2025;03;07;5;2;6;4;0;0;0;0;1;0;0;1;512747,120699999853969;5408191,046700000762939;9,173675663000040;48,826568398000063;1
08250403231202876920;08;2;36;071;2025;04;08;5;3;0;7;0;0;1;1;0;0;0;0;468977,968200000002980;5421723,427300000563264;8,576312016000031;48,947655608000048;1
08250404311010881510;08;3;11;000;2025;04;22;6;3;4;6;2;0;1;0;0;0;0;1;411781,963200000114739;5316488,891400000080466;7,817472959000042;47,995610580000061;1
08250319311010826520;08;3;11;000;2025;03;14;4;3;6;4;0;0;0;1;1;0;0;0;412021,537600000388920;5317277,177600000053644;7,820522014000062;48,002734446000034;1
08250310317000804440;08;2;11;000;2025;03;17;2;3;0;7;0;0;1;1;0;0;0;0;444068,860000000335276;5401213,933000000193715;8,238938427000051;48,761420595000061;1
08250405311010874390;08;3;11;000;2025;04;21;7;3;0;7;2;0;1;0;0;1;0;0;411276,578099999576807;5318805,492300000041723;7,810220771000047;48,016379021000034;1
08250320111500822420;08;1;11;000;2025;03;12;5;3;6;2;0;0;0;1;1;0;0;0;507875,529099999926984;5397723,922800000756979;9,107101345000046;48,732487597000045;1
08250320436300836490;08;4;36;081;2025;03;07;5;3;5;5;0;0;1;1;0;0;0;0;562010,939199999906123;5282020,158500000834465;9,826337926000065;47,688592038000081;1
08250407311010874170;08;3;11;000;2025;04;09;2;3;5;3;0;0;1;0;0;0;0;0;411128,985000000335276;5316713,395300000905991;7,808675508000022;47,997539618000076;1
08250312117100797680;08;1;17;019;2025;03;18;4;3;2;6;2;0;1;1;0;0;0;0;552925,633600000292063;5394273,651200000196695;9,719277716000022;48,699253281000040;1
08250404317000870910;08;3;17;065;2025;04;15;6;3;0;1;0;0;1;0;0;0;0;0;415964,421799999661744;5354860,655099999159575;7,865940313000067;48,341334491000055;1
08250404436000870040;08;4;36;014;2025;04;14;6;3;0;1;0;0;1;0;0;0;0;0;555919,494699999690056;5299946,665200000628829;9,747480297000038;47,850428801000078;1
08250322311010826600;08;3;11;000;2025;03;14;7;3;5;3;0;0;1;0;0;0;0;0;414102,378100000321865;5316107,058900000527501;7,848647009000047;47,992491809000057;1
08250310311400778440;08;3;15;006;2025;03;08;2;3;2;6;0;1;1;1;0;0;0;0;403072,089999999850988;5308041,705000000074506;7,702654138000071;47,918367562000071;1
08250406119300900370;08;1;19;086;2025;04;16;1;3;5;3;0;0;1;1;0;0;0;0;535534,520999999716878;5405271,908999999985099;9,483886455000061;48,799423268000055;1
08250318415400846350;08;4;15;061;2025;03;12;3;3;0;3;0;0;1;1;0;0;0;0;515805,345700000412762;5370944,158700000494719;9,213920241000039;48,491421803000037;1
08250319415400843990;08;4;15;061;2025;03;08;4;3;5;3;0;0;1;1;0;0;0;0;514353,221900000236928;5370375,567999999970198;9,194246801000077;48,486341401000061;1
08250326311010824860;08;3;11;000;2025;03;18;4;3;2;6;2;0;1;1;0;0;0;0;411246,928000000305474;5314616,706000000238419;7,810689638000042;47,978695728000048;1
08250403335100905610;08;3;35;043;2025;04;14;5;3;0;7;0;0;1;0;0;0;0;0;513360,971300000324845;5278225,993300000205636;9,177937046000068;47,657290765000027;1
08250318325202799990;08;3;25;049;2025;03;07;3;3;6;4;0;0;0;1;1;0;0;0;472153,496299999766052;5334148,288899999111891;8,625540566000041;48,159970191000070;1
08250323111140818220;08;1;11;000;2025;03;14;1;3;0;7;0;0;1;1;0;0;0;0;512417,699799999594688;5401423,018600000068545;9,168982807000077;48,765690589000030;1
08250322311100826800;08;3;15;013;2025;03;15;7;3;5;3;0;0;1;0;0;0;0;0;405336,288999999873340;5325372,638000000268221;7,729128728000035;48,074597341000072;1
08250320317500809500;08;3;17;151;2025;03;16;5;3;5;7;0;0;1;1;0;0;0;0;414105,919999999925494;5362858,777599999681115;7,839230641000029;48,413025617000073;1
08250310311010816350;08;3;11;000;2025;03;07;2;3;5;3;0;0;1;0;0;0;0;0;415787,116399999707937;5315392,094599999487400;7,871364544000073;47,986284479000062;1
08250316121300827860;08;1;21;000;2025;03;13;1;3;6;4;0;0;0;1;1;0;0;0;514307,175800000317395;5443890,310000000521541;9,196187509000026;49,147670151000057;1
08250407115300906200;08;1;15;041;2025;04;13;2;3;5;3;0;0;1;1;0;0;0;0;493245,155199999921024;5402470,490499999374151;8,908061228000065;48,775200834000032;1
08250327121200850760;08;1;21;000;2025;03;21;5;3;5;3;2;0;1;1;0;0;0;0;515612,539499999955297;5443982,942800000309944;9,214090807000048;49,148471614000073;1
08250325416200857590;08;4;16;041;2025;03;17;3;3;5;2;0;1;0;1;1;0;0;0;505664,131699999794364;5373104,833900000900030;9,076691750000066;48,511033333000057;1
08250407421200888220;08;4;21;000;2025;04;12;2;2;3;6;0;0;1;1;0;0;0;0;572954,358599999919534;5361663,766699999570847;9,985723988000075;48,403907310000079;1