UIDENTSTLAE;ULAND;UREGBEZ;UKREIS;UGEMEINDE;UJAHR;UMONAT;USTUNDE;UWOCHENTAG;UKATEGORIE;UART;UTYP1;ULICHTVERH;IstStrassenzustand;IstRad;IstPKW;IstFuss;IstKrad;IstGkfz;IstSonstige;LINREFX;LINREFY;XGCSWGS84;YGCSWGS84;PLST
08250323435100818260;08;4;35;035;2025;03;17;1;3;6;4;0;0;0;1;1;0;0;0;541219,149400000460446;5281255,526699999347329;9,549217421000037;47,683373188000076;1
08250316311010807690;08;3;11;000;2025;03;19;1;3;6;3;2;1;0;1;1;0;0;0;411970,899000000208616;5314908,305999999865890;7,820329104000052;47,981418789000031;1
08250321235100841180;08;2;35;085;2025;03;13;6;3;5;3;0;0;1;1;0;0;0;0;480708,599000000394881;5397941,167999999597669;8,737642307000044;48,734193054000059;1
08250402311010875580;08;3;11;000;2025;04;13;4;3;0;3;0;0;1;1;0;0;0;0;414672,444000000134110;5316344,866900000721216;7,856239188000075;47,994707313000049;1
08250405425000892390;08;4;25;033;2025;04;11;7;3;6;2;0;0;0;1;1;0;0;0;553848,575699999928474;5347864,189999999478459;9,725836600000036;48,281689290000031;1
08250406311010896270;08;3;11;000;2025;04;04;1;3;0;7;2;0;1;0;0;0;0;0;411273,995799999684095;5317077,713099999353290;7,810543621000022;48,000836888000038;1
08250325435200839690;08;4;35;067;2025;03;17;3;3;5;3;0;0;1;1;0;0;0;0;529554,256799999624491;5291893,731599999591708;9,394517375000021;47,779728001000080;1
08250319416010826650;08;4;15;061;2025;03;08;4;3;3;2;0;0;1;1;0;0;0;0;515840,953399999998510;5371270,319599999114871;9,214414547000047;48,494355164000069;1
08250310121400794180;08;1;21;000;2025;03;16;2;3;5;3;0;1;1;0;0;0;0;1;513951,629999999888241;5443225,686799999326468;9,191289094000069;49,141699821000032;1
08250407118400887600;08;1;18;048;2025;04;16;2;3;5;2;0;0;1;1;0;0;0;0;514504,671799999661744;5415929,088800000026822;9,197895868000046;48,896139563000077;1
08250406311010927800;08;3;11;000;2025;04;13;1;3;6;7;0;0;1;0;1;0;0;0;415558,762199999764562;5315847,216199999675155;7,868215202000044;47,990348394000080;1
08250323311010838590;08;3;11;000;2025;03;03;1;3;7;1;2;0;1;0;0;0;0;0;412196,326399999670684;5314573,547900000587106;7,823417811000070;47,978438515000050;1
08250320116010807400;08;1;16;071;2025;03;13;5;3;5;2;0;0;1;1;0;0;0;0;528045,253800000064075;5390910,340099999681115;9,380927742000040;48,670612002000041;1
08250402311010869490;08;3;11;000;2025;04;16;4;3;1;7;0;0;1;1;0;0;0;0;416091,882000000216067;5315729,452600000426173;7,875382315000024;47,989359230000048;1
08250404121200870080;08;1;21;000;2025;04;12;6;3;0;7;0;0;1;0;0;0;0;1;515691,063799999654293;5443322,431900000199676;9,215141858000038;49,142528102000028;1
08250405421300931610;08;4;21;000;2025;04;23;7;3;5;3;2;0;1;0;0;1;0;0;570772,022699999623001;5361559,722200000658631;9,956224115000055;48,403220214000044;1
08250328336400854570;08;3;36;091;2025;03;15;6;2;0;3;0;0;1;1;0;0;0;0;394711,591699999757111;5272582,888900000602007;7,599373303000050;47,598101950000057;1
08250328416010840780;08;4;15;061;2025;03;09;6;3;5;2;0;0;1;1;0;0;0;0;515322,160400000400841;5371395,753599999472499;9,207397098000058;48,495496478000064;1
08250314111500806850;08;1;11;000;2025;03;07;6;3;5;3;0;0;0;1;1;0;0;0;513720,463100000284612;5402203,877599999308586;9,186737051000023;48,772687785000073;1
08250405336300927000;08;3;36;057;2025;04;12;7;3;2;6;0;0;1;1;0;0;0;0;407669,963800000026822;5277633,541300000622869;7,770646852000027;47,645511264000049;1
08250402222014875570;08;2;22;000;2025;04;17;4;2;5;2;0;0;1;0;0;0;0;1;466437,960799999535084;5485240,731499999761581;8,536305454000058;49,518858578000049;1
08250320231000813230;08;2;31;000;2025;03;16;5;3;1;6;0;0;1;1;0;0;0;0;479077,532800000160933;5416238,369200000539422;8,714527451000038;48,898738249000075;1
08250310435200821930;08;4;35;059;2025;03;16;2;3;0;1;0;0;1;0;0;0;0;0;511921,548999999649823;5290445,410399999469519;9,159101667000073;47,767264390000037;1
08250317212010799500;08;2;12;000;2025;03;13;2;3;1;5;0;0;1;1;0;0;0;0;460205,437500000000000;5426176,282299999147654;8,456069402000026;48,987207930000068;1
08250310116010804260;08;1;16;049;2025;03;22;2;3;6;2;2;0;0;0;1;0;0;1;525770,622899999842048;5384835,356699999421835;9,349654975000021;48,616059420000056;1
08250402316100868470;08;3;16;043;2025;04;13;4;2;0;1;0;0;1;0;0;0;0;0;411942,543899999931455;5330653,606899999082088;7,816708418000076;48,123046846000079;1
08250315111500794330;08;1;11;000;2025;03;16;7;3;5;3;0;0;1;1;0;0;0;0;513425,734000000171363;5405039,805999999865890;9,182818419000057;48,798205963000044;1
08250314436200818360;08;4;36;064;2025;03;12;6;3;6;4;0;0;0;1;1;0;0;0;546616,937900000251830;5293576,213400000706315;9,622455087000048;47,793856475000041;1
08250329311010846220;08;3;11;000;2025;03;23;7;3;0;7;2;0;0;1;1;0;0;0;412241,932000000029802;5323689,812100000679493;7,822162154000068;48,060447904000057;1
08250330111500856070;08;1;11;000;2025;03;11;1;3;6;4;0;0;0;1;1;0;0;0;511051,871600000187755;5397756,294299999251962;9,150297978000026;48,732730567000033;1
08250327311100851860;08;3;15;059;2025;03;18;5;3;5;3;0;0;1;0;0;0;0;0;399200,570299999788404;5321709,944299999624491;7,647642260000055;48,040712480000082;1
08250322316100812610;08;3;16;011;2025;03;14;7;3;8;1;0;0;1;0;0;0;0;0;413934,445000000298023;5330625,717000000178814;7,843474941000068;48,123068416000081;1
08250324231302817730;08;2;31;000;2025;03;21;2;3;1;7;2;0;1;0;0;0;1;0;479200,063900000415742;5417191,971200000494719;8,716150706000064;48,907320653000056;1
08250328222014830120;08;2;26;038;2025;03;12;6;2;5;4;0;0;1;0;1;0;0;0;471581,423899999819696;5480286,795700000599027;8,607722150000029;49,474562737000042;1
08250316226400855270;08;2;26;084;2025;03;18;1;3;0;7;0;0;1;1;0;0;0;0;468547,757899999618530;5469811,374099999666214;8,566678580000030;49,380189984000026;1
08250320121500855900;08;1;25;065;2025;03;16;5;3;5;3;0;0;0;1;1;0;0;0;516860,945500000379980;5449361,276900000870228;9,231435161000036;49,196818187000076;1
08250321436200809430;08;4;36;064;2025;03;11;6;3;5;3;0;0;1;1;0;0;0;0;546054,722000000067055;5292977,247999999672174;9,614884947000064;47,788508046000061;1
08250405118400911650;08;1;18;048;2025;04;21;7;3;1;5;2;0;1;1;0;0;0;0;514288,325699999928474;5415607,048399999737740;9,194932883000035;48,893247602000031;1
08250401421200872710;08;4;21;000;2025;04;23;3;3;0;1;2;0;1;0;0;0;0;0;573546,006500000134110;5360929,321799999102950;9,993588123000052;48,397232072000065;1
08250330311010837730;08;3;36;069;2025;03;16;1;3;0;3;0;0;1;1;0;0;0;0;408230,627399999648333;5268403,112099999561906;7,780042592000029;47,562556229000052;1
08250311222500809510;08;2;22;000;2025;03;08;3;3;5;3;0;0;1;1;0;0;0;0;462082,429600000381470;5479026,032899999991059;8,476727938000067;49,462703835000070;1
08250319222014826530;08;2;22;000;2025;03;06;4;3;5;3;1;0;1;1;0;0;0;0;461506,888500000350177;5482530,449599999934435;8,468444625000075;49,494188039000051;1
08250316222301850700;08;2;22;000;2025;03;16;1;3;1;7;0;0;1;0;0;0;0;1;464675,631299999542534;5481965,944599999114871;8,512250833000053;49,489303364000079;1
08250407118010899570;08;1;15;021;2025;04;13;2;2;6;4;0;0;0;0;1;0;0;1;490263,927699999883771;5382511,087999999523163;8,867954709000060;48,595604823000031;1
08250310212402843080;08;2;12;000;2025;03;08;2;3;0;7;0;0;1;0;0;0;0;0;456419,257799999788404;5426770,741499999538064;8,404257187000042;48,992299599000035;1
08250402311010873750;08;3;11;000;2025;04;07;4;3;3;6;0;0;1;0;0;1;0;0;413409,185800000093877;5317235,094499999657273;7,839129945000025;48,002545381000061;1
08250310311010779670;08;3;36;091;2025;03;18;2;3;5;3;1;0;1;1;0;0;0;0;396332,229299999773502;5272363,355299999937415;7,620977669000069;47,596388378000029;1
08250331221300857120;08;2;26;012;2025;03;13;2;3;5;2;0;0;1;1;0;0;0;0;473565,150899999774992;5477468,569399999454618;8,635292247000052;49,449303224000062;1
08250310111330790800;08;1;11;000;2025;03;18;2;3;4;2;2;1;1;1;0;0;0;0;516227,327200000174344;5409084,640599999576807;9,221127465000052;48,834525820000067;1
08250317121500800320;08;1;25;069;2025;03;13;2;3;6;7;0;0;0;1;1;0;0;0;524565,833700000308454;5453257,048800000920892;9,337430111000060;49,231600811000078;1
08250324212502836670;08;2;12;000;2025;03;18;2;3;5;3;0;0;1;0;0;1;0;0;451166,423899999819696;5431861,693800000473857;8,331843885000069;49,037699529000065;1
08250327336300831270;08;3;36;036;2025;03;17;5;3;1;3;0;0;1;1;0;0;0;0;412929,771200000308454;5281620,758999999612570;7,839870174000055;47,682108747000029;1
08250319416200819360;08;4;16;041;2025;03;16;4;3;8;1;0;0;1;0;0;0;0;0;502561,244599999859929;5374268,068499999120831;9,034686140000076;48,521518549000064;1
08250326212102838030;08;2;12;000;2025;03;19;4;3;0;6;1;0;1;0;0;0;0;0;457761,763600000180304;5428672,193199999630451;8,422410314000047;49,009496753000064;1
08250322212010835500;08;2;12;000;2025;03;00;7;2;6;4;2;0;0;0;1;0;0;1;456539,921199999749660;5426823,470200000330806;8,405900907000046;48,992782406000060;1
08250330231102865860;08;2;36;046;2025;03;12;1;3;0;7;0;0;1;0;0;0;0;0;483433,794999999925494;5418790,394600000232458;8,773861499000077;48,921827285000063;1
08250321311010813280;08;3;36;050;2025;03;19;6;3;5;3;2;0;1;1;0;0;0;0;399007,035000000149012;5273415,702999999746680;7,656306169000061;47,606276784000045;1
08250404436000870150;08;4;37;088;2025;04;16;6;3;5;3;0;0;1;1;0;0;0;0;518002,148000000044703;5308697,628000000491738;9,241010677000077;47,931344720000027;1
08250401436000867440;08;4;35;057;2025;04;15;3;3;0;7;0;0;1;0;0;0;0;0;543779,283800000324845;5280324,203700000420213;9,583234322000067;47,674825524000028;1
08250401222200867500;08;2;22;000;2025;04;17;3;3;5;3;0;0;1;1;0;0;0;0;461609,094899999909103;5481975,309100000187755;8,469909864000044;49,489201325000067;1
08250309416100789970;08;4;16;048;2025;03;13;1;3;2;6;0;0;1;1;0;0;0;0;497110,201000000350177;5374801,679899999871850;8,960860653000054;48,526317684000048;1
08250310325000783010;08;3;27;050;2025;03;18;2;2;6;4;1;0;0;0;1;0;0;1;486666,608000000007451;5314536,702999999746680;8,821312665000050;47,983994265000035;1
08250331215302858540;08;2;15;007;2025;03;15;2;3;5;3;0;0;1;1;0;0;0;0;478297,650000000372529;5431262,162100000306964;8,703085337000061;49,033858680000037;1
08250406118100899370;08;1;18;018;2025;04;17;1;3;6;7;0;0;0;1;1;0;0;0;511174,133999999612570;5430337,853000000119209;9,152851123000062;49,025824724000074;1
08250312317100817090;08;3;17;001;2025;03;09;4;2;0;2;0;1;1;1;0;0;0;0;431321,983099999837577;5386760,869799999520183;8,067915226000025;48,630140913000048;1
08250321311010835540;08;3;11;000;2025;03;11;6;3;1;6;0;0;1;1;0;0;0;0;415344,588999999687076;5317802,566299999132752;7,864959376000058;48,007909275000031;1
08250321226700859350;08;2;26;010;2025;03;07;6;3;6;6;0;0;0;1;1;0;0;0;480564,762500000186265;5458968,251700000837445;8,732764341000063;49,283158091000075;1
08250322116500853380;08;1;16;046;2025;03;17;7;3;0;1;0;0;1;0;0;0;0;0;527712,350999999791384;5378906,801999999210238;9,375604231000068;48,562642749000076;1
08250323311010815780;08;3;15;073;2025;03;14;1;3;0;1;0;0;1;0;0;0;0;0;412812,484199999831617;5313420,791400000452995;7,831906550000042;47,968153328000028;1
08250401115400867300;08;1;15;045;2025;04;17;3;3;0;1;0;0;1;0;0;0;0;0;500767,450699999928474;5395077,404899999499321;9,010431844000038;48,708728677000067;1
08250320336100806010;08;3;36;050;2025;03;19;5;3;6;6;2;0;0;1;1;0;0;0;398204,280600000172853;5273166,126000000163913;7,645686685000044;47,603906178000045;1
08250318221011829800;08;2;21;000;2025;03;13;3;2;6;4;0;0;1;0;1;0;0;0;477289,131000000052154;5472673,531899999827147;8,686943733000021;49,406323361000034;1
08250403136000888410;08;1;36;065;2025;04;16;5;3;0;7;0;0;1;0;0;0;0;0;557638,946000000461936;5405594,653999999165535;9,784911869000041;48,800669892000030;1
08250327317100839320;08;3;17;001;2025;03;13;5;3;5;3;0;0;1;0;0;0;0;0;431508,298000000417233;5386529,646700000390410;8,070481711000070;48,628081492000035;1
08250309336400811960;08;3;36;006;2025;03;15;1;3;1;7;0;0;1;1;0;0;0;0;392745,474999999627471;5287087,426000000908971;7,569666650000045;47,728246776000049;1
08250404212010894430;08;2;12;000;2025;04;14;6;3;5;3;0;0;1;1;0;0;0;0;455858,594399999827147;5426849,291500000283122;8,396584904000065;48,992966339000077;1
08250326116200861470;08;1;16;078;2025;03;10;4;3;5;3;0;1;1;0;0;0;0;1;510592,740699999965727;5393536,472799999639392;9,143945794000047;48,694776872000034;1
08250326417100824430;08;4;17;079;2025;03;22;4;3;6;2;2;1;0;1;1;0;0;0;502042,181300000287592;5340130,553600000217557;9,027490833000059;48,214398629000073;1
08250406435200898040;08;4;35;059;2025;04;09;1;3;6;7;0;0;1;0;1;0;0;0;511935,554999999701977;5290543,616000000387430;9,159291284000062;47,768147738000039;1
08250325212010844400;08;2;12;000;2025;03;19;3;3;5;2;2;0;1;1;0;0;0;0;460713,673799999989569;5427630,261299999430776;8,462875298000029;49,000319347000072;1
08250330317100844790;08;3;17;001;2025;03;15;1;3;5;3;0;0;1;0;0;0;0;0;432551,213899999856949;5385842,007699999958277;8,084745349000059;48,622009491000028;1
08250401311400885880;08;3;15;006;2025;04;14;3;3;5;3;0;0;1;1;0;0;0;0;403830,036600000225008;5307918,322899999096990;7,712823859000025;47,917371881000065;1
08250321416010843880;08;4;15;061;2025;03;18;6;3;6;6;1;0;0;0;1;0;0;1;516037,734000000171363;5370460,638000000268221;9,217046953000022;48,487065992000055;1
08250327221200863420;08;2;21;000;2025;03;07;5;3;5;3;0;0;1;1;0;0;0;0;476154,314100000075996;5472747,700099999085069;8,671296745000063;49,406947083000034;1
08250407212702917980;08;2;15;046;2025;04;17;2;3;5;3;0;0;1;1;0;0;0;0;450761,048100000247359;5415225,286800000816584;8,328310550000026;48,888021905000073;1
08250319317100810960;08;3;17;001;2025;03;15;4;3;5;3;0;0;1;1;0;0;0;0;431510,048000000417233;5382843,526300000026822;8,071113888000070;48,594924878000029;1
08250321335200809390;08;3;35;063;2025;03;10;6;3;0;1;0;0;1;0;0;0;0;0;496591,189899999648333;5288551,834000000730157;8,954521738000039;47,750328069000034;1
08250323116010841100;08;1;16;012;2025;03;18;1;2;6;4;0;0;0;1;1;0;0;0;536456,503999999724329;5382841,959000000730157;9,494460758000059;48,597595598000055;1
08250326317500839100;08;3;17;096;2025;03;12;4;3;0;2;0;1;1;0;0;0;0;1;421877,303100000135601;5369273,295099999755621;7,943036778000021;48,471735394000063;1
08250330326200835930;08;3;26;074;2025;03;16;1;3;5;3;0;0;1;1;0;0;0;0;463875,512699999846518;5322677,706199999898672;8,515199505000055;48,056356342000072;1
08250320116400165260;08;1;16;033;2025;03;20;5;3;0;1;1;0;1;0;0;0;0;0;533493,653900000266731;5386948,599999999627471;9,454608480000047;48,634704202000080;1
08250309335300790060;08;3;35;075;2025;03;18;1;3;5;3;1;0;1;0;0;0;0;1;487691,521300000138581;5290070,491000000387430;8,835745119000023;47,763883771000053;1
08250327111500853480;08;1;11;000;2025;03;18;5;3;4;2;0;0;1;0;0;0;0;0;512908,383399999700487;5409509,756899999454618;9,175914334000026;48,838427969000065;1
08250317317100835020;08;3;17;001;2025;03;17;2;3;5;2;0;0;1;1;0;0;0;0;430601,177500000223517;5386495,981000000610948;8,058178308000038;48,627678665000076;1
08250311136000812330;08;1;36;065;2025;03;14;3;3;5;3;0;0;1;1;0;0;0;0;558970,693400000222027;5405636,403999999165535;9,803051407000055;48,800920524000048;1
08250402118300867690;08;1;18;046;2025;04;17;4;3;5;3;0;0;1;0;0;0;0;1;513958,335199999623001;5412392,065600000321865;9,190321157000028;48,864333921000082;1
08250403311010869550;08;3;11;000;2025;04;17;5;3;3;2;0;0;1;1;0;0;0;0;413097,583499999716878;5316618,060300000011921;7,835078354000075;47,996952670000042;1
08250402121200888210;08;1;21;000;2025;04;16;4;3;5;3;0;0;1;1;0;0;0;0;516724,308799999766052;5444070,951199999079108;9,229339748000029;49,149234004000050;1
08250405119100883340;08;1;19;008;2025;04;14;7;3;6;4;0;0;0;1;1;0;0;0;530679,128100000321865;5421358,852199999615550;9,418977401000063;48,944393194000043;1
08250324212502853700;08;2;12;000;2025;03;13;2;3;5;2;0;0;1;1;0;0;0;0;450433,427899999544024;5428310,982499999925494;8,322249381000063;49,005702552000059;1
08250318116200854560;08;1;16;078;2025;03;14;3;3;0;7;0;0;1;0;0;0;0;0;510395,666100000031292;5394300,159600000828505;9,141286961000048;48,701650361000077;1
08250309311010791230;08;3;11;000;2025;03;17;1;2;6;4;0;0;0;1;1;0;0;0;402750,512199999764562;5313527,422299999743700;7,697111521000068;47,967662615000052;1
08250324111230845700;08;1;11;000;2025;03;16;2;3;6;7;0;0;0;1;1;0;0;0;508265,694799999706447;5395965,314600000157952;9,112372047000065;48,716662049000035;1
08250320436000805390;08;4;35;024;2025;03;12;5;2;0;7;0;0;1;0;0;0;0;0;526480,766999999992549;5279819,871999999508262;9,352756230000068;47,671227754000029;1
08250407226400901710;08;2;26;062;2025;04;08;2;3;1;5;0;0;1;1;0;0;0;0;469800,580400000326335;5468716,546499999240041;8,584021498000027;49,370405641000048;1
08250330435100857530;08;4;35;016;2025;03;15;1;3;3;6;0;0;1;0;0;0;0;0;530121,459200000390410;5282253,990499999374151;9,401421531000040;47,692969304000030;1
08250309221300799060;08;2;21;000;2025;03;09;1;3;0;7;0;0;1;0;1;0;0;0;476614,303399999625981;5476244,651499999687076;8,677431285000068;49,438419355000065;1
08250331231000858350;08;2;31;000;2025;03;11;2;3;6;5;0;0;0;1;1;0;0;0;478900,661100000143051;5417089,665699999779463;8,712070204000042;48,906390220000048;1
08250312311010811170;08;3;15;064;2025;03;15;4;3;0;3;0;1;1;1;0;0;0;0;422620,293899999931455;5313354,796399999409914;7,963294736000023;47,968820707000077;1
08250322119100838890;08;1;19;008;2025;03;20;7;3;9;7;2;0;1;0;0;0;0;0;531990,684600000269711;5421596,935699999332428;9,436907172000076;48,946468411000069;1
08250323116400843850;08;1;16;033;2025;03;16;1;3;0;1;0;0;1;0;0;0;0;0;532213,290199999697506;5388575,154899999499321;9,437357167000073;48,649403831000029;1
08250309212702798870;08;2;15;096;2025;03;19;1;2;0;7;2;0;1;0;0;0;0;0;464414,991999999620020;5413197,127000000327826;8,514737986000057;48,870712095000044;1
08250404115400870740;08;1;15;045;2025;04;08;6;3;3;2;0;0;1;1;0;0;0;0;500787,105000000447035;5395081,620999999344349;9,010699010000053;48,708766581000077;1
08250324118300818020;08;1;18;046;2025;03;09;2;3;5;3;0;0;1;1;0;0;0;0;513313,366000000387430;5412095,782999999821186;9,181517445000054;48,861682806000033;1
08250318426100801330;08;4;26;021;2025;03;15;3;3;5;3;0;0;1;1;0;0;0;0;559006,228799999691546;5326512,764599999412894;9,792384739000056;48,089151432000051;1
08250309237200776370;08;2;37;019;2025;03;19;1;2;0;7;2;0;1;0;0;0;0;0;462998,887000000104308;5368841,696000000461936;8,499396200000035;48,471617252000044;1
08250325115300850000;08;1;15;042;2025;03;17;3;2;6;4;0;0;0;1;1;0;0;0;495721,751600000075996;5406663,389699999243021;8,941725969000061;48,812941842000043;1
08250314116200790210;08;1;16;078;2025;03;15;6;3;0;6;0;0;1;0;0;0;0;1;513012,856599999591708;5392704,888800000771880;9,176806644000067;48,687250111000026;1
08250320115400819810;08;1;15;045;2025;03;15;5;3;0;7;0;0;1;0;0;0;0;0;500312,543999999761581;5395321,349999999627471;9,004248549000067;48,710923618000038;1
08250309136000804400;08;1;36;065;2025;03;16;1;3;0;7;0;0;1;0;0;0;0;0;560542,809700000099838;5407063,078099999576807;9,824668309000060;48,813602308000043;1
08250317311300813030;08;3;11;000;2025;03;18;2;2;6;4;0;0;0;1;1;0;0;0;411033,016999999992549;5316010,538200000301003;7,807535037000036;47,991203899000027;1
08250312121400794410;08;1;25;056;2025;03;19;4;3;7;1;2;0;1;0;0;0;0;0;510212,144799999892712;5435645,037599999457598;9,139825914000028;49,073582246000058;1
08250312212402797490;08;2;12;000;2025;03;12;4;3;0;1;0;1;1;0;0;0;0;0;456675,012500000186265;5428088,097400000318885;8,407612612000037;49,004167395000081;1
08250309121500776150;08;1;25;065;2025;03;14;1;3;5;3;0;0;1;1;0;0;0;0;516506,459999999962747;5449003,780999999493361;9,226554808000060;49,193612072000064;1
08250320311010807330;08;3;11;000;2025;03;18;5;3;0;7;0;0;1;0;0;0;0;0;412612,300699999555945;5315509,274399999529123;7,828800310000076;47,986912642000050;1
08250320115400842820;08;1;15;045;2025;03;18;5;3;5;3;0;0;1;1;0;0;0;0;499948,735899999737740;5396381,746300000697374;8,999303013000031;48,720463086000052;1
08250312111500795310;08;1;11;000;2025;03;09;4;3;5;2;0;1;1;1;0;0;0;0;519793,682000000029802;5401083,119000000879169;9,269339512000045;48,762442013000054;1
08250401212010866990;08;2;12;000;2025;04;14;3;3;6;4;0;0;0;0;1;0;0;1;459201,054899999871850;5429145,216000000014901;8,442043461000026;49,013848512000038;1
08250406111130901100;08;1;11;000;2025;04;16;1;3;2;6;0;0;1;1;0;0;0;0;509384,446600000374019;5398718,938500000163913;9,127644113000031;48,741417866000063;1
08250328116010850300;08;1;16;033;2025;03;16;6;3;5;2;0;0;1;1;0;0;0;0;531715,884300000034273;5388002,059499999508262;9,430560238000055;48,644273756000075;1
08250320111250850230;08;1;11;000;2025;03;17;5;3;0;6;0;0;1;0;0;0;0;0;519357,468200000002980;5399762,368300000205636;9,263341756000045;48,750574387000029;1
08250405126100872140;08;1;26;039;2025;04;14;7;3;3;6;0;0;1;0;0;0;0;0;546625,118200000375509;5460949,254699999466538;9,641311801000029;49,299507049000056;1
08250407416010941040;08;4;15;061;2025;04;08;2;3;6;4;0;0;1;0;1;0;0;0;515414,705500000156462;5371244,396700000390410;9,208644170000071;48,494132555000078;1
08250325119200845980;08;1;19;020;2025;03;10;3;3;5;3;0;0;1;0;0;0;0;0;520216,652700000442564;5405926,617399999871850;9,275333195000030;48,805999809000070;1
08250322231202843210;08;2;36;072;2025;03;13;7;3;5;3;0;0;1;1;0;0;0;0;466753,974700000137091;5410788,765900000929832;8,546828530000028;48,849177369000074;1
08250313317000788510;08;3;17;100;2025;03;19;5;3;0;1;2;0;1;0;0;0;0;0;423935,037200000137091;5366551,687200000509620;7,971366986000021;48,447506780000026;1
08250321119400847710;08;1;19;091;2025;03;16;6;3;6;7;0;0;0;1;1;0;0;0;528443,505599999800324;5405876,039499999955297;9,387369971000055;48,805222760000049;1
08250404111500879320;08;1;11;000;2025;04;11;6;3;6;7;0;0;0;1;1;0;0;0;516038,737300000153482;5405441,921599999070168;9,218415181000069;48,801761417000080;1
08250318121200841610;08;1;21;000;2025;03;07;3;3;5;2;1;0;1;1;0;0;0;0;516817,472900000400841;5442092,190300000831485;9,230534720000037;49,131431865000081;1
08250324426000830960;08;4;26;070;2025;03;17;2;3;6;4;0;0;1;0;1;0;0;0;566676,548999999649823;5341725,406300000846386;9,897760384000037;48,225245516000030;1
08250311127202812310;08;1;27;014;2025;03;16;3;2;0;7;0;0;1;0;0;0;0;0;575059,849399999715388;5443828,980699999257922;10,029164736000041;49,142698445000065;1
08250317212010818840;08;2;12;000;2025;03;17;2;3;5;2;1;0;1;1;0;0;0;0;457989,491299999877810;5428839,582000000402331;8,425506904000031;49,011017985000080;1
08250317117400796310;08;1;17;051;2025;03;16;2;2;8;1;0;0;1;0;0;0;0;0;542902,030899999663234;5395347,620899999514222;9,583173315000067;48,709684189000029;1
08250403221400889140;08;2;21;000;2025;04;10;5;3;6;7;0;0;0;1;1;0;0;0;474339,592899999581277;5472380,594799999147654;8,646305742000038;49,403571225000064;1
08250309121100778750;08;1;25;006;2025;03;16;1;3;0;7;0;0;1;0;0;0;0;0;507785,654000000096858;5453703,066600000485778;9,106951322000043;49,236056154000039;1
08250404337400929180;08;3;37;116;2025;04;17;6;2;5;3;0;0;1;0;0;0;0;0;418092,305499999783933;5276901,529100000858307;7,909527417000049;47,640328946000068;1
08250327211000852960;08;3;17;126;2025;03;17;5;2;6;4;0;0;0;1;1;0;0;0;439297,779099999926984;5383210,369400000199676;8,176668261000032;48,599028223000062;1
08250328216100846610;08;2;16;043;2025;03;11;6;2;6;4;0;0;0;1;1;0;0;0;441761,205900000408292;5413055,599099999293685;8,205860287000064;48,867725277000034;1
08250326326400855800;08;3;26;074;2025;03;08;4;3;0;1;0;0;1;0;0;0;0;0;459644,286600000225008;5322661,641699999570847;8,458419301000049;48,055958199000031;1
08250320119300819390;08;1;19;067;2025;03;07;5;3;5;2;0;0;1;1;0;0;0;0;538345,396599999628961;5405565,018200000748038;9,522188937000067;48,801892915000053;1
08250406212502885690;08;2;12;000;2025;04;17;1;3;4;6;0;0;1;0;0;0;0;0;452896,862599999643862;5428628,036499999463558;8,355894187000047;49,008747394000068;1
08250320221400858720;08;2;21;000;2025;03;07;5;3;0;7;0;0;1;0;0;0;0;0;475695,383700000122190;5469345,762499999254942;8,665178727000068;49,376329010000063;1
08250402311010867670;08;3;36;081;2025;04;12;4;3;6;4;0;0;0;1;1;0;0;0;411082,893099999986589;5277760,388800000771880;7,816053229000033;47,647130247000064;1
08250313111250786090;08;1;11;000;2025;03;08;5;3;5;3;0;0;1;1;0;0;0;0;518183,563099999912083;5402897,465700000524521;9,247510497000064;48,778812800000026;1
08250328212010854720;08;2;12;000;2025;03;10;6;2;5;3;0;0;1;1;0;0;0;0;456906,602900000289083;5427510,096799999475479;8,410840330000042;48,998984414000063;1
08250321416010816110;08;4;16;025;2025;03;19;6;2;0;1;2;0;1;0;0;0;0;0;502636,302600000053644;5360530,814699999988079;9,035616067000035;48,397931548000031;1
08250318311010803810;08;3;11;000;2025;03;18;3;3;5;3;1;0;1;1;0;0;0;0;412632,051799999549985;5315731,027799999341369;7,829019837000033;47,988910085000043;1
08250310136100805300;08;1;36;088;2025;03;14;2;3;5;3;0;1;1;1;0;0;0;0;580616,144000000320375;5413260,841000000014901;10,099265399000046;48,867066240000042;1
08250402111500869030;08;1;11;000;2025;04;15;4;3;4;2;0;0;1;1;0;0;0;0;512533,053999999538064;5401230,187000000849366;9,170546692000073;48,763953574000027;1
08250401115400883400;08;1;15;045;2025;04;17;3;3;4;7;0;0;1;0;0;0;0;0;499544,949000000022352;5394920,971000000834465;8,993814731000043;48,707321692000050;1
08250403111130965610;08;1;11;000;2025;04;13;5;3;6;6;0;0;0;0;1;0;0;1;512352,346699999645352;5402115,584300000220537;9,168114269000057;48,771922169000050;1
08250313416200848930;08;4;16;015;2025;03;08;5;3;4;6;0;0;1;0;0;0;0;0;505963,952899999916553;5366873,948899999260902;9,080662362000055;48,454974906000075;1
08250320121200810020;08;1;21;000;2025;03;14;5;3;0;7;0;0;1;0;0;0;0;0;515534,661700000055134;5442970,662299999967217;9,212983868000038;49,139367793000076;1
08250327212102843740;08;2;15;101;2025;03;16;5;3;5;3;0;0;1;1;0;0;0;0;465858,213999999687076;5427799,349400000646710;8,533194876000039;49,002146332000052;1