UIDENTSTLAE;ULAND;UREGBEZ;UKREIS;UGEMEINDE;UJAHR;UMONAT;USTUNDE;UWOCHENTAG;UKATEGORIE;UART;UTYP1;ULICHTVERH;IstStrassenzustand;IstRad;IstPKW;IstFuss;IstKrad;IstGkfz;IstSonstige;LINREFX;LINREFY;XGCSWGS84;YGCSWGS84;PLST
08250402436300872600;08;4;36;081;2025;04;10;4;3;5;2;0;0;1;1;0;0;0;0;562548,803000000305474;5281554,736999999731779;9,833437838000066;47,684352931000035;1
08250309116500801900;08;1;16;035;2025;03;13;1;3;2;6;0;0;1;1;0;0;0;0;526759,164699999615550;5392448,704299999400973;9,363559242000065;48,684507473000053;1
08250321216300823890;08;2;16;015;2025;03;17;6;3;8;7;0;0;1;0;0;0;0;0;448979,595099999569356;5406903,498600000515580;8,305047618000060;48,813021756000069;1
08250311415100808590;08;4;15;050;2025;03;15;3;3;4;6;0;0;1;0;0;0;0;1;521040,141900000162423;5377196,622099999338388;9,285086169000067;48,547517107000033;1
08250317311010829300;08;3;11;000;2025;03;17;2;2;0;7;0;0;1;0;0;0;0;0;412470,156299999915063;5315090,366800000891089;7,826981048000050;47,983124995000026;1
08250401311010873110;08;3;11;000;2025;04;08;3;3;5;3;0;0;1;0;0;0;0;0;412728,096300000324845;5317410,402699999511242;7,829965293000043;48,004029705000050;1
08250324436200818560;08;4;36;064;2025;03;17;2;3;3;2;0;0;1;1;0;0;0;0;545111,049599999561906;5290942,576999999582767;9,602075137000043;47,770268833000046;1
08250404311010908430;08;3;11;000;2025;04;14;6;3;6;2;0;0;0;0;1;0;1;0;414296,328800000250340;5316479,057199999690056;7,851171855000075;47,995864102000041;1
08250407231000901300;08;2;35;079;2025;04;13;2;1;6;2;0;0;0;0;1;0;1;0;466951,980100000277162;5399678,350800000131130;8,550421518000064;48,749242501000026;1
08250324231000854630;08;2;31;000;2025;03;15;2;3;6;2;0;0;0;1;1;0;0;0;478962,628399999812245;5416034,325400000438094;8,712970190000021;48,896898848000035;1
08250407121400874350;08;1;25;013;2025;04;10;2;3;6;4;0;0;0;1;1;0;0;0;505637,181699999608099;5436919,662299999967217;9,077202822000061;49,085106997000025;1
08250314335000816080;08;3;35;015;2025;03;06;6;2;6;4;2;0;0;0;1;0;0;1;476558,947399999946356;5282646,256500000134110;8,687584019000042;47,696775636000041;1
08250309115100806900;08;1;15;003;2025;03;14;1;3;5;2;0;0;1;1;0;0;0;0;502899,801300000399351;5393255,188200000673532;9,039403770000035;48,692329592000078;1
08250401326200885560;08;3;26;074;2025;04;17;3;2;6;4;0;0;0;1;1;0;0;0;463577,145800000056624;5323031,891899999231100;8,511165326000025;48,059525904000054;1
08250309426200791390;08;4;26;070;2025;03;13;1;3;1;7;0;0;1;1;0;0;0;0;564708,673600000329316;5344372,014599999412894;9,871671700000036;48,249257625000041;1
08250323415400815760;08;4;15;061;2025;03;17;1;3;6;4;0;0;0;0;1;0;0;1;515397,329400000162423;5371227,216000000014901;9,208408346000056;48,493978417000051;1
08250321212010812420;08;2;12;000;2025;03;16;6;2;0;3;0;0;1;0;0;0;0;0;456260,904500000178814;5428796,385399999096990;8,401874482000039;49,010509319000050;1
08250402212010868640;08;2;12;000;2025;04;07;4;2;5;5;0;0;1;1;0;0;0;0;456151,337100000120699;5428803,774100000038743;8,400375452000048;49,010568005000039;1
08250319311000841730;08;3;11;000;2025;03;21;4;3;5;3;2;0;1;1;0;0;0;0;414280,321600000374019;5319429,110400000587106;7,850367636000044;48,022398748000057;1
08250322235200831550;08;2;35;032;2025;03;15;7;3;6;4;0;1;0;1;1;0;0;0;475015,227500000037253;5377502,313999999314547;8,661448091000068;48,550122415000033;1
08250314222600799230;08;2;22;000;2025;03;09;6;3;6;7;0;0;0;1;1;0;0;0;463317,018000000156462;5482076,899000000208616;8,493481934000044;49,490220730000033;1
08250319436000829230;08;4;36;064;2025;03;09;4;3;6;7;0;0;0;1;1;0;0;0;545602,417299999855459;5292172,120400000363588;9,608761912000034;47,781296488000066;1
08250326317000847460;08;3;17;047;2025;03;13;4;3;1;5;0;1;1;1;0;0;0;0;419518,266099999658763;5363853,061300000175834;7,912167893000060;48,422683653000036;1
08250405221400896880;08;2;21;000;2025;04;19;7;3;0;7;1;0;1;0;0;0;0;0;473800,669800000265241;5469457,702700000256300;8,639070232000051;49,377257356000030;1
08250403221200892810;08;2;21;000;2025;04;18;5;3;1;5;0;0;1;1;0;0;0;0;477589,946100000292063;5472868,153599999845028;8,691079249000040;49,408085106000044;1
08250310421300805770;08;4;21;000;2025;03;07;2;3;3;2;0;0;1;0;0;0;1;0;572176,743499999865890;5360521,593100000172853;9,975022448000061;48,393722692000040;1
08250322335300859910;08;3;35;035;2025;03;09;7;3;1;5;0;0;1;1;0;0;0;0;485258,196999999694526;5290034,160399999469519;8,803274170000066;47,763505823000060;1
08250408118010901110;08;1;18;071;2025;04;16;3;2;4;6;0;0;1;0;0;0;1;0;510311,344999999739230;5419470,956100000068545;9,140773519000049;48,928085219000081;1
08250313226600786860;08;2;26;096;2025;03;05;5;3;0;1;2;0;1;0;0;0;0;0;475887,227300000376999;5488892,747500000521541;8,666630782000027;49,552156642000057;1
08250317222200825540;08;2;22;000;2025;03;19;2;3;4;6;2;0;1;0;0;0;0;1;461681,336299999617040;5482447,404799999669194;8,470861536000029;49,493452139000055;1
08250317115100823990;08;1;15;003;2025;03;07;2;3;5;2;0;0;1;1;0;0;0;0;501455,207000000402331;5393041,527000000700355;9,019773239000074;48,690412516000038;1
08250321416010836200;08;4;16;041;2025;03;21;6;3;6;7;2;0;1;0;1;0;0;0;503259,549300000071526;5374161,861600000411272;9,044142230000034;48,520559835000029;1
08250327212010827260;08;2;12;000;2025;03;16;5;3;6;4;0;0;0;1;1;0;0;0;458591,793200000189245;5428467,066500000655651;8,433780948000049;49,007707860000039;1
08250402231000868510;08;2;37;019;2025;04;18;4;2;6;1;0;0;0;1;1;0;0;0;463638,084599999710917;5370691,525800000876188;8,507882898000048;48,488295794000067;1
08250403416100868920;08;4;16;036;2025;04;10;5;3;0;1;0;0;1;0;0;0;0;0;492374,387799999676645;5367484,852199999615550;8,896852624000076;48,460452923000048;1
08250308415400837510;08;4;15;061;2025;03;21;7;3;1;7;2;0;1;1;0;0;0;0;516311,676400000229478;5370695,664000000804663;9,220763506000026;48,489173318000041;1
08250319121200800060;08;1;21;000;2025;03;23;4;3;0;7;2;0;1;0;0;0;0;0;515829,915599999949336;5443762,936200000345707;9,217062963000046;49,146487019000062;1
08250405336400907150;08;3;36;019;2025;04;18;7;2;6;7;0;0;1;0;1;0;0;0;394857,835900000296533;5275808,698799999430776;7,600544083000045;47,627142204000052;1
08250322212010814230;08;2;12;000;2025;03;16;7;3;2;2;0;0;1;1;0;0;0;0;456128,779400000348687;5428256,820399999618530;8,400126102000058;49,005646493000029;1
08250310317000781420;08;3;17;065;2025;03;18;2;3;6;2;2;0;0;1;1;0;0;0;416584,557300000451505;5354383,483999999240041;7,874401857000066;48,337124571000061;1
08250315325202851980;08;3;25;069;2025;03;13;7;3;0;1;0;0;1;0;0;0;0;0;466454,610299999825656;5332765,100700000301003;8,549017426000034;48,147250917000065;1
08250402335300885350;08;3;35;075;2025;04;10;4;3;6;4;0;0;0;1;1;0;0;0;487984,757199999876320;5290816,203600000590086;8,839637672000038;47,770598868000036;1
08250312436300787260;08;4;36;081;2025;03;12;4;3;2;6;0;0;1;1;0;0;0;0;562984,497000000439584;5281939,189999999478459;9,839298133000057;47,687769433000028;1
08250327111500849680;08;1;11;000;2025;03;09;5;2;6;2;0;0;0;1;1;0;0;0;513232,994099999777973;5402596,576999999582767;9,180115214000068;48,776231038000049;1
08250326311000823630;08;3;37;097;2025;03;10;4;3;5;3;0;0;1;1;0;0;0;0;434689,777300000190735;5290255,031600000336766;8,128466954000032;47,762352708000037;1
08250311335100807760;08;3;35;043;2025;03;22;3;3;0;7;2;0;1;0;0;0;0;0;512727,815299999900162;5278773,858799999579787;9,169520877000025;47,662233052000033;1
08250404436400910610;08;4;36;082;2025;04;18;6;2;5;3;0;0;1;1;0;0;0;0;546750,262900000438094;5294434,195199999958277;9,624327679000032;47,801566045000072;1
08250403415400889000;08;4;15;061;2025;04;18;5;2;9;1;0;0;1;0;0;0;0;0;512375,418499999679625;5371483,374900000169873;9,167513500000041;48,496349706000046;1
08250318116200856610;08;1;16;077;2025;03;10;3;3;5;3;0;0;1;1;0;0;0;0;513794,869500000029802;5389600,935100000351667;9,187328307000030;48,659309897000071;1
08250319311010826640;08;3;15;098;2025;03;14;4;2;5;3;0;0;1;0;0;0;0;0;407451,876600000075996;5312106,419700000435114;7,760387721000029;47,955577630000050;1
08250405216200899080;08;2;16;007;2025;04;16;7;3;5;3;0;0;1;1;0;0;0;0;436396,230299999937415;5393262,789100000634789;8,135774153000057;48,689163196000038;1
08250402222700924310;08;2;22;000;2025;04;21;4;3;3;2;2;0;1;1;0;0;0;0;461521,897900000214577;5481591,161499999463558;8,468743318000065;49,485740599000053;1
08250318221200817410;08;2;21;000;2025;03;14;3;3;0;7;0;0;1;0;0;0;0;0;477120,780199999921024;5472494,675799999386072;8,684633455000039;49,404708272000050;1
08250329128100834750;08;1;28;007;2025;03;12;7;2;0;7;0;0;1;0;0;0;0;0;553999,326799999922514;5485222,539000000804663;9,746034045000044;49,517218884000044;1
08250317212010802080;08;2;12;000;2025;03;18;2;2;5;3;0;0;1;1;0;0;0;0;460699,634399999864399;5427085,280700000002980;8,462736087000053;48,995416231000036;1
08250402421200927300;08;4;21;000;2025;04;09;4;3;6;6;0;0;0;1;1;0;0;0;572629,643000000156462;5361048,627399999648333;9,981230822000043;48,398411488000079;1
08250308336400794290;08;3;36;091;2025;03;10;7;3;5;3;0;0;1;0;0;0;0;0;396935,926300000399351;5272438,350099999457598;7,628988240000069;47,597159224000052;1
08250310116500820060;08;1;16;035;2025;03;15;2;3;0;1;0;0;1;0;0;0;0;0;526722,221599999815226;5391593,543400000780821;9,363002047000066;48,676816083000062;1
08250327221200861250;08;2;21;000;2025;03;22;5;2;0;7;2;0;1;0;0;0;0;0;475930,022400000132620;5472358,762700000777841;8,668228601000067;49,403439826000067;1
08250404337400883200;08;3;37;126;2025;04;10;6;2;6;4;0;0;0;0;1;0;1;0;440630,887699999846518;5274701,216299999505281;8,209856746000071;47,622992566000050;1
08250326212302855100;08;2;12;000;2025;03;19;4;3;5;3;2;0;1;0;0;0;0;0;455370,397400000132620;5428674,188200000673532;8,389711083000066;49,009346380000068;1
08250308326400776510;08;3;26;074;2025;03;15;7;3;2;6;0;0;1;1;0;0;0;0;462834,156999999657273;5325320,485200000926852;8,500994975000026;48,080072919000031;1
08250329126100854190;08;1;26;047;2025;03;16;7;2;0;1;0;0;1;0;0;0;0;0;550307,145899999886751;5452619,383999999612570;9,690906229000063;49,224291463000043;1
08250326121100828040;08;1;25;006;2025;03;16;4;3;3;6;0;0;1;1;0;0;0;0;507840,126500000245869;5454341,520099999383092;9,107712096000057;49,241798492000044;1
08250312221011785100;08;2;21;000;2025;03;21;4;2;0;6;2;0;1;0;0;0;0;1;481723,464300000108778;5475007,593299999833107;8,747960284000044;49,427467288000059;1
08250321115100810150;08;1;15;003;2025;03;07;6;3;5;3;0;0;1;0;0;0;0;1;501283,212199999950826;5392122,737099999561906;9,017433334000032;48,682147360000045;1
08250326221011843980;08;2;21;000;2025;03;09;4;3;3;6;0;1;1;1;0;0;0;0;475674,720499999821186;5477760,076899999752641;8,664378424000063;49,452013377000071;1
08250407231000932250;08;2;31;000;2025;04;15;2;3;6;4;0;0;1;0;1;0;0;0;476511,759999999776483;5415429,087999999523163;8,679566335000061;48,891366276000042;1
08250322211100831060;08;2;11;000;2025;03;13;7;3;5;3;0;0;1;1;0;0;0;0;443652,077100000344217;5401841,487700000405312;8,233181803000036;48,767027974000030;1
08250403237200887950;08;2;37;054;2025;04;18;5;3;4;3;0;0;1;1;0;0;0;0;467519,334900000132620;5374696,808100000023842;8,560097759000030;48,524540406000028;1
08250405118400886010;08;1;18;048;2025;04;12;7;3;6;7;0;0;0;1;1;0;0;0;514134,909599999897182;5416043,710000000894070;9,192854979000060;48,897179211000037;1
08250319221400845600;08;2;21;000;2025;03;15;4;3;4;6;0;0;1;0;0;0;0;1;476863,354000000283122;5468931,791899999603629;8,681292537000047;49,372650868000051;1
08250310222014797870;08;2;22;000;2025;03;17;2;3;6;4;0;0;0;1;1;0;0;0;461583,541199999861419;5482216,188500000163913;8,469533630000058;49,491366289000041;1
08250403116500869340;08;1;16;035;2025;04;07;5;3;6;3;0;0;0;0;1;0;0;1;526723,650999999605119;5392490,942999999970198;9,363079482000046;48,684888971000078;1
08250327311010847730;08;3;11;000;2025;03;14;5;3;1;7;0;0;1;1;0;0;0;0;413246,594499999657273;5316894,943800000473857;7,837019430000055;47,999463567000078;1
08250407127202905540;08;1;27;073;2025;04;13;2;3;0;7;0;0;0;0;1;0;0;1;578430,729799999855459;5447719,044700000435114;10,076133217000063;49,177263647000075;1
08250308317600774770;08;3;17;146;2025;03;12;7;3;6;4;0;0;0;1;1;0;0;0;430766,646200000308454;5355320,184800000861287;8,065590126000075;48,347263977000068;1
08250327311400842660;08;3;15;074;2025;03;22;5;3;0;1;2;0;1;0;0;0;0;0;397071,270700000226498;5295306,472300000488758;7,625390649000053;47,802881245000037;1
08250312415100823590;08;4;15;050;2025;03;06;4;3;6;4;1;1;0;0;1;0;0;1;520210,538300000131130;5377188,804300000891089;9,273845103000042;48,547474061000059;1
08250326115100861300;08;1;15;044;2025;03;09;4;3;0;1;0;0;1;0;0;0;0;0;504426,425999999977648;5389961,004200000315905;9,060112935000063;48,662685764000059;1
08250314118400810820;08;1;18;048;2025;03;18;6;3;6;7;1;0;0;1;1;0;0;0;515618,317099999636412;5414172,372500000521541;9,213022748000071;48,880309544000056;1
08250318215502833500;08;2;15;106;2025;03;17;3;3;0;7;0;0;1;0;0;0;0;0;464731,308100000023842;5452773,687300000339746;8,515605310000069;49,226730059000033;1
08250308317500775660;08;3;17;096;2025;03;15;7;3;5;2;0;0;1;0;0;0;0;0;423116,709900000132620;5370579,926699999719858;7,959562135000056;48,483641241000043;1
08250318221300856620;08;2;21;000;2025;03;07;3;3;5;3;0;0;1;1;0;0;0;0;474632,999200000427663;5474004,288799999281764;8,650246128000049;49,418188336000071;1
08250319311400818780;08;3;15;108;2025;03;13;4;3;6;7;0;0;0;1;1;0;0;0;405129,723899999633431;5303731,724300000816584;7,731135581000046;47,879906499000072;1
08250331335100860630;08;3;35;043;2025;03;18;2;3;6;6;0;0;0;1;1;0;0;0;514792,424200000241399;5281825,726500000804663;9,197122496000077;47,689648750000060;1
08250328311010841960;08;3;36;043;2025;03;14;6;2;4;6;0;0;1;1;0;0;0;0;401126,819099999964237;5271450,900200000032783;7,684944796000025;47,588929360000066;1
08250407336300885960;08;3;36;057;2025;04;12;2;3;0;7;0;0;1;0;0;0;0;0;408207,170599999837577;5277686,416699999943376;7,777786855000045;47,646063328000025;1
08250404415100888560;08;4;15;014;2025;04;19;6;3;9;1;0;0;1;0;0;0;0;0;526230,027200000360608;5374510,846100000664592;9,355236857000023;48,523159809000049;1
08250324116400852400;08;1;16;033;2025;03;21;2;3;0;6;2;1;1;0;0;0;0;1;532384,052799999713898;5388464,313899999484420;9,439666857000077;48,648397891000059;1
08250323115100813580;08;1;15;024;2025;03;13;1;3;0;7;0;1;1;0;0;0;0;0;500717,884499999694526;5388104,164499999955297;9,009745990000056;48,645996611000044;1
08250309311010789350;08;3;15;064;2025;03;10;1;3;4;6;0;0;1;0;0;0;0;0;421979,270299999974668;5312915,758199999108911;7,954787703000022;47,964793403000044;1
08250319136000802550;08;1;36;042;2025;03;11;4;3;0;7;0;0;1;0;0;0;0;0;549704,425599999725819;5405164,601299999281764;9,676818133000040;48,797486530000072;1
08250405119300879810;08;1;19;067;2025;04;12;7;3;5;3;0;0;1;1;0;0;0;0;536815,720300000160933;5404649,456800000742078;9,501276531000030;48,793749385000069;1
08250322226700829370;08;2;26;098;2025;03;15;7;3;0;7;0;0;1;0;0;0;0;0;481115,959999999962747;5461672,093000000342727;8,740215468000031;49,307496588000049;1
08250308311010786420;08;3;11;000;2025;03;10;7;3;5;3;0;0;1;0;0;0;0;1;414103,345099999569356;5316104,539799999445677;7,848660472000063;47,992469279000034;1
08250320118010818660;08;1;18;019;2025;03;12;5;2;5;3;0;0;1;1;0;0;0;0;505987,756199999712408;5406113,804400000721216;9,081551202000071;48,807983702000058;1
08250405118600897540;08;1;18;073;2025;04;13;7;3;6;4;0;0;0;1;1;0;0;0;496814,850200000219047;5420744,594799999147654;8,956505383000035;48,939620223000077;1
08250405136000893790;08;1;36;042;2025;04;00;7;3;8;1;2;0;1;0;0;0;0;0;550220,577399999834597;5405302,065099999308586;9,683862788000056;48,798681576000035;1
08250407231102937580;08;2;36;028;2025;04;09;2;3;6;2;0;0;0;1;1;0;0;0;494113,275999999605119;5422597,115000000223517;8,919587458000024;48,956265109000071;1
08250402111140868280;08;1;11;000;2025;04;18;4;3;0;1;0;0;1;0;0;0;0;0;512579,328499999828637;5401237,964400000870228;9,171176619000050;48,764022605000036;1
08250325436000822700;08;4;36;009;2025;03;11;3;3;5;3;0;0;1;1;0;0;0;0;556225,643699999898672;5306935,111199999228120;9,752482253000039;47,913274321000074;1
08250328436200841660;08;4;36;064;2025;03;12;6;3;0;1;0;0;1;0;0;0;0;0;546834,466599999926984;5293400,140499999746680;9,625340466000068;47,792256565000059;1
08250403426100870440;08;4;26;021;2025;04;18;5;3;5;3;0;0;1;1;0;0;0;0;557495,672100000083447;5328404,610899999737740;9,772356548000062;48,106308966000029;1
08250403316200878380;08;3;16;056;2025;04;17;5;3;5;3;0;0;1;0;0;0;0;1;419215,153500000014901;5326133,608500000089407;7,915272604000052;48,083352181000066;1
08250325226400848360;08;2;26;009;2025;03;12;3;2;5;3;0;0;1;1;0;0;0;0;466208,896999999880791;5472068,463999999687076;8,534264996000047;49,400366590000033;1
08250403416100904790;08;4;16;036;2025;04;11;5;3;6;7;0;0;0;1;1;0;0;0;495320,492700000293553;5369688,788300000131130;8,936678234000055;48,480309322000039;1
08250402326400924350;08;3;26;074;2025;04;17;4;3;5;3;0;0;1;1;0;0;0;0;460172,921199999749660;5323935,296099999919534;8,465394714000070;48,067450102000066;1
08250329127100856270;08;1;27;076;2025;03;12;7;3;5;2;0;0;1;1;0;0;0;0;551710,606200000271201;5439390,239600000903010;9,708479774000068;49,105182809000041;1
08250403435100877630;08;4;35;029;2025;04;16;5;3;0;6;0;0;1;0;0;0;0;1;547402,231100000441074;5272851,537900000810623;9,630687146000071;47,607336930000031;1
08250404317000871140;08;3;17;065;2025;04;07;6;3;6;4;0;0;0;0;1;1;0;0;414807,678199999965727;5354920,103000000119209;7,850321283000028;48,341714273000036;1
08250319118010832690;08;1;15;028;2025;03;13;4;2;4;6;0;0;1;0;0;0;0;0;500813,560600000433624;5405512,734699999913573;9,011079233000032;48,802604840000072;1
08250320311010808000;08;3;11;000;2025;03;14;5;3;3;6;0;0;1;0;0;0;0;1;413688,475100000388920;5319084,510900000110269;7,842501142000060;48,019219269000075;1
08250404115200893860;08;1;15;021;2025;04;15;6;3;2;1;0;0;1;1;0;0;0;0;490420,272099999710917;5381518,836699999868870;8,870098005000045;48,586680709000063;1
08250322316200827900;08;3;16;056;2025;03;11;7;3;6;4;0;0;0;1;1;0;0;0;422679,904000000096858;5327342,012800000607967;7,961568134000061;48,094652173000043;1
08250312436000782520;08;4;36;009;2025;03;10;4;3;6;7;0;0;0;1;1;0;0;0;556221,335199999623001;5307778,146400000900030;9,752534574000038;47,920859099000040;1
08250314421200850540;08;4;21;000;2025;03;19;6;2;5;3;2;0;1;1;0;0;0;0;574211,442900000140071;5361806,322899999096990;10,002731628000049;48,405042875000049;1
08250405119300881090;08;1;19;055;2025;04;18;7;3;6;6;0;0;1;0;1;0;0;0;544891,502000000327826;5403708,949999999254942;9,611126289000026;48,784758492000037;1
08250330216100860680;08;2;16;009;2025;03;14;1;3;0;3;0;0;1;0;0;0;0;0;446712,840800000354648;5420034,071499999612570;8,272463949000041;48,930942217000052;1
08250327215202841040;08;2;15;009;2025;03;08;5;3;5;3;0;0;1;1;0;0;0;0;468528,023000000044703;5440837,639000000432134;8,568683110000052;49,119571125000050;1
08250330311010849360;08;3;11;000;2025;03;17;1;2;1;6;0;0;1;0;0;0;0;0;412782,292299999855459;5318866,013699999079108;7,830395657000054;48,017130751000082;1
08250309425000778550;08;4;25;033;2025;03;12;1;3;0;1;0;0;1;0;0;0;0;0;551991,533400000073016;5348277,774000000208616;9,700858006000033;48,285565175000045;1
08250318121200856630;08;1;21;000;2025;03;13;3;3;5;3;0;0;1;1;0;0;0;0;515980,418800000101328;5445946,297800000756979;9,219213330000059;49,166123126000059;1
08250325221011861000;08;2;26;095;2025;03;05;3;3;0;3;1;0;1;0;0;0;0;1;474030,115699999965727;5460700,022299999371171;8,642801638000037;49,298492615000043;1
08250310118400809190;08;1;18;048;2025;03;15;2;2;5;2;0;0;1;1;0;0;0;0;514250,985700000077486;5415927,305500000715256;9,194434636000040;48,896129409000025;1
08250308221300803670;08;2;21;000;2025;03;14;7;3;5;3;0;0;1;1;0;0;0;0;476903,954499999992549;5473372,909199999645352;8,681593699000075;49,412599649000072;1
08250404221011893880;08;2;21;000;2025;04;12;6;2;6;4;0;0;0;1;1;0;0;0;476682,358900000341237;5475830,200799999758601;8,678394364000042;49,434694072000070;1
08250317119300796800;08;1;19;067;2025;03;19;2;3;0;7;2;0;1;0;0;0;0;0;537012,019100000150502;5404867,418800000101328;9,503968833000044;48,795698428000037;1
08250322118500827770;08;1;18;006;2025;03;02;7;2;0;7;2;0;1;0;0;0;0;0;517317,002100000157952;5420950,348799999803305;9,236478984000030;48,941236922000030;1
08250319222400858030;08;2;26;038;2025;03;10;4;3;3;6;0;0;1;1;0;0;0;0;471730,680100000463426;5480274,218200000002980;8,609783267000068;49,474456575000033;1
08250310117400781060;08;1;17;018;2025;03;17;2;3;6;7;1;1;0;1;1;0;0;0;538565,998900000005960;5395803,273499999195337;9,524278331000062;48,714066338000066;1
08250308221200776930;08;2;21;000;2025;03;13;7;3;2;6;0;0;1;0;0;0;0;0;475873,671699999831617;5473036,098799999803305;8,667410746000030;49,409530117000031;1
08250328222600830230;08;2;22;000;2025;03;12;6;3;0;4;0;0;0;0;1;0;0;1;461729,587299999780953;5483171,831900000572205;8,471457633000057;49,499971012000060;1
08250320215102811680;08;2;15;109;2025;03;16;5;3;5;3;0;0;1;1;0;0;0;0;461318,413599999621511;5435008,129499999806285;8,470438994000062;49,066722790000028;1
08250402415400885230;08;4;15;061;2025;04;10;4;3;5;3;0;0;1;1;0;0;0;0;515952,243200000375509;5372704,349799999967217;9,215975693000075;48,507253366000043;1
08250319119300819370;08;1;19;067;2025;03;16;4;3;8;7;0;0;1;0;0;0;0;0;538104,081500000320375;5406595,744400000199676;9,518998515000021;48,811179705000029;1
08250316127202823360;08;1;27;032;2025;03;15;1;2;0;7;0;0;1;0;0;0;0;0;568464,065200000070035;5458232,933199999853969;9,941197712000076;49,273019338000040;1
08250319311010829890;08;3;11;000;2025;03;19;4;2;0;7;2;0;1;0;0;0;0;0;411684,717600000090897;5316072,500800000503659;7,816255390000038;47,991851607000058;1
08250312119400785300;08;1;19;079;2025;03;13;4;3;5;3;0;1;1;0;0;0;0;1;521947,214999999850988;5407519,027000000700355;9,298986792000051;48,820266083000035;1
08250404226600893000;08;2;26;096;2025;04;08;6;3;3;6;0;0;1;0;0;0;0;1;476295,658499999903142;5488731,751599999144673;8,672287105000066;49,550724676000073;1
08250324212010856370;08;2;12;000;2025;03;15;2;3;3;2;0;0;1;1;0;0;0;0;455045,556300000287592;5427494,024000000208616;8,385399953000046;48,998707116000048;1
08250401111230868130;08;1;11;000;2025;04;16;3;3;1;5;0;0;1;1;0;0;0;0;508152,164400000125170;5399030,152400000020862;9,110889215000043;48,744234894000044;1
08250328316100831700;08;3;16;011;2025;03;15;6;3;5;3;0;0;1;1;0;0;0;0;413943,940000000409782;5330621,994000000879169;7,843603257000041;48,123036211000056;1
08250318226700803190;08;2;26;060;2025;03;16;3;3;5;3;0;0;1;1;0;0;0;0;476825,515200000256300;5463863,317299999296665;8,681066175000069;49,327058860000079;1
08250327317000854420;08;3;17;089;2025;03;19;5;3;6;6;1;0;0;0;1;1;0;0;431619,755800000391901;5376086,068499999120831;8,073712315000023;48,534152718000030;1
08250311417300828210;08;4;17;031;2025;03;16;3;3;5;3;0;0;1;1;0;0;0;0;497742,832999999634922;5355897,489000000059605;8,969530883000061;48,356248874000073;1
08250325212010856880;08;2;12;000;2025;03;13;3;3;5;3;0;0;1;1;0;0;0;0;457850,600399999879301;5428891,421499999240041;8,423602290000076;49,011474817000078;1
08250318326200843630;08;3;26;074;2025;03;17;3;3;6;4;0;0;0;1;1;0;0;0;465417,633399999700487;5323644,486199999228120;8,535816279000073;48,065139721000037;1
08250308215202775140;08;2;15;064;2025;03;19;7;3;1;5;2;0;1;1;0;0;0;0;478429,276899999938905;5451751,023299999535084;8,703790344000026;49,218166737000047;1
08250330111230836410;08;1;11;000;2025;03;12;1;3;1;5;0;0;1;1;0;0;0;0;509286,600999999791384;5397787,464099999517202;9,126292261000060;48,733039782000048;1
08250402426100867990;08;4;26;021;2025;04;09;4;3;6;4;0;0;0;1;1;0;0;0;558501,356499999761581;5327323,377299999818206;9,785716651000030;48,096490409000069;1
08250311226500824620;08;2;26;085;2025;03;10;3;3;5;5;0;0;0;1;1;0;0;0;491235,740899999625981;5455619,990700000897050;8,879563707000045;49,253286067000033;1
08250323226600845370;08;2;26;031;2025;03;17;1;3;6;4;0;1;0;1;1;0;0;0;475279,957700000144541;5493203,225500000640750;8,657964375000063;49,590903013000059;1
08250319215302821220;08;2;15;007;2025;03;17;4;3;6;7;0;0;0;1;1;0;0;0;477776,286999999545515;5432078,107200000435114;8,695907819000070;49,041179886000066;1
08250319416100833520;08;4;16;048;2025;03;17;4;3;0;4;2;0;1;0;1;0;0;0;497289,419300000183284;5377517,403599999845028;8,963270309000052;48,550750053000058;1
08250405336400880380;08;3;36;091;2025;04;17;7;3;5;3;0;0;1;1;0;0;0;0;394258,043999999761581;5271673,581000000238419;7,593560959000058;47,589848806000077;1
08250331135200857280;08;1;35;019;2025;03;13;2;3;6;4;0;0;0;1;1;0;0;0;585213,299200000241399;5392066,265300000086427;10,157547310000041;48,675824870000042;1
08250308212010837420;08;2;12;000;2025;03;11;7;2;6;4;0;0;0;0;1;0;0;1;454946,409799999557436;5428821,346999999135733;8,383897267000066;49,010639276000063;1
08250330116100862630;08;1;16;019;2025;03;22;1;3;3;6;2;0;1;1;0;0;0;0;523358,947399999946356;5397536,151000000536442;9,317651431000058;48,730410342000027;1
08250330415400860140;08;4;15;061;2025;03;17;1;3;0;7;0;0;0;0;1;0;0;1;515411,592500000260770;5371321,556700000539422;9,208604883000021;48,494826790000047;1
08250325116200857750;08;1;16;077;2025;03;14;3;3;4;6;0;1;1;0;0;0;0;1;516080,165799999609590;5389574,599999999627471;9,218360392000022;48,659018337000077;1
08250406136100887510;08;1;36;088;2025;04;17;1;3;0;1;0;0;1;0;0;0;0;0;576453,542899999767542;5410386,496200000867248;10,041978381000035;48,841740481000045;1
08250327215302865660;08;2;15;007;2025;03;17;5;3;5;2;0;0;1;1;0;0;0;0;478227,026399999856949;5431702,173100000247359;8,702095499000052;49,037814282000056;1
08250325212010829620;08;2;12;000;2025;03;16;3;3;5;3;0;0;1;1;0;0;0;0;460883,424100000411272;5426964,340700000524521;8,465260152000042;48,994340019000049;1