UIDENTSTLAE;ULAND;UREGBEZ;UKREIS;UGEMEINDE;UJAHR;UMONAT;USTUNDE;UWOCHENTAG;UKATEGORIE;UART;UTYP1;ULICHTVERH;IstStrassenzustand;IstRad;IstPKW;IstFuss;IstKrad;IstGkfz;IstSonstige;LINREFX;LINREFY;XGCSWGS84;YGCSWGS84;PLST
08250308128200802720;08;1;28;139;2025;03;17;7;3;1;1;0;0;1;1;0;0;0;0;550021,847000000067055;5490886,769200000911951;9,691806014000065;49,568504861000065;1
08250330121500836290;08;1;25;065;2025;03;19;1;3;0;1;0;1;1;0;0;0;0;0;517283,146700000390410;5449620,252499999478459;9,237241431000029;49,199135974000058;1
08250324111110821190;08;1;11;000;2025;03;17;2;3;6;7;0;0;1;0;1;0;0;0;513138,052600000053644;5402911,187899999320507;9,178833019000024;48,779063265000048;1
08250323221400845510;08;2;26;018;2025;03;16;1;3;8;6;0;0;1;0;0;0;0;1;472470,920400000177324;5472730,890200000256300;8,620524893000038;49,406640400000072;1
08250319118400862990;08;1;18;048;2025;03;17;4;3;6;4;0;0;0;1;1;0;0;0;514066,400899999774992;5415930,999199999496341;9,191916378000030;48,896166855000047;1
08250502311010977140;08;3;15;095;2025;05;17;6;3;4;1;0;0;1;1;0;0;0;0;428323,839999999850988;5317839,847999999299645;8,038948357000038;48,009832185000050;1
08250429118010951860;08;1;15;045;2025;04;12;3;2;0;7;0;0;1;0;0;0;0;0;498843,757500000298023;5395659,073599999770522;8,984281736000071;48,713960809000071;1
08250501118500983770;08;1;18;049;2025;05;19;5;3;1;5;0;0;1;1;0;0;0;0;518917,613499999977648;5419816,484899999573827;9,258283898000059;48,930990225000073;1
08250505317000999870;08;3;17;065;2025;05;16;2;3;5;3;0;0;1;0;0;0;0;1;416254,685899999924004;5354553,916300000622869;7,869917624000038;48,338613954000039;1
08250430415400963860;08;4;15;061;2025;04;12;4;3;0;1;0;0;1;0;0;0;0;0;515450,703200000338256;5372988,906500000506639;9,209195982000040;48,509825870000043;1
08250422335100959980;08;3;35;043;2025;04;06;3;3;4;6;1;0;1;0;0;0;0;0;513842,965800000354648;5280021,982000000774860;9,184412966000025;47,673440340000070;1
08250428215000935830;08;2;15;109;2025;04;08;2;3;5;3;0;0;1;1;0;0;0;0;461419,222699999809265;5434966,000000000000000;8,471823052000047;49,066350153000030;1
08250501127010974530;08;1;27;076;2025;05;13;5;2;6;6;0;0;1;0;1;0;0;0;551281,795400000177324;5439528,082800000905991;9,702622669000050;49,106458582000073;1
08250428222400936750;08;2;22;000;2025;04;15;2;3;4;6;0;0;1;0;0;0;0;1;469331,193300000391901;5479460,941999999806285;8,576725800000077;49,467024980000076;1
08250430337400955180;08;3;37;065;2025;04;16;4;3;4;1;0;0;1;1;0;0;0;0;448436,690399999730289;5275785,371200000867248;8,313608169000076;47,633415312000068;1
08250429226600959140;08;2;26;082;2025;04;17;3;3;5;3;0;0;1;1;0;0;0;0;475534,273599999956787;5480074,348600000143051;8,662297654000042;49,472824002000038;1
08250501415200974230;08;4;15;053;2025;05;15;5;3;5;3;0;0;1;1;0;0;0;0;536356,809200000017881;5362292,212899999693036;9,491318500000034;48,412734635000049;1
08250428212010953980;08;2;12;000;2025;04;17;2;3;5;2;0;0;1;0;0;0;0;1;459792,394600000232458;5427114,668700000271201;8,450331157000051;48,995622164000054;1
08250416118400899430;08;1;18;048;2025;04;13;4;3;8;7;0;0;1;0;0;0;0;0;512422,648299999535084;5417212,601900000125170;9,169528770000056;48,907730948000051;1
08250419317500959590;08;3;17;151;2025;04;01;7;3;9;1;2;1;1;0;0;0;0;0;411402,157800000160933;5369588,061300000175834;7,801276693000034;48,473177947000067;1
08250501317000984400;08;2;16;005;2025;05;21;5;3;9;1;1;0;1;0;0;0;0;0;445574,980499999597669;5418448,626299999654293;8,257141514000068;48,916582137000034;1
08250501215502984130;08;2;15;111;2025;05;16;5;2;5;3;0;0;1;1;0;0;0;0;458176,504800000227988;5448395,329399999231100;8,426039371000059;49,186934856000050;1
08250416215202913010;08;2;15;009;2025;04;18;4;3;0;7;0;0;1;0;0;0;0;0;470021,902599999681115;5441072,887000000104308;8,589138374000072;49,121761896000066;1
08250416311010903920;08;3;11;000;2025;04;13;4;3;5;3;0;1;1;1;0;0;0;0;409334,364699999801815;5315303,053799999877810;7,784921887000053;47,984601365000060;1
08250424226500923750;08;2;26;085;2025;04;08;5;3;6;2;0;0;0;1;1;0;0;0;491201,821000000461936;5455627,317999999970198;8,879097428000023;49,253351491000046;1
08250425437100948310;08;4;37;100;2025;04;10;6;3;0;2;0;0;1;0;0;0;0;0;537951,918899999931455;5317988,791699999943376;9,508908564000023;48,014065135000067;1
08250501426100984530;08;4;26;011;2025;05;12;5;3;6;6;0;0;0;1;1;0;0;0;550711,422899999655783;5333526,168199999257922;9,681838497000058;48,152960602000064;1
08250426421200942330;08;4;21;000;2025;04;11;7;3;0;1;0;0;1;0;0;0;0;0;573636,411100000143051;5361426,137499999254942;9,994896422000068;48,401690477000045;1
08250429311010936800;08;3;11;000;2025;04;09;3;3;0;7;0;0;1;0;0;0;0;0;414134,800499999895692;5316737,696799999102950;7,848955322000052;47,998168990000067;1
08250417435200930260;08;4;35;059;2025;04;10;5;2;5;2;0;0;1;0;0;0;0;0;514315,140899999998510;5289299,307900000363588;9,191007957000068;47,756903594000050;1
08250425212010932770;08;2;12;000;2025;04;13;6;3;1;5;0;1;1;1;0;0;0;0;458792,284300000406802;5428877,711999999359250;8,436480654000036;49,011415105000026;1
08250429111230957600;08;1;11;000;2025;04;07;3;3;3;2;0;0;1;1;0;0;0;0;510607,009499999694526;5396340,868200000375509;9,144211762000054;48,720005102000073;1
08250418135010932900;08;1;35;019;2025;04;18;6;1;5;3;0;0;1;0;0;0;0;1;585394,023199999704957;5394804,330099999904633;10,160567613000069;48,700427042000058;1
08250412436100913270;08;4;36;055;2025;04;21;7;3;7;7;2;0;1;0;0;0;0;0;575505,105200000107288;5290439,886099999770522;10,007590630000038;47,762902104000034;1
08250417436000902390;08;4;37;076;2025;04;12;5;2;6;7;0;0;0;1;1;0;0;0;524867,990000000223517;5322184,391599999740720;9,333709801000055;48,052456098000050;1
08250501117400025010;08;1;17;051;2025;05;12;5;3;3;6;0;0;1;0;0;0;0;0;542655,368900000117719;5395329,807900000363588;9,579818743000033;48,709540872000048;1
08250429212302962560;08;2;12;000;2025;04;17;3;3;3;6;0;0;1;0;0;0;0;1;457201,437400000169873;5428837,683800000697374;8,414731062000044;49,010946755000077;1
08250429111330955950;08;1;11;000;2025;04;11;3;3;0;7;0;0;1;0;0;0;0;0;514362,792000000365078;5408876,503000000491738;9,195712582000056;48,832699383000033;1
08250428311400955470;08;3;15;006;2025;04;15;2;3;6;3;0;0;0;1;1;0;0;0;403612,277800000272691;5308328,972599999979138;7,709818205000033;47,921032987000046;1
08250419221300926560;08;2;26;012;2025;04;15;7;3;1;6;0;0;1;0;0;0;0;0;473441,968200000002980;5477633,913699999451637;8,633581712000023;49,450785080000060;1
08250429116010937390;08;1;16;049;2025;04;16;3;3;3;2;0;0;1;1;0;0;0;0;524462,402200000360608;5386141,646900000050664;9,331982456000048;48,627863403000049;1
08250415119400914130;08;1;19;079;2025;04;17;3;3;0;7;0;0;1;0;0;0;0;0;521455,117700000293553;5411294,902899999171495;9,292480727000054;48,854250127000057;1
08250423111120946220;08;1;11;000;2025;04;21;4;3;1;5;0;0;1;1;0;0;0;0;513232,925099999643862;5403995,835500000044703;9,180159322000065;48,788818647000028;1
08250427119100946170;08;1;19;083;2025;04;18;1;3;6;7;0;0;0;1;1;0;0;0;535056,926799999549985;5419747,387199999764562;9,478623276000064;48,929664773000070;1
08250501226300981880;08;2;26;056;2025;05;09;5;3;6;3;0;0;1;0;1;0;0;0;485754,393199999816716;5470673,026200000196695;8,803703299000063;49,388585973000033;1
08250412317500889560;08;3;17;096;2025;04;15;7;3;6;4;0;0;0;1;1;0;0;0;421852,792500000447035;5369595,913599999621511;7,942644920000021;48,474634273000049;1
08250421116100914650;08;1;16;019;2025;04;15;2;3;0;1;0;0;1;0;0;0;0;0;523968,135700000450015;5398982,660800000652671;9,326019599000062;48,743399842000031;1
08250425212010932760;08;2;12;000;2025;04;12;6;3;5;3;0;1;1;1;0;0;0;0;455494,208300000056624;5428403,811899999156594;8,391433679000045;49,006923261000054;1
08250501435200982540;08;4;35;018;2025;05;14;5;3;3;6;0;0;1;1;0;0;0;0;524678,850100000388920;5279838,613099999725819;9,328753973000062;47,671467663000044;1
08250412317000886370;08;3;17;065;2025;04;14;7;3;6;4;0;0;0;1;1;0;0;0;415380,793899999931455;5354103,712700000032783;7,858217943000056;48,334447985000054;1
08250505231102972160;08;2;36;040;2025;05;15;2;3;0;1;0;0;1;0;0;0;0;0;485238,464499999769032;5420172,438300000503659;8,798446105000039;48,934305369000072;1
08250425425000942090;08;4;25;020;2025;04;17;6;3;1;5;0;0;1;1;0;0;0;0;560059,666500000283122;5362967,933100000023842;9,811703991000059;48,416999743000076;1
08250417335100931830;08;3;35;043;2025;04;16;5;3;2;7;0;0;1;1;0;0;0;0;512704,307400000281632;5279845,077600000426173;9,169238933000031;47,671871990000056;1
08250412221011948580;08;2;21;000;2025;04;19;7;2;6;4;0;0;0;1;1;0;0;0;474338,850999999791384;5474635,378799999132752;8,646149753000032;49,423852518000047;1
08250421335000912810;08;3;35;022;2025;04;11;2;3;0;7;0;0;1;0;0;0;0;0;482487,626699999906123;5299998,330800000578165;8,765899343000058;47,853088266000043;1
08250430311010959750;08;3;11;000;2025;04;15;4;3;1;6;0;0;1;0;0;0;0;1;410721,241999999620020;5322099,429999999701977;7,802088817000026;48,045931193000058;1
08250423111000962760;08;1;11;000;2025;04;10;4;3;2;6;0;0;1;1;0;0;0;0;512226,786000000312924;5398725,226999999955297;9,166304702000048;48,741425130000039;1
08250426222600986380;08;2;22;000;2025;04;16;7;3;6;4;0;0;0;0;1;0;0;1;463277,302899999544024;5483952,377499999478459;8,492759245000059;49,507087288000037;1
08250416221011924410;08;2;21;000;2025;04;15;4;2;6;4;0;0;0;0;1;0;0;1;477087,099799999967217;5472838,867000000551343;8,684149353000066;49,407802951000065;1
08250414226300936060;08;2;26;056;2025;04;08;2;3;0;7;0;0;1;1;0;0;0;0;485340,502000000327826;5471367,733999999240041;8,797974515000021;49,394825010000034;1
08250430119300949710;08;1;19;067;2025;04;16;4;2;1;5;0;0;1;1;0;0;0;0;538101,904299999587238;5405658,016699999570847;9,518881823000072;48,802744462000078;1
08250416111330952650;08;1;11;000;2025;04;08;4;3;5;2;0;0;1;0;0;0;1;0;512284,408499999903142;5410942,351700000464916;9,167453859000034;48,851327997000055;1
08250412121200889360;08;1;21;000;2025;04;15;7;3;0;7;0;0;1;0;0;0;0;0;516768,807000000029802;5441996,185300000011921;9,229863618000024;49,130569597000033;1
08250416136200903950;08;1;36;019;2025;04;19;4;3;3;6;0;0;1;1;0;0;0;0;582598,566599999554455;5424284,558700000867248;10,128523385000051;48,965952747000074;1
08250419335400943010;08;3;35;098;2025;04;16;7;3;0;3;0;0;1;0;0;0;0;0;504872,450799999758601;5295790,145899999886751;9,065086495000060;47,815445551000039;1
08250413436300905180;08;4;36;081;2025;04;11;1;3;0;1;0;0;1;0;0;0;0;0;557597,980600000359118;5280397,417999999597669;9,767323780000027;47,674400836000075;1
08250428436400955450;08;4;36;012;2025;04;17;2;3;5;3;0;0;1;1;0;0;0;0;549356,021700000390410;5298793,984400000423193;9,659620749000055;47,840595983000071;1
08250430215102959250;08;2;15;102;2025;04;11;4;3;2;6;0;0;1;1;0;0;0;0;454586,956199999898672;5435965,895600000396371;8,378181342000062;49,074878283000032;1
08250422121600943850;08;1;25;110;2025;04;18;3;2;5;3;0;0;1;1;0;0;0;0;527063,996000000275671;5442291,774000000208616;9,371005440000033;49,132861282000079;1
08250415215502912400;08;2;15;111;2025;04;19;3;3;6;6;0;1;0;0;1;1;0;0;457888,558799999766052;5448411,133300000801682;8,422086327000045;49,187057304000064;1
08250429222200963830;08;2;22;000;2025;04;13;3;3;6;4;0;0;1;0;1;0;0;0;461209,859600000083447;5482220,140100000426173;8,464373567000052;49,491378056000030;1
08250505116000976700;08;4;16;041;2025;05;16;2;3;0;1;0;0;1;0;0;0;0;0;503805,509100000374019;5372905,855200000107288;9,051524393000022;48,509257259000037;1
08250428222014938110;08;2;22;000;2025;04;09;2;3;5;3;0;0;1;1;0;0;0;0;465251,287299999967217;5481884,861400000751019;8,520206164000058;49,488607298000034;1
08250419118400984080;08;1;18;048;2025;04;10;7;3;5;2;0;0;1;1;0;0;0;0;519478,321999999694526;5417393,523900000378489;9,265823527000066;48,909176732000049;1
08250422212010919250;08;2;12;000;2025;04;17;3;3;0;7;0;0;1;0;0;0;0;0;454807,999900000169873;5428515,987299999222159;8,382038637000051;49,007882420000044;1
08250429416100950060;08;4;16;036;2025;04;13;3;3;5;3;0;0;1;1;0;0;0;0;495045,108699999749660;5368781,922900000587106;8,932962568000050;48,472148658000037;1
08250416416200930640;08;4;16;041;2025;04;12;4;2;1;5;0;0;1;1;0;0;0;0;504714,042899999767542;5375394,056299999356270;9,063853537000057;48,531635858000072;1
08250501417300020880;08;4;17;051;2025;05;17;5;3;0;1;0;0;1;0;0;0;0;0;492249,919900000095367;5358984,792099999263883;8,895326148000038;48,383980541000028;1
08250430326400942220;08;3;26;074;2025;04;18;4;3;4;6;0;0;1;0;0;0;0;1;459734,464999999850988;5323599,344000000506639;8,459541159000025;48,064400115000069;1
08250421116100942110;08;1;16;019;2025;04;15;2;2;4;2;0;0;1;1;0;0;0;0;523606,960699999704957;5398287,957299999892712;9,321067097000025;48,737164164000035;1
08250503416200034960;08;4;16;025;2025;05;19;7;3;9;1;0;0;1;0;0;0;0;0;502425,659199999645352;5361165,213999999687076;9,032773972000030;48,403639802000043;1
08250416311010903690;08;3;11;000;2025;04;13;4;3;5;3;0;1;1;1;0;0;0;0;411505,233099999837577;5315937,406799999997020;7,813878032000048;47,990611586000057;1
08250428212010939110;08;2;12;000;2025;04;17;2;3;6;2;0;0;0;1;1;0;0;0;453293,538399999961257;5429177,689899999648333;8,361254877000022;49,013721699000030;1
08250502136200972210;08;1;36;068;2025;05;23;6;3;1;5;2;0;1;1;0;0;0;0;597034,657899999991059;5428389,780500000342727;10,326688671000056;49,000774167000031;1
08250422118200931700;08;1;18;019;2025;04;19;3;3;1;6;0;0;1;1;0;0;0;0;504611,861499999649823;5404051,261199999600649;9,062788836000038;48,789440948000049;1
08250501336300025160;08;3;36;103;2025;05;12;5;3;0;1;0;0;1;0;0;0;0;0;411367,885800000280142;5284564,650599999353290;7,818465849000063;47,708378991000075;1
08250430335400956400;08;3;35;099;2025;04;12;4;3;9;6;0;0;1;0;0;0;0;1;497918,926799999549985;5298800,262700000777841;8,972186423000039;47,842544028000077;1
08250416336400916500;08;3;36;091;2025;04;11;4;3;1;3;0;0;1;1;0;0;0;0;395779,393199999816716;5272382,890699999406934;7,613621235000039;47,596475470000030;1
08250413111310915840;08;1;11;000;2025;04;17;1;3;6;6;0;0;0;1;1;0;0;0;516199,870400000363588;5405152,648299999535084;9,220598060000043;48,799154975000079;1
08250430211100952480;08;2;11;000;2025;04;16;4;3;0;1;0;0;1;0;0;0;0;0;441960,304899999871850;5404055,526300000026822;8,209848830000055;48,786788022000053;1
08250505215202029320;08;2;15;084;2025;05;11;2;3;5;3;0;0;1;1;0;0;0;0;474400,251500000245869;5447878,660599999129772;8,648711483000056;49,183179197000072;1
08250424317000932830;08;3;17;026;2025;04;15;5;3;5;3;0;0;1;1;0;0;0;0;411362,878200000151992;5346013,410199999809265;7,805714197000043;48,261126799000067;1
08250502235100988270;08;2;35;007;2025;05;13;6;3;2;6;0;0;1;1;0;0;0;0;481355,582600000314415;5399496,821900000795722;8,746370610000042;48,748207310000055;1
08250429221400954500;08;2;26;041;2025;04;08;3;3;3;2;0;0;1;1;0;0;0;0;477416,002000000327826;5466442,793999999761581;8,689046347000044;49,350283272000070;1
08250415221200954810;08;2;21;000;2025;04;15;3;3;5;3;0;1;1;1;0;0;0;0;477089,567200000397861;5472782,183499999344349;8,684186636000049;49,407293185000071;1
08250423116400947670;08;1;16;033;2025;04;14;4;2;0;1;0;0;1;0;0;0;0;0;533091,029000000096858;5387948,984999999403954;9,449223743000061;48,643725010000026;1
08250505416010998790;08;4;16;041;2025;05;16;2;2;1;6;0;0;1;1;0;0;0;0;504285,531000000424683;5373944,533999999985099;9,058034280000072;48,518598511000050;1
08250417426010933210;08;4;25;141;2025;04;13;5;1;6;4;0;0;0;0;1;0;0;1;568028,527499999850988;5362794,751299999654293;9,919361157000026;48,414631845000031;1
08250414221300926580;08;2;21;000;2025;04;12;2;3;4;6;0;0;1;0;0;0;0;0;476515,809600000269711;5474224,907700000330806;8,676192338000021;49,420248365000077;1
08250411421200927600;08;4;21;000;2025;04;07;6;3;3;2;0;0;1;1;0;0;0;0;574216,998499999754131;5361227,970599999651313;10,002704416000029;48,399839840000027;1
08250427126100951910;08;1;26;028;2025;04;12;1;3;6;7;0;0;0;1;1;0;0;0;537354,320000000298023;5459996,120999999344349;9,513712239000029;49,291571098000077;1
08250428121200953770;08;1;21;000;2025;04;10;2;3;6;7;0;0;0;1;1;0;0;0;516928,646200000308454;5443324,384500000625849;9,232110425000030;49,142512803000045;1
08250429116100959050;08;1;16;019;2025;04;15;3;3;7;7;0;0;1;0;1;0;0;0;524071,736700000241399;5399230,244699999690056;9,327443246000030;48,745623079000040;1
08250417231402903550;08;2;31;000;2025;04;00;5;2;4;6;2;0;1;1;0;0;0;0;477269,431200000457466;5411828,097500000149012;8,690102705000072;48,859001174000070;1
08250425215402963250;08;2;15;103;2025;04;07;6;2;5;3;0;0;1;1;0;0;0;0;465225,695199999958277;5441619,685300000011921;8,523359545000062;49,126427775000082;1
08250411317000885190;08;3;17;153;2025;04;17;6;3;5;3;0;0;1;1;0;0;0;0;420950,711299999617040;5391800,747500000521541;7,926220139000066;48,674247519000062;1
08250505111500995770;08;1;11;000;2025;05;16;2;3;3;6;0;0;1;1;0;0;0;0;518788,881900000385940;5403273,950600000098348;9,255767081000045;48,782181622000053;1
08250429212010938500;08;2;12;000;2025;04;08;3;3;5;2;0;0;1;1;0;0;0;0;453864,520999999716878;5429550,051999999210238;8,369020651000028;49,017114072000027;1
08250414121400921640;08;1;25;056;2025;04;17;2;3;6;7;0;0;0;1;1;0;0;0;511067,070700000040233;5435860,130599999800324;9,151537506000068;49,075502335000067;1
08250422415100916630;08;4;15;062;2025;04;07;3;3;1;7;0;0;0;1;1;0;0;1;519764,391400000080466;5378312,660499999299645;9,267853412000022;48,557598738000081;1
08250502317000981930;08;3;17;065;2025;05;19;6;3;0;1;0;0;1;0;0;0;0;0;417118,316999999806285;5355172,994999999180436;7,881447540000067;48,344296419000045;1
08250420212502913540;08;2;12;000;2025;04;15;1;3;5;3;0;0;1;1;0;0;0;0;455840,570299999788404;5425178,067800000309944;8,396520088000045;48,977932160000080;1
08250501317000978510;08;3;17;127;2025;05;15;5;3;8;1;0;0;1;0;0;0;0;0;421112,041000000201166;5352293,425000000745058;7,935875152000051;48,318905799000049;1
08250413425000891570;08;4;25;002;2025;04;12;1;3;0;1;0;0;1;0;0;0;0;0;552801,671600000001490;5354924,076799999922514;9,712610152000025;48,345288214000050;1
08250411311010900310;08;3;11;000;2025;04;11;6;3;1;7;0;0;1;1;0;0;0;0;413455,261900000274181;5315697,353099999949336;7,840057641000044;47,988719103000051;1
08250426311010931010;08;3;15;047;2025;04;15;7;3;2;6;0;0;1;1;0;0;0;0;415506,976499999873340;5321539,649000000208616;7,866399240000021;48,041547267000055;1
08250411222600884490;08;2;22;000;2025;04;22;6;3;5;3;2;0;1;1;0;0;0;0;462162,901600000448525;5485108,986099999397993;8,477256129000068;49,517421825000042;1
08250501335000982370;08;3;35;063;2025;05;12;5;2;0;1;0;0;1;0;0;0;0;0;497924,257699999958277;5287046,926799999549985;8,972313892000045;47,736793201000069;1
08250430115400952930;08;1;15;045;2025;04;16;4;3;5;3;0;0;1;1;0;0;0;0;501946,518000000156462;5394635,216000000014901;9,026456646000042;48,704748146000043;1
08250501415200975220;08;4;15;053;2025;05;15;5;3;0;1;0;0;1;0;0;0;0;0;536794,679999999701977;5362248,710999999195337;9,497231751000072;48,412317866000080;1
08250427335200930190;08;3;35;063;2025;04;14;1;3;5;3;0;0;1;1;0;0;0;0;498705,136199999600649;5288411,940899999812245;8,982725132000041;47,749077080000063;1
08250416336200928360;08;3;36;105;2025;04;07;4;3;4;6;0;0;1;1;0;0;0;0;401173,733400000259280;5267030,164100000634789;7,686563360000036;47,549169793000033;1
08250506111370986770;08;1;11;000;2025;05;14;3;3;5;7;0;0;1;1;0;0;0;0;507070,793800000101328;5405386,296299999579787;9,096289255000045;48,801427725000053;1
08250425116500950940;08;1;16;035;2025;04;16;6;2;4;6;0;1;1;1;0;0;0;0;526593,173000000417233;5392186,634999999776483;9,361287206000043;48,682157010000026;1
08250425325000943440;08;3;26;074;2025;04;14;6;2;6;4;0;1;0;1;1;0;0;0;460181,256199999712408;5322695,893999999389052;8,465622011000050;48,056300096000029;1
08250429136100937060;08;1;36;021;2025;04;20;3;3;0;7;0;0;1;0;0;0;0;0;576362,178999999538064;5406127,307000000029802;10,039940440000066;48,803442834000066;1
08250430116400952630;08;1;16;016;2025;04;18;4;3;0;7;0;0;1;0;0;0;0;0;533184,304800000041723;5385449,570800000801682;9,450289834000046;48,621235548000072;1
08250414128100922340;08;1;28;007;2025;04;14;2;3;5;3;0;0;1;1;0;0;0;0;556188,222000000067055;5482233,020999999716878;9,775846836000028;49,490132218000042;1
08250411121400897750;08;1;25;056;2025;04;07;6;3;5;3;0;0;1;0;0;0;0;1;510269,182500000111759;5435387,483300000429153;9,140600340000049;49,071264474000031;1
08250411211100904610;08;2;11;000;2025;04;12;6;3;5;3;0;0;1;1;0;0;0;0;440816,502299999818206;5404918,486400000751019;8,194154416000060;48,794442600000082;1
08250501222000972570;08;2;22;000;2025;05;20;5;2;5;3;0;0;1;1;0;0;0;0;463332,362800000235438;5482938,754100000485778;8,493613837000055;49,497973606000073;1
08250420221300944250;08;2;21;000;2025;04;00;1;3;1;7;2;0;1;1;0;0;0;0;477220,592500000260770;5473717,760900000110269;8,685939068000039;49,415713470000071;1
08250422336400931280;08;3;36;091;2025;04;10;3;3;0;5;0;0;1;1;0;0;0;0;395899,335799999535084;5271937,446799999102950;7,615322000000049;47,592487885000025;1
08250416231102941840;08;2;36;040;2025;04;11;4;3;6;7;0;0;0;1;1;0;0;0;488311,414200000464916;5421824,421299999579787;8,840356554000039;48,949231753000049;1
08250430437100951570;08;4;37;076;2025;04;13;4;3;1;5;0;0;1;1;0;0;0;0;524922,366000000387430;5322083,247899999842048;9,334433581000042;48,051543991000074;1
08250412311010929710;08;3;11;000;2025;04;08;7;3;6;4;0;0;0;1;1;0;0;0;411215,530000000260770;5319071,831399999558926;7,809347133000074;48,018766318000075;1
08250502421300988100;08;4;21;000;2025;05;13;6;2;0;1;0;0;1;0;0;0;0;0;571977,935800000093877;5362011,994000000879169;9,972592754000061;48,407151961000068;1
08250419231102920940;08;2;36;028;2025;04;19;7;3;6;4;0;0;0;1;1;0;0;0;493456,377600000239909;5422531,700600000098348;8,910615300000075;48,955670058000067;1
08250411317000912120;08;3;17;065;2025;04;13;6;3;6;3;0;0;0;1;1;0;0;0;414872,946499999612570;5354762,708000000566244;7,851233716000024;48,340307330000030;1
08250501136100968010;08;1;36;088;2025;05;13;5;3;0;7;0;0;1;0;0;0;0;0;581827,126400000415742;5413319,798299999907613;10,115786651000064;48,867437916000029;1
08250411118100918390;08;1;18;079;2025;04;15;6;3;0;7;0;0;1;0;0;0;0;0;505507,906000000424683;5421038,724999999627471;9,075216825000041;48,942249809000032;1
08250501237100970460;08;2;37;028;2025;05;00;5;2;1;7;2;0;1;1;0;0;0;0;456973,507299999706447;5368324,117900000885129;8,417933601000072;48,466577704000031;1
08250429336400953050;08;3;36;091;2025;04;15;3;3;5;3;0;0;1;1;0;0;0;0;395022,286999999545515;5273531,417999999597669;7,603278011000043;47,606684484000027;1
08250419435200911430;08;4;35;024;2025;04;15;7;3;0;1;0;0;1;0;0;0;0;0;526374,438799999654293;5279979,396700000390410;9,351349470000059;47,672667428000068;1
08250501311400968020;08;3;15;076;2025;05;14;5;3;0;1;0;0;1;0;0;0;0;0;392015,559600000269711;5295856,877599999308586;7,557756337000058;47,807003674000043;1
08250429111500947680;08;1;11;000;2025;04;07;3;2;6;4;0;0;0;0;1;0;0;1;515557,115199999883771;5404001,752499999478459;9,211801964000074;48,788818075000052;1
08250423436200921170;08;4;36;064;2025;04;15;4;3;3;6;0;0;1;0;0;0;0;0;544866,872800000011921;5286110,661499999463558;9,598317944000030;47,726812695000035;1
08250423121100932000;08;1;25;006;2025;04;14;4;3;5;3;0;0;1;1;0;0;0;0;506280,739199999719858;5453853,700500000268221;9,086280735000059;49,237428430000080;1
08250503216200996180;08;2;16;007;2025;05;08;7;3;6;4;0;0;0;1;1;0;0;0;436630,875699999742210;5394124,898299999535084;8,138829804000068;48,696941809000066;1
08250417111130915350;08;1;11;000;2025;04;23;5;3;6;4;2;1;0;1;1;0;0;0;513150,949199999682605;5403108,989800000563264;9,179014892000055;48,780842402000076;1
08250419119400938040;08;1;19;091;2025;04;12;7;2;5;3;0;0;1;1;0;0;0;0;528128,468200000002980;5407199,184800000861287;9,383170288000031;48,817139731000054;1
08250422226400933170;08;2;26;062;2025;04;13;3;2;5;2;0;0;1;1;0;0;0;0;469765,813699999824166;5468253,593800000846386;8,583577794000064;49,366239749000044;1
08250503221200970840;08;2;21;000;2025;05;18;7;3;6;4;0;0;1;0;1;0;0;0;478459,829300000332296;5473018,621799999848008;8,703062181000064;49,409469960000081;1
08250505117200028760;08;1;17;024;2025;05;20;2;3;1;5;0;0;1;1;0;0;0;0;562093,022800000384450;5384997,412699999287724;9,842461068000034;48,614966738000078;1
08250417222700920410;08;2;22;000;2025;04;14;5;3;3;2;0;0;1;1;0;0;0;0;463219,111999999731779;5482846,117000000551343;8,492058513000075;49,497133527000074;1
08250411117300885540;08;1;17;026;2025;04;12;6;3;0;7;0;0;1;0;0;0;0;0;547125,241100000217557;5395266,052500000223517;9,640567112000042;48,708645592000039;1
08250411119300895710;08;1;19;076;2025;04;20;6;2;0;7;1;0;1;0;0;0;0;0;543163,489500000141561;5406550,156999999657273;9,587902067000073;48,810438780000027;1
08250421118400943060;08;1;18;048;2025;04;15;2;3;0;1;0;0;1;0;0;0;0;0;513370,152499999850988;5416051,361500000581145;9,182421034000072;48,897265019000031;1
08250420317500910530;08;3;17;096;2025;04;14;1;3;8;1;0;1;1;0;0;0;0;0;420619,473000000230968;5369214,301999999210238;7,926033218000043;48,471047233000036;1
08250422415400916260;08;4;15;061;2025;04;12;3;3;0;1;0;0;1;0;0;0;0;0;515137,340200000442564;5372849,595399999991059;9,204948154000022;48,508580214000062;1
08250429117200964670;08;1;17;024;2025;04;15;3;3;1;7;0;0;1;1;0;0;0;0;561485,033499999903142;5386388,880499999970198;9,834419249000064;48,627543389000039;1
08250506111340000240;08;1;11;000;2025;05;12;3;3;2;6;0;0;1;1;0;0;0;0;508124,648900000378489;5407025,449999999254942;9,110672953000062;48,816160506000074;1
08250430116100942010;08;1;16;058;2025;04;17;4;3;0;1;0;0;1;0;0;0;0;0;535351,453999999910593;5395908,559000000357628;9,480589494000071;48,715204008000057;1
08250423416010962750;08;4;15;061;2025;04;11;4;2;5;2;0;0;1;1;0;0;0;0;514524,110100000165403;5369655,915200000628829;9,196534458000031;48,479863209000030;1