UIDENTSTLAE;ULAND;UREGBEZ;UKREIS;UGEMEINDE;UJAHR;UMONAT;USTUNDE;UWOCHENTAG;UKATEGORIE;UART;UTYP1;ULICHTVERH;IstStrassenzustand;IstRad;IstPKW;IstFuss;IstKrad;IstGkfz;IstSonstige;LINREFX;LINREFY;XGCSWGS84;YGCSWGS84;PLST
08250430111230940160;08;1;11;000;2025;04;20;4;3;0;7;0;0;1;0;0;0;0;0;512451,076200000010431;5399767,856699999421835;9,169386929000041;48,750800158000061;1
08250420118010940440;08;1;18;051;2025;04;23;1;2;1;5;2;0;1;1;0;0;0;0;509346,798899999819696;5415506,487600000575185;9,127514502000054;48,892437232000077;1
08250506111130975480;08;1;11;000;2025;05;15;3;3;5;3;0;0;1;1;0;0;0;0;511942,100999999791384;5405179,966700000688434;9,162619933000030;48,799497105000057;1
08250501336400980850;08;3;36;091;2025;05;01;5;2;8;1;2;0;1;0;0;0;0;0;397883,155299999751151;5271878,127100000157952;7,641715542000043;47,592269744000077;1
08250502116500974750;08;1;16;071;2025;05;16;6;3;0;6;0;0;1;0;0;0;0;0;528921,011199999600649;5390817,569700000807643;9,392816038000035;48,669737500000053;1
08250502436000968290;08;4;36;049;2025;05;12;6;2;1;7;0;0;1;1;0;0;0;0;579868,607599999755621;5281578,672199999913573;10,064185072000043;47,682660109000039;1
08250416212502910860;08;2;12;000;2025;04;01;4;3;0;7;2;0;1;0;0;0;0;0;454671,520899999886751;5428655,380200000479817;8,380156955000075;49,009126260000073;1
08250501231000971350;08;2;37;028;2025;05;10;5;1;2;6;0;0;1;0;0;0;0;0;455520,661199999973178;5368560,709799999371171;8,398255311000071;48,468605001000071;1
08250414111500901480;08;1;11;000;2025;04;17;2;2;5;3;0;0;1;1;0;0;0;0;508793,969800000078976;5406823,836300000548363;9,119786017000024;48,814337698000031;1
08250410226700942000;08;2;26;041;2025;04;17;5;3;1;5;0;0;1;1;0;0;0;0;477111,142500000074506;5465409,780099999159575;8,684908217000043;49,340980007000041;1
08250429316200940020;08;3;16;056;2025;04;18;3;3;0;6;0;0;1;1;0;0;0;0;422863,188500000163913;5327198,693800000473857;7,964055181000049;48,093385154000032;1
08250415116200910600;08;1;16;015;2025;04;15;3;3;0;1;0;1;1;0;0;0;0;0;523384,350100000388920;5394577,428799999877810;9,317829152000058;48,703792957000076;1
08250501216300009470;08;2;16;015;2025;05;19;5;3;5;3;1;0;1;1;0;0;0;0;450705,336600000038743;5404143,293700000271201;8,328883687000030;48,788332164000053;1
08250420415100950510;08;4;15;039;2025;04;12;1;3;4;6;0;0;1;1;0;0;0;0;530151,132000000216067;5374192,622999999672174;9,408316593000052;48,520120920000068;1
08250502336400975040;08;3;36;006;2025;05;18;6;3;5;3;0;0;1;1;0;0;0;0;391692,544999999925494;5287679,123999999836087;7,555482292000022;47,733393105000061;1
08250423111500942720;08;1;11;000;2025;04;12;4;3;1;5;0;0;1;1;0;0;0;0;508067,040199999697506;5397487,244599999859929;9,109701117000043;48,730355985000074;1
08250410212102884400;08;2;15;017;2025;04;16;5;3;6;7;0;0;1;0;1;0;0;0;455499,019700000062585;5421414,091900000348687;8,392264274000070;48,944050045000040;1
08250428215202964280;08;2;15;100;2025;04;00;2;3;5;3;2;0;1;1;0;0;0;0;474712,088800000026822;5451840,665599999949336;8,652741096000057;49,218830909000076;1
08250429317000948940;08;3;17;089;2025;04;14;3;3;5;3;0;0;1;1;0;0;0;0;431970,146999999880791;5375474,552200000733137;8,078557938000074;48,528690103000031;1
08250410212010925170;08;2;12;000;2025;04;07;5;3;5;2;0;0;1;1;0;0;0;0;458959,190299999900162;5428364,623800000175834;8,438814867000076;49,006810913000038;1
08250419237200952230;08;2;37;040;2025;04;18;7;3;0;7;0;0;1;0;0;0;0;0;477620,404400000348687;5364824,387800000607967;8,697427933000029;48,436166555000057;1
08250416136100916720;08;1;36;088;2025;04;16;4;2;0;7;0;0;1;0;0;0;0;0;580415,876099999994040;5411962,985500000417233;10,096280111000056;48,855419087000030;1
08250427222500963600;08;2;22;000;2025;04;12;1;3;3;2;0;0;1;1;0;0;0;0;461307,700699999928474;5480575,939300000667572;8,465885421000053;49,476595593000070;1
08250425421300927680;08;4;21;000;2025;04;16;6;3;3;2;0;0;1;1;0;0;0;0;571366,639100000262260;5360472,285599999129772;9,964072137000073;48,393371368000032;1
08250501212102982130;08;2;12;000;2025;05;21;5;3;0;7;2;0;1;0;0;0;0;0;458312,637799999676645;5428351,092800000682473;8,429975860000070;49,006645864000063;1
08250428415100948000;08;1;16;020;2025;04;16;2;3;4;6;0;0;1;1;0;0;0;0;524621,494900000281632;5380725,672700000926852;9,333820246000073;48,579134592000059;1
08250421135200941550;08;1;35;010;2025;04;14;2;3;0;1;0;0;1;0;0;0;0;0;600982,216000000014901;5391672,177500000223517;10,371598823000056;48,669929449000051;1
08250503436400974780;08;4;36;082;2025;05;19;7;3;6;6;0;0;0;0;1;0;0;1;547910,786000000312924;5295028,560000000521541;9,639890603000026;47,806828171000063;1
08250414222600896210;08;2;22;000;2025;04;14;2;3;5;7;0;0;1;1;0;0;0;0;462306,230999999679625;5482713,425799999386072;8,479464890000031;49,495884003000072;1
08250505226000998560;08;2;22;000;2025;05;12;2;3;5;5;0;0;1;1;0;0;0;0;463406,378600000403821;5480407,774700000882149;8,494870237000043;49,475213169000028;1
08250424311400947100;08;3;15;076;2025;04;14;5;3;5;3;0;1;1;1;0;0;0;0;392850,525299999862909;5297009,877499999478459;7,568619534000049;47,817514080000080;1
08250419335200938070;08;3;35;025;2025;04;16;7;2;4;1;0;0;1;1;0;0;0;0;499310,723100000061095;5282553,342100000008941;8,990813581000054;47,696364543000072;1
08250430335300965040;08;3;35;035;2025;04;20;4;3;4;6;0;0;1;0;0;1;0;0;485092,784699999727309;5290023,229000000283122;8,801067171000057;47,763403663000076;1
08250410212010915160;08;2;12;000;2025;04;16;5;3;5;3;0;0;1;1;0;0;0;0;460033,493300000205636;5427185,811400000005960;8,453620005000062;48,996277763000080;1
08250423426100932980;08;4;26;021;2025;04;16;4;3;5;3;0;0;1;1;0;0;0;0;558936,371000000275671;5327294,559399999678135;9,791554663000056;48,096191065000028;1
08250502226500975400;08;2;26;049;2025;05;19;6;3;0;7;0;0;1;0;0;0;0;0;486547,723199999891222;5462726,856699999421835;8,814903275000063;49,317128086000025;1
08250429119200936010;08;1;19;020;2025;04;17;3;3;5;2;0;0;1;1;0;0;0;0;519960,555999999865890;5407497,759600000455976;9,271921847000044;48,820141780000029;1
08250419111110911480;08;1;11;000;2025;04;17;7;3;0;7;0;0;1;0;0;0;0;0;512772,064199999906123;5402346,921199999749660;9,173833741000067;48,773994786000060;1
08250419435100932430;08;4;35;016;2025;04;20;7;3;0;1;1;0;1;0;0;0;0;0;534691,350399999879301;5278055,139200000092387;9,461987900000054;47,654961319000051;1
08250502317600968230;08;3;17;051;2025;05;13;6;3;8;1;0;0;1;0;0;0;0;0;442991,123999999836087;5339591,119999999180436;8,232682937000050;48,206988067000054;1
08250502118400989200;08;1;18;048;2025;05;18;6;3;0;2;0;0;1;0;0;0;0;1;514195,869599999859929;5415928,550400000065565;9,193682702000046;48,896141873000033;1
08250504435100981540;08;4;35;016;2025;05;13;1;3;5;3;0;1;1;1;0;0;0;0;536915,384100000374019;5278826,623299999162555;9,491669634000061;47,661779586000080;1
08250411311010921880;08;3;11;000;2025;04;09;6;3;5;3;0;0;1;1;0;0;0;0;412721,762099999934435;5317414,139200000092387;7,829879630000050;48,004062451000038;1
08250430222400960450;08;2;26;038;2025;04;16;4;2;0;7;0;0;1;0;0;0;0;0;471482,640899999998510;5480805,062799999490380;8,606321262000051;49,479219739000030;1
08250429212010939140;08;2;15;105;2025;04;18;3;2;5;3;0;0;1;1;0;0;0;0;456532,642300000414252;5441648,789799999445677;8,404209547000050;49,126136203000044;1
08250429215502950590;08;2;15;066;2025;04;16;3;3;0;3;0;0;1;0;0;0;0;0;461205,803999999538064;5453269,330000000074506;8,467138743000021;49,230975117000071;1
08250410136200895270;08;1;36;060;2025;04;16;5;2;6;7;0;0;1;0;1;0;0;0;574757,082499999552965;5429951,914599999785423;10,022448596000061;49,017924300000061;1
08250506116000972970;08;4;16;025;2025;05;16;3;3;9;1;0;0;1;0;0;0;0;0;504028,262699999846518;5361398,517599999904633;9,054429568000046;48,405730524000035;1
08250429222200957710;08;2;22;000;2025;04;08;3;3;3;2;0;0;1;1;0;0;0;0;461321,669700000435114;5481927,048699999228120;8,465946085000041;49,488748996000027;1
08250411221400948500;08;2;21;000;2025;04;18;6;3;0;7;0;0;1;0;0;0;0;0;477510,105000000447035;5471270,210000000894070;8,690069133000065;49,393708886000070;1
08250410115400896000;08;1;15;045;2025;04;09;5;3;6;7;0;0;1;0;1;0;0;0;501397,611800000071526;5393887,225299999117851;9,018993502000058;48,698020630000030;1
08250430116500951640;08;1;16;049;2025;04;13;4;3;1;5;0;0;1;1;0;0;0;0;528671,444299999624491;5386369,757500000298023;9,389118420000045;48,629736677000039;1
08250428116500937330;08;1;16;049;2025;04;12;2;3;5;3;0;0;1;1;0;0;0;0;525479,244199999608099;5386015,022600000724196;9,345774112000072;48,626683684000056;1
08250419311010908500;08;3;11;000;2025;04;13;7;3;0;7;0;0;1;0;0;0;0;0;413454,339999999850988;5319628,626000000163913;7,839252003000070;48,024082074000034;1
08250409436300908830;08;4;36;081;2025;04;11;4;3;6;2;0;0;0;1;1;0;0;0;562390,862300000153482;5281855,358999999240041;9,831376548000037;47,687072813000043;1
08250501221400998640;08;2;21;000;2025;05;13;5;3;7;7;0;0;1;0;0;0;0;0;476527,539099999703467;5470621,058700000867248;8,676567056000067;49,387832771000035;1
08250502116000987670;08;4;16;025;2025;05;07;6;3;0;4;0;0;1;0;1;0;0;0;505116,599999999627471;5362246,576099999248981;9,069145428000070;48,413352218000057;1
08250430426300994660;08;4;26;062;2025;04;19;4;2;0;1;0;0;1;0;0;0;0;0;557632,958800000138581;5320567,340299999341369;9,773143700000048;48,035790479000070;1
08250410311010900290;08;3;11;000;2025;04;16;5;3;6;7;0;0;0;1;1;0;0;0;414015,138399999588728;5316036,585799999535084;7,847492030000069;47,991846152000051;1
08250429111330934560;08;1;11;000;2025;04;04;3;2;3;6;1;0;1;0;0;0;0;0;511580,320000000298023;5408822,826300000771880;9,157796268000027;48,832274645000041;1
08250428118300933410;08;1;18;046;2025;04;08;2;3;5;2;0;0;1;1;0;0;0;0;514071,029600000008941;5411666,246999999508262;9,191832776000069;48,857802067000080;1
08250426335100950190;08;3;35;043;2025;04;04;7;3;1;5;2;0;1;0;0;0;0;1;512813,495799999684095;5280371,442099999636412;9,170708912000066;47,676605885000072;1
08250502335200984840;08;3;35;063;2025;05;13;6;3;5;3;0;0;1;1;0;0;0;0;497925,219100000336766;5287241,789599999785423;8,972325786000056;47,738546501000030;1
08250428216100960220;08;2;16;039;2025;04;19;2;3;4;6;1;0;1;1;0;0;0;0;443947,125599999912083;5415162,414599999785423;8,235375694000027;48,886877523000067;1
08250411316200917310;08;3;16;014;2025;04;13;6;3;5;3;0;0;1;1;0;0;0;0;425817,963399999774992;5330323,610899999737740;8,003187878000062;48,121846686000026;1
08250409415400925430;08;4;15;061;2025;04;18;4;3;5;3;0;0;1;1;0;0;0;0;515142,588899999856949;5370778,225099999457598;9,204944087000058;48,489945326000054;1
08250410116000883570;08;4;16;022;2025;04;14;5;3;5;3;0;0;1;0;0;0;0;1;511598,593000000342727;5375758,944499999284744;9,157117333000031;48,534829017000050;1
08250422212302950240;08;2;12;000;2025;04;23;3;3;5;3;2;0;1;1;0;0;0;0;457065,832200000062585;5428465,483100000768900;8,412916132000021;49,007589341000028;1
08250428211000935900;08;3;17;001;2025;04;16;2;3;5;3;0;0;1;1;0;0;0;0;431837,048600000329316;5386462,344599999487400;8,074953727000036;48,627512026000034;1
08250423311100948810;08;3;15;015;2025;04;14;4;3;4;6;0;0;1;0;0;0;0;0;394084,357699999585748;5321605,503399999812245;7,579048680000028;48,038944763000075;1
08250430311010963560;08;3;11;000;2025;04;07;4;3;3;6;0;0;1;0;0;0;0;1;411794,294700000435114;5316206,449400000274181;7,817696269000066;47,993071637000071;1
08250428116100954240;08;1;16;019;2025;04;07;2;3;5;3;0;0;1;1;0;0;0;0;522437,544999999925494;5398456,532999999821186;9,305171849000033;48,738723870000058;1
08250429335300950630;08;3;35;075;2025;04;13;3;3;6;7;0;0;0;0;1;0;0;1;487551,603900000452995;5289731,616699999198318;8,833887657000048;47,760832055000037;1
08250410121200914190;08;1;21;000;2025;04;15;5;3;5;3;0;0;1;1;0;0;0;0;515821,840099999681115;5442169,329500000923872;9,216889670000057;49,132152203000032;1
08250427216300952470;08;2;16;015;2025;04;00;1;3;3;6;2;0;1;0;0;0;0;1;449696,921900000423193;5405551,778200000524521;8,314983281000025;48,800921147000054;1
08250428121500954980;08;1;25;113;2025;04;19;2;3;0;7;0;0;1;0;0;0;0;0;530641,304100000299513;5450902,320599999278784;9,420699283000033;49,210146071000054;1
08250414337400894570;08;3;37;060;2025;04;17;2;3;0;7;0;0;1;0;0;0;0;0;470328,315200000070035;5278609,082499999552965;8,604820062000044;47,660195121000072;1
08250502226700998440;08;2;26;098;2025;05;11;6;3;5;3;0;0;1;0;0;0;0;0;477993,066899999976158;5459992,370100000873208;8,697347482000055;49,292282889000035;1
08250501226700974040;08;2;26;103;2025;05;14;5;3;2;2;0;0;1;1;0;0;0;0;471504,867999999783933;5455963,338099999353290;8,608406820000027;49,255773696000063;1
08250425225100952350;08;2;25;117;2025;04;15;6;3;5;3;0;0;1;1;0;0;0;0;515626,609100000001490;5472174,233599999919534;9,215385064000031;49,402055361000066;1
08250502311010969110;08;3;11;000;2025;05;15;6;3;0;4;0;0;0;0;1;1;0;0;414349,014000000432134;5319389,666999999433756;7,851296598000033;48,022053156000027;1
08250420335200910630;08;3;35;063;2025;04;13;1;3;0;1;0;0;1;0;0;0;0;0;496380,049899999983609;5287868,150100000202656;8,951710529000025;47,744175417000065;1
08250505226700038990;08;2;26;041;2025;05;14;2;3;5;3;0;0;1;1;0;0;0;0;476991,706100000068545;5466971,080900000408292;8,683173894000049;49,355019311000035;1
08250413136000889920;08;1;36;028;2025;04;20;1;3;6;4;1;0;0;1;1;0;0;0;568565,261500000022352;5405533,446599999442697;9,933674316000065;48,799010216000056;1
08250423436200923510;08;4;36;064;2025;04;13;4;3;9;1;0;0;1;0;0;0;0;0;546428,448499999940395;5290967,635700000450015;9,619659447000060;47,770400713000072;1
08250412415100920090;08;4;15;050;2025;04;16;7;3;2;6;0;0;1;0;0;0;0;0;520996,842100000008941;5376175,222300000488758;9,284447988000068;48,538329819000069;1
08250423311010920170;08;3;11;000;2025;04;07;4;3;2;6;0;0;1;0;0;0;0;0;414842,630199999548495;5316644,585699999704957;7,858460478000040;47,997426095000037;1
08250429116010961930;08;1;16;077;2025;04;15;3;2;5;3;0;0;1;1;0;0;0;0;516200,827200000174344;5391389,762900000438094;9,220069989000024;48,675344556000027;1
08250430111110947360;08;1;11;000;2025;04;23;4;3;2;6;2;0;1;1;0;0;0;0;512946,208999999798834;5403298,290999999269843;9,176233879000051;48,782549635000066;1
08250412136100965700;08;1;36;088;2025;04;18;7;3;0;7;0;0;1;0;0;0;0;0;580814,263700000010431;5413256,110400000587106;10,101965463000056;48,866997908000030;1
08250423111240937070;08;1;11;000;2025;04;13;4;3;5;2;0;0;1;0;0;0;0;1;518238,699699999764562;5401677,137000000104308;9,248206876000040;48,767833247000056;1
08250409311010942910;08;3;11;000;2025;04;16;4;2;3;6;0;0;1;1;0;0;0;0;414565,888700000010431;5316182,441800000146031;7,854843511000070;47,993232006000028;1
08250501436200514690;08;4;36;064;2025;05;19;5;3;0;7;0;0;1;0;0;0;0;0;544994,531100000254810;5292502,461400000378489;9,600681739000038;47,784311327000069;1
08250412416010893920;08;4;16;041;2025;04;13;7;2;0;1;0;0;1;0;0;0;0;0;498095,669999999925494;5374910,962999999523163;8,974207313000022;48,527304597000068;1
08250501335300967890;08;3;35;075;2025;05;16;5;3;0;7;0;0;1;0;0;0;0;0;489087,290199999697506;5289019,209799999371171;8,854397783000024;47,754449974000067;1
08250423117300954050;08;1;17;026;2025;04;09;4;2;6;4;0;0;0;1;1;0;0;0;547813,694899999536574;5394638,947100000455976;9,649851911000042;48,702952061000076;1
08250409311010912760;08;3;36;050;2025;04;07;4;3;6;7;0;0;0;1;1;0;0;0;400570,711099999956787;5276728,518999999389052;7,676352721000057;47,636318603000063;1
08250505118400983200;08;1;18;048;2025;05;17;2;3;5;2;0;0;1;1;0;0;0;0;514262,693799999542534;5415927,123500000685453;9,194594369000072;48,896127502000070;1
08250425311010928610;08;3;11;000;2025;04;18;6;3;3;6;0;1;1;1;0;0;0;0;414856,673299999907613;5319345,902400000020862;7,858112333000065;48,021727346000034;1
08250422311010944970;08;3;11;000;2025;04;18;3;3;4;3;0;0;1;0;0;0;0;1;411663,904799999669194;5314396,105100000277162;7,816321344000073;47,976769069000056;1
08250502426100986350;08;4;26;021;2025;05;21;6;3;0;1;2;0;1;0;0;0;0;0;559013,941999999806285;5326528,081000000238419;9,792490425000040;48,089288507000049;1
08250430421300017690;08;4;21;000;2025;04;19;4;3;3;6;0;0;1;1;0;0;0;0;571586,499400000087917;5362179,892100000753999;9,967332951000060;48,408706832000064;1
08250430135010959160;08;1;35;016;2025;04;11;4;3;6;7;0;0;0;1;1;0;0;0;592017,653500000014901;5386074,528100000694394;10,248624990000053;48,620969295000066;1
08250409222400926820;08;2;26;038;2025;04;14;4;3;0;7;0;0;1;0;0;0;0;0;471638,131599999964237;5480990,436799999326468;8,608454445000064;49,480894400000068;1
08250501212010982440;08;2;12;000;2025;05;18;5;3;2;6;0;0;1;0;0;0;0;0;460288,883700000122190;5427795,486700000241399;8,457051661000037;49,001778403000060;1
08250430415300965150;08;4;15;019;2025;04;15;4;3;1;1;0;0;1;0;0;0;0;1;517869,161100000143051;5369810,148499999195337;9,241804567000031;48,481164558000046;1
08250419436300909880;08;4;36;049;2025;04;19;7;3;5;3;0;0;1;0;0;0;0;0;578078,410099999979138;5283003,802500000223517;10,040591250000034;47,695699582000032;1
08250425216100926680;08;2;16;043;2025;04;07;6;3;0;1;0;0;1;0;0;0;0;0;444834,677500000223517;5411850,958000000566244;8,247928409000053;48,857170476000078;1
08250430436400958070;08;4;36;011;2025;04;09;4;3;5;2;0;0;1;1;0;0;0;0;546703,725599999539554;5297628,157299999147654;9,624050472000022;47,830305319000047;1
08250422221400963530;08;2;26;018;2025;04;16;3;3;0;7;0;0;1;0;0;0;0;0;472973,832299999892712;5472016,351299999281764;8,627505757000051;49,400235812000062;1
08250501317000982600;08;3;17;114;2025;05;16;5;3;1;3;0;0;1;1;0;0;0;0;405484,995699999853969;5346362,618499999865890;7,726457978000042;48,263418066000042;1
08250425115100950620;08;1;15;044;2025;04;07;6;3;1;5;0;1;1;1;0;0;0;0;504986,658300000242889;5389361,612099999561906;9,067713924000032;48,657289325000079;1
08250501311400999480;08;3;15;074;2025;05;15;5;3;6;7;0;0;0;1;1;0;0;0;397177,850999999791384;5295467,879899999126792;7,626775331000033;47,804350126000031;1
08250411212402917430;08;2;12;000;2025;04;18;6;3;2;6;0;0;1;1;0;0;0;0;455691,648500000126660;5425381,892100000753999;8,394462841000063;48,979754926000055;1
08250415416100896090;08;4;16;036;2025;04;09;3;3;6;4;0;0;0;1;1;0;0;0;495457,185999999754131;5368584,707000000402331;8,938539926000033;48,470377529000075;1
08250428111330080240;08;1;11;000;2025;04;17;2;3;5;3;0;0;1;1;0;0;0;0;512240,246399999596179;5408794,181299999356270;9,166787692000071;48,832004301000040;1
08250416212010916730;08;2;12;000;2025;04;17;4;3;0;6;0;1;1;1;0;0;0;0;461456,009800000116229;5427504,487900000065565;8,473036036000053;48,999234785000056;1
08250414116200938130;08;1;16;077;2025;04;13;2;3;5;2;0;0;1;1;0;0;0;0;515035,439500000327826;5391440,831800000742078;9,204241476000050;48,675833128000079;1
08250412336100919540;08;3;36;050;2025;04;09;7;3;6;4;0;0;0;1;1;0;0;0;399210,774199999868870;5274056,747300000861287;7,658868685000073;47,612074908000068;1
08250410311010891510;08;3;11;000;2025;04;20;5;3;0;7;2;0;1;0;0;0;0;0;412034,432500000111759;5317255,033500000834465;7,820699392000051;48,002537029000052;1
08250421426000972850;08;4;26;135;2025;04;14;2;3;0;1;0;0;1;0;0;0;0;0;574022,811200000345707;5329906,732499999925494;9,994600489000049;48,118115134000050;1
08250504326200003300;08;3;26;003;2025;05;16;1;3;5;2;0;0;1;0;0;0;0;0;465236,749200000427663;5320194,262900000438094;8,533668758000033;48,034088881000059;1
08250409335200879710;08;3;35;063;2025;04;17;4;3;8;1;0;0;1;0;0;0;0;0;498361,415799999609590;5287199,881899999454618;8,978144100000065;47,738170688000025;1
08250427216100956450;08;2;16;043;2025;04;18;1;3;5;3;0;0;1;1;0;0;0;0;441102,449000000022352;5413947,302999999374151;8,196750051000038;48,875683881000043;1
08250411117300915430;08;1;17;026;2025;04;16;6;3;6;4;0;0;0;0;1;0;0;1;548136,090900000184774;5394431,361800000071526;9,654209203000050;48,701059931000032;1
08250410426100912340;08;4;26;021;2025;04;17;5;3;1;5;0;0;1;1;0;0;0;0;559940,900899999774992;5326900,935100000351667;9,804989521000039;48,092556244000036;1
08250421226300946070;08;2;26;056;2025;04;18;2;3;1;1;0;1;1;1;0;0;0;0;485830,750199999660254;5470661,953299999237061;8,804755845000045;49,388488154000072;1
08250422435100932120;08;4;35;029;2025;04;13;3;3;0;7;0;0;1;0;0;0;0;0;542552,633000000379980;5271449,684000000357628;9,566030559000069;47,595060513000078;1
08250409215000891850;08;2;12;000;2025;04;06;4;3;5;3;1;0;1;1;0;0;0;0;455116,707600000314415;5429038,323699999600649;8,386201937000067;49,012603409000064;1
08250430212702942430;08;2;15;017;2025;04;12;4;3;6;7;0;0;0;1;1;0;0;0;456926,423000000417233;5420850,204800000414252;8,411816383000030;48,939078803000029;1
08250411116400927140;08;1;16;033;2025;04;12;6;3;5;3;0;0;1;1;0;0;0;0;532883,440499999560416;5388408,012199999764562;9,446442183000045;48,647865328000080;1
08250409212010921530;08;2;12;000;2025;04;22;4;3;5;3;2;0;1;1;0;0;0;0;454769,473100000061095;5427178,631300000473857;8,381660796000062;48,995849961000033;1
08250427212702956270;08;2;15;108;2025;04;18;1;3;3;6;0;0;1;0;0;0;0;0;449155,466799999587238;5425051,022299999371171;8,305184350000047;48,976275354000052;1
08250419216100909320;08;2;16;023;2025;04;10;7;2;8;1;0;0;1;0;0;0;0;0;437068,985000000335276;5407815,221899999305606;8,142689732000065;48,820130469000048;1
08250501317500995380;08;3;17;096;2025;05;19;5;3;8;1;0;0;1;0;0;0;0;0;424827,203599999658763;5368092,234799999743700;7,983153139000024;48,461471286000062;1
08250410317000954630;08;3;17;031;2025;04;15;5;3;5;3;0;0;1;1;0;0;0;0;416800,097500000149012;5358400,556900000199676;7,876515526000048;48,373286153000038;1
08250425115200928510;08;1;15;021;2025;04;14;6;3;6;7;0;1;0;1;1;0;0;0;490413,776499999687076;5382638,601399999111891;8,869984082000030;48,596754274000034;1
08250429226400950160;08;2;26;062;2025;04;13;3;2;0;7;0;0;1;0;0;0;0;0;470168,794499999843538;5468942,260999999940395;8,589076361000025;49,372454037000068;1
08250412416010921840;08;4;16;041;2025;04;20;7;3;0;1;0;0;1;0;0;0;0;0;504531,427000000141561;5373787,027200000360608;9,061362468000027;48,517179795000061;1
08250409136000878230;08;1;19;084;2025;04;10;4;3;0;7;0;0;1;0;0;0;0;0;546211,681499999947846;5413113,931399999186397;9,630157243000042;48,869262846000026;1
08250410115100909920;08;1;15;003;2025;04;09;5;3;6;4;0;0;0;0;1;0;0;1;501021,109899999573827;5392336,061699999496341;9,013873019000073;48,684066936000079;1
08250423237200935380;08;2;37;040;2025;04;18;4;3;0;1;0;1;1;0;0;0;0;0;477106,431099999696016;5366141,745200000703335;8,690407107000055;48,447999497000069;1
08250429311010948730;08;3;11;000;2025;04;14;3;3;0;1;0;0;1;0;0;0;0;0;416313,067999999970198;5315473,289999999105930;7,878396208000026;47,987083907000056;1
08250502221200968370;08;2;21;000;2025;05;12;6;3;0;7;0;0;1;0;0;0;0;0;476497,340699999593198;5472649,910099999979138;8,676030937000064;49,406080823000082;1
08250429436300937790;08;4;36;049;2025;04;19;3;3;6;4;0;0;0;1;1;0;0;0;577997,084200000390410;5283041,470799999311566;10,039514298000029;47,696048276000056;1
08250409222400907600;08;2;26;028;2025;04;07;4;3;4;6;0;0;1;1;0;0;0;0;470850,801900000311434;5484149,231200000271201;8,597352348000072;49,509269253000070;1
08250410317600897940;08;3;17;040;2025;04;18;5;3;5;3;0;0;1;1;0;0;0;0;432813,781100000254810;5347539,338300000876188;8,094455089000064;48,277491933000078;1
08250428416010950990;08;4;15;050;2025;04;16;2;3;6;4;0;0;0;1;1;0;0;0;521293,573499999940395;5375693,807800000533462;9,288443205000021;48,533988901000043;1
08250409119500888660;08;1;19;042;2025;04;10;4;2;8;7;0;0;1;0;0;0;0;0;528771,736999999731779;5415106,005999999120831;9,392488372000059;48,888237162000053;1
08250429136000958470;08;1;36;040;2025;04;19;3;3;0;7;0;0;1;0;0;0;0;0;564385,140700000338256;5411218,964999999850988;9,877652136000052;48,850597508000078;1
08250501436400982830;08;4;36;047;2025;05;12;5;3;4;6;0;0;1;0;0;0;0;0;534811,412399999797344;5310580,473400000482798;9,466197593000061;47,947591926000030;1
08250414317000896430;08;2;11;000;2025;04;18;2;2;6;7;0;0;0;1;1;0;0;0;439771,256500000134110;5396794,543999999761581;8,181112524000071;48,721266755000045;1
08250409311000901580;08;3;36;105;2025;04;17;4;3;6;7;0;0;0;0;1;1;0;0;400030,237599999643862;5268445,833100000396371;7,671048075000044;47,561729368000044;1
08250502111320972660;08;1;11;000;2025;05;20;6;3;3;6;2;0;1;1;0;0;0;0;516775,113099999725819;5406617,438999999314547;9,228491088000055;48,812316755000040;1
08250419111340923240;08;1;11;000;2025;04;09;7;2;6;2;0;0;0;1;1;0;0;0;511618,868900000117719;5406245,036299999803305;9,158248524000044;48,809084479000035;1
08250411116400912850;08;1;16;070;2025;04;13;6;3;0;7;0;0;0;1;1;0;0;0;537913,954199999570847;5384929,860200000926852;9,514418121000062;48,616291517000036;1
08250419311010937340;08;3;11;000;2025;04;19;7;3;0;7;0;0;1;0;0;0;0;0;413375,536999999545515;5318210,026000000536442;7,838482018000036;48,011310648000062;1
08250421216300913780;08;2;16;013;2025;04;10;2;3;6;7;0;0;0;1;1;0;0;0;453091,193799999542534;5392519,507799999788404;8,362686619000044;48,683955270000070;1
08250506118010007120;08;1;15;003;2025;05;16;3;3;0;7;0;0;1;1;0;0;0;0;501834,957000000402331;5392084,032400000840425;9,024929000000043;48,681797790000076;1
08250419212010947840;08;2;12;000;2025;04;09;7;3;5;3;0;0;1;1;0;0;0;0;453978,434600000269711;5429716,195499999448657;8,370559666000077;49,018617049000056;1
08250430127202957480;08;1;27;014;2025;04;23;4;3;6;7;2;0;0;1;1;0;0;0;576208,760900000110269;5443859,390100000426173;10,044920778000062;49,142830471000082;1
08250501426000969530;08;4;26;087;2025;05;15;5;3;0;1;0;0;1;0;0;0;0;0;570751,532300000078976;5324602,313300000503659;9,949773419000053;48,070769603000031;1
08250417415100904150;08;4;15;050;2025;04;20;5;3;2;7;2;1;1;1;0;0;0;0;520542,211099999956787;5376485,189600000157952;9,278304382000044;48,541133408000064;1
08250409118500939860;08;1;18;078;2025;04;07;4;3;3;6;0;0;1;0;0;0;0;1;513689,656999999657273;5420436,850700000301003;9,186927440000034;48,936708581000062;1