UIDENTSTLAE;ULAND;UREGBEZ;UKREIS;UGEMEINDE;UJAHR;UMONAT;USTUNDE;UWOCHENTAG;UKATEGORIE;UART;UTYP1;ULICHTVERH;IstStrassenzustand;IstRad;IstPKW;IstFuss;IstKrad;IstGkfz;IstSonstige;LINREFX;LINREFY;XGCSWGS84;YGCSWGS84;PLST
08250505111250971990;08;1;11;000;2025;05;10;2;3;6;4;0;0;0;1;1;0;0;0;515257,773799999617040;5403643,743799999356270;9,207713324000053;48,785604884000065;1
08250409118500879470;08;1;18;060;2025;04;12;4;3;0;7;0;0;1;0;0;0;0;0;523823,812199999578297;5430563,899000000208616;9,325897359000066;49,027499184000078;1
08250505317000974620;08;3;17;089;2025;05;13;2;3;5;2;0;0;1;1;0;0;0;0;432073,327800000086427;5375640,371600000187755;8,079928277000022;48,530192857000031;1
08250426118300929450;08;1;18;046;2025;04;16;7;3;5;3;0;0;1;1;0;0;0;0;514847,183400000445545;5412052,047800000756979;9,202428142000031;48,861254556000063;1
08250417311010916410;08;3;11;000;2025;04;07;5;2;1;5;0;1;1;1;0;0;0;0;410065,204499999992549;5314693,499299999326468;7,794841812000072;47,979221467000059;1
08250429116000935600;08;4;17;044;2025;04;11;3;3;0;1;0;0;1;0;0;0;0;0;497156,642599999904633;5329881,419399999082088;8,961792686000024;48,122184898000057;1
08250429119200946780;08;1;19;020;2025;04;12;3;3;1;5;0;0;1;1;0;0;0;0;520154,692800000309944;5407536,652499999850988;9,274568444000067;48,820485384000051;1
08250501121400968510;08;1;25;056;2025;05;18;5;3;0;1;0;0;1;0;0;0;0;0;511362,268000000156462;5435723,408999999985099;9,155575683000052;49,074267083000052;1
08250501212010983370;08;2;12;000;2025;05;19;5;3;5;2;0;0;1;1;0;0;0;0;454028,345999999903142;5428442,650000000372529;8,371386517000076;49,007165160000056;1
08250429222600947410;08;2;22;000;2025;04;15;3;3;5;3;0;0;1;1;0;0;0;0;463906,604600000195205;5483649,248099999502301;8,501478975000055;49,504398578000064;1
08250409221011882960;08;2;21;000;2025;04;10;4;2;5;2;0;0;1;0;0;0;0;1;476562,482300000265241;5473379,500700000673532;8,676885790000028;49,412645880000071;1
08250429336400960550;08;3;36;091;2025;04;07;3;2;5;3;0;0;1;1;0;0;0;0;395298,485899999737740;5274364,922900000587106;7,606752550000067;47,614226654000049;1
08250425222700949980;08;2;22;000;2025;04;09;6;3;6;7;0;1;1;0;1;0;0;0;462157,281899999827147;5481600,814899999648333;8,477514581000037;49,485867380000059;1
08250501226700967640;08;2;26;095;2025;05;19;5;3;1;5;0;0;1;1;0;0;0;0;473467,297100000083447;5461733,134500000625849;8,634991976000038;49,307761230000040;1
08250428311010947780;08;3;11;000;2025;04;15;2;2;6;4;0;0;0;1;1;0;0;0;414238,820899999700487;5316688,246799999848008;7,850359334000075;47,997738131000062;1
08250409118300892500;08;1;18;003;2025;04;09;4;3;6;7;0;0;0;1;1;0;0;0;509913,861299999989569;5417004,682900000363588;9,135287045000041;48,905905808000057;1
08250414128200908210;08;1;28;115;2025;04;16;2;3;8;1;0;0;1;0;0;0;0;0;547782,957600000314415;5496489,305900000035763;9,661525423000057;49,619075506000058;1
08250419225100909770;08;2;25;058;2025;04;18;7;3;0;7;0;0;1;0;0;0;0;0;507630,580599999986589;5466500,294800000265241;9,105065457000023;49,351170986000056;1
08250412437100894630;08;4;37;100;2025;04;13;7;3;5;2;0;0;1;1;0;0;0;0;537556,965099999681115;5317780,684800000861287;9,503594494000026;48,012216173000070;1
08250430118500960280;08;1;18;021;2025;04;18;4;2;6;7;0;0;0;0;1;0;0;1;521902,455000000074506;5428306,085999999195337;9,299492710000038;49,007260336000058;1
08250504335100970810;08;3;35;066;2025;05;20;1;3;5;3;0;1;1;0;0;0;0;1;506063,239000000059605;5281746,628000000491738;9,080797276000055;47,689077917000077;1
08250409326200926810;08;3;26;074;2025;04;18;4;3;5;3;0;0;1;1;0;0;0;0;464640,393199999816716;5323352,020600000396371;8,525408285000026;48,062465855000028;1
08250502311010985560;08;3;11;000;2025;05;14;6;3;5;3;0;0;1;1;0;0;0;0;415179,667200000025332;5319917,065300000831485;7,862330167000039;48,026908140000046;1
08250501435100969520;08;4;35;016;2025;05;18;5;3;6;7;0;0;1;0;1;0;0;0;536080,457399999722838;5277706,803300000727177;9,480457358000024;47,651751218000072;1
08250502416200968990;08;4;16;041;2025;05;14;6;3;0;7;0;0;1;0;0;0;0;0;502734,985600000247359;5373399,385999999940395;9,037033363000035;48,513702826000042;1
08250426211100953310;08;2;11;000;2025;04;13;7;3;0;7;0;0;1;0;0;0;0;0;442720,787999999709427;5404105,964500000700355;8,220193992000077;48,787312225000051;1
08250501317000967770;08;3;17;065;2025;05;12;5;3;0;1;0;0;1;0;0;0;0;0;418080,330599999986589;5354415,376599999144673;7,894575502000066;48,337607163000030;1
08250502115400984710;08;1;15;045;2025;05;21;6;2;8;7;2;0;1;0;0;0;0;0;499172,501299999654293;5396001,446900000795722;8,988750079000056;48,717041343000062;1
08250502311010968100;08;3;36;091;2025;05;10;6;2;0;1;0;0;1;0;0;0;0;0;394305,992999999783933;5272075,716000000014901;7,594101621000050;47,593473875000029;1
08250413311010889630;08;3;11;000;2025;04;21;1;3;0;7;2;0;1;0;0;0;0;0;414540,505300000309944;5315978,261499999091029;7,854543995000029;47,991391931000067;1
08250411136100901400;08;1;36;088;2025;04;15;6;2;5;3;0;0;1;1;0;0;0;0;579117,900500000454485;5413710,368699999526143;10,078926412000044;48,871302335000053;1
08250505221300995920;08;2;21;000;2025;05;13;2;3;1;5;0;0;1;1;0;0;0;0;477035,474799999967217;5475694,154799999669194;8,683272472000056;49,433483807000073;1
08250412118600927910;08;1;18;076;2025;04;20;7;2;0;7;1;0;1;0;0;0;0;0;504965,194799999706447;5423673,621799999848008;9,067837612000062;48,965957098000047;1
08250423216200920040;08;2;16;007;2025;04;09;4;3;9;1;0;0;1;0;0;0;0;0;435639,848000000230968;5394254,131999999284744;8,125343477000058;48,698002823000081;1
08250412311010945530;08;3;36;069;2025;04;13;7;2;6;4;0;0;0;1;1;0;0;0;408603,359299999661744;5267806,211400000378489;7,785120597000059;47,557239187000050;1
08250409116100896790;08;1;16;004;2025;04;16;4;3;6;7;0;0;1;0;1;0;0;0;527937,865000000223517;5396798,881999999284744;9,379867510000054;48,723589514000025;1
08250420135200966770;08;1;35;010;2025;04;15;1;3;0;7;0;0;1;0;0;0;0;0;600219,485100000165403;5393495,343699999153614;10,361683975000062;48,686449106000055;1
08250430117400950530;08;1;17;018;2025;04;19;4;2;0;3;0;0;1;0;1;0;0;0;540024,503700000233948;5395028,696299999952316;9,544029664000050;48,707006580000041;1
08250505337400984800;08;3;37;126;2025;05;16;2;2;0;2;0;0;1;0;0;0;0;0;444007,401700000278652;5274549,497600000351667;8,254810117000034;47,621928248000074;1
08250419317000930160;08;3;17;065;2025;04;16;7;3;5;3;0;0;1;1;0;0;0;0;414509,000799999572337;5353925,262299999594688;7,846493359000021;48,332725498000059;1
08250428231000951480;08;2;31;000;2025;04;12;2;3;6;4;0;0;0;1;1;0;0;0;477628,065799999982119;5415153,030099999159575;8,694810198000027;48,888924262000046;1
08250410116400910300;08;1;16;033;2025;04;17;5;3;3;6;0;0;1;1;0;0;0;0;531854,944699999876320;5388400,659199999645352;9,432478661000061;48,647852453000041;1
08250412121600890230;08;1;21;000;2025;04;17;7;3;0;7;0;0;1;0;0;0;0;0;516723,865100000053644;5442714,185799999162555;9,229277353000043;49,137029477000056;1
08250505116500972120;08;1;16;049;2025;05;15;2;3;5;3;0;0;1;1;0;0;0;0;524806,881900000385940;5386157,863399999216199;9,336658321000073;48,627995717000033;1
08250505416100983130;08;4;16;036;2025;05;15;2;3;0;1;0;0;1;0;0;0;0;0;495115,071000000461936;5365241,498600000515580;8,933950454000069;48,440297907000058;1
08250422335200925630;08;3;35;063;2025;04;17;3;3;0;1;0;0;1;0;0;0;0;0;497832,547399999573827;5288658,273299999535084;8,971082638000041;47,751291133000052;1
08250429326100959400;08;3;26;005;2025;04;16;3;2;6;6;0;0;0;0;1;0;0;1;465398,525799999944866;5298404,425699999555945;8,537590148000049;47,838054647000035;1
08250410311010915000;08;3;11;000;2025;04;10;5;3;6;2;0;0;0;1;1;0;0;0;413102,761900000274181;5316615,556500000879169;7,835148263000065;47,996930852000048;1
08250411222500927880;08;2;22;000;2025;04;11;6;3;6;4;0;0;0;0;1;0;1;0;463386,014899999834597;5478022,719299999997020;8,494809769000028;49,453759467000054;1
08250430116000938940;08;4;17;079;2025;04;12;4;3;3;2;0;0;1;1;0;0;0;0;502156,890899999998510;5340027,929400000721216;9,029034475000060;48,213474955000038;1
08250502336200977820;08;3;36;069;2025;05;14;6;3;5;2;0;0;1;1;0;0;0;0;408687,316200000233948;5268778,067800000309944;7,786034344000029;47,565993682000055;1
08250409115300908070;08;1;15;028;2025;04;16;4;3;0;1;0;0;1;0;0;0;0;0;500225,257600000128150;5404965,889299999922514;9,003067304000069;48,797685949000027;1
08250428216300950890;08;2;16;015;2025;04;11;2;3;5;3;0;0;1;1;0;0;0;0;450062,296699999831617;5406218,412399999797344;8,319877427000051;48,806947174000072;1
08250430416010954950;08;4;16;022;2025;04;09;4;3;5;3;0;0;1;1;0;0;0;0;510495,383999999612570;5374969,442999999970198;9,142153166000071;48,527745831000061;1
08250425115400947230;08;1;15;045;2025;04;18;6;3;6;4;0;1;0;1;1;0;0;0;502010,880300000309944;5394704,368000000715256;9,027331781000044;48,705370039000059;1
08250506111500973150;08;1;11;000;2025;05;07;3;3;0;7;0;0;1;0;0;0;0;0;518969,512400000356138;5403566,348300000652671;9,258239415000048;48,784806509000077;1
08250501119100987110;08;1;19;087;2025;05;17;5;3;6;6;0;0;0;1;1;0;0;0;530287,426799999549985;5425719,679300000891089;9,413952730000062;48,983640049000030;1
08250430116400952640;08;1;16;033;2025;04;16;4;2;2;6;0;0;1;1;0;0;0;0;534139,984799999743700;5387316,341499999165535;9,463411115000042;48,637977407000051;1
08250416116000898270;08;4;16;041;2025;04;09;4;3;1;5;0;0;1;1;0;0;0;0;504700,491299999877810;5373174,121099999174476;9,063644950000025;48,511664620000033;1
08250416336400917600;08;3;36;091;2025;04;15;4;3;5;3;0;1;1;1;0;0;0;0;395695,200000000186265;5275231,911900000646710;7,611823515000026;47,622089330000051;1
08250410117100913520;08;1;17;019;2025;04;17;5;3;5;2;0;0;1;0;0;0;0;0;553538,432199999690056;5392829,658299999311566;9,727418015000069;48,686211736000075;1
08250409111320896800;08;1;11;000;2025;04;13;4;3;6;3;0;0;0;1;1;0;0;0;515380,864699999801815;5406087,941800000146031;9,209480553000049;48,807589553000071;1
08250412222700920590;08;2;22;000;2025;04;11;7;3;6;4;0;0;0;1;1;0;0;0;462194,092899999581277;5481691,494400000199676;8,478014128000041;49,486685290000025;1
08250504336100995850;08;3;36;084;2025;05;23;1;3;9;1;2;1;1;0;0;0;0;0;405370,393099999986589;5276678,228099999949336;7,740242781000063;47,636585540000056;1
08250410119200914350;08;1;19;020;2025;04;15;5;3;5;3;0;0;1;1;0;0;0;0;519569,760200000368059;5408572,496600000187755;9,266649400000063;48,829822327000045;1
08250430426200947060;08;4;26;028;2025;04;06;4;3;4;6;0;0;1;1;0;0;0;0;569659,944000000134110;5343581,889000000432134;9,938229849000038;48,241625066000040;1
08250501311010025180;08;3;11;000;2025;05;16;5;3;6;4;0;0;1;0;1;0;0;0;417247,148000000044703;5315838,089999999850988;7,890842338000027;47,990487017000078;1
08250429335100947440;08;3;35;043;2025;04;14;3;3;0;1;0;0;1;0;0;0;0;0;515534,666899999603629;5280751,320399999618530;9,206975245000024;47,679964229000063;1
08250411118300884910;08;1;18;003;2025;04;11;6;3;5;3;0;0;1;0;0;1;0;0;509996,554999999701977;5416679,769999999552965;9,136407546000044;48,902981646000057;1
08250423311400015160;08;3;15;006;2025;04;16;4;2;6;7;0;0;1;0;1;0;0;0;402744,691399999894202;5308196,056099999696016;7,698238358000026;47,919706366000071;1
08250412136000914490;08;1;36;065;2025;04;21;7;3;6;7;2;0;0;1;1;0;0;0;558846,693599999882281;5405760,932800000533462;9,801380821000066;48,802052417000027;1
08250501116400016160;08;1;16;033;2025;05;18;5;3;5;3;0;0;1;1;0;0;0;0;531796,404299999587238;5388038,146199999377131;9,431656078000060;48,644594298000072;1
08250425119300926030;08;1;19;067;2025;04;13;6;3;0;7;0;1;1;0;0;0;0;0;538685,902200000360608;5406552,588800000026822;9,526918817000023;48,810755547000042;1
08250409111140896690;08;1;11;000;2025;04;10;4;3;5;3;0;0;1;1;0;0;0;0;506481,885700000450015;5398736,668199999257922;9,088164786000050;48,741614330000061;1
08250501212010025030;08;2;12;000;2025;05;12;5;3;1;5;0;0;1;1;0;0;0;0;456885,526300000026822;5427664,691199999302626;8,410535783000057;49,000373540000055;1
08250410111500910080;08;1;11;000;2025;04;11;5;3;5;3;0;0;1;1;0;0;0;0;512981,154799999669194;5406285,866299999877810;9,176804006000054;48,809424816000046;1
08250501311300984870;08;3;11;000;2025;05;18;5;3;5;3;0;0;1;1;0;0;0;0;411747,261500000022352;5315385,205000000074506;7,817234808000023;47,985677821000081;1
08250426317100948800;08;3;17;001;2025;04;19;7;3;1;1;1;0;1;0;0;0;0;1;427926,144000000320375;5384940,230499999597669;8,022150806000070;48,613382285000057;1
08250417126200951930;08;1;26;066;2025;04;21;5;2;5;3;0;0;1;1;0;0;0;0;535274,327399999834597;5449103,139000000432134;9,484149571000046;49,193713279000065;1
08250503337200977710;08;3;37;126;2025;05;19;7;3;0;7;0;0;1;1;0;0;0;0;446970,134800000116229;5275411,651599999517202;8,294132707000074;47,629934468000044;1
08250409111130907630;08;1;11;000;2025;04;08;4;3;1;5;0;0;1;1;0;0;0;0;510674,922000000253320;5396762,930299999192357;9,145146015000023;48,723800823000033;1
08250419127202923720;08;1;27;014;2025;04;20;7;2;0;7;2;1;1;0;0;0;0;0;574804,799599999561906;5443383,797299999743700;10,025585641000021;49,138725601000033;1
08250421116200954270;08;1;16;078;2025;04;18;2;3;5;3;0;0;1;1;0;0;0;0;509362,673899999819696;5394886,062999999150634;9,127260944000056;48,706937542000048;1
08250425136100939450;08;1;36;088;2025;04;08;6;3;0;7;0;0;1;0;0;0;0;0;582147,786000000312924;5410380,513399999588728;10,119568551000043;48,840959231000056;1
08250408436200907940;08;4;36;095;2025;04;17;3;3;0;7;0;0;1;0;0;0;0;1;538705,538399999961257;5292692,631300000473857;9,516743795000025;47,786430968000047;1
08250430421300965190;08;4;21;000;2025;04;09;4;3;6;6;0;0;1;0;1;0;0;0;572817,232699999585748;5355908,824699999764562;9,982874406000064;48,352155933000063;1
08250501116500987170;08;1;16;049;2025;05;14;5;3;0;1;0;0;1;0;0;0;0;0;525128,069699999876320;5386030,307900000363588;9,341009403000044;48,626835400000061;1
08250430425000949490;08;4;25;071;2025;04;16;4;3;0;1;0;0;1;0;0;0;0;0;555005,756099999882281;5370561,596999999135733;9,744404722000070;48,485771729000078;1
08250408436200878910;08;4;36;064;2025;04;17;3;3;6;4;0;0;0;1;1;0;0;0;545860,097099999897182;5291840,281600000336766;9,612166514000023;47,778292633000035;1
08250504335000984980;08;3;35;063;2025;05;11;1;1;6;3;0;1;0;0;1;0;0;1;498224,260999999940395;5292703,243000000715256;8,976292203000071;47,787687146000053;1
08250425437200942690;08;4;37;123;2025;04;17;6;2;1;5;0;0;1;1;0;0;0;0;507972,044999999925494;5310294,897500000894070;9,106758792000051;47,945919076000052;1
08250422436000916200;08;4;37;124;2025;04;14;3;3;0;1;0;0;1;0;0;0;0;0;516727,953300000168383;5301260,722999999299645;9,223663674000022;47,864467340000033;1
08250413231102948610;08;2;36;040;2025;04;01;1;3;0;7;2;0;1;0;0;0;0;0;489303,249699999578297;5422639,825799999758601;8,853881638000075;48,956584808000059;1
08250426222600963660;08;2;22;000;2025;04;12;7;3;5;3;0;0;1;1;0;0;0;0;462840,919400000013411;5482777,525000000372529;8,486842370000033;49,496493529000077;1
08250416118400910320;08;1;18;048;2025;04;08;4;3;0;7;0;0;1;0;0;0;0;0;514700,444000000134110;5415617,728800000622869;9,200555683000061;48,893334039000081;1
08250408436000877700;08;4;35;054;2025;04;15;3;2;0;1;0;0;1;0;0;0;0;0;522111,076200000010431;5280922,225400000810623;9,294603298000027;47,681310457000052;1
08250415212010901730;08;2;12;000;2025;04;16;3;3;6;4;0;0;0;0;1;0;0;1;456235,503800000064075;5428466,548900000751019;8,401562709000075;49,007540602000063;1
08250429231202955530;08;2;36;070;2025;04;20;3;2;1;5;0;0;1;1;0;0;0;0;468958,724200000055134;5416650,168600000441074;8,576435331000027;48,902018205000047;1
08250423436000918760;08;4;37;088;2025;04;12;4;3;8;1;0;0;1;0;0;0;0;0;521323,841699999757111;5302033,449500000104308;9,285151138000060;47,871283634000065;1
08250414311010948120;08;3;11;000;2025;04;07;2;3;0;3;0;0;1;1;0;0;0;0;414995,454699999652803;5320651,075300000607967;7,859714221000047;48,033486329000027;1
08250410128500915500;08;1;28;131;2025;04;12;5;2;6;1;0;0;0;1;1;0;0;0;536740,022099999710917;5512737,224700000137091;9,510177558000066;49,765984798000034;1
08250416117400928130;08;1;17;053;2025;04;17;4;3;5;3;0;0;1;1;0;0;0;0;550815,611800000071526;5400862,393899999558926;9,691416137000033;48,758697015000052;1
08250409436000878070;08;4;37;076;2025;04;11;4;2;0;7;0;0;1;0;0;0;0;0;524307,559000000357628;5321786,312999999150634;9,326166748000048;48,048896196000044;1
08250408435100892960;08;4;35;016;2025;04;12;3;3;6;4;0;0;0;1;1;0;0;0;535773,469200000166893;5277962,207499999552965;9,476390464000076;47,654066243000045;1
08250428117100933670;08;1;17;019;2025;04;20;2;3;0;7;0;0;1;0;0;0;0;1;553556,886599999852479;5393114,299200000241399;9,727705624000066;48,688770605000059;1
08250419317600909360;08;3;17;051;2025;04;12;7;3;6;4;0;0;0;1;1;0;0;0;443257,534199999645352;5338916,621500000357628;8,236358586000051;48,200944109000034;1
08250412416200933290;08;4;16;041;2025;04;13;7;3;8;1;0;0;1;0;0;0;0;0;502101,819400000385940;5374347,611700000241399;9,028464689000032;48,522235855000076;1
08250426221011934630;08;2;21;000;2025;04;11;7;3;0;7;0;0;1;0;0;0;0;0;476451,122100000269711;5471654,612199999392033;8,675452861000053;49,397126487000037;1
08250505436000998360;08;4;35;035;2025;05;15;2;3;1;2;0;0;1;1;0;0;0;0;542108,109000000171363;5282982,307199999690056;9,561228295000035;47,698852146000036;1
08250504316100979820;08;3;16;011;2025;05;10;1;3;5;3;0;1;1;1;0;0;0;0;414918,202700000256300;5328890,162299999967217;7,857037999000056;48,107588987000042;1
08250505226400007220;08;2;26;084;2025;05;19;2;3;1;5;0;0;1;1;0;0;0;0;469279,237700000405312;5470448,510199999436736;8,576706749000039;49,385958209000080;1
08250411212302915110;08;2;12;000;2025;04;16;6;3;5;2;0;0;1;1;0;0;0;0;455993,438799999654293;5428259,093900000676513;8,398275381000076;49,005657308000082;1
08250501421200968690;08;4;25;072;2025;05;13;5;3;1;5;0;0;1;1;0;0;0;0;584052,069699999876320;5372952,932399999350309;10,137909266000065;48,504067839000072;1
08250428118100957700;08;1;18;079;2025;04;16;2;3;4;5;0;0;1;1;0;0;0;0;510140,022300000302494;5423443,076199999079108;9,138533453000036;48,963819952000051;1
08250430111140950560;08;1;11;000;2025;04;11;4;3;1;5;0;0;1;1;0;0;0;0;511883,261599999852479;5401688,788200000301003;9,161717762000023;48,768091871000081;1
08250419335300936990;08;3;35;075;2025;04;09;7;3;5;2;0;0;1;1;0;0;0;0;488905,392199999652803;5289136,573899999260902;8,851967832000071;47,755502858000057;1
08250408435100877460;08;4;35;030;2025;04;16;3;3;0;7;0;0;1;0;0;0;0;0;540537,809399999678135;5271673,307600000873208;9,539251519000061;47,597201663000078;1
08250417212402901790;08;2;12;000;2025;04;09;5;3;0;7;0;1;1;0;0;0;0;0;456863,913999999873340;5428115,783999999985099;8,410192399000039;49,004429671000025;1
08250503225100982730;08;2;25;064;2025;05;12;7;2;6;7;0;1;0;1;1;0;0;0;505127,725200000219047;5471824,794800000265241;9,070672312000056;49,399091169000030;1
08250502435200993860;08;4;35;034;2025;05;19;6;3;0;1;0;0;1;0;0;0;0;0;532181,942999999970198;5285511,005999999120831;9,429120811000075;47,722174616000075;1
08250416115400901770;08;1;15;045;2025;04;14;4;3;6;4;0;0;0;1;1;0;0;0;500324,577899999916553;5395207,629300000146031;9,004412042000070;48,709900573000027;1
08250415226700913590;08;2;26;041;2025;04;15;3;3;4;6;0;1;1;1;0;0;0;0;477091,597900000400841;5465728,950899999588728;8,684620820000021;49,343850197000052;1
08250502435100995640;08;4;35;016;2025;05;18;6;3;0;1;0;0;1;0;0;0;0;0;536780,479299999773502;5279000,517500000074506;9,489887566000050;47,663351865000038;1
08250425317600963230;08;3;17;146;2025;04;06;6;2;5;3;0;0;1;1;0;0;0;0;430725,669599999673665;5355125,362099999561906;8,065069217000030;48,345506967000063;1
08250411237200913870;08;2;37;040;2025;04;11;6;3;6;1;0;0;0;0;1;0;0;1;476810,253200000151992;5365464,574200000613928;8,686439416000042;48,441896584000062;1
08250420335200911150;08;3;35;063;2025;04;11;1;3;0;1;0;0;1;0;0;0;0;0;497958,977800000458956;5288612,746799999848008;8,972769640000024;47,750881917000072;1
08250503416200969950;08;4;16;041;2025;05;11;7;3;0;7;0;1;1;0;0;0;0;0;503054,592400000430644;5374240,905300000682473;9,041367195000021;48,521271972000079;1
08250410426300882710;08;4;26;121;2025;04;18;5;3;5;3;0;0;1;1;0;0;0;0;539197,081699999980628;5335204,107200000435114;9,527185311000039;48,168870355000081;1
08250408416010406600;08;4;15;060;2025;04;18;3;3;0;1;0;0;1;0;0;0;0;0;515134,781999999657273;5378818,979000000283122;9,205130351000037;48,562282568000057;1
08250502436400968490;08;4;36;082;2025;05;12;6;3;5;3;0;0;1;1;0;0;0;0;546798,871600000187755;5294843,979800000786781;9,625021011000058;47,805249329000048;1
08250421317500954340;08;3;17;096;2025;04;15;2;3;6;2;0;1;0;0;1;0;0;1;422623,472799999639392;5369391,401900000870228;7,953108483000051;48,472890017000054;1
08250421231202914990;08;2;36;043;2025;04;17;2;3;1;5;0;0;1;1;0;0;0;0;468448,250000000000000;5411618,606000000610948;8,569858293000038;48,856730731000027;1
08250410115400881200;08;1;15;045;2025;04;11;5;3;0;7;0;0;1;0;0;0;0;0;500673,039499999955297;5396111,178300000727177;9,009150213000055;48,718028679000042;1
08250502116400977360;08;1;16;033;2025;05;14;6;2;1;7;0;0;1;1;0;0;0;0;532923,359400000423193;5387948,320900000631809;9,446947581000074;48,643727891000026;1
08250424115200947000;08;1;15;004;2025;04;06;5;3;5;3;0;0;1;1;0;0;0;0;487652,341300000436604;5374258,181099999696016;8,832780144000026;48,521313377000070;1
08250426222301954260;08;2;22;000;2025;04;13;7;3;5;3;0;0;1;1;0;0;0;0;465954,143799999728799;5482003,075600000098348;8,529900346000034;49,489710423000076;1
08250408415400892660;08;4;15;061;2025;04;19;3;3;0;7;0;0;1;0;0;0;0;0;515473,905399999581277;5371412,157199999317527;9,209451675000025;48,495640332000050;1
08250415226500956610;08;2;26;085;2025;04;15;3;3;0;7;0;1;1;0;0;0;0;0;491380,114900000393391;5454950,617399999871850;8,881562059000032;49,247266968000076;1
08250426226700963700;08;2;26;041;2025;04;10;7;3;5;3;0;0;1;0;0;0;0;0;477091,234699999913573;5465355,024399999529123;8,684637315000032;49,340486735000070;1
08250505222500008020;08;2;22;000;2025;05;13;2;3;5;3;0;0;1;1;0;0;0;0;465463,336500000208616;5476338,188999999314547;8,523617866000052;49,438729420000072;1
08250429216200961080;08;2;16;007;2025;04;14;3;3;5;3;0;0;1;0;0;0;0;0;436562,671799999661744;5393984,234699999913573;8,137924646000045;48,695669598000052;1
08250505335100994640;08;3;35;043;2025;05;11;2;3;5;3;0;1;1;1;0;0;0;0;512695,393299999646842;5279824,829099999740720;9,169119596000030;47,671689976000039;1
08250430436200955730;08;4;36;064;2025;04;01;4;3;0;7;2;0;1;0;0;0;0;0;544618,281600000336766;5290191,113600000739098;9,595421602000044;47,763542175000055;1
08250502225100975790;08;2;25;058;2025;05;20;6;3;1;5;1;0;1;1;0;0;0;0;509947,664599999785423;5466592,466099999845028;9,136971601000027;49,351966671000071;1
08250501135010982850;08;1;35;020;2025;05;13;5;3;0;1;0;0;1;0;0;0;0;0;583200,403900000266731;5387608,739800000563264;10,129313568000043;48,636003560000063;1
08250429111230963890;08;1;11;000;2025;04;10;3;3;0;6;0;0;1;1;0;0;0;0;511740,402200000360608;5398665,191800000146031;9,159687387000076;48,740894411000056;1
08250413119100919080;08;1;19;024;2025;04;16;1;3;6;4;0;0;1;0;1;0;0;0;536250,177600000053644;5432416,920299999415874;9,496043758000042;49,043562284000075;1
08250502222600038980;08;2;22;000;2025;05;17;6;3;0;7;0;0;1;0;0;0;0;0;462106,742700000293553;5483485,753200000151992;8,476636081000038;49,502818243000036;1
08250429212010938810;08;2;12;000;2025;04;17;3;3;5;2;0;0;1;1;0;0;0;0;460686,740699999965727;5427148,780899999663234;8,462553684000056;48,995986608000067;1
08250419121600945720;08;1;25;102;2025;04;13;7;3;5;3;0;0;1;1;0;0;0;0;521502,986200000159442;5444584,020600000396371;9,294896135000045;49,153700454000045;1
08250430317000939420;08;3;17;073;2025;04;17;4;3;5;3;0;0;1;1;0;0;0;0;411545,438000000081956;5348478,758999999612570;7,807657566000046;48,283327659000065;1
08250411311010903840;08;3;11;000;2025;04;17;6;3;0;5;0;0;1;0;0;0;1;0;413731,662499999627471;5316261,101600000634789;7,843648102000031;47,993827572000043;1
08250501317100971850;08;3;17;118;2025;05;15;5;2;0;1;0;0;1;0;0;0;0;0;438741,865799999795854;5385026,724199999123812;8,168860892000055;48,615312702000040;1
08250426231000934950;08;2;31;000;2025;04;14;7;3;5;2;0;0;1;1;0;0;0;0;478349,872000000439584;5415435,473099999129772;8,704641712000068;48,891490664000059;1
08250412222301972140;08;2;22;000;2025;04;13;7;3;6;6;0;0;0;0;1;0;0;1;464892,917000000365078;5484086,960000000894070;8,515062462000060;49,508393476000037;1
08250408335300879550;08;3;35;075;2025;04;13;3;3;5;3;0;0;1;1;0;0;0;0;488824,846499999985099;5287649,703600000590086;8,850931344000060;47,742123273000061;1
08250424415100946790;08;4;15;050;2025;04;06;5;3;5;3;0;1;1;1;0;0;0;0;521174,752700000070035;5376720,831000000238419;9,286885879000067;48,543232257000057;1
08250424119400959290;08;1;19;079;2025;04;16;5;3;5;2;0;0;1;0;0;0;0;0;524318,116000000387430;5408048,630999999120831;9,331316428000036;48,824941972000033;1
08250428416100964310;08;4;16;036;2025;04;07;2;3;5;2;0;0;1;1;0;0;0;0;495319,647400000132620;5369686,670700000599027;8,936666819000038;48,480290265000065;1
08250502435100984300;08;4;35;016;2025;05;12;6;3;0;1;0;0;1;0;0;0;0;0;537191,853900000452995;5277764,470399999991059;9,495261365000033;47,652207143000055;1
08250422335100941580;08;3;35;043;2025;04;08;3;2;0;7;0;0;1;1;0;0;0;0;513026,654099999926984;5278322,827600000426173;9,173487627000043;47,658168868000075;1
08250501335300967620;08;3;35;077;2025;05;14;5;3;0;7;0;0;1;0;0;0;0;0;493541,518000000156462;5293840,094000000506639;8,913756275000026;47,797886029000040;1
08250420336100960740;08;3;36;050;2025;04;03;1;3;6;7;2;0;0;1;1;0;0;0;399551,331699999980628;5273700,226800000295043;7,663480694000043;47,608920764000061;1
08250408335100920960;08;3;35;043;2025;04;14;3;3;6;4;0;0;1;0;1;0;0;0;512923,411799999885261;5279352,989600000903010;9,172143132000031;47,667440004000071;1