UIDENTSTLAE;ULAND;UREGBEZ;UKREIS;UGEMEINDE;UJAHR;UMONAT;USTUNDE;UWOCHENTAG;UKATEGORIE;UART;UTYP1;ULICHTVERH;IstStrassenzustand;IstRad;IstPKW;IstFuss;IstKrad;IstGkfz;IstSonstige;LINREFX;LINREFY;XGCSWGS84;YGCSWGS84;PLST
08250410119500894250;08;1;19;042;2025;04;12;5;3;1;5;0;0;1;0;0;0;1;0;526972,141599999740720;5416229,521900000050664;9,368013993000034;48,898424799000054;1
08250429222014964690;08;2;22;000;2025;04;14;3;2;0;1;0;0;1;0;0;1;0;0;462773,001400000415742;5480455,205000000074506;8,486123151000072;49,475601273000052;1
08250413335100186450;08;3;35;043;2025;04;20;1;3;0;7;1;0;0;0;1;0;0;1;513271,607900000177324;5277920,233699999749660;9,176737656000057;47,654541475000030;1
08250410212402911840;08;2;12;000;2025;04;19;5;3;2;6;0;0;1;1;0;0;0;0;455719,709300000220537;5428274,875700000673532;8,394531032000032;49,005779688000075;1
08250428226200957930;08;2;26;032;2025;04;10;2;3;0;2;0;0;1;0;0;0;0;1;466501,455500000156462;5462929,992699999362230;8,539065994000055;49,318184386000041;1
08250410212010914750;08;2;12;000;2025;04;15;5;3;5;3;0;0;1;1;0;0;0;0;455202,355800000019372;5429813,647900000214577;8,387287550000053;49,019583734000037;1
08250416335100958350;08;3;35;043;2025;04;16;4;3;2;6;0;0;1;1;0;0;0;0;513819,005800000391901;5280015,423699999228120;9,184093570000073;47,673381843000072;1
08250501128100998970;08;1;28;058;2025;05;18;5;3;0;7;0;0;1;0;0;0;0;0;558007,804100000299513;5482145,195599999278784;9,800956189000033;49,489171096000064;1
08250411436000886920;08;4;37;088;2025;04;17;6;3;0;7;0;0;1;0;0;0;0;0;519183,058699999935925;5307644,491499999538064;9,256773511000063;47,921835161000047;1
08250430115100962450;08;1;15;003;2025;04;13;4;3;5;2;0;0;1;1;0;0;0;0;500777,530199999921024;5392140,573100000619888;9,010563325000021;48,682308649000049;1
08250408326000875820;08;3;35;028;2025;04;08;3;3;6;4;0;0;0;1;1;0;0;0;483345,938299999572337;5286687,037200000137091;8,777883893000023;47,733343454000078;1
08250503317500993270;08;3;17;122;2025;05;16;7;3;6;6;0;0;0;0;1;1;0;0;417739,035199999809265;5367997,643500000238419;7,887309561000052;48,459733483000036;1
08250502126100969000;08;1;26;045;2025;05;17;6;3;0;1;0;0;1;0;0;0;0;0;544387,128499999642372;5468736,363500000908971;9,611397880000027;49,369715550000080;1
08250412118500900420;08;1;18;049;2025;04;19;7;3;0;7;1;0;1;0;0;0;0;0;516980,854600000195205;5419425,585400000214577;9,231825112000024;48,927530010000055;1
08250410215302910760;08;2;15;007;2025;04;17;5;3;5;3;0;0;1;1;0;0;0;0;478834,308899999596179;5431699,706000000238419;8,710404540000070;49,037813239000059;1
08250408316100908390;08;3;16;020;2025;04;13;3;3;6;6;0;0;1;0;1;0;0;0;408059,103400000371039;5339031,014699999243021;7,762725215000046;48,197851197000034;1
08250416415400956750;08;4;15;061;2025;04;16;4;3;5;3;0;0;1;1;0;0;0;0;517216,912600000388920;5373420,985300000756979;9,233127345000071;48,513667043000055;1
08250428335400957760;08;3;35;079;2025;04;12;2;3;0;1;0;0;1;0;0;0;0;0;501517,629700000397861;5300409,916699999943376;9,020288794000066;47,857028344000071;1
08250419216200928940;08;2;16;007;2025;04;14;7;3;0;1;0;0;1;0;0;0;0;0;438204,293200000189245;5394575,030400000512600;8,160142358000030;48,701148634000049;1
08250416111230914880;08;1;11;000;2025;04;13;4;3;6;6;0;0;1;0;1;0;0;0;512502,941300000064075;5397871,662299999967217;9,170034959000077;48,733740990000058;1
08250429311010955580;08;3;11;000;2025;04;11;3;3;0;7;0;0;1;0;0;0;0;0;414110,303000000305474;5318065,719000000506639;7,848361080000075;48,010111738000035;1
08250504426100976220;08;4;26;021;2025;05;01;1;2;0;1;2;1;1;0;0;0;0;0;558516,671299999579787;5327346,223099999129772;9,785925452000072;48,096694528000057;1
08250506121200081380;08;1;21;000;2025;05;13;3;3;5;3;0;0;1;1;0;0;0;0;515483,849999999627471;5443358,456499999389052;9,212302133000037;49,142857414000048;1
08250425311400948280;08;3;15;074;2025;04;10;6;3;5;3;0;1;1;1;0;0;0;0;396966,470399999991059;5294834,754399999976158;7,624103522000041;47,798621422000053;1
08250420111110913930;08;1;11;000;2025;04;17;1;3;6;1;1;1;1;0;1;0;0;0;513014,556200000457466;5402710,179899999871850;9,177145651000046;48,777257609000060;1
08250408311100876740;08;3;15;030;2025;04;10;3;3;0;1;0;0;1;0;0;0;0;0;406833,807799999602139;5326985,585100000724196;7,748876272000075;48,089326230000040;1
08250413435100905360;08;4;35;016;2025;04;14;1;3;9;1;0;0;1;0;0;0;0;0;529615,574000000022352;5282355,246999999508262;9,394686760000070;47,693903741000042;1
08250413128100887170;08;1;28;007;2025;04;02;1;3;0;1;2;0;1;0;0;0;0;0;556375,281299999915063;5482921,100500000640750;9,778527654000072;49,496303464000050;1
08250502317000989340;08;3;17;065;2025;05;14;6;3;6;7;0;0;0;1;1;0;0;0;417022,707999999634922;5355094,080900000408292;7,880173030000037;48,343574039000032;1
08250408311010902340;08;3;11;000;2025;04;22;3;3;4;2;2;0;1;0;0;0;0;0;413369,992100000381470;5316659,489099999889731;7,838720833000025;47,997362306000070;1
08250428226400957870;08;2;26;037;2025;04;17;2;3;0;7;0;0;0;1;1;0;0;0;465906,220900000073016;5469433,972999999299645;8,530319387000077;49,376653240000053;1
08250419222200956010;08;2;22;000;2025;04;17;7;3;0;7;0;0;1;0;0;0;0;0;459597,747200000099838;5483832,336300000548363;8,441949234000049;49,505773602000033;1
08250505119200971580;08;1;19;020;2025;05;07;2;3;0;7;0;0;1;0;0;0;0;0;520123,450000000186265;5406907,513599999248981;9,274111966000021;48,814826790000041;1
08250429426200977740;08;4;26;070;2025;04;02;3;3;0;1;2;1;1;0;0;0;0;0;565631,980600000359118;5342220,821000000461936;9,883774370000026;48,229811099000074;1
08250429421200939460;08;4;21;000;2025;04;10;3;3;6;7;0;0;0;1;1;0;0;0;573373,895200000144541;5362289,462700000032783;9,991501090000042;48,409486872000059;1
08250502222500185330;08;2;22;000;2025;05;15;6;3;3;6;0;0;1;0;0;0;0;1;462600,752199999988079;5479816,260199999436736;8,483805943000050;49,469843690000062;1
08250419116010941810;08;1;16;033;2025;04;08;7;3;5;2;0;0;1;1;0;0;0;0;533116,585099999792874;5388430,127100000157952;9,449609139000074;48,648051960000032;1
08250422335100916670;08;3;35;043;2025;04;20;3;3;0;7;1;0;1;0;0;0;0;0;513446,515399999916553;5279838,015399999916553;9,179125903000056;47,671793438000066;1
08250422311010920340;08;3;11;000;2025;04;16;3;2;5;3;0;0;1;0;0;0;0;0;413369,044599999673665;5316657,713600000366569;7,838708493000070;47,997346206000032;1
08250424115100948370;08;1;15;003;2025;04;17;5;3;5;2;0;0;1;1;0;0;0;0;501834,660299999639392;5392079,381500000134110;9,024924949000024;48,681755951000071;1
08250408311010892760;08;3;11;000;2025;04;14;3;3;0;2;0;0;1;0;0;0;0;0;413156,832200000062585;5316279,470799999311566;7,835940927000024;47,993914995000068;1
08250503216300986980;08;2;16;015;2025;05;13;7;3;5;3;0;0;1;1;0;0;0;0;450682,541299999691546;5405483,664699999615550;8,328412445000026;48,800387424000064;1
08250501225100983290;08;2;25;058;2025;05;20;5;3;0;1;0;0;1;0;0;0;0;0;509576,128800000064075;5465947,560100000351667;9,131840354000076;49,346171660000039;1
08250412436300917890;08;4;36;049;2025;04;14;7;3;6;7;0;0;1;0;1;0;0;0;580316,074300000444055;5282534,292099999263883;10,070322016000034;47,691201524000064;1
08250410235200927620;08;2;35;046;2025;04;16;5;3;0;7;0;0;1;1;1;0;0;0;479056,488499999977648;5377208,014499999582767;8,716222547000029;48,547622830000080;1
08250425426200928700;08;4;26;108;2025;04;12;6;2;5;3;0;0;1;0;0;0;0;0;572368,738800000399351;5336389,278300000354648;9,973481332000063;48,176620065000066;1
08250429421300938530;08;4;25;141;2025;04;18;3;3;7;1;0;0;1;0;0;0;0;0;563323,525500000454485;5366592,114199999719858;9,856357627000023;48,449281468000038;1
08250502111250968060;08;1;11;000;2025;05;07;6;3;4;6;0;0;1;1;0;0;0;0;517066,659400000236928;5400521,910399999469519;9,232209039000054;48,757474173000048;1
08250408311010890330;08;3;11;000;2025;04;07;3;3;6;3;0;0;1;0;1;0;0;0;414594,575500000268221;5317321,457499999552965;7,855001235000032;48,003481730000033;1
08250424121400947820;08;1;25;038;2025;04;05;5;3;6;3;2;1;0;1;1;0;0;0;499505,277099999599159;5432675,540100000798702;8,993229813000028;49,046954559000028;1
08250409415400908510;08;4;15;061;2025;04;15;4;3;2;6;0;0;1;1;0;0;0;0;514829,014999999664724;5373273,739000000059605;9,200788766000073;48,512403306000067;1
08250413327100919110;08;3;27;004;2025;04;20;1;2;0;1;1;0;1;0;0;0;0;0;494604,511800000444055;5324488,536599999293685;8,927566905000049;48,073648474000038;1
08250504316200985070;08;3;16;009;2025;05;00;1;2;8;1;2;1;1;0;0;0;0;0;418201,790900000371039;5324406,603499999269843;7,901999008000075;48,067687817000035;1
08250413311010888130;08;3;11;000;2025;04;09;1;3;5;3;0;0;1;1;0;0;0;0;413530,024199999868870;5317437,240800000727177;7,840708859000074;48,004380113000082;1
08250408311010878810;08;3;11;000;2025;04;13;3;3;0;7;0;0;1;0;0;0;0;0;413645,113800000399351;5315578,594399999827147;7,842625538000050;47,987676489000080;1
08250501222600976690;08;2;22;000;2025;05;21;5;3;4;6;2;0;1;0;0;0;0;1;461771,296099999919534;5482938,047700000926852;8,472056259000055;49,497870881000040;1
08250417336400913000;08;3;36;091;2025;04;07;5;3;5;3;0;1;1;1;0;0;0;0;396807,858699999749660;5271619,776900000870228;7,627477706000036;47,589775588000066;1
08250413421300906740;08;4;25;141;2025;04;11;1;2;9;1;0;0;1;0;0;0;0;0;565233,176400000229478;5363669,432900000363588;9,881724630000065;48,422795625000049;1
08250408311000877720;08;3;15;006;2025;04;16;3;3;6;7;0;0;0;1;1;0;0;0;402999,741299999877810;5308122,160299999639392;7,701667925000038;47,919080315000031;1
08250430127100958610;08;1;27;076;2025;04;09;4;3;0;7;0;0;1;0;0;0;0;0;553682,206000000238419;5440400,889000000432134;9,735624486000063;49,114104370000064;1
08250408436300908820;08;4;36;081;2025;04;16;3;2;6;7;0;0;1;0;1;0;0;0;561495,248200000263751;5282006,359500000253320;9,819464777000064;47,688517172000047;1
08250428435100964220;08;4;35;016;2025;04;12;2;3;6;7;0;0;0;1;1;0;0;0;536334,573400000110269;5278536,993499999865890;9,483910122000054;47,659206558000051;1
08250419111000187450;08;1;11;000;2025;04;15;7;3;5;3;0;0;1;1;0;0;0;0;511555,773900000378489;5400895,892599999904633;9,157238773000074;48,760965188000057;1
08250429421200021620;08;4;21;000;2025;04;18;3;3;4;6;0;0;1;0;0;0;0;0;572993,776999999769032;5360929,760199999436736;9,986128871000062;48,397300194000081;1
08250501119500984230;08;1;19;085;2025;05;13;5;2;0;7;0;0;1;0;0;0;0;0;529639,692300000227988;5413294,884299999102950;9,404196943000045;48,871904166000036;1
08250408222600876160;08;2;22;000;2025;04;11;3;3;6;4;0;0;0;0;1;0;0;1;461651,407100000418723;5483510,080000000074506;8,470345119000058;49,503008429000033;1
08250412225200887790;08;2;25;060;2025;04;17;7;2;0;1;0;0;1;0;0;0;0;0;514265,272199999541044;5487204,379899999126792;9,197163407000062;49,537282374000029;1
08250502417200027960;08;4;17;002;2025;05;17;6;3;4;6;0;0;1;0;0;0;0;1;489168,587399999611080;5346729,551999999210238;8,854024291000030;48,273679159000039;1
08250506116100978910;08;1;16;019;2025;05;05;3;3;7;7;2;0;1;0;0;0;0;0;520313,605000000447035;5399510,027000000700355;9,276336575000073;48,748273891000053;1
08250410415400070810;08;4;15;061;2025;04;20;5;3;4;2;2;0;1;1;0;0;0;0;513291,241999999620020;5371972,710000000894070;9,179925591000028;48,500733233000062;1
08250415317000895590;08;3;17;065;2025;04;14;3;3;0;1;0;1;1;0;0;0;0;0;416435,743700000457466;5354631,994699999690056;7,872344885000075;48,339340237000044;1
08250422111210919690;08;1;11;000;2025;04;13;3;3;0;1;0;0;1;0;0;0;0;0;508024,397800000384450;5399355,956900000572205;9,109157631000073;48,747167490000038;1
08250430121600960490;08;1;25;110;2025;04;17;4;3;0;7;0;0;1;0;0;0;0;0;527464,106900000013411;5442688,577299999073148;9,376517249000074;49,136412857000039;1
08250502136100990510;08;1;36;088;2025;05;16;6;3;5;2;0;0;1;1;0;0;0;0;581231,457200000062585;5413443,968100000172853;10,107690410000032;48,868633024000076;1
08250502415400982760;08;4;15;061;2025;05;10;6;2;4;2;0;0;1;1;0;0;0;0;515122,611200000159442;5371898,402499999850988;9,204714272000047;48,500023317000057;1
08250423117200976840;08;1;17;024;2025;04;15;4;3;5;2;0;0;1;1;0;0;0;0;562049,389100000262260;5384386,679700000211596;9,841777792000073;48,609477369000047;1
08250414222600895770;08;2;22;000;2025;04;11;2;3;5;3;0;0;1;1;0;0;0;0;460986,923299999907613;5485294,924499999731779;8,460991597000032;49,519019688000071;1
08250412117300904650;08;1;17;026;2025;04;15;7;3;0;7;0;0;0;0;1;0;0;1;548313,031999999657273;5394605,596200000494719;9,656634203000067;48,702613576000033;1
08250416426100900870;08;4;26;021;2025;04;10;4;3;0;1;0;0;1;0;0;0;0;0;560025,196700000204146;5326578,094599999487400;9,806076081000072;48,089643987000045;1
08250505116500980220;08;1;16;035;2025;05;09;2;2;0;1;0;0;1;0;0;0;0;0;526606,604399999603629;5392919,768100000917912;9,361516880000067;48,688751652000064;1
08250419235100932820;08;2;35;079;2025;04;20;7;3;1;5;2;0;1;1;0;0;0;0;466979,578300000168383;5399836,825099999085069;8,550784239000052;48,750669557000037;1
08250408222014925560;08;2;26;032;2025;04;14;3;2;6;2;0;0;0;1;1;0;0;0;466959,239500000141561;5463195,554899999871850;8,545342822000066;49,320598023000059;1
08250410436500883330;08;4;36;049;2025;04;17;5;3;5;3;0;0;1;1;0;0;0;0;583347,959800000302494;5280566,558499999344349;10,110342635000052;47,673115845000041;1
08250425415100963260;08;4;15;014;2025;04;06;6;3;0;1;0;1;1;0;0;0;0;0;526387,984400000423193;5374459,522099999710917;9,357372801000054;48,522691468000062;1
08250430311010957240;08;3;11;000;2025;04;19;4;3;5;3;0;0;1;1;0;0;0;0;413526,748200000263751;5316958,162399999797344;7,840761517000033;48,000070197000070;1
08250430118400940150;08;1;18;048;2025;04;11;4;3;0;7;0;0;1;0;0;0;0;0;512777,573300000280142;5416848,910900000482798;9,174360936000028;48,904452064000054;1
08250420436400911940;08;4;36;008;2025;04;20;1;3;0;1;1;0;1;0;0;0;0;0;547510,382000000216067;5311517,347699999809265;9,636357416000067;47,955204519000063;1
08250408222014899050;08;2;22;000;2025;04;07;3;3;1;5;0;0;1;1;0;0;0;0;463296,754800000227988;5483358,130599999800324;8,493083141000056;49,501743527000031;1
08250425116400950980;08;1;16;048;2025;04;15;6;3;5;3;0;1;1;1;0;0;0;0;533399,822399999946356;5390987,676300000399351;9,453660816000024;48,671044263000056;1
08250506118600983410;08;1;18;076;2025;05;07;3;2;5;3;0;0;1;1;0;0;0;0;505535,282999999821186;5422728,168999999761581;9,075613651000026;48,957447275000050;1
08250419435100922570;08;4;35;016;2025;04;17;7;3;0;7;0;0;1;0;0;0;0;0;537782,371600000187755;5277298,495600000023842;9,503084356000045;47,647980373000053;1
08250505212010975190;08;2;12;000;2025;05;14;2;3;5;3;0;0;1;0;0;0;0;0;457708,072700000368059;5429673,291200000792742;8,421571830000062;49,018498088000058;1
08250408221400923420;08;2;21;000;2025;04;15;3;3;2;2;0;0;1;1;0;0;0;0;476887,787800000049174;5470045,425400000065565;8,681564395000066;49,382668802000069;1
08250429436000938490;08;4;35;018;2025;04;14;3;3;6;6;0;0;1;0;1;0;0;0;523208,242499999701977;5280243,741699999198318;9,309185426000056;47,675167294000062;1
08250424116100950220;08;1;16;004;2025;04;18;5;3;5;3;0;1;1;1;0;0;0;0;527807,075199999846518;5396768,455000000074506;9,378087167000047;48,723321646000045;1
08250410116010901460;08;1;16;078;2025;04;14;5;3;5;3;0;0;1;1;0;0;0;0;511830,335799999535084;5393136,489800000563264;9,160752074000072;48,691156360000036;1
08250502415300975940;08;4;15;089;2025;05;10;6;3;0;1;0;0;1;0;0;0;0;0;521112,586799999698997;5359347,348600000143051;9,285166689000050;48,386936528000035;1
08250420135010925970;08;4;25;097;2025;04;15;1;2;2;2;0;0;1;0;0;0;0;0;586540,909099999815226;5374137,491100000217557;10,171841973000028;48,514384381000070;1
08250423436000921770;08;4;36;049;2025;04;11;4;3;0;7;0;0;1;0;0;0;0;0;578282,883899999782443;5283221,623600000515580;10,043355007000059;47,697634395000080;1
08250412119500917950;08;1;19;085;2025;04;13;7;3;5;4;0;0;0;1;1;0;0;0;531040,542999999597669;5415047,366000000387430;9,423432883000032;48,887600174000056;1
08250411116100912690;08;1;16;019;2025;04;12;6;3;1;5;0;0;1;1;0;0;0;0;522558,048700000159442;5398555,658600000664592;9,306816216000072;48,739611242000080;1
08250408215102908550;08;2;15;109;2025;04;15;3;3;5;3;0;0;1;0;0;0;0;0;460307,657999999821186;5434951,559000000357628;8,456607679000058;49,066149617000065;1
08250423111500921380;08;1;11;000;2025;04;17;4;3;6;3;0;0;0;1;1;0;0;0;511020,243599999696016;5397113,621700000017881;9,149850680000043;48,726949639000054;1
08250415115100913800;08;1;15;003;2025;04;17;3;3;0;1;0;0;1;0;0;0;0;0;497985,243599999696016;5391403,789899999275804;8,972631632000059;48,675677693000068;1
08250411231102914470;08;2;36;040;2025;04;12;6;3;0;7;0;0;0;1;1;0;0;0;488376,338899999856949;5421945,878599999472499;8,841239829000074;48,950325566000060;1
08250503111000183340;08;1;11;000;2025;05;19;7;3;5;3;0;0;1;1;0;0;0;0;508997,053799999877810;5406994,677699999883771;9,122556041000053;48,815871660000028;1
08250412115100946180;08;1;15;022;2025;04;17;7;3;2;6;0;0;1;1;0;0;0;0;497582,629800000227988;5385936,080099999904633;8,967194468000059;48,626487859000065;1
08250414311010918750;08;3;11;000;2025;04;08;2;3;5;2;0;0;1;1;0;0;0;0;414102,191999999806285;5316105,385999999940395;7,848644850000028;47,992476736000071;1
08250422436300918680;08;4;36;081;2025;04;14;3;2;0;1;0;0;1;0;0;0;0;0;562842,734500000253320;5281899,131699999794364;9,837403520000066;47,687422841000057;1
08250429425000938280;08;4;25;033;2025;04;15;3;2;0;1;0;0;1;0;0;0;0;0;553394,161000000312924;5348283,649599999189377;9,719764966000071;48,285501256000032;1
08250414216200928910;08;2;16;008;2025;04;19;2;3;5;3;1;0;1;0;0;0;0;0;439362,502999999560416;5393881,312000000849366;8,175983586000029;48,695022190000032;1
08250412335100954830;08;3;35;043;2025;04;08;7;3;1;7;0;0;1;1;0;0;0;0;513604,243300000205636;5280941,780099999159575;9,181261435000067;47,681721428000060;1
08250505311010996890;08;3;11;000;2025;05;09;2;3;5;3;0;1;1;1;0;0;0;0;414099,135999999940395;5318079,144999999552965;7,848208691000025;48,010231009000051;1
08250424111320924460;08;1;11;000;2025;04;15;5;2;6;4;0;1;0;1;1;0;0;0;517033,230399999767542;5408168,606399999931455;9,232071241000028;48,826263765000078;1
08250412311100951070;08;3;15;015;2025;04;15;7;3;5;3;0;0;1;1;0;0;0;0;393580,589399999938905;5321698,310499999672174;7,572269287000040;48,039695725000058;1
08250424435200935920;08;4;35;053;2025;04;16;5;3;0;7;0;0;1;0;0;0;0;0;506762,445299999788404;5293834,001700000837445;9,090302617000077;47,797828092000032;1
08250409426100921820;08;4;26;021;2025;04;12;4;2;5;3;0;0;1;1;0;0;0;0;558598,986499999649823;5326053,260700000450015;9,786853428000029;48,085055221000061;1
08250411317100914940;08;3;17;001;2025;04;17;6;3;5;2;0;0;1;1;0;0;0;0;431098,809999999590218;5387306,156999999657273;8,064796134000062;48,635021218000077;1
08250412111320902520;08;1;11;000;2025;04;15;7;3;0;7;0;0;1;1;0;0;0;0;516149,082799999974668;5405490,392400000244379;9,219919759000049;48,802194596000049;1
08250419336100013910;08;3;36;050;2025;04;17;7;3;5;3;0;0;1;1;0;0;0;0;399431,310399999842048;5273434,314200000837445;7,661945218000028;47,606510173000061;1
08250427335100961460;08;3;35;043;2025;04;14;1;3;4;6;0;0;1;0;0;0;0;0;513324,365199999883771;5278763,746600000187755;9,177465937000022;47,662130052000066;1
08250424221400963040;08;2;26;018;2025;04;17;5;3;3;3;0;0;1;1;0;0;0;0;473488,865299999713898;5472068,143300000578165;8,634600706000072;49,400724322000030;1
08250425435200938760;08;4;35;018;2025;04;16;6;3;5;3;0;0;1;0;0;0;0;0;524010,443300000391901;5280160,911900000646710;9,319867802000033;47,674392732000058;1
08250429119300961960;08;1;19;067;2025;04;18;3;3;6;4;0;0;0;1;1;0;0;0;538591,773000000044703;5406175,149000000208616;9,525601305000066;48,807366126000034;1
08250416111500924860;08;1;11;000;2025;04;05;4;3;6;4;2;0;0;1;1;0;0;0;509060,249900000169873;5406821,025399999693036;9,123413049000021;48,814308586000038;1
08250415222500900480;08;2;22;000;2025;04;17;3;3;6;7;0;0;1;0;1;0;0;0;461497,961699999868870;5480382,084400000050664;8,468530562000069;49,474864065000077;1
08250503215302976180;08;2;15;007;2025;05;11;7;3;1;7;0;1;1;0;0;1;0;0;478936,462000000290573;5431471,926000000908971;8,711814049000054;49,035767756000041;1
08250411415100912200;08;4;15;014;2025;04;20;6;3;5;3;1;0;1;1;0;0;0;0;526148,005800000391901;5374893,025800000876188;9,354150022000056;48,526601393000078;1
08250415337400922350;08;3;37;116;2025;04;16;3;2;6;4;0;0;0;0;1;0;0;1;417586,488300000317395;5274708,778599999845028;7,903207368000039;47,620538503000034;1
08250420317500925930;08;3;17;097;2025;04;18;1;3;0;1;0;0;1;0;0;0;0;0;425099,029600000008941;5365207,550599999725819;7,987345555000047;48,435555763000082;1
08250505421200998370;08;4;21;000;2025;05;10;2;3;6;4;0;0;0;1;1;0;0;0;573416,583700000308454;5360924,198599999770522;9,991839030000051;48,397201072000030;1
08250422335300961310;08;3;35;075;2025;04;15;3;3;6;4;0;0;0;1;1;0;0;0;489390,108500000089407;5288288,038000000640750;8,858455946000049;47,747876272000042;1
08250503222800969580;08;2;22;000;2025;05;10;7;3;6;4;0;0;0;1;1;0;0;0;463817,497000000439584;5486560,816800000146031;8,499981341000023;49,530581268000049;1
08250408212010887920;08;2;12;000;2025;04;10;3;3;5;3;0;0;1;1;0;0;0;0;457082,544999999925494;5427595,463999999687076;8,413236603000030;48,999764561000063;1
08250505317200979050;08;3;17;057;2025;05;15;2;3;8;1;0;0;1;0;0;0;0;0;415145,393000000156462;5379867,615000000223517;7,849820033000071;48,566154277000066;1
08250430317000939150;08;3;17;145;2025;04;13;4;3;9;1;0;0;1;0;0;0;0;0;441807,588100000284612;5348783,793600000441074;8,215490692000060;48,289577515000076;1
08250419416010941720;08;4;15;061;2025;04;00;7;3;0;1;2;0;1;0;0;0;0;0;516639,414699999615550;5372642,226199999451637;9,225276684000050;48,506676651000078;1
08250429327200964600;08;3;27;046;2025;04;15;3;3;6;4;0;0;0;1;1;0;0;0;480183,243999999947846;5324703,677999999374151;8,733956349000039;48,075298966000048;1
08250412118400954680;08;1;18;048;2025;04;08;7;3;6;4;0;0;0;1;1;0;0;0;514257,233699999749660;5415927,215399999171495;9,194519878000051;48,896128454000063;1
08250408212010876220;08;2;12;000;2025;04;15;3;3;5;3;0;0;1;1;0;0;0;0;455040,014100000262260;5429891,709000000730157;8,385058631000049;49,020274088000065;1
08250424111500938970;08;1;11;000;2025;04;14;5;3;2;6;0;1;1;1;0;0;0;0;512639,707499999552965;5401036,115100000053644;9,171992038000042;48,762205556000026;1
08250411421300927860;08;4;21;000;2025;04;12;6;3;5;3;0;0;1;1;0;0;0;0;572652,530700000002980;5360710,102600000798702;9,981481409000025;48,395363738000071;1
08250430119400952510;08;1;19;090;2025;04;18;4;3;5;3;0;0;1;1;0;0;0;0;531863,576200000010431;5405755,794999999925494;9,433937002000050;48,803975151000031;1
08250505436200973670;08;4;36;064;2025;05;18;2;3;6;7;0;1;0;1;1;0;0;0;545289,744500000029802;5291695,887099999934435;9,604538505000050;47,777033861000064;1
08250419115300935630;08;1;15;041;2025;04;16;7;3;6;4;0;0;1;0;1;0;0;0;492521,095099999569356;5402520,096100000664592;8,898205311000027;48,775638801000071;1
08250429115400957170;08;1;15;045;2025;04;13;3;3;5;3;0;0;1;1;0;0;0;0;501374,195600000210106;5394641,106000000610948;9,018677785000023;48,704802657000073;1
08250430335300947390;08;3;35;026;2025;04;19;4;3;0;1;0;0;1;0;0;0;0;0;480907,969100000336766;5282714,016599999740720;8,745542975000035;47,697528480000074;1
08250412231000889060;08;2;36;076;2025;04;12;7;3;3;6;0;0;1;1;0;0;0;0;471107,535799999721348;5423618,660900000482798;8,605261654000060;48,964807288000031;1
08250423336400926080;08;3;36;019;2025;04;22;4;3;6;6;2;0;0;0;1;0;0;1;394494,911000000312924;5275594,222999999299645;7,595766680000054;47,625153958000055;1
08250415119200922530;08;1;19;020;2025;04;11;3;3;6;4;0;0;0;1;1;0;0;0;520017,358300000429153;5406816,086500000208616;9,272662393000076;48,814007757000070;1
08250416222400956730;08;2;26;105;2025;04;15;4;3;5;2;0;0;1;1;0;0;0;0;471962,355999999679625;5477268,639000000432134;8,613193990000070;49,447433066000031;1
08250408136200907810;08;1;36;019;2025;04;15;3;3;6;4;0;0;0;1;1;0;0;0;583095,945899999700487;5423839,332800000905991;10,135226655000054;48,961881756000025;1
08250417222014902680;08;2;22;000;2025;04;13;5;2;6;4;0;0;0;1;1;0;0;0;463345,712000000290573;5478234,203800000250340;8,494234130000052;49,455659246000039;1
08250416421300904020;08;4;21;000;2025;04;12;4;3;3;2;0;0;1;1;0;0;0;0;570635,370299999602139;5361120,367799999192357;9,954304092000029;48,399283415000070;1
08250419135010909160;08;1;35;020;2025;04;20;7;3;4;2;2;0;1;1;0;0;0;0;586305,169499999843538;5386344,111199999228120;10,171183521000046;48,624208228000043;1
08250408136000877830;08;1;19;084;2025;04;12;3;2;0;7;0;0;1;0;0;0;0;0;546692,220800000242889;5413696,576700000092387;9,636776119000046;48,874467897000045;1
08250411311010912750;08;3;36;050;2025;04;15;6;3;5;3;0;0;1;0;0;0;0;1;399263,024000000208616;5273457,754000000655651;7,659701431000030;47,606694887000060;1
08250423311010954040;08;3;11;000;2025;04;07;4;3;0;7;0;0;1;0;0;0;0;0;414809,978900000452995;5316566,548100000247359;7,858038368000052;47,996719765000080;1
08250410311010886360;08;3;36;103;2025;04;17;5;2;0;7;0;0;1;1;0;0;0;0;413946,927000000141561;5284429,852800000458956;7,852865840000050;47,707515183000055;1
08250501118400984320;08;1;18;048;2025;05;12;5;3;0;7;0;0;1;0;0;0;0;0;513521,215699999593198;5416053,846499999985099;9,184482196000033;48,897284094000042;1
08250408121300891370;08;1;21;000;2025;04;14;3;3;6;7;0;0;0;0;1;0;0;1;514658,648299999535084;5443582,509099999442697;9,200995855000031;49,144893091000029;1
08250409221200893250;08;2;21;000;2025;04;08;4;3;3;2;0;0;1;1;0;0;0;0;476406,618400000035763;5472647,651499999687076;8,674780544000043;49,406056997000064;1
08250426221200960070;08;2;21;000;2025;04;20;7;3;0;7;0;0;1;0;0;0;0;0;477156,936499999836087;5472163,480499999597669;8,685150873000055;49,401730579000059;1
08250409426100881220;08;4;26;021;2025;04;11;4;3;6;7;0;0;0;1;1;0;0;0;558250,785199999809265;5325515,618699999526143;9,782104989000061;48,080250395000064;1