UIDENTSTLAE;ULAND;UREGBEZ;UKREIS;UGEMEINDE;UJAHR;UMONAT;USTUNDE;UWOCHENTAG;UKATEGORIE;UART;UTYP1;ULICHTVERH;IstStrassenzustand;IstRad;IstPKW;IstFuss;IstKrad;IstGkfz;IstSonstige;LINREFX;LINREFY;XGCSWGS84;YGCSWGS84;PLST
08250409111370880370;08;1;11;000;2025;04;18;4;3;1;5;0;0;1;1;0;0;0;0;513095,643699999898672;5406689,759299999102950;9,178376231000072;48,813055782000049;1
08250501221200038940;08;2;21;000;2025;05;15;5;3;4;6;0;0;1;0;0;0;0;0;475880,360500000417233;5473034,378599999472499;8,667503057000033;49,409514910000041;1
08250428127202937100;08;1;27;014;2025;04;17;2;3;0;7;0;0;1;0;0;0;0;0;577102,367999999783933;5443912,437000000849366;10,057181264000064;49,143196045000082;1
08250429111240961730;08;1;11;000;2025;04;19;3;3;0;7;0;0;1;0;0;0;0;0;518567,438799999654293;5402854,392999999225140;9,252733727000077;48,778413984000053;1
08250411215502950760;08;2;15;106;2025;04;09;6;3;6;7;0;0;0;1;1;0;0;0;466210,031999999657273;5454506,365000000223517;8,535767962000023;49,242398791000028;1
08250408119100890630;08;1;19;008;2025;04;14;3;3;1;5;0;0;1;1;0;0;0;0;531764,100100000388920;5422056,879300000146031;9,433848597000065;48,950617485000066;1
08250415212010917720;08;2;12;000;2025;04;12;3;3;5;3;0;0;1;1;0;0;0;0;457251,500000000000000;5427743,209000000730157;8,415530863000072;49,001105273000064;1
08250428336200946230;08;3;36;105;2025;04;21;2;3;0;1;1;0;1;0;0;0;0;0;400823,884899999946356;5266173,943800000473857;7,682108113000027;47,541414312000029;1
08250414118200933690;08;1;18;067;2025;04;23;2;3;0;7;2;0;1;0;0;0;0;0;505400,603199999779463;5413615,179700000211596;9,073653265000075;48,875470383000049;1
08250515335100012650;08;3;35;043;2025;05;09;5;3;8;1;0;0;1;1;0;0;0;0;512920,832299999892712;5281079,555500000715256;9,172159864000037;47,682975106000072;1
08250519317000057450;08;3;17;026;2025;05;20;2;3;3;6;0;0;1;0;0;1;0;0;411218,306300000287592;5345512,804500000551343;7,803871754000056;48,256603697000060;1
08250515226700025770;08;2;26;095;2025;05;22;5;3;0;7;2;0;1;0;0;0;0;0;473905,059299999848008;5461078,600199999287724;8,641056875000061;49,301892582000050;1
08250520311010012030;08;3;11;000;2025;05;07;3;2;0;1;0;1;1;0;0;0;0;0;416425,899100000038743;5314916,151000000536442;7,880016549000061;47,982086923000054;1
08250523326400076250;08;3;26;074;2025;05;17;6;3;5;3;0;0;1;1;0;0;0;0;461899,580299999564886;5323886,714500000700355;8,488575288000050;48,067118521000054;1
08250519436000034870;08;4;36;064;2025;05;15;2;3;5;2;0;0;1;1;0;0;0;0;545582,441999999806285;5291286,744799999520183;9,608402333000072;47,773332151000034;1
08250519116200056990;08;1;16;077;2025;05;08;2;3;5;3;0;0;1;1;0;0;0;0;517268,321600000374019;5391098,262599999085069;9,234558402000062;48,672693591000041;1
08250520116200073810;08;1;16;080;2025;05;07;3;2;4;6;0;0;1;0;0;0;0;0;521710,699000000022352;5395903,635999999940395;9,295151764000025;48,715783956000053;1
08250521119400029540;08;1;19;090;2025;05;12;4;3;0;7;0;0;1;0;0;0;0;0;530927,514499999582767;5406477,554199999198318;9,421243906000029;48,810515145000068;1
08250523311400067490;08;3;15;033;2025;05;17;6;3;4;2;0;0;1;1;0;0;0;0;399275,889899999834597;5305091,844900000840425;7,652546545000064;47,891248846000053;1
08250513118200022740;08;1;18;019;2025;05;16;3;3;0;1;0;0;1;0;0;0;0;0;504676,611399999819696;5405383,474899999797344;9,063685550000059;48,801424968000049;1
08250515226400014890;08;2;26;037;2025;05;16;5;3;4;6;0;0;1;1;0;0;0;0;466368,667999999597669;5467951,117599999532104;8,536815231000048;49,363341043000048;1
08250525111240051140;08;1;11;000;2025;05;16;1;3;0;7;0;0;1;0;0;0;0;0;515323,712000000290573;5402761,555999999865890;9,208578088000024;48,777667190000045;1
08250513111310004370;08;1;11;000;2025;05;16;3;3;6;6;0;0;1;0;1;0;0;0;516299,840900000184774;5405338,938400000333786;9,221966769000062;48,800828202000048;1
08250520115100050900;08;1;15;045;2025;05;17;3;3;1;7;0;0;1;1;0;0;0;0;500682,772900000214577;5397287,668400000780821;9,009284490000027;48,728612433000080;1
08250513119300004450;08;1;19;076;2025;05;14;3;2;5;3;0;0;1;1;0;0;0;0;542215,477599999867380;5405920,196799999102950;9,574925708000023;48,804837123000027;1
08250513317000058390;08;3;17;026;2025;05;17;3;3;6;4;0;0;0;1;1;0;0;0;411860,527900000102818;5345361,733100000768900;7,812553741000045;48,255334500000060;1
08250517311010032340;08;3;11;000;2025;05;19;7;3;5;3;0;0;1;0;0;0;0;0;411623,848000000230968;5315031,646999999880791;7,815653947000044;47,982480424000073;1
08250523436000060740;08;4;36;039;2025;05;07;6;2;4;6;0;0;1;1;0;0;0;0;549282,567499999888241;5285131,434699999168515;9,657088401000067;47,717680462000033;1
08250513215202990370;08;2;15;106;2025;05;20;3;3;0;7;1;0;1;0;0;0;0;0;464908,536899999715388;5452579,689200000837445;8,518056324000042;49,224995238000076;1
08250512335000997770;08;3;35;002;2025;05;18;2;2;3;6;0;0;1;0;0;0;0;0;507650,436099999584258;5284064,996400000527501;9,101988529000039;47,709920934000081;1
08250523317000024070;08;3;17;152;2025;05;21;6;3;4;2;2;0;1;1;0;0;0;0;406927,582399999722838;5349729,223400000482798;7,745149745000049;48,293912906000060;1
08250512311010014950;08;3;11;000;2025;05;10;2;3;5;3;0;0;1;1;0;0;0;0;412430,346300000324845;5318059,516599999740720;7,825841756000045;48,009827946000030;1
08250526118400047300;08;1;18;048;2025;05;08;2;3;5;2;0;0;1;0;0;0;0;0;514078,478500000201166;5415602,132699999958277;9,192069826000022;48,893208186000038;1
08250514317000035520;08;3;17;097;2025;05;15;4;3;8;1;0;0;1;0;0;0;0;0;425862,185899999924004;5364916,143899999558926;7,997713271000066;48,433024848000059;1
08250514317000018590;08;2;16;009;2025;05;08;4;3;3;6;0;0;1;1;0;0;0;0;446904,565799999982119;5421006,768600000068545;8,274954669000067;48,939708105000079;1
08250511316100014150;08;3;16;043;2025;05;11;1;3;5;3;0;0;1;0;0;1;0;0;412099,232900000177324;5333099,967199999839067;7,818308626000032;48,145073663000062;1
08250523221011075630;08;2;21;000;2025;05;14;6;3;1;5;0;0;1;1;0;0;0;0;477872,825199999846518;5469456,590500000864267;8,695168607000028;49,377408877000050;1
08250519212102026650;08;2;12;000;2025;05;08;2;3;0;7;0;0;1;0;0;0;0;0;461018,555800000205636;5427541,490199999883771;8,467051991000062;48,999540159000048;1
08250516311010001000;08;3;15;095;2025;05;15;6;2;4;6;0;0;1;1;0;0;0;0;427961,750099999830127;5317224,585200000554323;8,034197425000059;48,004256629000054;1
08250520212402031940;08;2;12;000;2025;05;12;3;3;2;6;0;0;1;1;0;0;0;0;456914,277599999681115;5427294,726199999451637;8,410968095000044;48,997047660000078;1
08250524317100026180;08;3;17;001;2025;05;14;7;3;9;1;0;0;1;0;0;0;0;0;429095,156999999657273;5390258,616000000387430;8,037098736000075;48,661354271000050;1
08250511212010057100;08;2;12;000;2025;05;11;1;3;5;3;0;0;1;1;0;0;0;0;452741,710500000044703;5426990,683199999853969;8,353963251000039;48,994007471000032;1
08250515311010014070;08;3;36;050;2025;05;17;5;2;7;7;0;0;1;0;0;0;0;0;399313,230499999597669;5274235,231699999421835;7,660190599000032;47,613696363000031;1
08250521116200049840;08;1;16;077;2025;05;17;4;3;0;1;0;1;1;0;0;0;0;0;515162,269700000062585;5389250,690700000151992;9,205884054000023;48,656127372000071;1
08250520436200016480;08;4;36;064;2025;05;17;3;3;5;2;0;0;1;1;0;0;0;0;545292,549800000153482;5291648,025200000032783;9,604570957000021;47,776603049000073;1
08250515337400032950;08;3;37;126;2025;05;13;5;3;5;3;0;0;1;1;0;0;0;0;442376,252000000327826;5273290,202999999746680;8,233269233000044;47,610455334000051;1
08250518136100006480;08;1;36;088;2025;05;16;1;2;0;1;0;0;1;0;0;0;0;0;576926,646900000050664;5415902,554199999198318;10,049462208000023;48,891295202000038;1
08250519426000013260;08;4;26;066;2025;05;17;2;3;0;1;0;0;1;0;0;0;0;0;584101,464700000360608;5325363,076300000771880;10,129100344000051;48,075992029000076;1
08250519326000035790;08;3;35;066;2025;05;14;2;3;5;2;0;0;1;1;0;0;0;0;505976,414800000376999;5282014,812599999830127;9,079643953000073;47,691491761000066;1
08250524226000071330;08;2;26;076;2025;05;10;7;3;6;7;0;0;0;1;1;0;0;0;474372,410099999979138;5464853,761700000613928;8,647242834000053;49,335869746000071;1
08250515326000998390;08;3;35;026;2025;05;15;5;3;5;3;0;0;1;1;0;0;0;0;482510,818900000303984;5281884,274100000038743;8,766938703000051;47,690108176000081;1
08250519222400057420;08;2;26;038;2025;05;06;2;3;5;3;0;0;1;1;0;0;0;0;472625,440299999900162;5480183,080499999225140;8,622140146000049;49,473677825000038;1
08250526121200066150;08;1;21;000;2025;05;13;2;3;2;6;0;0;0;1;1;0;0;0;515187,785000000149012;5443290,116000000387430;9,208240179000029;49,142250061000027;1
08250519226200070110;08;2;26;032;2025;05;17;2;3;5;3;0;0;1;1;0;0;0;0;468058,091000000014901;5462470,424000000581145;8,560521124000047;49,314134069000033;1
08250524311010032460;08;3;36;069;2025;05;17;7;3;5;1;0;0;1;1;0;0;0;0;404010,719399999827147;5267741,670800000429153;7,724102779000020;47,555995808000034;1
08250513111500041160;08;1;11;000;2025;05;16;3;3;5;3;0;0;0;1;1;0;0;0;515629,969899999909103;5407410,705399999395013;9,212923615000022;48,819482716000039;1
08250521416010055550;08;4;15;061;2025;05;10;4;3;1;5;0;0;1;1;0;0;0;0;515129,507600000128150;5371345,475600000470877;9,204787591000070;48,495048828000051;1
08250511116200011090;08;1;16;080;2025;05;11;1;3;0;3;0;0;1;1;0;0;0;0;519016,211799999698997;5394694,927100000903010;9,258465574000070;48,704998445000058;1
08250514415100064940;08;4;15;014;2025;05;16;4;3;0;7;0;0;1;0;0;0;0;0;525143,399299999698997;5375261,686499999836087;9,340566070000023;48,529958989000079;1
08250520135100030650;08;1;35;020;2025;05;19;3;3;0;1;0;0;1;0;0;0;0;0;587496,398699999786913;5383601,905700000002980;10,186766988000045;48,599378530000081;1
08250514311010030630;08;3;11;000;2025;05;12;4;3;5;2;0;0;1;1;0;0;0;0;413907,061200000345707;5317137,250600000843406;7,845822885000075;48,001732491000041;1
08250513237200014500;08;2;37;040;2025;05;08;3;2;9;1;0;0;1;1;0;0;0;0;477255,065999999642372;5365377,392999999225140;8,692458604000024;48,441128500000048;1
08250510311010007700;08;3;11;000;2025;05;20;7;3;5;3;0;0;1;1;0;0;0;0;413820,592799999751151;5316998,682000000029802;7,844691753000063;48,000474366000049;1
08250518337100027630;08;3;37;116;2025;05;14;1;2;8;1;0;0;1;0;0;0;0;0;417881,626600000075996;5274447,387000000104308;7,907183459000066;47,618224468000051;1
08250511226200003090;08;2;26;032;2025;05;16;1;3;3;5;0;0;1;1;0;0;0;0;466611,358199999667704;5463364,759600000455976;8,540541805000032;49,322101059000033;1
08250514415400042740;08;4;15;061;2025;05;07;4;3;3;6;0;0;1;0;0;0;0;1;515458,099899999797344;5371287,974899999797344;9,209233140000038;48,494523533000063;1
08250517435200022130;08;4;35;066;2025;05;19;7;3;0;1;0;0;1;0;0;0;0;0;517889,972699999809265;5286379,695299999788404;9,238586744000031;47,730545050000046;1
08250514118100013390;08;1;18;040;2025;05;15;4;3;0;7;0;0;1;0;0;0;0;0;510523,725999999791384;5432233,114000000059605;9,144003415000043;49,042885051000042;1
08250525325302033550;08;3;25;014;2025;05;15;1;2;0;1;0;0;1;0;0;0;0;0;460561,069099999964237;5344484,827400000765920;8,468699063000031;48,252349105000064;1
08250519121600060070;08;1;25;008;2025;05;18;2;3;5;3;0;0;1;1;0;0;0;0;522534,125000000000000;5432066,663000000640750;9,308338920000040;49,041065671000069;1
08250510237100014640;08;2;37;028;2025;05;19;7;3;0;7;0;0;1;0;0;0;0;0;457352,305499999783933;5368340,429199999198318;8,423056083000063;48,466750241000057;1
08250514311010007940;08;3;36;091;2025;05;16;4;3;5;3;0;0;1;1;0;0;0;0;396574,597400000318885;5271954,851500000804663;7,624297100000035;47,592752502000053;1
08250514212402993260;08;2;12;000;2025;05;11;4;3;1;7;0;0;1;1;0;0;0;0;457173,441800000146031;5423765,919399999082088;8,414882684000077;48,965323454000043;1
08250515326000997960;08;3;27;049;2025;05;12;5;3;5;6;0;0;1;1;0;0;0;0;472165,952999999746680;5324840,132200000807643;8,626315862000070;48,076227023000058;1
08250518237200005040;08;2;37;040;2025;05;08;1;2;0;1;0;1;1;0;0;0;0;0;477272,518299999646842;5365367,992000000551343;8,692695089000040;48,441044556000065;1
08250517116400039100;08;1;16;033;2025;05;16;7;2;5;3;0;0;1;0;0;0;0;1;530447,688099999912083;5389976,468200000002980;9,413489483000035;48,662098458000060;1
08250515311010999710;08;3;11;000;2025;05;12;5;3;2;6;0;0;1;1;0;0;0;0;413661,609600000083447;5315251,725800000131130;7,842912305000027;47,984738411000080;1
08250516317000999730;08;3;17;150;2025;05;19;6;3;8;6;0;0;1;0;0;0;0;1;407787,064100000075996;5353920,137399999424815;7,755818649000048;48,331734226000037;1
08250514335100027170;08;3;35;043;2025;05;09;4;3;5;3;0;0;1;0;0;0;0;0;512924,175099999643862;5280323,394300000742078;9,172182018000058;47,676171364000027;1
08250510212702995930;08;2;15;096;2025;05;14;7;3;3;6;0;0;1;1;0;0;0;0;463249,408999999985099;5418685,701899999752641;8,498350134000077;48,920016233000069;1
08250511416200015380;08;4;16;011;2025;05;11;1;3;2;6;0;0;1;1;0;0;0;0;504189,008600000292063;5367073,945100000128150;9,056658287000062;48,456788486000050;1
08250521231102038360;08;2;36;040;2025;05;17;4;2;0;7;0;1;1;0;0;0;0;0;489120,548200000077486;5422435,256500000134110;8,851391398000032;48,954741385000034;1
08250517121200001770;08;1;21;000;2025;05;14;7;3;0;1;0;0;1;0;0;0;0;0;516003,532200000248849;5442783,466700000688434;9,219404711000038;49,137671869000030;1
08250521212010033080;08;2;12;000;2025;05;09;4;3;5;3;0;0;1;0;0;0;0;0;455642,197599999606609;5428482,463199999183416;8,393448553000042;49,007641392000039;1
08250513311100990620;08;3;15;015;2025;05;10;3;3;1;5;0;0;1;1;0;0;0;0;394865,934200000017881;5320491,692800000309944;7,589804341000047;48,029055888000073;1
08250512416010022780;08;4;15;061;2025;05;19;2;3;5;3;0;0;1;0;0;0;0;1;515458,790699999779463;5371288,602700000628829;9,209242513000049;48,494529164000028;1
08250522311010049500;08;3;11;000;2025;05;16;5;3;4;6;0;1;1;1;0;0;0;0;413561,822999999858439;5317377,854599999263883;7,841147058000047;48,003850215000057;1
08250513231000006410;08;2;31;000;2025;05;14;3;3;6;4;0;0;0;0;1;0;0;1;477880,932500000111759;5415458,644300000742078;8,698243120000029;48,891682542000069;1
08250514221200064780;08;2;21;000;2025;05;14;4;3;6;7;0;0;0;1;1;0;0;0;478087,987099999561906;5473036,175200000405312;8,697935329000074;49,409614573000056;1
08250515136100017200;08;1;36;088;2025;05;17;5;2;6;4;0;0;0;1;1;0;0;0;581761,204400000162423;5409395,431800000369549;10,114104469000040;48,832150277000039;1
08250510135100996750;08;1;35;020;2025;05;10;7;3;0;1;0;0;1;0;0;0;0;0;586552,826200000010431;5386165,097599999979138;10,174506187000077;48,622563903000071;1
08250512416010020020;08;4;15;059;2025;05;17;2;2;8;1;0;0;1;0;0;0;0;0;514315,257299999706447;5367291,652799999341369;9,193627427000024;48,458598154000072;1
08250524416200058090;08;4;16;023;2025;05;14;7;3;0;1;0;0;1;0;0;0;0;0;511088,266999999992549;5371345,308000000193715;9,150087034000023;48,495131640000068;1
08250516337200060950;08;3;37;032;2025;05;23;6;3;0;7;2;0;1;0;0;0;0;0;437965,482300000265241;5272641,738199999555945;8,174678204000031;47,604213929000025;1
08250516115300046710;08;1;15;028;2025;05;09;6;3;3;2;0;0;1;1;0;0;0;0;501311,712399999611080;5404196,746200000867248;9,017858962000048;48,790765442000065;1
08250513111140062110;08;1;11;000;2025;05;11;3;2;6;7;0;0;0;0;1;0;0;1;511306,598899999633431;5402542,680500000715256;9,153893539000023;48,775784181000063;1
08250519211100007250;08;2;16;049;2025;05;07;2;3;5;3;0;0;1;1;0;0;0;0;439079,188500000163913;5401793,870500000193715;8,170964641000069;48,766168826000069;1
08250514212010994510;08;2;12;000;2025;05;19;4;3;3;6;0;0;1;1;0;0;0;0;455718,478299999609590;5428256,936400000005960;8,394516157000055;49,005618234000053;1
08250520211100013090;08;2;11;000;2025;05;08;3;3;0;1;0;0;1;0;0;0;0;0;443625,963399999774992;5401894,258600000292063;8,232819233000043;48,767500292000079;1
08250523226700069520;08;2;26;098;2025;05;13;6;3;5;2;0;0;1;1;0;0;0;0;477991,296600000001490;5460330,949200000613928;8,697304488000043;49,295328354000048;1
08250510116500028850;08;1;16;073;2025;05;17;7;2;0;1;0;0;1;0;0;0;0;0;520967,383500000461936;5388571,354499999433756;9,284674726000048;48,649848174000056;1
08250512416200059600;08;4;16;041;2025;05;14;2;3;4;6;0;0;1;0;1;0;0;0;504341,309000000357628;5373711,487999999895692;9,058787194000047;48,516501560000052;1
08250510118400014380;08;1;18;048;2025;05;18;7;3;2;6;0;0;1;1;0;0;0;0;513943,390200000256300;5415707,180500000715256;9,190230439000061;48,894156222000049;1
08250512437200001730;08;4;37;104;2025;05;13;2;3;0;7;0;0;1;0;0;0;0;0;516285,893099999986589;5326095,506699999794364;9,218694624000022;48,087921211000037;1
08250520231000055740;08;2;31;000;2025;05;14;3;3;6;7;0;0;0;0;1;0;0;1;478065,497800000011921;5415430,209599999710917;8,700762522000048;48,891433314000039;1
08250520311010014300;08;3;36;050;2025;05;16;3;3;0;7;0;0;1;0;0;0;0;0;399463,246799999848008;5274473,586999999359250;7,662131563000059;47,615863744000080;1
08250510115200008030;08;1;15;015;2025;05;20;7;3;0;7;0;0;1;0;0;0;0;0;493049,759100000374019;5387562,838800000026822;8,905652778000047;48,641088523000064;1
08250514325000994470;08;3;27;002;2025;05;18;4;2;3;6;0;0;1;0;0;0;0;0;474393,655399999581277;5328845,688500000163913;8,655982844000050;48,112357886000041;1
08250511311010057740;08;3;11;000;2025;05;18;1;3;5;2;0;0;1;1;0;0;0;0;414180,919300000183284;5318642,300699999555945;7,849192320000043;48,015307780000057;1
08250526128100033730;08;1;28;007;2025;05;11;2;3;0;1;0;0;1;0;0;0;0;0;555253,255400000140071;5482493,023700000718236;9,762974382000039;49,492556554000032;1
08250514212010991940;08;2;12;000;2025;05;09;4;3;3;6;0;0;1;1;0;0;0;0;455554,875799999572337;5429067,119799999520183;8,392190565000021;49,012894151000069;1
08250517111320005680;08;1;11;000;2025;05;16;7;3;6;4;0;0;0;1;1;0;0;0;516521,375099999830127;5405578,726800000295043;9,224993185000073;48,802979456000060;1
08250509325202991990;08;3;25;049;2025;05;13;6;2;0;1;0;0;1;0;0;0;0;0;472434,630099999718368;5334137,119699999690056;8,629321689000051;48,159881957000039;1
08250515116010031770;08;1;16;035;2025;05;08;5;2;3;6;0;0;1;0;0;0;0;1;527205,322399999946356;5392319,518699999898672;9,369612260000054;48,683326041000043;1
08250509317000980450;08;3;17;057;2025;05;15;6;3;5;3;0;0;1;1;0;0;0;0;412872,167500000447035;5373827,217700000852346;7,820277101000045;48,511512467000045;1
08250510335100982160;08;3;35;043;2025;05;17;7;3;0;1;0;0;1;0;0;0;0;0;511264,196999999694526;5282151,147500000894070;9,150114257000041;47,692647908000026;1
08250511117300995760;08;1;17;026;2025;05;10;1;3;1;5;0;0;1;1;0;0;0;0;547789,043800000101328;5394169,057099999859929;9,649462507000067;48,698727052000038;1
08250515335100068540;08;3;35;043;2025;05;15;5;3;0;1;0;0;1;0;0;0;0;0;513368,652800000272691;5278268,849700000137091;9,178040656000064;47,657676214000048;1
08250516335100072410;08;3;35;043;2025;05;15;6;3;0;3;0;0;1;0;0;0;0;1;512944,104399999603629;5279105,097599999979138;9,172411417000035;47,665209139000069;1
08250511436400982770;08;4;36;009;2025;05;13;1;3;4;6;0;0;1;1;0;0;0;0;555340,475999999791384;5307797,600999999791384;9,740747612000064;47,921110777000081;1
08250526119300047250;08;1;19;067;2025;05;07;2;2;5;3;0;0;1;1;0;0;0;0;537940,337000000290573;5405709,882699999958277;9,516686443000026;48,803220909000061;1
08250515316200000350;08;3;16;042;2025;05;13;5;3;0;1;0;0;1;0;0;0;0;0;428073,798999999649823;5329203,212799999862909;8,033684883000035;48,112026793000041;1
08250509311010007710;08;3;11;000;2025;05;13;6;3;5;2;0;0;1;1;0;0;0;0;414740,100999999791384;5315428,380000000819564;7,857327932000032;47,986472163000030;1
08250516436000031720;08;4;36;049;2025;05;13;6;3;2;2;0;0;1;0;0;0;0;1;577749,284400000236928;5282428,017300000414252;10,036102944000049;47,690559396000026;1
08250520212702025950;08;2;15;046;2025;05;12;3;3;6;7;0;0;0;1;1;0;0;0;451258,735199999995530;5414371,514499999582767;8,335201036000058;48,880381403000058;1
08250518135100026680;08;1;35;016;2025;05;14;1;2;0;1;0;0;1;0;0;0;0;0;590324,389800000004470;5385994,955099999904633;10,225636610000038;48,620500385000071;1
08250509311010007510;08;3;11;000;2025;05;14;6;2;0;5;0;0;1;1;0;0;0;0;414649,265300000086427;5317310,378900000825524;7,855736494000041;48,003389379000055;1
08250509326000985250;08;3;35;022;2025;05;13;6;3;1;7;0;0;0;1;1;0;0;0;482940,718000000342727;5300169,471000000834465;8,771949343000074;47,854640263000078;1
08250515415400029280;08;4;15;080;2025;05;16;5;3;5;2;0;0;1;0;0;0;0;1;511526,858099999837577;5373263,860999999567866;9,156076617000053;48,512383744000033;1
08250517436200020270;08;4;36;064;2025;05;11;7;3;2;2;0;0;1;1;0;0;0;0;546567,694299999624491;5293637,021900000050664;9,621804126000029;47,794407131000071;1
08250520316200012940;08;3;16;056;2025;05;08;3;3;0;7;0;0;1;0;0;0;0;0;423497,389999999664724;5328184,664000000804663;7,972394311000073;48,102330993000066;1
08250510436200051600;08;4;36;064;2025;05;03;7;3;0;7;2;0;1;0;0;0;0;0;545494,842000000178814;5290995,632999999448657;9,607202687000040;47,770719198000052;1
08250514311010012060;08;3;15;076;2025;05;15;4;3;5;3;0;0;1;1;0;0;0;0;393035,206000000238419;5296349,128000000491738;7,571248916000059;47,811601583000026;1
08250511136000013420;08;1;36;065;2025;05;00;1;3;0;7;2;0;1;0;0;0;0;0;558600,032899999991059;5405663,270999999716878;9,798008172000038;48,801197247000061;1
08250524121300026780;08;1;21;000;2025;05;21;7;3;0;7;2;0;1;0;0;0;0;0;513879,404299999587238;5442336,563400000333786;9,190268205000052;49,133703480000065;1
08250512335100024360;08;3;35;043;2025;05;13;2;3;5;2;0;0;1;0;0;0;0;0;513318,415000000037253;5279729,572000000625849;9,177416133000065;47,670820352000078;1
08250516127100028870;08;1;27;076;2025;05;12;6;2;0;7;0;0;1;0;0;0;0;0;553692,945199999958277;5440321,565400000661612;9,735761084000046;49,113389940000047;1
08250526119400064140;08;1;19;091;2025;05;11;2;2;5;3;0;0;1;1;0;0;0;0;525856,129700000397861;5405912,558499999344349;9,352135723000060;48,805664303000071;1
08250513212010992160;08;2;12;000;2025;05;16;3;3;5;2;0;0;1;1;0;0;0;0;455017,533900000154972;5428498,917999999597669;8,384905550000042;49,007744189000050;1
08250516121200000460;08;1;21;000;2025;05;07;6;3;1;5;0;0;1;1;0;0;0;0;517066,130900000222027;5443453,905799999833107;9,234000961000049;49,143674083000064;1
08250523311010039230;08;3;11;000;2025;05;08;6;3;5;3;0;0;1;0;0;0;0;1;411030,842699999921024;5316723,229000000283122;7,807358157000067;47,997614425000052;1
08250514436400996620;08;4;36;014;2025;05;18;4;3;4;6;0;0;1;1;0;0;0;0;556436,203300000168383;5299926,476900000125170;9,754383931000064;47,850202001000071;1
08250513335100993580;08;3;35;043;2025;05;16;3;3;0;7;0;0;1;0;0;0;0;0;513363,328399999998510;5278239,116499999538064;9,177968838000027;47,657408794000048;1
08250521136200053430;08;1;36;019;2025;05;13;4;3;4;6;0;0;1;0;0;0;0;0;582586,088800000026822;5424971,219000000506639;10,128492318000042;48,972130181000068;1
08250519435200046390;08;4;35;059;2025;05;13;2;3;0;7;0;0;1;0;0;0;0;0;512014,161000000312924;5291055,877000000327826;9,160354519000066;47,772755352000047;1
08250516111130018560;08;1;11;000;2025;05;13;6;2;4;2;0;0;1;1;0;0;0;0;517275,835099999792874;5402699,776000000536442;9,235146516000043;48,777060277000032;1
08250512436400021570;08;4;36;082;2025;05;13;2;3;0;7;0;0;1;0;0;0;0;0;547885,475999999791384;5294843,414999999105930;9,639532139000039;47,805164318000038;1
08250525212402030500;08;2;12;000;2025;05;11;1;3;5;3;0;0;1;1;0;0;0;0;456342,327399999834597;5427689,643600000068545;8,403106865000041;49,000559811000073;1
08250508435100985020;08;4;35;016;2025;05;06;5;3;4;6;0;0;1;0;0;0;0;1;537351,703999999910593;5278858,628599999472499;9,497483415000033;47,662042501000030;1
08250526111310034560;08;1;11;000;2025;05;06;2;3;5;3;0;0;1;1;0;0;0;0;515170,931599999777973;5406888,013199999928474;9,206650953000064;48,814792039000054;1
08250516435200001160;08;4;35;059;2025;05;16;6;3;3;7;0;0;0;1;1;0;0;0;512786,466500000096858;5290632,249900000169873;9,170650062000050;47,768928900000049;1
08250513117100004660;08;1;17;042;2025;05;15;3;2;0;1;0;0;1;0;0;0;0;0;555337,795800000429153;5394794,341700000688434;9,752126738000072;48,703727741000080;1
08250515222500066960;08;2;22;000;2025;05;13;5;3;5;2;0;0;1;1;0;0;0;0;462210,079499999992549;5478755,528599999845028;8,478515283000036;49,460278735000031;1
08250515128100041220;08;1;28;020;2025;05;08;5;3;5;3;0;0;1;1;0;0;0;0;577257,972000000067055;5478463,836300000548363;10,065996144000053;49,453917963000038;1
08250511416200007470;08;4;16;041;2025;05;00;1;3;0;1;2;0;1;0;0;0;0;0;504288,969999999739230;5374048,322000000625849;9,058081918000028;48,519532202000050;1
08250514117100992360;08;1;17;019;2025;05;12;4;3;4;2;0;0;1;1;0;0;0;0;550678,035500000230968;5394080,070900000631809;9,688710676000028;48,697698581000054;1
08250514222500028360;08;2;22;000;2025;05;17;4;3;0;7;0;0;1;0;0;0;0;0;466183,546900000423193;5474799,641499999910593;8,533682955000074;49,424931229000038;1
08250512136000985640;08;1;19;084;2025;05;15;2;3;6;3;0;0;0;1;1;0;0;0;546549,466699999757111;5413953,893400000408292;9,634858692000023;48,876793262000035;1
08250508421300985540;08;4;21;000;2025;05;19;5;3;4;2;0;0;1;1;0;0;0;0;571270,248399999924004;5362815,541300000622869;9,963168138000071;48,414460511000073;1
08250509317000978990;08;3;17;031;2025;05;14;6;3;0;1;0;0;1;0;0;0;0;0;417169,156600000336766;5357794,861800000071526;7,881617424000069;48,367886548000058;1
08250514416100024890;08;4;16;036;2025;05;07;4;3;2;7;0;0;1;1;0;0;0;0;497564,847699999809265;5372148,835400000214577;8,967033859000026;48,502453623000065;1
08250526118400033510;08;1;18;048;2025;05;19;2;3;1;5;0;0;1;1;0;0;0;0;514727,345599999651313;5415357,898399999365211;9,200913329000059;48,890996036000047;1
08250510311200996700;08;3;11;000;2025;05;12;7;2;0;7;0;0;1;0;0;0;0;0;414140,173999999649823;5316399,069299999624491;7,849095094000063;47,995123630000080;1