UIDENTSTLAE;ULAND;UREGBEZ;UKREIS;UGEMEINDE;UJAHR;UMONAT;USTUNDE;UWOCHENTAG;UKATEGORIE;UART;UTYP1;ULICHTVERH;IstStrassenzustand;IstRad;IstPKW;IstFuss;IstKrad;IstGkfz;IstSonstige;LINREFX;LINREFY;XGCSWGS84;YGCSWGS84;PLST
08250513336400012870;08;3;36;100;2025;05;17;3;3;5;3;0;0;1;0;0;0;0;0;398424,843999999575317;5279153,562000000849366;7,647230873000069;47,657799325000042;1
08250510311010979690;08;3;11;000;2025;05;01;7;3;5;3;2;0;1;0;0;1;0;0;410023,449199999682605;5316804,639599999412894;7,793839942000034;47,998205745000064;1
08250525221200076720;08;2;21;000;2025;05;14;1;3;6;7;0;0;0;0;1;0;0;1;477170,489199999719858;5472851,755699999630451;8,685298103000036;49,407922017000033;1
08250508415100008590;08;4;15;078;2025;05;13;5;3;0;1;0;0;1;0;0;0;0;0;529494,243999999947846;5371388,036000000312924;9,399222802000054;48,494921585000043;1
08250523118400023710;08;1;18;048;2025;05;07;6;3;0;1;0;0;1;0;0;0;0;0;513967,765300000086427;5415271,900100000202656;9,190548107000041;48,890240006000056;1
08250521311010074500;08;3;11;000;2025;05;07;4;3;5;2;0;0;1;1;0;0;0;0;412576,133299999870360;5317498,856899999082088;7,827910372000076;48,004804610000065;1
08250524335300076220;08;3;35;022;2025;05;15;7;2;6;7;0;0;0;1;1;0;0;0;481912,101999999955297;5297165,102399999275804;8,758324375000029;47,827580750000038;1
08250513119300989920;08;1;19;076;2025;05;19;3;3;5;3;0;0;1;0;0;0;0;0;543181,926400000229478;5406213,492100000381470;9,588117752000073;48,807409049000057;1
08250515212010052560;08;2;12;000;2025;05;17;5;3;5;3;0;0;1;1;0;0;0;0;458554,415699999779463;5428258,296900000423193;8,433291183000051;49,005827434000025;1
08250508317000987610;08;3;17;031;2025;05;16;5;3;0;1;0;0;1;0;0;0;0;0;415329,882000000216067;5360320,010999999940395;7,856279877000077;48,390355677000059;1
08250516221011054330;08;2;26;048;2025;05;08;6;1;6;3;0;0;0;0;1;0;1;0;485409,985000000335276;5465095,707000000402331;8,799161999000034;49,338409877000061;1
08250509335100026160;08;3;35;043;2025;05;17;6;3;5;3;0;0;1;0;0;0;0;0;513639,567999999970198;5279957,679999999701977;9,181701351000072;47,672866095000074;1
08250518115400043470;08;1;15;045;2025;05;18;1;3;0;7;0;0;1;0;0;0;0;0;500938,955000000074506;5397035,073000000789762;9,012767533000044;48,726339740000071;1
08250508311010987880;08;3;11;000;2025;05;08;5;3;4;1;0;0;1;0;0;0;0;1;415163,408999999985099;5320895,959000000730157;7,861918254000045;48,035711483000057;1
08250524421200026530;08;4;21;000;2025;05;11;7;3;4;2;0;0;1;1;0;0;0;0;573725,808400000445545;5361040,154400000348687;9,996036283000024;48,398208033000060;1
08250524436300026520;08;4;36;081;2025;05;18;7;3;8;1;0;0;1;0;0;0;0;0;560617,100200000219047;5279332,768600000068545;9,807392904000039;47,664546374000054;1
08250513126200027420;08;1;26;066;2025;05;19;3;3;0;7;0;0;1;1;0;0;0;0;536512,393699999898672;5449959,607499999925494;9,501219532000050;49,201344701000039;1
08250520226400012260;08;2;26;037;2025;05;19;3;3;1;5;0;0;1;1;0;0;0;0;466008,504999999888241;5468700,935200000181794;8,531791048000059;49,370065478000072;1
08250511316100995450;08;3;16;043;2025;05;11;1;2;0;1;0;0;1;0;0;0;0;0;408839,917000000365078;5328275,171000000089407;7,775534332000063;48,101216152000063;1
08250515325000045910;08;3;27;050;2025;05;06;5;2;5;3;0;0;1;1;0;0;0;0;488117,093799999915063;5313443,559100000187755;8,840781498000069;47,974187640000025;1
08250520119300046770;08;1;19;084;2025;05;17;3;2;6;4;0;0;1;0;1;0;0;0;546673,277700000442564;5414090,422800000756979;9,636562746000038;48,878012069000079;1
08250516111500001390;08;1;11;000;2025;05;18;6;3;1;5;0;0;1;1;0;0;0;0;510668,883299999870360;5406593,375399999320507;9,145318859000042;48,812235133000058;1
08250518116010033520;08;1;16;056;2025;05;18;1;3;7;1;0;0;1;0;0;0;0;0;531483,856800000183284;5396315,965700000524521;9,428043708000075;48,719076264000080;1
08250518136000039870;08;1;36;065;2025;05;22;1;3;6;4;2;0;0;1;1;0;0;0;558108,647699999623001;5403261,219399999827147;9,790977504000068;48,779636715000038;1
08250512335100024300;08;3;35;043;2025;05;18;2;3;5;2;0;0;1;1;0;0;0;0;512033,678100000135601;5280358,204099999740720;9,160319401000038;47,676501760000065;1
08250518118200005980;08;1;18;011;2025;05;11;1;3;1;5;0;0;1;1;0;0;0;0;505121,077300000004470;5408580,092100000008941;9,069778129000042;48,830177910000032;1
08250510118400983650;08;1;18;048;2025;05;14;7;3;5;3;0;0;1;1;0;0;0;0;513856,990699999965727;5416065,115900000557303;9,189063835000070;48,897378051000032;1
08250520311010015840;08;3;36;019;2025;05;18;3;3;5;2;0;1;1;0;0;0;0;0;394869,254200000315905;5275550,628799999132752;7,600757980000026;47,624822695000034;1
08250508222800985450;08;2;22;000;2025;05;13;5;3;2;6;0;0;1;0;0;0;0;0;460669,580299999564886;5488241,555400000885129;8,456313473000023;49,545502293000027;1
08250511116100015140;08;1;16;019;2025;05;10;1;3;8;1;0;0;1;0;0;0;0;0;522419,219800000078976;5399695,647299999371171;9,304990054000029;48,749871466000059;1
08250523121300059140;08;1;21;000;2025;05;16;6;3;0;1;0;0;1;0;0;0;0;0;513948,864799999631941;5443028,079299999400973;9,191244341000072;49,139922336000041;1
08250522116100075250;08;1;16;019;2025;05;17;5;3;0;7;0;0;0;1;1;0;0;0;522880,006599999964237;5399073,728399999439716;9,311223931000029;48,744259998000075;1
08250515311010012640;08;3;11;000;2025;05;10;5;3;5;3;0;0;1;1;0;0;0;0;414430,033999999985099;5316736,959000000730157;7,852912326000023;47,998201937000033;1
08250508215102013960;08;2;15;105;2025;05;17;5;3;3;6;0;0;1;1;0;0;0;0;455346,085699999704957;5444282,949200000613928;8,387655005000056;49,149745099000029;1
08250512231302985930;08;2;31;000;2025;05;08;2;3;1;5;0;0;1;1;0;0;0;0;478793,685800000093877;5417113,303400000557303;8,710609169000065;48,906599203000042;1
08250516311010031830;08;3;11;000;2025;05;22;6;3;5;3;2;0;1;0;0;0;0;1;412677,065999999642372;5315428,947000000625849;7,829684466000060;47,986198917000081;1
08250516118300073980;08;1;18;003;2025;05;08;6;3;0;3;0;0;1;1;0;0;0;0;509795,789499999955297;5417137,459000000730157;9,133678998000050;48,907102106000082;1
08250510118600011820;08;1;18;050;2025;05;17;7;3;3;2;0;0;1;1;0;0;0;0;506163,527900000102818;5416918,253900000825524;9,084107823000068;48,905176993000055;1
08250518212302040690;08;2;12;000;2025;05;18;1;3;0;7;0;0;1;0;0;0;0;0;454987,973799999803305;5429050,623400000855327;8,384440190000021;49,012704668000026;1
08250513335300025410;08;3;35;097;2025;05;19;3;3;5;3;0;0;1;1;0;0;0;0;486057,793100000359118;5295524,022500000894070;8,813768158000073;47,812918503000049;1
08250512221200015600;08;2;21;000;2025;05;23;2;3;0;7;2;0;1;0;0;0;0;0;477515,353400000371039;5471866,985500000417233;8,690107688000069;49,399076994000040;1
08250522311010052530;08;3;11;000;2025;05;15;5;2;1;1;0;0;1;1;0;0;0;0;415218,659400000236928;5315292,349300000816584;7,863767227000039;47,985312125000064;1
08250519325069039920;08;3;27;002;2025;05;19;2;2;4;2;0;0;1;1;0;0;0;0;477294,319099999964237;5326779,437500000000000;8,695062160000020;48,093878082000060;1
08250514118200996610;08;1;18;067;2025;05;17;4;3;0;7;0;0;1;0;0;0;0;0;505564,698900000192225;5414818,750900000333786;9,075907578000056;48,886296012000059;1
08250508416200988300;08;4;16;041;2025;05;11;5;2;4;2;0;0;1;0;0;0;0;0;504281,240000000223517;5374050,927999999374151;9,057977264000044;48,519555699000080;1
08250513426200009420;08;4;26;070;2025;05;16;3;2;4;2;0;0;1;1;0;0;0;0;565840,935999999754131;5342508,732200000435114;9,886632475000056;48,232379414000036;1
08250521111110017610;08;1;11;000;2025;05;10;4;2;0;7;0;0;1;0;0;0;0;0;512259,587299999780953;5402895,920299999415874;9,166875092000055;48,778943852000054;1
08250523211000045890;08;2;16;043;2025;05;14;6;2;5;3;0;0;1;1;0;0;0;0;441380,981300000101328;5412024,161100000143051;8,200823842000034;48,858411716000035;1
08250514121300996650;08;1;21;000;2025;05;15;4;3;6;7;0;0;0;1;1;0;0;0;513074,933000000193715;5443703,362999999895692;9,179284372000041;49,146015972000043;1
08250520111210048600;08;1;11;000;2025;05;15;3;2;5;3;0;0;1;0;0;0;0;0;513928,520499999634922;5399291,043999999761581;9,189470140000026;48,746479474000068;1
08250520111340029600;08;1;11;000;2025;05;18;3;3;5;3;0;0;1;1;0;0;0;0;508217,371500000357628;5405941,379300000146031;9,111914299000034;48,806407100000058;1
08250514215000998270;08;2;12;000;2025;05;12;4;3;1;5;0;0;1;1;0;0;0;0;456382,285899999551475;5428327,282299999147654;8,403584661000025;49,006298275000063;1
08250511335300983340;08;3;35;075;2025;05;11;1;3;5;2;0;0;1;1;0;0;0;0;488338,429600000381470;5291335,794700000435114;8,844344018000072;47,775280393000060;1
08250515311010997790;08;3;11;000;2025;05;11;5;3;0;7;0;0;1;1;0;0;0;0;414808,160699999891222;5319490,116399999707937;7,857433177000075;48,023018135000029;1
08250521415100016490;08;4;15;050;2025;05;07;4;3;5;3;0;0;1;1;0;0;0;0;521320,231399999931455;5377432,466800000518560;9,288893305000045;48,549629356000025;1
08250515111500089760;08;1;11;000;2025;05;08;5;3;6;7;0;0;0;1;1;0;0;0;512139,866899999789894;5403180,187999999150634;9,165253884000037;48,781503450000059;1
08250508115300008890;08;1;15;041;2025;05;15;5;3;5;3;0;0;1;1;0;0;0;0;495443,366899999789894;5402405,577500000596046;8,937981322000041;48,774636862000079;1
08250509222200980980;08;2;22;000;2025;05;23;6;3;0;3;2;0;1;1;0;0;0;0;461754,685399999842048;5482359,310799999162555;8,471882886000060;49,492664409000042;1
08250512415400989360;08;4;15;061;2025;05;13;2;3;0;1;0;0;1;0;0;0;0;0;515755,609400000423193;5374197,240900000557303;9,213369895000028;48,520688851000045;1
08250508111500992870;08;1;11;000;2025;05;17;5;2;6;6;0;0;1;0;1;0;0;0;511727,462000000290573;5402303,734999999403954;9,159615048000035;48,773626852000064;1
08250516115100068430;08;1;15;024;2025;05;10;6;2;6;7;0;0;0;1;1;0;0;0;500811,372299999929965;5387683,851099999621511;9,011014355000043;48,642215284000031;1
08250525221011076760;08;2;21;000;2025;05;19;1;2;6;4;0;0;0;1;1;0;0;0;474306,494699999690056;5471384,689200000837445;8,645913948000043;49,394611837000070;1
08250521336400036960;08;3;36;091;2025;05;14;4;2;0;7;0;0;1;0;0;0;0;0;394374,707100000232458;5272713,599500000476837;7,594861708000053;47,599222907000069;1
08250510425000982240;08;4;25;081;2025;05;12;7;3;4;2;0;0;1;1;0;0;0;0;548008,479799999855459;5343374,098899999633431;9,646612549000054;48,241765409000038;1
08250513119500040520;08;1;19;085;2025;05;09;3;3;5;3;0;0;1;1;0;0;0;0;529392,531999999657273;5414098,247999999672174;9,400884241000028;48,879142663000039;1
08250526121200035340;08;1;21;000;2025;05;18;2;3;0;1;0;0;1;0;0;0;0;0;515497,237800000235438;5442684,178099999204278;9,212459766000052;49,136791716000062;1
08250512212302024180;08;2;12;000;2025;05;15;2;3;6;7;0;0;1;0;1;0;0;0;456191,107499999925494;5428488,592499999329448;8,400953289000029;49,007735737000075;1
08250509226400979610;08;2;26;084;2025;05;08;6;3;6;7;0;0;0;1;1;0;0;0;469618,847900000400841;5470247,928400000557303;8,581401344000028;49,384171059000039;1
08250512231102022920;08;2;36;040;2025;05;14;2;2;6;7;0;0;0;1;1;0;0;0;488324,744300000369549;5421849,378000000491738;8,840537901000062;48,949456507000036;1
08250524416200079260;08;4;16;041;2025;05;19;7;3;0;1;0;0;1;0;0;0;0;0;504336,927699999883771;5373737,120400000363588;9,058728132000056;48,516732188000049;1
08250508119300003890;08;1;19;067;2025;05;07;5;3;5;2;0;0;1;1;0;0;0;0;538014,186099999584258;5408229,892699999734759;9,517925570000045;48,825885246000041;1
08250508111330036480;08;1;11;000;2025;05;22;5;3;1;6;2;0;1;1;0;0;0;0;511557,387900000438094;5409393,833399999886751;9,157499892000033;48,837411762000045;1
08250520235100013680;08;2;35;079;2025;05;10;3;3;6;7;0;0;0;1;1;0;0;0;466331,702800000086427;5397989,769400000572205;8,542121670000029;48,734019245000070;1
08250513317000992490;08;3;17;026;2025;05;11;3;3;6;7;0;0;0;1;1;0;0;0;411953,350800000131130;5345346,142799999564886;7,813807249000035;48,255207174000077;1
08250508231000015930;08;2;31;000;2025;05;13;5;3;6;4;0;0;0;1;1;0;0;0;476486,575899999588728;5415425,240100000053644;8,679222993000053;48,891330706000076;1
08250515222600000440;08;2;22;000;2025;05;16;5;3;5;5;0;0;1;1;0;0;0;0;464072,210699999704957;5482362,644099999219179;8,503883233000067;49,492836054000065;1
08250512311010053000;08;3;11;000;2025;05;15;2;3;3;2;0;0;1;1;0;0;0;0;411640,588399999774992;5316016,245899999514222;7,815675610000028;47,991339483000047;1
08250518117300006530;08;1;17;020;2025;05;13;1;3;0;1;0;0;1;0;0;0;0;0;549479,801300000399351;5389377,218399999663234;9,671865135000075;48,655490239000073;1
08250523221200051520;08;2;21;000;2025;05;13;6;3;1;5;0;0;1;1;0;0;0;0;478078,222699999809265;5472870,483699999749660;8,697809873000040;49,408123851000028;1
08250514336300017050;08;3;36;081;2025;05;14;4;3;6;7;0;0;0;1;1;0;0;0;410959,795800000429153;5276827,233699999749660;7,814604474000021;47,638718826000058;1
08250523216200023500;08;2;16;007;2025;05;16;6;3;0;7;0;0;1;0;0;0;0;0;436134,850700000301003;5394120,238299999386072;8,132090476000030;48,696849312000040;1
08250523231102188180;08;2;36;025;2025;05;17;6;3;0;7;0;0;1;1;0;0;0;0;489716,317900000140071;5406102,304899999871850;8,859940182000059;48,807824013000072;1
08250518311010014120;08;3;36;091;2025;05;15;1;3;0;7;0;0;1;0;0;0;0;0;394343,129900000058115;5272431,382899999618530;7,594509764000065;47,596679192000067;1
08250516212010050860;08;2;12;000;2025;05;20;6;3;5;2;0;0;1;1;0;0;0;0;453916,584599999710917;5429482,984500000253320;8,369740279000041;49,016514688000029;1
08250520226300048280;08;2;26;056;2025;05;12;3;3;2;6;0;0;1;1;0;0;0;0;485369,736100000329316;5471313,279100000858307;8,798379399000055;49,394335894000051;1
08250526111130035720;08;1;11;000;2025;05;17;2;3;6;4;0;0;1;0;1;0;0;0;511539,911899999715388;5400889,233500000089407;9,157022754000025;48,760905577000074;1
08250519111240007350;08;1;11;000;2025;05;08;2;3;5;3;0;0;1;1;0;0;0;0;519857,283900000154972;5401510,412399999797344;9,270225577000076;48,766283870000052;1
08250513421300005410;08;4;21;000;2025;05;07;3;3;6;4;0;0;0;1;1;0;0;0;570663,124499999918044;5359281,917700000107288;9,954369682000049;48,382742854000071;1
08250520435100071410;08;4;35;030;2025;05;18;3;2;2;6;0;0;1;0;0;0;0;0;540282,046600000001490;5271927,547900000587106;9,535872762000054;47,599505114000067;1
08250517215000018830;08;2;15;096;2025;05;20;7;3;0;3;0;0;1;1;0;0;0;0;465523,048000000417233;5418065,062000000849366;8,529436885000052;48,914564112000050;1
08250515336200030300;08;3;36;069;2025;05;08;5;3;6;7;0;0;0;1;1;0;0;0;404940,809200000017881;5267420,829900000244379;7,736531884000044;47,553246467000065;1
08250507436000974970;08;4;36;009;2025;05;12;4;3;5;3;0;0;1;1;0;0;0;0;556588,829599999822676;5307476,616399999707937;9,757413524000071;47,918114039000045;1
08250508311010976520;08;3;11;000;2025;05;18;5;3;5;3;0;0;1;0;0;0;0;1;412409,798000000417233;5317585,230000000447035;7,825663166000027;48,005558788000030;1
08250522222700073400;08;2;22;000;2025;05;19;5;3;5;3;0;0;1;0;0;1;0;0;462023,614500000141561;5480946,299399999901652;8,475732007000033;49,479972001000078;1
08250520111250099380;08;1;11;000;2025;05;09;3;3;6;4;0;0;0;0;1;0;0;1;515270,974999999627471;5403672,118000000715256;9,207894093000050;48,785859811000080;1
08250513436300003770;08;4;36;081;2025;05;08;3;3;5;3;0;0;1;0;0;0;0;0;562211,037200000137091;5281819,563100000843406;9,828975482000033;47,686768102000030;1
08250507426100986360;08;4;26;021;2025;05;07;4;3;0;1;0;0;1;0;0;0;0;0;559163,320000000298023;5326999,067299999296665;9,794561476000069;48,093511732000081;1
08250509212010011720;08;2;12;000;2025;05;10;6;3;0;4;0;0;0;0;1;0;0;1;453566,931900000199676;5428924,933399999514222;8,365022409000062;49,011468778000051;1
08250520417100047530;08;4;17;044;2025;05;15;3;3;5;3;0;0;1;0;0;0;0;0;490636,745699999853969;5338666,165999999269843;8,873988983000061;48,201157966000039;1
08250511311400014100;08;3;15;008;2025;05;09;1;3;5;3;0;0;1;1;0;0;0;0;402833,349799999967217;5301200,424000000581145;7,700999443000057;47,856793784000047;1
08250523116500076240;08;1;16;049;2025;05;16;6;3;1;3;0;0;1;1;0;0;0;0;524873,526800000108778;5387340,748400000855327;9,337633749000076;48,638634346000060;1
08250526116200306790;08;1;16;080;2025;05;19;2;3;6;2;1;0;0;1;1;0;0;0;521966,966599999926984;5395419,633899999782443;9,298609844000055;48,711420924000038;1
08250514111120006830;08;1;11;000;2025;05;07;4;3;6;6;0;0;0;0;1;0;0;1;513251,954900000244379;5403390,156899999827147;9,180398871000023;48,783369613000048;1
08250522335010056470;08;3;35;043;2025;05;15;5;2;5;2;0;0;1;0;0;0;0;0;513433,202300000004470;5279825,442500000819564;9,178948169000023;47,671680588000072;1
08250519135100045940;08;1;35;020;2025;05;06;2;3;5;3;0;0;1;1;0;0;0;0;586070,498999999836087;5386427,366499999538064;10,168016954000052;48,624989390000053;1
08250507425000003660;08;4;25;141;2025;05;17;4;2;8;1;0;0;1;0;0;0;0;0;560069,423899999819696;5369689,860799999907613;9,812800244000073;48,477466442000036;1
08250516212102033130;08;2;12;000;2025;05;16;6;3;5;3;0;0;1;1;0;0;0;0;458442,980800000019372;5428927,047800000756979;8,431699090000052;49,011835462000079;1
08250513221400024050;08;2;21;000;2025;05;18;3;3;4;6;0;0;1;0;0;0;0;1;473936,889000000432134;5473029,883999999612570;8,640712509000025;49,409394341000052;1
08250516311100187810;08;3;15;030;2025;05;14;6;3;4;2;0;0;1;0;0;0;0;0;406656,038999999873340;5327517,859999999403954;7,746373235000021;48,094087969000043;1
08250510212010016350;08;2;12;000;2025;05;11;7;3;5;3;0;0;1;1;0;0;0;0;459755,791799999773502;5427030,601099999621511;8,449839120000036;48,994863574000078;1
08250514121100994260;08;1;25;026;2025;05;18;4;3;1;5;0;0;1;1;0;0;0;0;493134,415099999867380;5442959,389000000432134;8,905871133000062;49,139424450000035;1
08250512421300024620;08;4;21;000;2025;05;17;2;3;5;3;0;0;1;1;0;0;0;0;570964,823099999688566;5361547,004399999976158;9,958826576000035;48,403084137000064;1
08250509222600980190;08;2;22;000;2025;05;11;6;3;5;3;0;0;1;1;0;0;0;0;461867,121799999848008;5485262,711899999529123;8,473155069000029;49,518785966000053;1
08250509221011984790;08;2;21;000;2025;05;17;6;3;2;6;0;0;1;1;0;0;0;0;477728,060399999842048;5473455,149700000882149;8,692950184000040;49,413370115000077;1
08250523335100023990;08;3;35;043;2025;05;11;6;3;5;3;0;0;1;1;0;0;0;0;510868,428700000047684;5280449,240000000223517;9,144797616000062;47,677341511000066;1
08250515226600002410;08;2;26;096;2025;05;16;5;3;5;5;0;0;1;0;0;0;1;0;473011,776600000448525;5487651,368899999186397;8,626962335000030;49,540869627000063;1
08250509221300991520;08;2;21;000;2025;05;19;6;3;0;7;0;0;1;0;0;0;0;0;481132,193900000303984;5474348,921499999240041;8,739837875000035;49,421524569000042;1
08250514435100036690;08;4;35;013;2025;05;20;4;3;0;1;1;0;1;0;0;0;0;0;540693,552099999971688;5274706,689899999648333;9,541604896000024;47,624484453000036;1
08250507415400974590;08;4;15;061;2025;05;09;4;3;2;6;0;0;1;1;0;0;0;0;515374,402800000272691;5371204,346100000664592;9,208097187000021;48,493773233000070;1
08250522222014070570;08;2;26;032;2025;05;17;5;3;5;3;0;0;1;1;0;0;0;0;466565,620000000111759;5463171,667500000447035;8,539928607000036;49,320361726000044;1
08250507337400982350;08;3;37;060;2025;05;17;4;3;5;2;0;0;1;0;0;0;1;0;467967,576600000262260;5277707,075099999085069;8,573445725000056;47,651966730000026;1
08250522416010031220;08;4;16;041;2025;05;18;5;3;0;1;0;0;1;0;0;0;0;0;504159,076999999582767;5377631,273000000044703;9,056358652000029;48,551766524000072;1
08250510118200008470;08;1;18;019;2025;05;02;7;3;1;5;2;0;1;1;0;0;0;0;505193,796500000171363;5405679,745400000363588;9,070732258000021;48,804086087000030;1
08250513226100993240;08;2;26;013;2025;05;15;3;3;0;7;0;0;1;0;0;0;0;0;499409,119099999777973;5478430,242699999362230;8,991846404000057;49,458528121000029;1
08250510111120014020;08;1;11;000;2025;05;14;7;2;7;7;0;0;1;0;0;0;0;0;520127,846900000236928;5402862,169800000265241;9,273973614000056;48,778435413000068;1
08250510111140012450;08;1;11;000;2025;05;21;7;3;6;3;2;0;0;0;1;0;0;1;512070,743800000287592;5402697,750700000673532;9,164298785000028;48,777164825000057;1
08250509336200051620;08;3;36;069;2025;05;09;6;3;6;6;0;0;0;0;1;0;0;1;408276,355600000359118;5273562,392100000753999;7,779571860000033;47,608974531000058;1
08250512116400988310;08;1;16;070;2025;05;15;2;2;0;1;0;0;1;0;0;0;0;0;539617,053999999538064;5385506,164000000804663;9,537579860000051;48,621370314000046;1
08250521311010014990;08;3;11;000;2025;05;09;4;3;5;3;0;0;1;1;0;0;0;0;412396,597500000149012;5318097,454500000923872;7,825381591000053;48,010164582000073;1
08250522316100075180;08;3;16;017;2025;05;11;5;3;5;3;0;1;1;1;0;0;0;0;408790,077200000174344;5341451,662699999287724;7,772039300000074;48,219729856000072;1
08250511118600986310;08;1;18;076;2025;05;15;1;3;4;5;0;0;1;1;0;0;0;0;501067,472199999727309;5427697,129699999466538;9,014595047000057;49,002170155000044;1
08250520436400030900;08;4;36;082;2025;05;07;3;3;5;3;0;0;1;1;0;0;0;0;547901,190000000409782;5295293,929999999701977;9,639791770000045;47,809216400000025;1
08250507316100999530;08;3;16;011;2025;05;07;4;3;5;3;0;0;1;1;0;0;0;0;414682,340900000184774;5329065,033600000664592;7,853835182000068;48,109130439000069;1
08250514311010997090;08;3;11;000;2025;05;17;4;3;5;3;0;0;1;1;0;0;0;0;415216,064500000327826;5317623,162699999287724;7,863271966000070;48,006278430000066;1
08250523311400057480;08;3;15;074;2025;05;07;6;3;4;6;0;1;1;0;0;0;0;0;396742,539099999703467;5297950,374600000679493;7,620371842000054;47,826610149000032;1
08250508118400991190;08;1;18;048;2025;05;15;5;3;6;7;0;0;0;1;1;0;0;0;514390,288999999873340;5414481,855000000447035;9,196284319000029;48,883123296000065;1
08250507226400002510;08;2;26;037;2025;05;07;4;3;2;6;0;0;1;1;0;0;0;0;466091,902200000360608;5468729,086999999359250;8,532937347000029;49,370323343000052;1
08250511211100998280;08;2;11;000;2025;05;11;1;3;0;5;0;0;1;0;0;0;0;1;443243,409599999897182;5402178,133899999782443;8,227574476000029;48,770019025000067;1
08250521435200033140;08;4;35;059;2025;05;13;4;3;0;1;0;0;1;0;0;0;0;0;514768,009999999776483;5288705,631999999284744;9,197030420000033;47,751551768000070;1
08250514337400007030;08;3;37;116;2025;05;09;4;2;3;6;0;0;1;0;0;0;0;0;418064,033800000324845;5273874,301599999889731;7,909717636000039;47,613091996000037;1
08250509311010004240;08;3;15;047;2025;05;07;6;3;5;3;0;0;1;0;0;0;0;0;416607,343999999575317;5320801,166999999433756;7,881303224000021;48,035049020000031;1
08250523226600058840;08;2;26;107;2025;05;12;6;3;6;4;0;0;0;1;1;0;0;0;473749,505699999630451;5483880,176799999549985;8,637410111000065;49,506981625000037;1
08250523222600069530;08;2;22;000;2025;05;18;6;3;5;2;0;0;1;1;0;0;0;0;461229,729100000113249;5483816,229000000283122;8,464491290000069;49,505735257000026;1
08250518222014031430;08;2;21;000;2025;05;12;1;2;3;6;0;0;1;0;0;0;0;0;474988,854799999855459;5475109,867799999192357;8,655082784000058;49,428147524000053;1
08250513311400043580;08;3;15;076;2025;05;09;3;3;0;7;0;0;0;1;1;0;0;0;394553,159300000406802;5303233,364299999549985;7,589840633000051;47,873773819000064;1
08250516231000039380;08;2;31;000;2025;05;11;6;3;3;2;0;0;1;1;0;0;0;0;478799,904000000096858;5415553,163200000301003;8,710775010000020;48,892564926000034;1
08250512117200990430;08;1;17;006;2025;05;16;2;3;5;3;0;0;1;1;0;0;0;0;550387,762199999764562;5380907,489299999549985;9,683164183000031;48,579227584000080;1
08250522311100052260;08;3;11;000;2025;05;22;5;2;4;1;2;0;1;1;0;0;0;0;409384,114199999719858;5319838,764200000092387;7,784630243000038;48,025407830000063;1
08250516111310046860;08;1;11;000;2025;05;12;6;3;0;7;0;0;1;1;0;0;0;0;517346,317900000140071;5406100,319199999794364;9,236249452000038;48,807649145000028;1
08250524435200034150;08;4;37;124;2025;05;19;7;3;9;1;0;0;1;0;0;0;0;0;517158,962199999950826;5302308,745899999514222;9,229468118000057;47,873885368000060;1
08250507222500975870;08;2;22;000;2025;05;08;4;3;5;3;0;0;1;1;0;0;0;0;463566,660899999551475;5477670,393799999728799;8,497334581000075;49,450601313000050;1
08250510311010007780;08;3;36;069;2025;05;17;7;3;5;3;0;0;1;1;0;0;0;0;408687,322200000286102;5269017,480200000107288;7,785984652000025;47,568147400000043;1
08250526111230066060;08;1;11;000;2025;05;16;2;3;1;5;0;0;1;1;0;0;0;0;508068,389899999834597;5397702,401399999856949;9,109723682000038;48,732291522000025;1
08250511311100015810;08;3;15;015;2025;05;19;1;2;9;1;0;0;1;0;0;0;0;0;400999,620000000111759;5315749,220000000670552;7,673148566000066;47,987378812000031;1
08250521335200074660;08;3;35;063;2025;05;19;4;3;5;3;0;0;1;1;0;0;0;0;498745,071000000461936;5288188,688999999314547;8,983258550000073;47,747068431000059;1
08250521415400051740;08;4;15;061;2025;05;18;4;3;4;6;0;1;1;1;0;0;0;0;517103,033300000242889;5373344,236500000581145;9,231582218000028;48,512979700000074;1
08250519119500023210;08;1;19;085;2025;05;19;2;3;2;2;0;0;1;1;0;0;0;0;529629,584300000220537;5413392,716299999505281;9,404066190000037;48,872784706000061;1
08250512426000995590;08;4;21;000;2025;05;10;2;3;6;2;0;0;0;1;1;0;0;0;575772,212000000290573;5365090,585999999195337;10,024410453000030;48,434399411000072;1
08250508111500048860;08;1;11;000;2025;05;10;5;3;6;7;0;0;0;1;1;0;0;0;511480,938599999994040;5402561,370899999514222;9,156266980000055;48,775949126000057;1
08250520222014039150;08;2;22;000;2025;05;17;3;2;6;4;0;0;0;1;1;0;0;0;460921,429999999701977;5482816,197599999606609;8,460332083000026;49,496720753000034;1
08250526111500033450;08;1;11;000;2025;05;07;2;3;4;7;0;0;1;1;0;0;0;0;510461,252100000157952;5396954,671000000089407;9,142245637000030;48,725529350000045;1
08250509136200981160;08;1;36;019;2025;05;14;6;2;5;3;0;0;1;1;0;0;0;0;586112,082399999722838;5423523,625900000333786;10,176356299000076;48,958629546000054;1
08250519311010043380;08;3;11;000;2025;05;08;2;3;4;6;0;0;1;1;0;0;0;0;412709,023500000126660;5318457,580800000578165;7,829496489000064;48,013446775000034;1
08250514317200058140;08;3;17;057;2025;05;16;4;3;5;3;0;0;1;1;0;0;0;0;415723,954699999652803;5386648,698400000110269;7,856284520000031;48,627224501000057;1