UIDENTSTLAE;ULAND;UREGBEZ;UKREIS;UGEMEINDE;UJAHR;UMONAT;USTUNDE;UWOCHENTAG;UKATEGORIE;UART;UTYP1;ULICHTVERH;IstStrassenzustand;IstRad;IstPKW;IstFuss;IstKrad;IstGkfz;IstSonstige;LINREFX;LINREFY;XGCSWGS84;YGCSWGS84;PLST
08250507222500001430;08;2;22;000;2025;05;16;4;3;3;2;0;0;1;1;0;0;0;0;463325,457799999974668;5478265,008400000631809;8,493951816000049;49,455935097000065;1
08250511336400019770;08;3;36;045;2025;05;12;1;3;0;7;0;0;1;0;0;0;0;0;398268,414499999955297;5280350,885999999940395;7,644869404000076;47,668544912000073;1
08250510211100981060;08;2;11;000;2025;05;10;7;3;0;1;0;0;1;0;0;0;0;0;443707,069199999794364;5401802,972200000658631;8,233935370000040;48,766686497000080;1
08250519226400069770;08;2;26;037;2025;05;16;2;3;3;6;0;0;1;0;0;0;0;1;465648,707399999722838;5469499,376199999824166;8,526766323000061;49,377227057000027;1
08250517136100019100;08;1;36;088;2025;05;09;7;3;0;7;0;0;1;0;0;0;0;0;579742,882000000216067;5410154,276000000536442;10,086755035000067;48,839237991000061;1
08250522416200066640;08;4;16;041;2025;05;08;5;3;0;2;0;1;1;1;0;0;0;0;504569,377399999648333;5371843,898399999365211;9,061855096000045;48,499698390000049;1
08250519311010028400;08;3;11;000;2025;05;15;2;3;6;4;0;0;0;1;1;0;0;0;413751,372600000351667;5315418,216700000688434;7,844081592000066;47,986248170000067;1
08250510436300007670;08;4;36;049;2025;05;13;7;3;0;1;0;0;1;0;0;0;0;0;578367,372399999760091;5282383,098999999463558;10,044330237000054;47,690080639000030;1
08250517317000069940;08;3;17;141;2025;05;20;7;3;8;1;0;0;1;0;0;0;0;0;417954,081100000068545;5377249,492599999532104;7,888399458000038;48,542979233000040;1
08250509222800006650;08;2;22;000;2025;05;11;6;3;5;2;0;0;1;1;0;0;0;0;464115,129999999888241;5486235,067099999636412;8,504123911000022;49,527669028000048;1
08250514116400064690;08;1;16;033;2025;05;10;4;3;8;1;0;0;1;0;0;0;0;0;533683,668999999761581;5389415,604000000283122;9,457388112000046;48,656886879000069;1
08250512136000041690;08;1;36;065;2025;05;14;2;3;2;6;0;0;1;0;0;0;0;1;558460,429600000381470;5405694,650499999523163;9,796111731000053;48,801492652000036;1
08250507215402021700;08;2;15;009;2025;05;17;4;3;0;7;0;0;1;0;0;0;0;0;474210,160000000149012;5439161,445800000801682;8,646660988000065;49,104757973000062;1
08250524311010030040;08;3;11;000;2025;05;13;7;3;0;7;0;0;1;0;0;0;0;0;414133,922600000165403;5318084,920800000429153;7,848673869000038;48,010287639000069;1
08250524121500030530;08;1;25;007;2025;05;14;7;3;7;1;0;0;1;0;0;0;0;0;511312,338200000114739;5454515,690700000151992;9,155420066000033;49,243310867000048;1
08250523335300040450;08;3;35;075;2025;05;17;6;3;5;3;0;0;1;1;0;0;0;0;487997,020499999634922;5290475,048699999228120;8,839810770000042;47,767529550000063;1
08250526111210051010;08;1;11;000;2025;05;12;2;3;1;1;0;0;1;1;0;0;0;0;507576,875000000000000;5399510,092000000178814;9,103072727000040;48,748559694000051;1
08250512317100986960;08;3;17;110;2025;05;20;2;3;1;1;1;0;1;0;0;0;0;1;426728,661999999545515;5381732,656799999997020;8,006472717000065;48,584391429000050;1
08250524116500028210;08;1;16;041;2025;05;17;7;3;0;7;0;0;1;0;0;0;0;0;518907,531700000166893;5384341,336200000718236;9,256515411000066;48,611860205000028;1
08250513417200062300;08;4;17;002;2025;05;19;3;3;0;1;0;0;1;0;0;0;0;0;488811,990199999883771;5346941,851299999281764;8,849212803000057;48,275582956000051;1
08250522212010032500;08;2;12;000;2025;05;17;5;3;5;2;0;0;1;1;0;0;0;0;455003,522499999962747;5429277,075600000098348;8,384627706000060;49,014742757000079;1
08250507212402045720;08;2;12;000;2025;05;16;4;3;0;7;0;0;1;0;0;0;0;0;456619,458499999716878;5427330,572300000116229;8,406933972000047;48,997349454000073;1
08250513117010058410;08;4;25;031;2025;05;15;3;2;6;1;0;0;0;1;1;0;0;0;569636,083999999798834;5368638,408999999985099;9,942054778000056;48,467021551000073;1
08250520222601046040;08;2;22;000;2025;05;06;3;3;6;7;0;0;1;0;1;0;0;0;461869,044200000353158;5485259,908399999141693;8,473181898000064;49,518760871000040;1
08250518211000054600;08;3;17;116;2025;05;00;1;2;9;1;2;0;1;0;0;0;0;0;432210,917700000107288;5388414,982899999246001;8,079707419000044;48,645116694000080;1
08250524119400026540;08;1;19;079;2025;05;11;7;3;0;7;0;0;1;0;0;0;0;0;523251,178500000387430;5408965,445100000128150;9,316832421000072;48,833230259000061;1
08250511327100013840;08;3;27;025;2025;05;21;1;3;0;1;2;0;1;0;0;0;0;0;478930,840400000102818;5309195,786299999803305;8,717904628000042;47,935733234000054;1
08250520426300044160;08;4;26;045;2025;05;21;3;3;0;1;2;0;1;0;0;0;0;0;534896,516999999992549;5328159,847999999299645;9,468769266000038;48,105746198000077;1
08250507212010985480;08;2;12;000;2025;05;07;4;3;5;3;0;0;1;1;0;0;0;0;460356,211199999786913;5427260,697100000455976;8,458024348000038;48,996972183000025;1
08250526119000065480;08;1;19;044;2025;05;10;2;3;6;2;0;0;0;1;1;0;0;0;542412,388399999588728;5425086,535299999639392;9,579596718000062;48,977231220000078;1
08250523325302052480;08;3;25;053;2025;05;07;6;3;8;3;0;0;1;1;0;0;0;0;454254,943500000052154;5341578,046900000423193;8,384064939000041;48,225774977000071;1
08250516335100027180;08;3;35;043;2025;05;14;6;3;0;1;0;0;1;0;0;0;0;0;511372,079400000162423;5280114,602600000798702;9,151498901000025;47,674321891000034;1
08250519119200028080;08;1;19;020;2025;05;16;2;3;1;5;0;0;1;1;0;0;0;0;521211,396300000138581;5406960,180900000035763;9,288933979000035;48,815264384000045;1
08250507211100985910;08;2;11;000;2025;05;11;4;3;6;4;0;0;0;1;1;0;0;0;440792,202200000174344;5404099,413599999621511;8,193941610000024;48,787072683000076;1
08250507336200001050;08;3;36;069;2025;05;09;4;3;5;3;0;0;1;1;0;0;0;0;408232,901300000026822;5268332,079700000584126;7,780087651000031;47,561917555000036;1
08250523212010033190;08;2;12;000;2025;05;17;6;3;5;3;0;0;1;1;0;0;0;0;454771,003999999724329;5428519,031400000676513;8,381532442000037;49,007907092000039;1
08250511136100995480;08;1;36;021;2025;05;20;1;2;4;1;0;0;1;0;0;0;0;1;576466,597400000318885;5405966,006100000813603;10,041332181000030;48,801979186000040;1
08250510117100017620;08;1;17;037;2025;05;14;7;3;4;6;0;0;1;1;0;0;0;0;553706,476900000125170;5398334,963099999353290;9,730417493000061;48,735719379000045;1
08250513116500007320;08;1;16;071;2025;05;15;3;3;0;3;0;0;1;1;0;0;0;0;528042,039300000295043;5390907,110400000587106;9,380883862000076;48,670583092000072;1
08250511111330018330;08;1;11;000;2025;05;14;1;2;0;7;0;0;1;0;0;0;0;0;510143,058799999766052;5409187,713199999183416;9,138220889000024;48,835582256000066;1
08250515317000008150;08;3;17;009;2025;05;17;5;3;8;6;0;0;1;0;0;0;0;0;425078,667799999937415;5362618,232300000265241;7,987533050000025;48,412262128000066;1
08250513226700187640;08;2;26;065;2025;05;11;3;3;0;7;0;0;1;0;0;0;0;0;478279,244699999690056;5458026,379899999126792;8,701389917000029;49,274608949000026;1
08250507127202977700;08;1;27;014;2025;05;17;4;3;5;7;0;0;1;1;0;0;0;0;578197,843899999745190;5443633,490199999883771;10,072144903000037;49,140548759000069;1
08250514115400027450;08;1;15;045;2025;05;20;4;3;6;4;0;0;0;1;1;0;0;0;499952,621700000017881;5396223,879000000655651;8,999355862000073;48,719042903000059;1
08250519231101054620;08;2;36;040;2025;05;10;2;3;6;7;0;0;0;1;1;0;0;0;489227,165500000119209;5422571,242599999532104;8,852844141000048;48,955966536000062;1
08250511317100013300;08;3;17;118;2025;05;20;1;2;9;1;1;0;1;0;0;0;0;0;434729,988300000317395;5385380,275599999353290;8,114379418000055;48,618087288000027;1
08250523118500055600;08;1;18;078;2025;05;09;6;3;5;3;0;0;1;1;0;0;0;0;513161,522499999962747;5420750,763399999588728;9,179726125000059;48,939543897000078;1
08250511316100986490;08;3;16;043;2025;05;16;1;2;4;6;0;0;1;0;0;0;0;0;409421,441800000146031;5327171,382200000807643;7,783577816000047;48,091370520000055;1
08250520135200032250;08;1;35;019;2025;05;14;3;2;0;1;0;0;1;0;0;0;0;0;584532,975599999539554;5391381,556299999356270;10,148167701000034;48,669758858000080;1
08250510222700000580;08;2;22;000;2025;05;13;7;3;5;3;0;0;1;1;0;0;0;0;462063,166400000452995;5481257,652499999850988;8,476248133000070;49,482774936000055;1
08250517111140039480;08;1;11;000;2025;05;13;7;3;6;4;0;0;1;0;1;0;0;0;511543,938000000081956;5400890,901799999177456;9,157077584000035;48,760920511000052;1
08250512416200020380;08;4;16;041;2025;05;07;2;3;8;1;0;0;1;0;0;0;0;0;503101,542000000365078;5372821,666999999433756;9,041992463000042;48,508503742000073;1
08250508118300993220;08;1;18;046;2025;05;15;5;3;3;5;0;0;1;1;0;0;0;0;513475,819099999964237;5412085,462400000542402;9,183732016000022;48,861586456000055;1
08250513115100022020;08;1;15;013;2025;05;17;3;3;1;7;0;0;1;1;0;0;0;0;496759,224299999885261;5389783,062000000849366;8,955990138000061;48,661092247000056;1
08250522337200056290;08;3;37;126;2025;05;07;5;3;6;6;0;0;0;0;1;0;0;1;441034,412899999879301;5275099,339999999850988;8,215173124000046;47,626611320000052;1
08250513317000016220;08;3;17;089;2025;05;10;3;3;6;4;0;0;1;0;1;0;0;0;431734,692699999548495;5375738,504200000315905;8,075325987000042;48,531038831000046;1
08250514317000991930;08;3;17;146;2025;05;10;4;3;6;7;0;0;0;1;1;0;0;0;430777,768699999898672;5355341,865000000223517;8,065736655000023;48,347460219000027;1
08250514111230004320;08;1;11;000;2025;05;20;4;3;5;3;0;0;1;0;0;0;0;1;510878,618200000375509;5396747,819199999794364;9,147915247000071;48,723661362000030;1
08250510212302994720;08;2;12;000;2025;05;19;7;3;0;7;0;0;1;0;0;0;0;0;455922,118400000035763;5428722,704099999740720;8,397249901000066;49,009822441000040;1
08250507121200023980;08;1;21;000;2025;05;14;4;3;6;4;0;0;0;0;1;0;1;0;515713,199799999594688;5441087,349500000476837;9,215358258000037;49,122422198000038;1
08250509119200996270;08;1;19;020;2025;05;12;6;3;6;6;0;0;0;0;1;0;0;1;519785,934999999590218;5407999,961999999359250;9,269567246000065;48,824665077000077;1
08250514416200008000;08;4;16;023;2025;05;17;4;3;5;3;0;0;1;0;0;0;0;1;508482,910000000149012;5375004,508999999612570;9,114896289000058;48,528091726000071;1
08250524117300028620;08;1;17;026;2025;05;18;7;3;6;4;0;0;0;1;1;0;0;0;548509,372000000439584;5394838,534499999135733;9,659329894000052;48,704693731000077;1
08250509421300997530;08;4;21;000;2025;05;16;6;3;0;6;0;0;1;1;0;0;0;0;572929,332200000062585;5356905,488500000908971;9,984560017000035;48,361108282000032;1
08250515416010020040;08;4;15;014;2025;05;06;5;1;5;3;0;0;1;1;0;0;0;0;525893,571700000204146;5374787,864299999549985;9,350697488000037;48,525665889000038;1
08250511136100998130;08;1;36;088;2025;05;12;1;3;0;7;0;0;1;0;0;0;0;0;583393,246000000275671;5414724,187999999150634;10,137424087000056;48,879860444000030;1
08250517326200069880;08;3;26;074;2025;05;08;7;3;5;3;0;0;1;1;0;0;0;0;465017,143000000156462;5323423,672299999743700;8,530458929000076;48,063131264000049;1
08250515118100187160;08;1;18;079;2025;05;15;5;3;5;3;0;0;1;1;0;0;0;0;511014,616000000387430;5422424,227499999105930;9,150454582000066;48,954639778000058;1
08250508416010977990;08;4;15;061;2025;05;13;5;3;3;2;0;0;1;1;0;0;0;0;515611,305200000293553;5371918,779699999839067;9,211330421000071;48,500194682000028;1
08250513212010994870;08;2;12;000;2025;05;12;3;3;5;2;0;0;1;1;0;0;0;0;459812,701000000350177;5427106,292999999597669;8,450609576000033;48,995548145000043;1
08250522317600019970;08;3;17;085;2025;05;16;5;3;0;1;0;0;1;0;0;0;0;0;433501,150500000454485;5364942,889900000765920;8,100968013000056;48,434118538000064;1
08250520119400013380;08;1;19;079;2025;05;10;3;3;0;1;0;0;1;0;0;0;0;0;523568,639000000432134;5409750,582000000402331;9,321203382000022;48,840281170000026;1
08250516435100003310;08;4;35;016;2025;05;15;6;3;5;3;0;0;1;1;0;0;0;0;534276,996299999766052;5278499,363500000908971;9,456504928000072;47,658980286000030;1
08250520212702017670;08;2;15;110;2025;05;11;3;3;6;6;0;0;0;1;1;0;0;0;461570,638500000350177;5419061,694599999114871;8,475400281000077;48,923296480000033;1
08250507119100986150;08;1;19;008;2025;05;08;4;3;5;7;0;0;1;1;0;0;0;0;531828,003399999812245;5424574,997400000691414;9,434918310000057;48,973265721000075;1
08250508115300990930;08;1;15;028;2025;05;12;5;3;1;5;0;0;1;1;0;0;0;0;500606,795199999585748;5404989,313200000673532;9,008262687000069;48,797896413000046;1
08250518426100094010;08;4;26;021;2025;05;16;1;2;3;2;0;0;1;0;0;0;0;0;559579,554399999789894;5326698,633400000631809;9,800108996000063;48,090770195000061;1
08250516231202034940;08;2;36;072;2025;05;13;6;3;6;4;0;0;0;1;1;0;0;0;466849,619599999859929;5410302,884999999776483;8,548171534000062;48,844811707000076;1
08250509215102009980;08;2;15;109;2025;05;09;6;3;2;2;0;0;1;1;0;0;0;0;460999,856300000101328;5432908,484600000083447;8,466280313000027;49,047816108000063;1
08250521111500081130;08;1;11;000;2025;05;07;4;3;5;3;0;0;1;1;0;0;0;0;511892,683799999766052;5405322,438200000673532;9,161951130000034;48,800779711000075;1
08250507117300984920;08;1;17;026;2025;05;23;4;3;1;5;2;0;1;0;0;0;1;0;550847,183400000445545;5395645,464099999517202;9,691202022000027;48,711766193000074;1
08250509121200013700;08;1;21;000;2025;05;17;6;3;4;2;0;0;1;1;0;0;0;0;516169,383000000379980;5441596,551000000908971;9,221630870000070;49,126990814000067;1
08250519317000015800;08;3;17;141;2025;05;18;2;3;4;1;0;0;1;1;0;0;0;0;421463,357200000435114;5376509,726099999621511;7,936075680000044;48,536774395000066;1
08250520426000010800;08;4;21;000;2025;05;09;3;3;0;7;0;0;0;0;1;0;1;0;571119,142900000326335;5362551,092299999669194;9,961081515000046;48,412098795000077;1
08250517335400064020;08;3;35;098;2025;05;20;7;3;0;1;0;0;1;0;0;0;0;0;503510,838000000454485;5293606,388000000268221;9,046880312000042;47,795806082000070;1
08250507116500003510;08;1;16;042;2025;05;18;4;3;5;3;0;0;1;1;0;0;0;0;515689,561300000175834;5379716,084300000220537;9,212683377000076;48,570339497000077;1
08250523226400053980;08;2;26;062;2025;05;08;6;3;5;3;0;0;1;1;0;0;0;0;469388,022400000132620;5468475,088700000196695;8,578357500000038;49,368213191000052;1
08250515119500030440;08;1;19;085;2025;05;07;5;2;5;3;0;0;1;1;0;0;0;0;528107,598299999721348;5412601,759199999272823;9,383256633000030;48,865740419000076;1
08250523311400022490;08;3;15;108;2025;05;07;6;3;5;3;0;0;1;1;0;0;0;0;404886,564399999566376;5304375,307600000873208;7,727742450000051;47,885659647000068;1
08250515426000033320;08;4;26;087;2025;05;16;5;3;1;7;0;0;1;1;0;0;0;0;570056,680200000293553;5324391,799100000411272;9,940412480000077;48,068952563000039;1
08250512435200989690;08;4;35;059;2025;05;16;2;3;0;1;0;0;1;0;0;0;0;0;514218,383000000379980;5290299,657999999821186;9,189749643000027;47,765906399000073;1
08250507121600986260;08;1;25;102;2025;05;09;4;2;6;4;0;0;0;1;1;0;0;0;521747,792000000365078;5444115,471999999135733;9,298228101000063;49,149477116000071;1
08250517119100020080;08;1;19;008;2025;05;11;7;3;2;6;0;0;1;1;0;0;0;0;531677,314299999736249;5421335,052500000223517;9,432607137000048;48,944128786000078;1
08250510118100981290;08;1;18;047;2025;05;20;7;3;0;7;1;0;1;0;0;0;0;0;507798,749499999918044;5427636,956499999389052;9,106627395000032;49,001580516000047;1
08250526121200035390;08;1;21;000;2025;05;13;2;3;4;2;0;0;1;0;0;0;0;0;515821,234799999743700;5442743,839999999850988;9,216903920000050;49,137320136000028;1
08250520118010062760;08;1;18;047;2025;05;09;3;2;4;6;0;0;1;1;0;0;1;0;508279,775799999944866;5427509,967499999329448;9,113201563000075;49,000431909000042;1
08250523225100052430;08;2;25;058;2025;05;20;6;3;6;4;0;0;0;1;1;0;0;0;508686,007699999958277;5465027,459000000730157;9,119565495000074;49,337908622000043;1
08250507116200019310;08;1;16;080;2025;05;15;4;3;0;1;0;0;1;0;0;0;0;0;521851,588200000114739;5395851,057600000873208;9,297064308000074;48,715306042000066;1
08250521222400031540;08;2;22;000;2025;05;07;4;3;5;3;0;0;1;1;0;0;0;0;468904,031499999575317;5475826,000600000843406;8,571115857000052;49,434308200000032;1
08250524119400057960;08;1;19;090;2025;05;12;7;3;0;7;0;0;1;0;0;0;0;0;533017,748900000005960;5406396,265699999406934;9,449706226000046;48,809676354000032;1
08250518118100043490;08;1;18;079;2025;05;15;1;3;0;5;0;0;1;0;0;0;0;0;509495,622999999672174;5423037,664999999105930;9,129720205000069;48,960183249000067;1
08250514435100009920;08;4;35;013;2025;05;18;4;3;5;3;0;0;1;1;0;0;0;0;539508,696000000461936;5275624,478000000119209;9,525918756000067;47,632815516000051;1
08250507116100001540;08;1;16;019;2025;05;18;4;3;2;7;0;0;1;0;0;0;0;1;522135,882600000128150;5398093,410399999469519;9,301049508000062;48,735468046000051;1
08250516336300003110;08;3;36;081;2025;05;11;6;3;5;3;0;0;1;1;0;0;0;0;413387,494400000199676;5277644,795199999585748;7,846755791000021;47,646402909000074;1
08250520119100030000;08;1;19;087;2025;05;12;3;2;0;7;0;0;1;0;0;0;0;0;528372,789300000295043;5424411,015699999406934;9,387693804000037;48,971958959000062;1
08250514311010999330;08;3;36;050;2025;05;15;4;3;0;7;0;0;1;0;0;0;0;0;401979,787499999627471;5277090,880799999460578;7,695024748000037;47,639793066000038;1
08250518118400025800;08;1;18;048;2025;05;14;1;3;0;7;0;0;1;0;0;0;0;0;513563,735199999995530;5414880,149199999868870;9,185023361000049;48,886724891000028;1
08250514421300031020;08;4;21;000;2025;05;16;4;3;3;2;0;0;1;1;0;0;0;0;570767,320100000128150;5362322,568299999460578;9,956289236000032;48,410082767000063;1
08250514121200088080;08;1;21;000;2025;05;14;4;3;3;6;0;0;1;1;0;0;0;0;516464,356100000441074;5443373,549399999901652;9,225746556000047;49,142967678000048;1
08250526119500063270;08;1;19;068;2025;05;14;2;3;1;5;0;0;1;1;0;0;0;0;525770,861899999901652;5413678,972500000149012;9,351462961000038;48,875532154000041;1
08250518326400042710;08;3;26;074;2025;05;15;1;2;0;1;0;0;1;0;0;0;0;0;458923,736499999649823;5325315,101999999955297;8,448494861000029;48,079784503000042;1
08250516136100029520;08;1;36;088;2025;05;12;6;3;5;2;0;0;1;1;0;0;0;0;579761,516400000080466;5410014,867100000381470;10,086981808000075;48,837981719000027;1
08250507116000978100;08;4;16;041;2025;05;08;4;3;3;2;0;0;1;0;0;0;0;1;505880,370500000193715;5374883,904699999839067;9,079644684000073;48,527036511000063;1
08250508212010992470;08;2;15;017;2025;05;17;5;2;5;3;0;0;1;1;0;0;0;0;455761,089100000448525;5421651,767899999395013;8,395817254000065;48,946206789000030;1
08250518119400004990;08;1;19;085;2025;05;21;1;3;0;7;1;0;1;0;0;0;0;0;529169,699000000022352;5413493,438400000333786;9,397801960000038;48,873712567000041;1
08250515116400998590;08;1;16;033;2025;05;14;5;3;6;7;0;0;0;0;1;0;0;1;532887,005800000391901;5388609,598400000482798;9,446506596000063;48,649678589000075;1
08250513316200045110;08;3;16;056;2025;05;15;3;2;0;7;0;0;1;1;0;0;0;0;421748,286799999885261;5327018,508300000801682;7,949117711000042;48,091628345000061;1
08250514136100027720;08;1;36;088;2025;05;16;4;3;6;6;0;0;0;0;1;1;0;0;580165,945600000210106;5410262,524199999868870;10,092540731000042;48,840157112000043;1
08250522311010042550;08;3;11;000;2025;05;15;5;3;5;3;0;0;1;0;0;0;0;1;413172,847199999727309;5316758,539400000125170;7,836058618000038;47,998226552000062;1
08250516416010998410;08;4;16;025;2025;05;06;6;3;5;3;0;0;1;1;0;0;0;0;507851,538900000043213;5362433,553799999877810;9,106108675000030;48,415006221000056;1
08250512337400006560;08;3;37;126;2025;05;11;2;3;5;3;0;0;1;0;0;0;1;0;442763,479899999685585;5273711,182700000703335;8,238366149000058;47,614277209000079;1
08250517222301024100;08;2;22;000;2025;05;17;7;3;6;6;0;0;1;0;1;0;0;0;465748,708999999798834;5484150,172000000253320;8,526877687000024;49,509010981000074;1
08250507336200977510;08;3;36;105;2025;05;17;4;3;1;5;0;0;1;1;0;0;0;0;401436,940000000409782;5266347,187799999490380;7,690213611000047;47,543066049000061;1
08250522222014070990;08;2;22;000;2025;05;17;5;3;3;6;0;0;1;1;0;0;0;0;461271,443799999542534;5481844,460100000724196;8,465260711000042;49,488002952000045;1
08250508426010987460;08;4;26;128;2025;05;11;5;2;0;7;0;0;1;0;0;0;0;0;559198,641499999910593;5330531,200999999418855;9,795526079000069;48,125284047000036;1
08250514416200406640;08;4;16;023;2025;05;18;4;3;0;1;0;0;1;0;0;0;0;0;506516,373700000345707;5371088,484300000593066;9,088199527000029;48,492885205000050;1
08250524111330074390;08;1;11;000;2025;05;14;7;3;5;3;0;0;1;1;0;0;0;0;511633,414599999785423;5409256,131300000473857;9,158532043000037;48,836171596000042;1
08250516335200015470;08;3;35;063;2025;05;14;6;3;8;1;0;0;1;0;0;0;0;0;494496,219800000078976;5288785,655200000852346;8,926568987000053;47,752417414000035;1
08250522311010055080;08;3;11;000;2025;05;14;5;3;6;3;0;0;0;0;1;0;0;1;412638,639999999664724;5317830,224999999627471;7,828680721000069;48,007793910000032;1
08250524436400024500;08;4;36;082;2025;05;00;7;3;0;1;2;0;1;0;0;0;0;0;548301,301500000059605;5295715,932499999180436;9,645182533000025;47,812983212000063;1
08250510336100010530;08;3;36;050;2025;05;09;7;3;0;7;0;0;1;0;0;0;0;0;399853,628700000233948;5276383,877199999988079;7,666888121000056;47,633107915000039;1
08250510426100047930;08;4;26;128;2025;05;11;7;2;0;1;0;0;1;0;0;0;0;0;557379,985999999567866;5330031,485999999567866;9,771021582000060;48,120955082000080;1
08250512136010006780;08;1;36;021;2025;05;12;2;2;7;7;0;0;1;0;0;0;0;0;574142,264399999752641;5407452,340800000354648;10,009952801000054;48,815629634000061;1
08250512116500988420;08;1;16;071;2025;05;15;2;3;8;1;0;0;1;0;0;0;0;0;529982,302199999801815;5390128,912599999457598;9,407180606000054;48,663492347000044;1
08250509111500994200;08;1;11;000;2025;05;16;6;3;0;7;0;0;1;0;0;0;0;0;508478,567099999636412;5397696,972699999809265;9,115301642000077;48,732237239000028;1
08250506415400974420;08;4;15;061;2025;05;15;3;3;6;7;0;0;0;0;1;0;0;1;515393,002299999818206;5371074,017999999225140;9,208344131000047;48,492600300000049;1
08250512225200020540;08;2;25;014;2025;05;09;2;2;3;6;0;0;1;0;0;0;1;0;523475,491100000217557;5484274,420900000259280;9,324283759000025;49,510641500000077;1
08250507231402974320;08;2;31;000;2025;05;05;4;3;0;7;0;0;1;0;0;0;0;0;477027,974499999545515;5415318,186599999666214;8,686614813000062;48,890387998000051;1
08250516115300035610;08;1;15;028;2025;05;13;6;3;4;6;0;0;1;0;0;0;0;0;499924,360000000335276;5404948,279400000348687;8,998970023000027;48,797527568000078;1
08250523126200026840;08;1;26;066;2025;05;13;6;2;6;2;0;0;0;1;1;0;0;0;536601,616999999620020;5450125,932000000029802;9,502459442000031;49,202835461000063;1
08250520222600073610;08;2;22;000;2025;05;07;3;3;5;3;0;0;1;1;0;0;0;0;461926,622000000439584;5484987,853399999439716;8,474003604000075;49,516317512000057;1
08250521111130038370;08;1;11;000;2025;05;18;4;3;6;4;0;1;0;1;1;0;0;0;513024,654000000096858;5401283,079600000753999;9,177237904000037;48,764419299000053;1
08250510212010054210;08;2;12;000;2025;05;16;7;3;5;2;0;0;1;1;0;0;0;0;453556,243400000035763;5429851,829900000244379;8,364770170000043;49,019805444000042;1
08250520212102012350;08;2;12;000;2025;05;08;3;3;5;2;0;0;1;0;0;0;0;0;460730,023599999956787;5427121,004599999636412;8,463148057000069;48,995739509000032;1
08250521118400052100;08;1;18;048;2025;05;14;4;3;0;7;0;1;1;0;0;0;0;0;515933,420800000429153;5416778,720100000500679;9,217422148000026;48,903747501000055;1
08250518116010039300;08;1;16;019;2025;05;19;1;3;6;6;0;0;0;1;1;0;0;0;520564,489599999971688;5399686,851900000125170;9,279758277000042;48,749856356000066;1
08250516435100016390;08;4;35;016;2025;05;07;6;3;6;4;0;0;0;1;1;0;0;0;536337,554299999959767;5278489,392200000584126;9,483945863000031;47,658778103000031;1
08250523336300056840;08;3;36;081;2025;05;09;6;3;0;1;0;0;1;0;0;0;0;0;411628,221900000236928;5277916,649000000208616;7,823281215000065;47,648610633000033;1
08250518317000005140;08;3;17;065;2025;05;20;1;3;9;1;0;0;1;0;0;0;0;0;416348,138899999670684;5354500,993899999186397;7,871188961000030;48,338150303000077;1
08250506335200976060;08;3;35;063;2025;05;17;3;3;0;1;0;0;1;0;0;0;0;0;494429,207000000402331;5288781,530700000002980;8,925674961000027;47,752379728000051;1
08250525221200055150;08;2;21;000;2025;05;00;1;3;6;4;2;1;0;1;1;0;0;0;477666,779299999587238;5472777,621600000187755;8,692143464000026;49,407273609000072;1
08250523326000055060;08;3;35;043;2025;05;14;6;3;1;7;0;0;1;1;0;0;0;0;512085,058699999935925;5281444,134999999776483;9,161033985000074;47,686271631000068;1
08250515118400032000;08;1;18;048;2025;05;18;5;2;3;6;0;0;1;0;0;0;0;0;521063,253200000151992;5418009,702800000086427;9,287484842000026;48,914667775000055;1
08250511116400007970;08;1;16;033;2025;05;12;1;3;0;1;0;0;1;0;0;0;0;0;533352,409599999897182;5386879,117399999871850;9,452685846000065;48,634086693000029;1
08250515311010016200;08;3;11;000;2025;05;13;5;3;0;7;0;0;1;0;0;0;0;0;414821,735899999737740;5318592,353499999269843;7,857793624000067;48,014944238000055;1
08250508221200023680;08;2;21;000;2025;05;20;5;3;6;2;0;0;0;1;1;0;0;0;477780,356700000353158;5472940,782899999991059;8,693699939000055;49,408745378000049;1
08250516311010998460;08;3;11;000;2025;05;08;6;3;0;1;0;0;1;0;0;0;0;0;412620,076200000010431;5314739,090299999341369;7,829061214000035;47,979985643000077;1
08250512421300021230;08;4;21;000;2025;05;07;2;3;3;2;0;0;1;1;0;0;0;0;570322,058500000275671;5363836,750299999490380;9,950527108000074;48,423753121000061;1
08250506335100982220;08;3;35;043;2025;05;08;3;3;5;3;0;0;1;0;0;0;0;0;512896,473500000312924;5278960,991599999368191;9,171772737000026;47,663913472000047;1
08250516335400009950;08;3;35;098;2025;05;15;6;3;0;1;0;0;1;0;0;0;0;0;504002,739400000311434;5295826,528799999505281;9,053469179000047;47,815778904000069;1
08250524128200041930;08;1;28;115;2025;05;20;7;2;0;1;0;0;1;0;0;0;0;0;547392,093600000254810;5497321,260999999940395;9,656215020000047;49,626588947000073;1
08250515311010007500;08;3;11;000;2025;05;10;5;3;5;3;0;0;1;0;0;0;0;0;413900,691100000403821;5317137,489900000393391;7,845737456000052;48,001733786000045;1
08250525215402029970;08;2;15;009;2025;05;09;1;3;4;6;0;1;1;1;0;0;0;0;474102,958999999798834;5438995,662599999457598;8,645202920000031;49,103262202000053;1
08250514221011064710;08;2;21;000;2025;05;09;4;3;5;2;0;0;1;1;0;0;0;0;476847,646200000308454;5475072,357699999585748;8,680718276000050;49,427883741000073;1