UIDENTSTLAE;ULAND;UREGBEZ;UKREIS;UGEMEINDE;UJAHR;UMONAT;USTUNDE;UWOCHENTAG;UKATEGORIE;UART;UTYP1;ULICHTVERH;IstStrassenzustand;IstRad;IstPKW;IstFuss;IstKrad;IstGkfz;IstSonstige;LINREFX;LINREFY;XGCSWGS84;YGCSWGS84;PLST
08250506326400995980;08;3;26;074;2025;05;11;3;3;1;7;0;0;1;1;0;0;0;0;459639,181800000369549;5322256,588099999353290;8,458389015000023;48,052313730000037;1
08250509216200002890;08;2;16;008;2025;05;14;6;3;8;1;0;0;1;0;0;0;0;0;439755,155399999581277;5393333,291899999603629;8,181398779000062;48,690130689000057;1
08250521115100016890;08;1;15;003;2025;05;08;4;3;5;3;0;0;1;1;0;0;0;0;500779,296699999831617;5391800,908800000324845;9,010586684000032;48,679252987000041;1
08250523311010057760;08;3;11;000;2025;05;18;6;3;5;3;0;0;1;0;0;0;0;0;414210,584300000220537;5315383,282600000500679;7,850241717000074;47,985995686000081;1
08250507221200032830;08;2;21;000;2025;05;07;4;3;0;7;0;0;1;0;0;0;0;0;475548,485000000335276;5472614,399000000208616;8,662953991000052;49,405724022000072;1
08250521311010036150;08;3;15;098;2025;05;07;4;3;0;7;0;0;1;0;0;0;0;0;407991,980100000277162;5312678,399299999698997;7,767497881000054;47,960800525000082;1
08250509111130004830;08;1;11;000;2025;05;08;6;3;0;7;0;0;1;0;0;0;0;0;511796,962199999950826;5402535,982100000604987;9,160567630000060;48,775714818000040;1
08250523311010056010;08;3;11;000;2025;05;22;6;3;0;7;2;0;1;0;0;0;0;0;413773,928799999877810;5315255,145999999716878;7,844416578000050;47,984784329000036;1
08250523127100054400;08;1;27;059;2025;05;19;6;3;5;3;0;0;1;1;0;0;0;0;550659,422500000335276;5439000,860500000417233;9,694029927000031;49,101767909000046;1
08250515215102009610;08;2;15;109;2025;05;07;5;3;2;6;0;0;1;1;0;0;0;0;461243,100899999961257;5434334,090399999171495;8,469472536000069;49,060654985000042;1
08250507222500021190;08;2;26;009;2025;05;20;4;3;5;3;1;0;1;1;0;0;0;0;465860,760099999606609;5472405,663499999791384;8,529437893000022;49,403380166000034;1
08250525311010076310;08;3;11;000;2025;05;01;1;3;0;1;2;0;1;0;0;0;0;0;410790,833599999547005;5315332,968800000846386;7,804430466000042;47,985075256000073;1
08250523317000052670;08;3;17;065;2025;05;09;6;3;5;3;0;0;1;1;0;0;0;0;414751,088999999687076;5353991,521600000560284;7,849745697000060;48,333354197000062;1
08250512116500988410;08;1;16;022;2025;05;18;2;3;0;1;0;0;1;0;0;0;0;0;522524,294499999843538;5381904,519899999722838;9,305450571000051;48,589818585000046;1
08250518436200080570;08;4;36;064;2025;05;14;1;2;0;2;0;0;1;1;0;0;0;0;546598,830500000156462;5292237,858999999240041;9,622069620000048;47,781816624000044;1
08250506317500972240;08;3;17;151;2025;05;06;3;3;1;1;0;0;1;1;0;0;0;0;412564,405700000002980;5367258,780999999493361;7,817485150000039;48,452389829000026;1
08250509317100016580;08;3;17;001;2025;05;07;6;3;8;1;0;0;1;0;0;0;0;0;428702,458200000226498;5383795,632500000298023;8,032878374000063;48,603175626000052;1
08250519212102012280;08;2;12;000;2025;05;16;2;3;5;3;0;0;1;1;0;0;0;0;459879,956799999810755;5427117,871300000697374;8,451527826000074;48,995656668000038;1
08250515118400014360;08;1;18;048;2025;05;12;5;3;0;5;0;0;1;0;0;0;0;1;514004,944699999876320;5415708,058000000193715;9,191070256000046;48,894162728000026;1
08250516317500020730;08;3;17;096;2025;05;13;6;3;6;7;0;0;0;1;1;0;0;0;419574,908999999985099;5368019,990199999883771;7,912133221000033;48,460171874000025;1
08250510116010005310;08;1;16;049;2025;05;14;7;2;5;3;0;0;1;1;0;0;0;0;524067,622999999672174;5386758,378399999812245;9,326660758000060;48,633426868000072;1
08250524117200079250;08;1;17;025;2025;05;17;7;2;0;7;0;0;1;0;0;0;0;0;557302,090099999681115;5390336,696200000122190;9,778203990000065;48,663452598000049;1
08250510216100981020;08;2;16;043;2025;05;11;7;3;1;5;0;0;1;0;0;0;1;0;443734,879599999636412;5412598,581499999389052;8,232833426000070;48,863796601000047;1
08250510116400982270;08;1;16;033;2025;05;11;7;3;2;6;0;0;1;1;0;0;0;0;533153,096400000154972;5389108,820599999278784;9,450159167000038;48,654155474000049;1
08250523135100024020;08;1;35;031;2025;05;21;6;3;2;6;1;0;1;0;0;0;0;1;594132,520800000056624;5379134,912200000137091;10,275742783000055;48,558239555000057;1
08250506311010982420;08;3;11;000;2025;05;13;3;3;5;3;0;0;1;1;0;0;0;0;410838,985000000335276;5316474,557900000363588;7,804838529000051;47,995350842000050;1
08250513116200019880;08;1;16;077;2025;05;07;3;2;0;6;0;0;1;1;0;0;0;1;517389,495299999602139;5390653,892899999395013;9,236185625000076;48,668692653000051;1
08250522335100049900;08;3;35;043;2025;05;23;5;3;0;1;2;1;1;0;0;0;0;0;512668,457299999892712;5280041,132500000298023;9,168767049000053;47,673636730000055;1
08250524415400058180;08;4;15;060;2025;05;15;7;3;0;1;0;0;1;0;0;0;0;0;513619,379700000397861;5378785,574899999424815;9,184590261000039;48,562016815000050;1
08250509121200008760;08;1;21;000;2025;05;06;6;3;5;3;0;0;1;1;0;0;0;0;512985,861999999731779;5440380,219000000506639;9,177956007000034;49,116124959000047;1
08250516231000011650;08;2;37;028;2025;05;15;6;3;0;7;0;0;1;1;0;0;0;0;459247,031899999827147;5368996,398700000718236;8,448623012000041;48,472776995000061;1
08250509135200007430;08;1;35;010;2025;05;15;6;3;5;3;0;0;1;1;0;0;0;0;600218,495799999684095;5393971,550499999895692;10,361786036000069;48,690732059000027;1
08250509111250981580;08;1;11;000;2025;05;17;6;3;1;5;0;0;1;1;0;0;0;0;519743,710199999623001;5401168,301100000739098;9,268663623000066;48,763209889000052;1
08250522128100051660;08;1;28;007;2025;05;07;5;3;5;3;0;0;1;1;0;0;0;0;555741,060999999754131;5482291,907999999821186;9,769681332000062;49,490703093000036;1
08250514119300013330;08;1;19;090;2025;05;14;4;3;5;3;0;0;1;1;0;0;0;0;533456,203499999828637;5406166,586500000208616;9,455659120000064;48,807586794000031;1
08250506311010973980;08;3;11;000;2025;05;12;3;3;5;3;0;0;1;1;0;0;0;0;412700,270899999886751;5317426,422100000083447;7,829589064000061;48,004170004000059;1
08250506235100015510;08;2;35;085;2025;05;17;3;3;5;3;0;0;1;1;0;0;0;0;482342,656000000424683;5394047,857000000774860;8,760031456000036;48,699217351000073;1
08250512435200985790;08;4;35;059;2025;05;17;2;3;0;1;0;0;1;0;0;0;0;1;511960,667299999855459;5290594,383899999782443;9,159627828000055;47,768604057000061;1
08250514117200187850;08;1;17;033;2025;05;09;4;3;5;3;0;0;1;1;0;0;0;0;558303,354600000195205;5388151,729499999433756;9,791492824000045;48,643705507000050;1
08250514116100007880;08;1;16;019;2025;05;15;4;3;5;3;0;0;1;1;0;0;0;0;523509,208300000056624;5398332,756899999454618;9,319740191000051;48,737570873000038;1
08250516221011999460;08;2;21;000;2025;05;15;6;2;6;4;0;0;0;0;1;0;0;1;477157,650100000202656;5472849,231599999591708;8,685121266000067;49,407898832000058;1
08250509311010994030;08;3;11;000;2025;05;15;6;3;5;2;0;0;1;0;0;0;0;0;414522,750500000081956;5315639,038499999791384;7,854373614000053;47,988338110000029;1
08250526118100071170;08;1;18;079;2025;05;20;2;3;0;7;0;0;1;0;0;0;0;0;506946,005800000391901;5420787,621899999678135;9,094851435000066;48,939976484000056;1
08250525437100029690;08;4;37;086;2025;05;17;1;3;5;2;0;0;1;1;0;0;0;0;526321,661500000394881;5307061,489099999889731;9,352289559000042;47,916336410000042;1
08250523335010060940;08;3;35;075;2025;05;07;6;3;0;1;0;0;1;0;0;0;0;0;486356,632899999618530;5291024,400000000372529;8,817901357000039;47,772439699000074;1
08250518436100023630;08;4;36;010;2025;05;11;1;2;0;1;0;0;1;0;0;0;0;0;571011,942699999548495;5303787,579700000584126;9,949827785000025;47,883491710000044;1
08250516116000999510;08;4;16;031;2025;05;12;6;3;1;7;0;0;1;0;0;0;0;1;502750,907800000160933;5362359,434699999168515;9,037176355000042;48,414382324000030;1
08250519111230012140;08;1;11;000;2025;05;17;2;3;0;1;0;0;1;0;0;0;0;0;508226,127000000327826;5397676,399800000712276;9,111868258000072;48,732055549000052;1
08250506231000992100;08;2;31;000;2025;05;12;3;2;6;7;0;0;0;0;1;0;0;1;477829,295900000259280;5415463,262599999085069;8,697538433000034;48,891722241000082;1
08250519216100008080;08;2;16;002;2025;05;12;2;3;0;1;0;0;1;0;0;0;0;0;444823,793700000271201;5421669,716800000518560;8,246453408000036;48,945489181000028;1
08250506226200973970;08;2;26;032;2025;05;16;3;3;5;3;0;0;1;1;0;0;0;0;467040,539200000464916;5463107,371899999678135;8,546468793000031;49,319809227000064;1
08250523111140056160;08;1;11;000;2025;05;21;6;3;1;1;1;0;1;1;0;0;0;0;513029,642199999652803;5401277,752599999308586;9,177305614000034;48,764371273000052;1
08250510311010983240;08;3;11;000;2025;05;13;7;3;0;1;0;0;1;0;0;0;0;0;414468,270499999634922;5316854,803400000557303;7,853401299000041;47,999267110000062;1
08250511335010057080;08;3;35;043;2025;05;11;1;2;6;6;0;0;1;0;1;0;0;0;511823,184899999760091;5281523,218800000846386;9,157546661000026;47,686988044000032;1
08250524237200113720;08;2;37;054;2025;05;17;7;3;5;3;0;0;1;1;0;0;0;0;467525,373999999836087;5374673,924000000581145;8,560181329000045;48,524334851000049;1
08250524119500063540;08;1;19;085;2025;05;02;7;3;0;7;2;1;1;0;0;0;0;0;529916,041500000283122;5413806,357599999755621;9,408002835000048;48,876491896000061;1
08250506311010000790;08;3;11;000;2025;05;17;3;3;3;6;0;0;1;1;0;0;0;0;412540,290099999867380;5317941,246400000527501;7,827339714000061;48,008779128000072;1
08250514116010995990;08;1;16;019;2025;05;10;4;3;4;2;0;0;1;1;0;0;0;0;524497,580500000156462;5397715,054500000551343;9,333145731000059;48,731976014000054;1
08250523316100054300;08;3;16;011;2025;05;13;6;3;5;3;0;0;1;1;0;0;0;0;415934,841699999757111;5328563,679199999198318;7,870756779000033;48,104787189000035;1
08250526115100056800;08;1;15;003;2025;05;07;2;3;0;3;0;0;1;1;0;0;0;0;500625,270299999974668;5392929,101099999621511;9,008495954000068;48,689402505000032;1
08250512212502029370;08;2;12;000;2025;05;08;2;3;5;2;0;0;1;1;0;0;0;0;453864,520999999716878;5429550,051999999210238;8,369020651000028;49,017114072000027;1
08250514215202994420;08;2;15;100;2025;05;16;4;3;1;5;0;0;1;1;0;0;0;0;473983,421299999579787;5449703,677500000223517;8,642873564000070;49,199577943000065;1
08250515426100997040;08;4;26;021;2025;05;07;5;3;0;1;0;0;1;0;0;0;0;0;560189,388000000268221;5327256,905999999493361;9,808376486000043;48,095735185000080;1
08250509111230980410;08;1;11;000;2025;05;16;6;3;0;7;0;0;0;1;1;0;0;0;510729,810999999754131;5397513,917600000277162;9,145911878000049;48,730555774000038;1
08250517335100004540;08;3;35;043;2025;05;12;7;3;0;1;0;0;1;0;0;0;0;0;513353,677000000141561;5278177,901900000870228;9,177838434000023;47,656858204000059;1
08250512212010059750;08;2;12;000;2025;05;19;2;3;1;5;0;0;1;1;0;0;0;0;455739,597900000400841;5428386,325699999928474;8,394790814000032;49,006783619000032;1
08250506225100975300;08;2;25;058;2025;05;16;3;3;5;3;0;0;1;1;0;0;0;0;510093,305999999865890;5466245,075300000607967;9,138968161000037;49,348839482000074;1
08250523326200058530;08;3;26;074;2025;05;18;6;2;5;3;0;0;1;0;0;1;0;0;464202,259300000034273;5323276,776799999177456;8,519534226000076;48,061764465000067;1
08250519311400009760;08;3;15;076;2025;05;16;2;3;1;7;0;0;1;1;0;0;0;0;394536,434999999590218;5302898,493200000375509;7,589698790000057;47,870759021000026;1
08250521127100021100;08;1;27;076;2025;05;13;4;3;4;6;0;0;1;1;0;0;0;0;556265,068799999542534;5439409,030200000852346;9,770876765000025;49,104952028000071;1
08250519317100009050;08;3;17;056;2025;05;20;2;3;1;1;2;0;1;1;0;0;0;0;435245,883100000210106;5381999,265100000426173;8,121905892000029;48,587728098000071;1
08250508416010018880;08;4;15;061;2025;05;15;5;2;0;7;0;0;1;0;0;0;0;0;516854,619199999608099;5379073,731399999931455;9,228450425000062;48,564530493000063;1
08250521118600061990;08;1;18;076;2025;05;08;4;3;5;3;0;0;1;1;0;0;0;0;501694,448900000192225;5427648,618200000375509;9,023167202000025;49,001732362000041;1
08250506222014011840;08;2;22;000;2025;05;20;3;3;5;3;0;0;1;1;0;0;0;0;461491,848299999721348;5480502,961999999359250;8,468434412000022;49,475950909000062;1
08250512311100005150;08;3;15;115;2025;05;07;2;3;0;1;0;0;1;0;0;0;0;0;407510,065999999642372;5321789,557600000873208;7,759079630000031;48,042686631000038;1
08250509421300047810;08;4;21;000;2025;05;12;6;3;4;2;0;0;1;1;0;0;0;0;570745,300400000065565;5362070,350999999791384;9,955949196000063;48,407816471000046;1
08250517116500056240;08;1;16;049;2025;05;18;7;3;0;7;0;0;1;0;0;0;0;0;525052,032899999991059;5386183,453099999576807;9,339986792000047;48,628216151000061;1
08250507416200001870;08;4;16;041;2025;05;17;4;3;1;1;0;0;1;1;0;0;0;0;504120,628299999982119;5375703,642300000414252;9,055818572000021;48,534425178000049;1
08250509311010045440;08;3;11;000;2025;05;13;6;3;5;3;0;0;1;1;0;0;0;0;411128,149699999950826;5315115,521099999547005;7,808995122000056;47,983166215000040;1
08250506221400034070;08;2;21;000;2025;05;07;3;3;1;5;0;0;1;1;0;0;0;0;476947,895100000314415;5470527,631200000643730;8,682364570000061;49,387008461000050;1
08250507215302977480;08;2;15;059;2025;05;13;4;3;5;3;0;0;1;1;0;0;0;0;484882,219999999739230;5434869,284900000318885;8,793034912000053;49,066503093000051;1
08250516436100998520;08;4;36;055;2025;05;09;6;3;5;3;0;0;1;1;0;0;0;0;576323,778699999675155;5297749,779899999499321;10,019799838000040;47,828566099000057;1
08250523215102055750;08;2;15;102;2025;05;15;6;3;0;7;0;0;1;0;0;0;0;0;455697,402599999681115;5435787,750800000503659;8,393404750000059;49,073356778000061;1
08250510211000985680;08;2;16;015;2025;05;11;7;2;8;1;0;0;1;0;0;0;0;0;450366,945199999958277;5404497,793800000101328;8,324234210000043;48,791494091000061;1
08250506221011984730;08;2;21;000;2025;05;13;3;3;5;3;0;0;1;1;0;0;0;0;474647,148000000044703;5474007,781300000846386;8,650440981000031;49,418220340000062;1
08250515221200032580;08;2;21;000;2025;05;21;5;3;0;7;0;0;1;0;0;0;0;0;476664,535899999551475;5472496,376299999654293;8,678344599000070;49,404706245000057;1
08250508226700004050;08;2;26;041;2025;05;15;5;3;5;3;0;0;1;1;0;0;0;0;476875,730200000107288;5466966,152400000020862;8,681577208000022;49,354970591000040;1
08250510416010011930;08;4;15;059;2025;05;17;7;3;6;4;0;0;0;1;1;0;0;0;516812,443799999542534;5368806,638800000771880;9,227464882000049;48,472165769000071;1
08250520311010046920;08;3;11;000;2025;05;14;3;2;1;6;0;0;1;1;0;0;0;0;414161,107900000177324;5317490,906600000336766;7,849157198000057;48,004947921000053;1
08250512118400988030;08;1;18;048;2025;05;17;2;3;6;7;0;0;0;0;1;0;0;1;513642,997899999842048;5415487,162599999457598;9,186124846000041;48,892183687000056;1
08250506212010978190;08;2;12;000;2025;05;15;3;3;4;6;0;0;1;0;0;0;0;1;455570,536299999803305;5428365,491900000721216;8,392481510000039;49,006584069000041;1
08250513212702989610;08;2;15;110;2025;05;11;3;3;3;6;0;0;1;1;0;0;0;0;460910,333300000056624;5419852,308900000527501;8,466311066000060;48,930366975000027;1
08250512317000002710;08;3;17;057;2025;05;16;2;3;6;4;0;0;0;1;1;0;0;0;412046,580099999904633;5380880,017100000753999;7,807611714000075;48,574832970000045;1
08250510311010007280;08;3;36;091;2025;05;10;7;3;2;6;0;0;1;0;0;0;0;0;396611,945299999788404;5272045,978900000452995;7,624772252000071;47,593578170000058;1
08250515115300013400;08;1;15;041;2025;05;19;5;3;2;6;0;0;1;1;0;0;0;0;495496,735100000165403;5402529,622999999672174;8,938706338000031;48,775753160000079;1
08250517111320036800;08;1;11;000;2025;05;16;7;3;2;6;0;0;1;1;0;0;0;0;516160,169300000183284;5405443,606599999591708;9,220068893000075;48,801773429000036;1
08250510231000054100;08;2;31;000;2025;05;15;7;3;6;4;0;0;0;0;1;0;0;1;480545,086699999868870;5414728,954500000923872;8,734622846000036;48,885207852000065;1
08250520118300033350;08;1;18;081;2025;05;12;3;3;5;3;0;0;1;1;0;0;0;0;520967,090099999681115;5413113,037699999287724;9,285921069000040;48,870622243000071;1
08250507118010988720;08;1;18;007;2025;05;07;4;2;5;2;0;0;1;0;0;0;0;1;511183,445500000379980;5427175,267699999734759;9,152891355000065;48,997375310000052;1
08250507212010974490;08;2;12;000;2025;05;08;4;3;0;7;0;0;1;0;0;0;0;0;455235,862700000405312;5428773,569000000134110;8,387860534000026;49,010230575000037;1
08250526216100034090;08;2;16;043;2025;05;12;2;3;5;3;0;0;1;1;0;0;0;0;442588,409400000236928;5410403,448499999940395;8,217510783000023;48,843946307000067;1
08250511222700057110;08;2;22;000;2025;05;17;1;3;3;5;0;0;1;1;0;0;0;0;461979,451200000010431;5481101,826799999922514;8,475107403000038;49,481368126000064;1
08250526117300117030;08;1;17;026;2025;05;11;2;3;5;3;0;0;1;1;0;0;0;0;545397,259300000034273;5395362,918199999257922;9,617090990000065;48,709645138000042;1
08250507136000003900;08;1;36;065;2025;05;14;4;3;5;2;0;0;1;1;0;0;0;0;563268,502999999560416;5404930,552999999374151;9,861462730000028;48,794148879000034;1
08250508335200009540;08;3;35;063;2025;05;15;5;3;5;3;0;0;1;1;0;0;0;0;497897,000000000000000;5287943,699999999254942;8,971945997000034;47,744861914000069;1
08250519421200105050;08;4;21;000;2025;05;16;2;3;4;6;0;0;1;0;0;0;0;0;573056,919300000183284;5361381,501599999144673;9,987060394000025;48,401356395000050;1
08250514436400993570;08;4;36;067;2025;05;19;4;3;0;1;0;0;1;0;0;0;0;0;532494,859899999573827;5306167,315899999812245;9,434842118000063;47,908008301000052;1
08250521119200037510;08;1;19;020;2025;05;18;4;3;0;3;0;1;1;0;0;0;0;1;520103,931300000287592;5406556,038899999111891;9,273828876000039;48,811665624000057;1
08250524311010059840;08;3;11;000;2025;05;11;7;3;5;3;0;0;1;1;0;0;0;0;413272,462899999693036;5315465,124500000849366;7,837655054000038;47,986605361000045;1
08250506128200975560;08;1;28;139;2025;05;12;3;3;1;6;0;0;1;0;0;0;0;1;552578,577600000426173;5488330,197499999776483;9,726821530000052;49,545294247000072;1
08250524416200026370;08;4;15;061;2025;05;15;7;3;5;3;0;0;1;1;0;0;0;0;511216,326500000432134;5371361,505100000649691;9,151820833000045;48,495275082000035;1
08250511119300994270;08;1;19;001;2025;05;02;1;3;6;4;2;0;0;1;1;0;0;0;549488,310999999754131;5410195,244999999180436;9,674482460000036;48,842755795000073;1
08250510311010996210;08;3;11;000;2025;05;19;7;3;4;3;0;0;1;0;0;0;0;0;413338,013899999670684;5316493,538399999961257;7,838325769000051;47,995865189000028;1
08250517311010024330;08;3;11;000;2025;05;18;7;3;6;4;0;0;1;0;1;0;0;0;413201,457499999552965;5318655,981300000101328;7,836058058000049;48,015298531000042;1
08250515115400998180;08;1;15;045;2025;05;13;5;3;6;4;0;0;0;1;1;0;0;0;500975,768199999816716;5394598,284900000318885;9,013262341000029;48,704418185000065;1
08250507421300045770;08;4;21;000;2025;05;17;4;3;6;4;0;0;1;0;1;0;0;0;571630,628999999724329;5361775,267999999225140;9,967860105000057;48,405062118000046;1
08250521311100034260;08;3;15;132;2025;05;12;4;3;9;1;0;0;1;0;0;0;0;0;409834,586000000126660;5325442,262099999934435;7,789489875000072;48,075875599000028;1
08250513116500007380;08;1;16;049;2025;05;14;3;3;6;4;0;0;0;1;1;0;0;0;525320,488400000147521;5386148,295099999755621;9,343627847000050;48,627889056000072;1
08250518335100027580;08;3;35;043;2025;05;16;1;3;0;1;0;0;1;0;0;0;0;0;512284,208800000138581;5280668,854399999603629;9,163665839000032;47,679292173000078;1
08250509212010008070;08;2;12;000;2025;05;07;6;3;5;3;0;0;1;1;0;0;0;0;455970,088999999687076;5427005,175799999386072;8,398092059000021;48,994376499000055;1
08250506128300986220;08;1;28;131;2025;05;13;3;3;2;6;0;0;1;0;0;0;0;0;537918,467000000178814;5507961,011199999600649;9,526076171000057;49,722953983000082;1
08250517417200081120;08;4;17;002;2025;05;10;7;3;8;7;0;0;1;0;0;0;0;0;488771,813299999572337;5346456,896099999547005;8,848684200000037;48,271219236000036;1
08250521226700048570;08;2;26;098;2025;05;08;4;3;5;3;0;0;1;1;0;0;0;0;478083,063000000081956;5461025,843000000342727;8,698528451000072;49,301582240000073;1
08250522317500051240;08;3;17;096;2025;05;10;5;3;5;3;0;1;1;1;0;0;0;0;423147,513899999670684;5368187,028300000354648;7,960418762000074;48,462120982000044;1
08250518116400022730;08;1;16;033;2025;05;12;1;3;3;2;0;0;1;1;0;0;0;0;535665,105000000447035;5387498,198000000789762;9,484127772000022;48,639528215000041;1
08250507415400002930;08;4;15;061;2025;05;10;4;2;5;2;0;0;1;0;0;0;0;0;515373,216500000096858;5369805,535499999299645;9,208029654000029;48,481189056000062;1
08250507317000976650;08;2;16;017;2025;05;11;4;3;6;7;0;0;0;1;1;0;0;0;451402,698300000280142;5401381,583000000566244;8,338703559000066;48,763544448000061;1
08250506121300982590;08;1;21;000;2025;05;12;3;3;3;6;0;0;1;1;0;0;0;0;514347,438000000081956;5444255,130999999120831;9,196752597000057;49,150950897000030;1
08250521221200074520;08;2;21;000;2025;05;10;4;3;1;5;0;0;1;1;0;0;0;0;477098,986499999649823;5472832,947200000286102;8,684313548000034;49,407750151000073;1
08250512221200015940;08;2;21;000;2025;05;11;2;2;0;1;0;0;1;0;0;0;0;0;480001,456500000320375;5469742,026699999347329;8,724478618000035;49,380049953000025;1
08250521416010015150;08;4;16;041;2025;05;07;4;3;0;1;0;0;1;0;0;0;0;0;503812,282100000418723;5374870,459400000050664;9,051634054000033;48,526931523000030;1
08250508311010991880;08;3;36;081;2025;05;10;5;3;6;6;0;0;0;0;1;0;0;1;411369,893099999986589;5278139,665500000119209;7,819796975000031;47,650581523000028;1
08250515215402014110;08;2;15;009;2025;05;15;5;3;5;3;0;0;1;1;0;0;0;0;468917,978000000119209;5440788,618000000715256;8,574030983000057;49,119150014000070;1
08250506426000991730;08;4;21;000;2025;05;13;3;2;0;6;0;0;1;0;0;0;0;0;572919,292399999685585;5360829,038799999281764;9,985105263000037;48,396402801000079;1
08250606425000123180;08;4;25;033;2025;06;12;6;3;4;6;0;0;1;1;0;0;0;0;552914,344700000248849;5348278,024299999698997;9,713296756000034;48,285490947000028;1
08250619317500122610;08;3;17;096;2025;06;18;5;3;1;5;0;0;1;1;0;0;0;0;420701,222799999639392;5368278,448899999260902;7,927316472000030;48,462639667000076;1
08250610417000120230;08;4;17;013;2025;06;19;3;2;6;4;0;0;0;0;1;1;0;0;509155,153699999675155;5348486,256899999454618;9,123422777000030;48,289510204000067;1
08250606212702153290;08;2;15;017;2025;06;16;6;3;1;5;0;1;1;1;0;0;0;0;453923,311900000087917;5419665,618200000375509;8,370944329000054;48,928206841000076;1
08250617121600147390;08;1;25;046;2025;06;15;3;3;5;2;0;0;1;1;0;0;0;0;520394,776100000366569;5433895,998900000005960;9,279158277000022;49,057595836000075;1
08250603311010083980;08;3;15;073;2025;06;15;3;3;0;7;0;1;1;0;0;0;0;0;412621,225999999791384;5313185,078299999237061;7,829392643000062;47,966006920000041;1
08250620111130154520;08;1;11;000;2025;06;16;6;3;5;2;0;0;1;1;0;0;0;0;511582,187800000421703;5401684,622700000181794;9,157620387000065;48,768060075000051;1
08250612311000117820;08;3;16;055;2025;06;18;5;3;0;6;0;0;1;0;0;0;0;1;428251,235199999995530;5332698,205000000074506;8,035479799000029;48,143486749000033;1
08250606115400089640;08;1;15;045;2025;06;11;6;3;5;3;0;1;1;0;0;0;0;1;500524,393899999558926;5393926,135199999436736;9,007126547000041;48,698372012000050;1
08250611311100146950;08;3;15;072;2025;06;17;4;3;5;3;0;0;1;1;0;0;0;0;401787,809899999760091;5319712,806600000709295;7,682801823000034;48,023152003000064;1
08250612121200127850;08;1;21;000;2025;06;13;5;3;0;7;0;0;1;0;0;0;0;0;514757,826799999922514;5441462,495400000363588;9,202278146000026;49,125820454000063;1
08250611119100124860;08;1;19;008;2025;06;12;4;3;0;7;0;0;1;0;0;0;0;0;531013,108000000007451;5423145,537000000476837;9,423674425000058;48,960448562000067;1
08250605118200123780;08;1;18;019;2025;06;21;5;3;0;3;2;0;1;1;0;0;0;0;505038,902099999599159;5405015,551300000399351;9,068614664000052;48,798112324000044;1
08250601416200402480;08;4;16;041;2025;06;06;1;3;0;3;0;0;1;0;0;0;0;1;504169,668999999761581;5373194,958000000566244;9,056457794000039;48,511855826000044;1
08250604116010085890;08;1;16;019;2025;06;07;4;3;0;1;0;0;1;0;0;0;0;0;521863,010200000368059;5401076,460899999365211;9,297496849000026;48,762312872000052;1
08250610211100098210;08;2;11;000;2025;06;18;3;3;6;2;0;0;1;0;1;0;0;0;444153,846499999985099;5401033,481399999931455;8,240119229000072;48,759805028000073;1
08250605436200086760;08;4;36;064;2025;06;07;5;3;5;3;0;0;1;0;0;0;0;1;544470,652499999850988;5290528,651499999687076;9,593486177000045;47,766589231000069;1
08250614235100106560;08;2;35;047;2025;06;11;7;3;6;4;0;0;0;1;1;0;0;0;477331,532800000160933;5389875,596100000664592;8,692158523000046;48,661521773000061;1
08250608121500092050;08;1;25;103;2025;06;10;1;2;0;1;0;1;1;0;0;0;0;0;530669,992999999783933;5462473,034700000658631;9,421979685000053;49,314222772000051;1
08250601235100125820;08;2;35;050;2025;06;18;1;3;5;3;0;0;1;1;0;0;0;0;469198,212199999950826;5393623,473200000822544;8,581430132000037;48,694889118000049;1
08250601326100090540;08;3;26;027;2025;06;16;1;3;6;7;0;0;0;1;1;0;0;0;460286,116799999959767;5301694,403300000354648;8,468969259000062;47,867359181000040;1
08250614116500109380;08;1;16;049;2025;06;18;7;2;0;1;0;0;1;0;0;0;0;0;524485,986800000071526;5386117,185200000181794;9,332301075000032;48,627642421000076;1
08250615116500110230;08;1;16;049;2025;06;14;1;3;0;1;0;1;1;0;0;0;0;0;526310,707899999804795;5385800,206399999558926;9,357043895000061;48,624716764000027;1
08250616111230143880;08;1;11;000;2025;06;07;2;3;8;7;0;0;1;0;0;0;0;0;508882,911999999545515;5397866,403000000864267;9,120804045000057;48,733755804000054;1
08250616221300147170;08;2;26;012;2025;06;11;2;3;5;3;0;0;1;1;0;0;0;0;475985,134399999864399;5476772,854599999263883;8,668721040000037;49,443145893000064;1
08250614115300107590;08;1;15;028;2025;06;16;7;3;2;6;0;0;1;1;0;0;0;0;500673,187800000421703;5403551,666200000792742;9,009164394000038;48,784963354000070;1
08250611119200100920;08;1;19;020;2025;06;15;4;3;1;5;0;0;1;0;0;0;0;0;519504,671099999919534;5408082,834599999710917;9,265739240000073;48,825419479000061;1
08250617116400125430;08;1;16;079;2025;06;07;3;3;6;4;0;0;0;1;1;0;0;0;534918,677500000223517;5377671,989099999889731;9,473169727000027;48,551174334000052;1
08250601417200099630;08;4;17;054;2025;06;21;1;3;9;7;1;1;0;1;1;0;0;0;479647,737300000153482;5352903,241599999368191;8,725414574000069;48,328986981000071;1
08250616212102143700;08;2;15;101;2025;06;22;2;3;0;7;2;0;1;0;0;0;0;0;466721,485199999995530;5426450,869000000879169;8,545108063000043;48,990063441000075;1