UIDENTSTLAE;ULAND;UREGBEZ;UKREIS;UGEMEINDE;UJAHR;UMONAT;USTUNDE;UWOCHENTAG;UKATEGORIE;UART;UTYP1;ULICHTVERH;IstStrassenzustand;IstRad;IstPKW;IstFuss;IstKrad;IstGkfz;IstSonstige;LINREFX;LINREFY;XGCSWGS84;YGCSWGS84;PLST
08250611337100098830;08;3;36;069;2025;06;20;4;3;5;4;0;0;0;1;1;0;0;0;409573,252999999560416;5269003,191400000825524;7,797763487000054;47,568142911000052;1
08250617415300157780;08;4;15;019;2025;06;19;3;3;2;2;0;0;1;0;0;0;0;0;518974,804800000041723;5370580,313400000333786;9,256800905000034;48,488060816000029;1
08250531311010073250;08;3;11;000;2025;05;14;7;3;1;5;0;0;1;1;0;0;0;0;409628,852400000207126;5316256,966800000518560;7,788666818000024;47,993223672000056;1
08250614317500187410;08;3;17;047;2025;06;22;7;3;0;7;2;0;1;0;0;0;0;0;418357,190499999560416;5363473,273800000548363;7,896551160000058;48,419118101000038;1
08250614317100115960;08;3;17;001;2025;06;18;7;3;0;7;0;0;1;0;0;0;0;0;428265,027999999932945;5389811,712999999523163;8,025904580000031;48,657239667000056;1
08250616426100173470;08;4;26;021;2025;06;15;2;3;5;3;0;0;1;0;0;0;0;1;559763,676199999637902;5325979,748900000005960;9,802480745000025;48,084285749000060;1
08250606211100097450;08;2;11;000;2025;06;15;6;3;0;1;0;1;1;0;0;0;0;0;444212,609000000171363;5400173,087400000542402;8,241035318000058;48,752070873000036;1
08250601115300126230;08;1;15;041;2025;06;12;1;3;2;6;0;1;1;0;0;0;0;0;495624,411999999545515;5400927,275000000372529;8,940461183000025;48,761339389000057;1
08250617426100163010;08;4;26;128;2025;06;13;3;2;3;2;0;0;1;0;0;0;0;0;557003,921699999831617;5330177,475999999791384;9,765988358000072;48,122302224000066;1
08250612311010102020;08;3;11;000;2025;06;13;5;3;5;3;0;0;1;0;0;0;0;0;411834,940899999812245;5317541,980900000780821;7,817966541000033;48,005090712000026;1
08250613337400110240;08;3;37;126;2025;06;16;6;3;0;1;0;0;1;0;0;0;0;0;445352,826399999670684;5275768,082200000062585;8,272562380000068;47,633006821000038;1
08250531119100051030;08;1;19;008;2025;05;20;7;3;0;7;0;0;1;0;0;0;0;0;531533,907499999739230;5421712,229900000616908;9,430677930000058;48,947528993000049;1
08250610222500126440;08;2;22;000;2025;06;15;3;3;5;3;0;0;1;1;0;0;0;0;461958,248100000433624;5480138,115599999204278;8,474907380000047;49,472698705000028;1
08250604311010111810;08;3;36;069;2025;06;17;4;3;4;1;0;1;1;1;0;0;0;0;408394,587100000120699;5268950,596799999475479;7,782107551000024;47,567504472000053;1
08250617128300169250;08;1;28;131;2025;06;12;3;3;6;7;0;0;0;1;1;0;0;0;529965,024299999698997;5514380,343000000342727;9,416228371000045;49,781139316000065;1
08250614222400171630;08;2;26;105;2025;06;10;7;3;1;5;0;0;1;0;0;0;1;0;470747,779699999839067;5479727,331299999728799;8,596256542000049;49,469490952000058;1
08250609311010097180;08;3;36;091;2025;06;17;2;3;0;7;0;0;1;0;0;0;0;0;398093,618999999947846;5272286,104000000283122;7,644419377000077;47,595972731000074;1
08250618221011130510;08;2;26;036;2025;06;18;4;3;5;3;0;0;1;1;0;0;0;0;467661,752100000157952;5480954,422399999573827;8,553563721000046;49,480371634000051;1
08250603222014083700;08;2;22;000;2025;06;07;3;2;7;7;0;0;1;0;0;0;0;0;460842,166500000283122;5482822,443499999120831;8,459236901000054;49,496771821000038;1
08250614311200104810;08;3;11;000;2025;06;02;7;2;0;1;2;0;1;0;0;0;0;0;414141,672500000335276;5317463,516100000590086;7,848902164000037;48,004698924000081;1
08250611119200123540;08;1;19;020;2025;06;17;4;3;3;6;0;0;1;0;0;0;0;1;519120,876899999566376;5409263,886499999091029;9,260565421000024;48,836055907000059;1
08250530426000070320;08;4;26;019;2025;05;16;6;3;5;3;0;0;1;1;0;0;0;0;578160,025999999605119;5323522,133400000631809;10,049011602000064;48,060187759000030;1
08250604421300103230;08;4;21;000;2025;06;08;4;3;6;4;0;1;0;0;1;0;0;1;572083,607599999755621;5355758,268699999898672;9,972947769000029;48,350885805000075;1
08250605215502108110;08;2;15;107;2025;06;09;5;3;0;2;0;0;1;1;0;0;0;0;461695,832200000062585;5457489,209200000390410;8,473465751000049;49,268963127000063;1
08250609121100093480;08;1;25;026;2025;06;20;2;3;8;1;0;0;1;0;0;0;0;0;494244,611499999649823;5442920,311100000515580;8,921092741000052;49,139084334000074;1
08250618212010146120;08;2;15;017;2025;06;16;4;3;5;3;0;0;1;1;0;0;0;0;456084,875400000251830;5421124,009299999102950;8,400295923000044;48,941482565000058;1
08250531231302070230;08;2;31;000;2025;05;22;7;3;6;4;2;0;0;1;1;0;0;0;478817,642500000074506;5415970,892300000414252;8,710995347000051;48,896323285000051;1
08250607119300096420;08;1;19;076;2025;06;18;7;3;0;7;0;0;1;0;0;0;0;0;541951,504399999976158;5407031,467299999669194;9,571444474000032;48,814851393000026;1
08250613435100130540;08;4;35;030;2025;06;06;6;3;5;2;0;0;1;0;0;0;0;1;541417,282999999821186;5271251,496600000187755;9,550910269000042;47,593350865000048;1
08250530316100048190;08;3;16;011;2025;05;22;6;3;6;7;2;0;0;1;1;0;0;0;414286,011400000192225;5330221,369100000709295;7,848279517000037;48,119478674000050;1
08250603118200083900;08;1;18;019;2025;06;12;3;2;0;7;0;0;1;0;0;0;0;0;504776,464700000360608;5403559,262599999085069;9,065024129000051;48,785013714000058;1
08250618111110118690;08;1;11;000;2025;06;06;4;3;0;7;0;0;1;0;0;0;0;0;512351,914699999615550;5402934,953099999576807;9,168133002000047;48,779293161000055;1
08250604335200085270;08;3;35;063;2025;06;07;4;3;0;1;0;1;1;0;0;0;0;0;497552,260300000198185;5288017,585699999704957;8,967346757000030;47,745525491000080;1
08250617221400125310;08;2;26;018;2025;06;10;3;3;1;5;0;0;1;1;0;0;0;0;472817,082600000314415;5472143,935100000351667;8,625336637000032;49,401376423000045;1
08250618426000189100;08;4;21;000;2025;06;17;4;3;5;3;0;0;1;1;0;0;0;0;572129,648000000044703;5360394,922000000253320;9,974364582000021;48,392588640000042;1
08250602417200137470;08;4;17;002;2025;06;12;2;3;0;1;0;1;1;0;0;0;0;0;488627,745799999684095;5347360,086100000888109;8,846718390000035;48,279342414000041;1
08250603121500086160;08;1;25;113;2025;06;13;3;2;0;1;0;0;1;0;0;0;0;0;530728,970099999569356;5451131,241000000387430;9,421920410000041;49,212200829000039;1
08250602335100091380;08;3;35;043;2025;06;12;2;3;3;6;0;1;1;0;0;0;1;0;514218,442499999888241;5279600,551500000059605;9,189401236000037;47,669640305000030;1
08250605212010103490;08;2;12;000;2025;06;11;5;3;0;1;0;0;1;0;0;0;0;0;456945,358300000429153;5428649,373600000515580;8,411249355000052;49,009235066000031;1
08250606327200100940;08;3;27;011;2025;06;15;6;3;5;3;0;0;1;1;0;0;0;0;484673,806300000287592;5322262,697399999946356;8,794330032000062;48,053461160000040;1
08250611212010117350;08;2;12;000;2025;06;17;4;3;5;3;0;0;1;1;0;0;0;0;461005,593000000342727;5429646,773000000044703;8,466672546000041;49,018476807000070;1
08250612211000117460;08;2;16;052;2025;06;12;5;1;1;5;0;0;1;1;0;0;0;0;440761,894899999722838;5417015,971599999815226;8,191661181000029;48,903253784000071;1
08250613311000130610;08;3;11;000;2025;06;20;6;3;4;1;0;0;1;0;0;0;0;1;410354,922799999825656;5316985,030200000852346;7,798244732000057;47,999874961000046;1
08250611111110165470;08;1;11;000;2025;06;16;4;3;5;3;0;0;1;0;0;0;0;1;509419,407999999821186;5398860,776000000536442;9,128122888000064;48,742693308000071;1
08250614311200108250;08;3;11;000;2025;06;18;7;3;0;1;0;0;1;0;0;0;0;0;415196,199900000356138;5320759,434100000187755;7,862385091000021;48,034487749000050;1
08250615116200185700;08;1;16;080;2025;06;19;1;3;0;4;0;0;0;1;1;0;0;0;519694,738199999555945;5396824,618400000035763;9,267789564000054;48,724136018000081;1
08250609226600098320;08;2;26;096;2025;06;13;2;3;2;6;0;0;1;1;0;0;0;0;474175,609000000171363;5489643,729000000283122;8,642918164000037;49,558840812000028;1
08250530121400061700;08;1;25;086;2025;05;20;6;3;5;3;0;0;1;1;0;0;0;0;503837,137199999764562;5443443,441700000315905;9,052612735000025;49,143805076000035;1
08250614311010140060;08;3;15;108;2025;06;18;7;2;0;5;0;0;1;1;0;0;0;0;404801,334499999880791;5304146,048599999397993;7,726653239000029;47,883584793000068;1
08250618221011142420;08;2;21;000;2025;06;17;4;3;6;4;0;0;1;0;1;0;0;0;477843,812099999748170;5472948,979000000283122;8,694574208000063;49,408821414000045;1
08250619416200134100;08;4;16;041;2025;06;11;5;3;0;1;0;0;1;0;0;0;0;0;504837,631799999624491;5375216,568199999630451;9,065525535000063;48,530038173000037;1
08250530311010047510;08;3;11;000;2025;05;07;6;3;0;7;0;0;1;0;0;0;0;0;416480,552699999883771;5315702,010199999436736;7,880595962000029;47,989163251000036;1
08250618421300158530;08;4;25;020;2025;06;22;4;3;5;3;2;0;1;1;0;0;0;0;558374,564399999566376;5361809,076300000771880;9,788770924000062;48,406733421000069;1
08250605111140090210;08;1;11;000;2025;06;08;5;3;1;5;0;0;1;1;0;0;0;0;511711,422399999573827;5402853,389499999582767;9,159412399000075;48,778571809000027;1
08250610311010095960;08;3;11;000;2025;06;09;3;3;6;7;0;0;0;0;1;0;0;1;414407,202399999834597;5316662,098899999633431;7,852621259000045;47,997525486000029;1
08250530311010065350;08;3;36;091;2025;05;13;6;2;5;3;0;0;1;1;0;0;0;0;395040,182000000029802;5275063,369000000879169;7,603149037000037;47,620467464000058;1
08250617212010146100;08;2;12;000;2025;06;13;3;3;6;7;0;0;1;0;1;0;0;0;460596,126099999994040;5426325,107400000095367;8,461394838000047;48,988571699000033;1
08250612415400130670;08;4;15;061;2025;06;12;5;3;0;1;0;0;1;0;0;0;0;0;516359,830000000074506;5372447,790300000458956;9,221483867000074;48,504934788000071;1
08250601317000103520;08;3;17;065;2025;06;01;1;3;8;1;2;0;1;0;0;0;0;0;420580,701999999582767;5353470,237199999392033;7,928487461000032;48,329424818000064;1
08250610317000106660;08;3;17;153;2025;06;18;3;3;8;1;0;0;1;0;0;0;0;0;418426,327300000004470;5389534,006699999794364;7,892383207000023;48,653534714000045;1
08250613327200105040;08;3;27;046;2025;06;12;6;3;5;3;0;0;1;1;0;0;0;0;480071,697200000286102;5323980,407600000500679;8,732492558000047;48,068788243000029;1
08250610136100098440;08;1;36;050;2025;06;16;3;3;7;7;0;0;1;0;0;0;0;0;580935,063699999824166;5402440,148099999874830;10,101478578000069;48,769700862000036;1
08250617117100163030;08;1;17;049;2025;06;18;3;3;0;1;0;0;1;0;0;0;0;0;555983,590599999763072;5392504,621099999174476;9,760592967000036;48,683073379000064;1
08250618212010155250;08;2;12;000;2025;06;14;4;3;5;2;0;0;1;1;0;0;0;0;453303,528199999593198;5428901,257699999958277;8,361423290000062;49,011235937000038;1
08250610325000114270;08;3;25;053;2025;06;06;3;2;3;2;0;0;1;0;0;0;1;0;456671,019199999980628;5341781,978199999779463;8,416573578000055;48,227779282000029;1
08250530119300051270;08;1;19;084;2025;05;15;6;3;6;7;0;0;0;1;1;0;0;0;546104,212100000120699;5413700,058900000527501;9,628757914000062;48,874543224000035;1
08250607311010111510;08;3;15;064;2025;06;21;7;3;0;1;1;0;1;0;0;0;0;0;421777,261699999682605;5312885,839299999177456;7,952087387000063;47,964499604000025;1
08250531326200062910;08;3;26;074;2025;05;10;7;3;5;3;0;0;1;1;0;0;0;0;464421,533800000324845;5322657,661800000816584;8,522528659000045;48,056206691000057;1
08250618221011154290;08;2;21;000;2025;06;09;4;2;5;3;0;0;1;0;0;0;0;1;476488,862599999643862;5471117,628000000491738;8,676004758000033;49,392297851000080;1
08250605212000088880;08;2;12;000;2025;06;16;5;3;1;5;0;0;1;1;0;0;0;0;454721,535199999809265;5428524,550699999555945;8,380855424000060;49,007953111000063;1
08250530118400064220;08;1;18;051;2025;05;12;6;3;0;4;0;0;1;0;1;0;0;0;510993,546799999661744;5415384,130400000140071;9,149977035000063;48,891309507000074;1
08250618212402119160;08;2;12;000;2025;06;19;4;3;0;3;0;0;1;1;0;0;0;0;456723,644999999552965;5427326,089999999850988;8,408358729000042;48,997316448000049;1
08250605415200088150;08;4;15;085;2025;06;16;5;3;0;1;0;0;1;0;0;0;0;0;534550,026100000366569;5342029,110799999907613;9,465242166000053;48,230541665000032;1
08250604317000094030;08;3;17;065;2025;06;11;4;3;0;1;0;1;1;0;0;0;0;0;416146,421699999831617;5354775,300300000235438;7,868412897000042;48,340590919000078;1
08250613416010111760;08;4;15;050;2025;06;13;6;2;5;2;0;0;1;1;0;0;0;0;521972,161000000312924;5375821,300000000745058;9,297641961000068;48,535112453000067;1
08250607115100091200;08;1;15;003;2025;06;11;7;3;5;4;0;0;0;1;1;0;0;0;501160,738800000399351;5391264,384899999946356;9,015767038000035;48,674425760000076;1
08250530416200069070;08;4;16;025;2025;05;20;6;3;5;3;0;0;1;1;0;0;0;0;502962,187099999748170;5360667,375299999490380;9,040019682000036;48,399158677000059;1
08250618222800179200;08;2;22;000;2025;06;11;4;3;5;2;0;0;1;0;0;1;0;0;462246,639700000174344;5488386,560100000351667;8,478099187000055;49,546906892000038;1
08250605119300088010;08;1;19;067;2025;06;07;5;3;0;1;0;1;1;0;0;0;0;0;538958,690200000070035;5404890,589299999177456;9,530476441000076;48,795787923000034;1
08250615127100123530;08;1;27;025;2025;06;17;1;3;2;2;0;0;1;1;0;0;0;0;556129,641900000162423;5427512,467299999669194;9,767372731000023;48,997958074000053;1
08250609437200095840;08;4;37;104;2025;06;16;2;3;0;1;0;0;1;0;0;0;0;0;515622,362300000153482;5325994,260600000619888;9,209780779000027;48,087026912000056;1
08250530117400061650;08;1;17;026;2025;05;10;6;3;0;1;0;0;1;0;0;0;0;0;549530,421699999831617;5399278,605599999427795;9,673740124000062;48,744553813000039;1
08250604326000088740;08;3;35;081;2025;06;07;4;3;6;2;0;1;0;1;1;0;0;0;489915,982599999755621;5296275,037200000137091;8,865285943000060;47,819747758000062;1
08250530215402057630;08;2;15;103;2025;05;11;6;3;5;3;0;0;1;1;0;0;0;0;466498,021999999880791;5442704,040999999269843;8,540708233000032;49,136252363000040;1
08250530111500063910;08;1;11;000;2025;05;17;6;3;0;5;0;0;1;1;0;0;0;0;517903,912700000219047;5406097,506799999624491;9,243843462000029;48,807608031000029;1
08250617115400142610;08;1;15;045;2025;06;06;3;3;3;2;1;0;1;1;0;0;0;0;500605,138500000350177;5394265,690600000321865;9,008224369000061;48,701426609000066;1
08250602311400093890;08;3;15;074;2025;06;15;2;3;6;6;0;0;0;0;1;0;0;1;395230,896900000050664;5296227,878499999642372;7,600597387000050;47,810872201000052;1
08250606325202098520;08;3;25;049;2025;06;11;6;3;5;3;0;0;1;1;0;0;0;0;473691,387799999676645;5334099,087999999523163;8,646223630000065;48,159593051000058;1
08250616335400146420;08;3;35;079;2025;06;11;2;3;6;4;0;0;0;1;1;0;0;0;501091,733400000259280;5300028,604399999603629;9,014594135000038;47,853598384000065;1
08250614136000174690;08;1;36;020;2025;06;10;7;3;0;7;0;0;1;0;0;0;0;0;564479,356700000353158;5414927,379200000315905;9,879520693000075;48,883944037000049;1
08250606327100115810;08;3;27;025;2025;06;16;6;2;0;7;0;0;1;0;0;0;0;0;478333,508500000461936;5309079,158099999651313;8,709912914000029;47,934663987000079;1
08250608311500093750;08;3;15;037;2025;06;15;1;3;0;1;0;0;1;0;0;0;0;0;435445,124800000339746;5302633,033800000324845;8,136701338000023;47,873786918000064;1
08250611118200116270;08;1;18;080;2025;06;14;4;3;6;7;0;0;0;1;1;0;0;0;509344,715499999932945;5408171,162000000476837;9,127318610000032;48,826450034000061;1
08250610216200118640;08;2;16;007;2025;06;16;3;3;5;3;0;0;1;0;0;1;0;0;438214,610299999825656;5394486,643400000408292;8,160295786000063;48,700354604000040;1
08250529317100078360;08;3;17;068;2025;05;16;5;2;0;1;0;0;1;0;0;0;0;0;436635,306599999777973;5388267,482499999925494;8,139787397000021;48,644254118000049;1
08250603111340084370;08;1;11;000;2025;06;07;3;3;6;2;0;0;0;1;1;0;0;0;511761,626500000245869;5406292,143799999728799;9,160194218000072;48,809505567000031;1
08250619436400142640;08;4;36;096;2025;06;04;5;3;0;1;1;0;1;0;0;0;0;0;539895,805800000205636;5302903,332599999383092;9,533574842000064;47,878224638000063;1
08250531119100072840;08;1;19;008;2025;05;12;7;3;0;7;0;0;1;0;0;0;0;0;530999,170300000347197;5419118,098500000312924;9,423177610000039;48,924220594000076;1
08250616111330159160;08;1;11;000;2025;06;09;2;3;5;3;0;0;1;1;0;0;0;0;512929,758700000122190;5408526,648600000888109;9,176174621000030;48,829583645000071;1
08250531311500060820;08;3;15;113;2025;05;10;7;3;5;7;0;0;1;1;0;0;0;0;441138,281000000424683;5306660,963999999687076;8,212279278000040;47,910571385000026;1
08250609226500124970;08;2;26;055;2025;06;16;2;3;0;7;0;0;1;0;0;0;0;0;500837,790099999867380;5457106,395600000396371;9,011515829000075;49,266718790000027;1
08250530316200181590;08;3;16;056;2025;05;14;6;3;0;7;0;0;1;0;0;0;0;1;424508,143500000238419;5327583,493699999526143;7,986075187000040;48,097043685000074;1
08250611116500099310;08;1;16;049;2025;06;15;4;3;5;3;0;0;1;1;0;0;0;0;525478,553000000305474;5386015,210200000554323;9,345764744000064;48,626685400000042;1
08250603215102141210;08;2;15;105;2025;06;10;3;3;5;3;0;0;1;1;0;0;0;0;457003,125799999572337;5441670,575099999085069;8,410655602000077;49,126365257000032;1
08250613311200105110;08;3;11;000;2025;06;17;6;3;0;7;0;0;1;0;0;0;0;0;412897,565999999642372;5317316,339999999850988;7,832255946000032;48,003206698000042;1
08250611118010145360;08;1;18;048;2025;06;07;4;2;0;7;0;0;1;1;0;0;0;0;514650,605999999679625;5415354,934100000187755;9,199866332000056;48,890971189000027;1
08250531417100050090;08;4;17;013;2025;05;13;7;2;0;1;0;0;1;0;0;0;0;0;512197,853900000452995;5346754,017899999395013;9,164391966000039;48,273874421000073;1
08250529119100070030;08;1;19;053;2025;05;15;5;3;8;7;0;1;1;0;0;0;0;0;531906,613599999807775;5428577,154699999839067;9,436306710000053;49,009262549000027;1
08250617436000115060;08;4;35;030;2025;06;09;3;3;9;7;0;0;1;0;0;0;0;0;541114,971199999563396;5271187,965299999341369;9,546883315000059;47,592798488000028;1
08250529121600044410;08;1;25;102;2025;05;14;5;3;4;1;0;0;1;1;0;0;0;0;521747,865600000135601;5444578,528400000184774;9,298254114000031;49,153642425000044;1
08250618119400132380;08;1;19;079;2025;06;20;4;3;4;1;0;0;1;1;0;0;0;0;522303,358799999579787;5412533,023299999535084;9,304111430000034;48,865357986000049;1
08250606118300098070;08;1;18;003;2025;06;06;6;3;5;3;1;0;1;1;0;0;0;0;510434,424599999561906;5417019,797199999913573;9,142391147000069;48,906033220000040;1
08250529117300068940;08;1;17;019;2025;05;21;5;3;1;5;2;0;1;1;0;0;0;0;552349,870000000111759;5394819,931900000199676;9,711522785000057;48,704215871000031;1
08250531416200076010;08;4;16;041;2025;05;11;7;3;6;2;0;0;0;1;1;0;0;0;506755,914900000207126;5374736,084599999710917;9,091500788000076;48,525697855000033;1
08250613316100147480;08;3;16;043;2025;06;11;6;2;1;5;0;0;1;1;0;0;0;0;411910,488199999555945;5331055,652200000360608;7,816194648000021;48,126658835000057;1
08250609118300121250;08;1;18;051;2025;06;11;2;3;0;7;0;0;1;0;0;0;0;0;510333,548999999649823;5415189,896999999880791;9,140968278000059;48,889573588000076;1
08250609435100094500;08;4;35;035;2025;06;19;2;3;0;1;0;0;1;0;0;0;0;0;545718,424499999731779;5284582,819599999114871;9,609512717000030;47,713006756000027;1
08250531226700065300;08;2;26;098;2025;05;11;7;3;0;6;0;0;1;0;0;1;0;0;477571,836500000208616;5459656,161000000312924;8,691573424000069;49,289243360000057;1
08250529211100044910;08;2;11;000;2025;05;22;5;2;0;7;2;0;1;0;0;0;0;0;441787,104000000283122;5406977,346999999135733;8,207076933000053;48,813053811000032;1
08250602437200091790;08;4;37;104;2025;06;14;2;3;5;2;0;0;1;1;0;0;0;0;517170,942300000227988;5326707,170800000429153;9,230603985000073;48,093401103000076;1
08250610111500095250;08;1;11;000;2025;06;14;3;3;5;3;0;0;1;1;0;0;0;0;513700,396800000220537;5406221,970799999311566;9,186597934000076;48,808834579000063;1
08250531336300052950;08;3;36;107;2025;05;15;7;3;8;1;0;0;1;0;0;0;0;0;408022,331000000238419;5288363,081199999898672;7,773075149000022;47,742080166000051;1
08250528436200043140;08;4;36;064;2025;05;12;4;3;5;3;0;1;1;1;0;0;0;0;546873,303399999625981;5293684,380400000140071;9,625889697000048;47,794811038000034;1
08250605437000108290;08;4;37;100;2025;06;17;5;3;5;3;0;0;1;1;0;0;0;0;537208,542299999855459;5317385,134400000795722;9,498888415000067;48,008677858000055;1
08250610311010117200;08;3;36;050;2025;06;12;3;3;3;6;0;0;1;1;0;0;0;0;399308,199000000022352;5272605,028999999165535;7,660498171000029;47,599031347000050;1
08250611111370128920;08;1;11;000;2025;06;19;4;3;5;3;0;0;1;1;0;0;0;0;511619,307500000111759;5405852,061899999156594;9,158243374000051;48,805549318000033;1
08250619436400124260;08;4;36;083;2025;06;18;5;3;0;1;0;0;1;0;0;0;0;0;532944,595999999903142;5301321,691999999806285;9,440490443000044;47,864388792000057;1
08250530335100060890;08;3;35;043;2025;05;12;6;3;0;1;0;0;1;0;0;0;0;0;513353,276700000278652;5278183,153500000014901;9,177833264000071;47,656905465000079;1
08250605421200087600;08;4;21;000;2025;06;18;5;3;6;6;0;0;1;0;1;0;0;0;573350,277400000020862;5361283,937100000679493;9,991006244000062;48,400444715000049;1
08250602118400104950;08;1;18;048;2025;06;14;2;2;5;3;0;1;1;0;0;0;0;0;512615,620199999772012;5416411,710999999195337;9,172137451000026;48,900522452000075;1
08250602335300117290;08;3;35;026;2025;06;06;2;3;0;6;1;1;1;0;0;1;0;0;482970,264999999664724;5282237,481300000101328;8,773047456000029;47,693298466000044;1
08250604212502108170;08;2;12;000;2025;06;13;4;3;1;5;0;1;1;1;0;0;0;0;455111,210799999535084;5428113,802500000223517;8,386228998000036;49,004286861000026;1
08250619415200180350;08;4;15;053;2025;06;22;5;3;0;7;2;0;1;0;1;0;0;0;540881,021300000138581;5362065,394899999722838;9,552432882000062;48,410416862000034;1
08250616226000138330;08;2;26;095;2025;06;17;2;3;5;3;0;0;1;1;0;0;0;0;473703,740199999883771;5461815,882300000637770;8,638239184000042;49,308515770000042;1
08250530136100061880;08;1;36;088;2025;05;14;6;3;0;7;0;0;1;0;0;0;0;0;580913,079499999992549;5409651,365199999883771;10,102600413000062;48,834563291000052;1
08250615426100120710;08;4;26;019;2025;06;10;1;3;5;3;0;0;1;1;0;0;0;0;580859,828999999910593;5322997,440999999642372;10,085140731000024;48,055131398000071;1
08250609135200094050;08;1;35;010;2025;06;17;2;2;0;1;0;0;1;0;0;0;0;0;602709,484199999831617;5397559,391799999400973;10,396516352000049;48,722593956000026;1
08250603221011141030;08;2;21;000;2025;06;10;3;2;6;5;0;0;0;1;1;0;0;0;477384,514700000174344;5472796,696399999782443;8,688251507000075;49,407434759000068;1
08250605317000102800;08;3;17;153;2025;06;15;5;3;5;3;0;0;1;1;0;0;0;0;421717,436099999584258;5392659,783999999985099;7,936470540000073;48,682070782000039;1
08250603231102091430;08;2;36;019;2025;06;21;3;3;1;5;0;0;1;0;0;0;0;1;488031,594499999657273;5409303,303500000387430;8,836901576000059;48,836589582000045;1
08250610212010097430;08;2;12;000;2025;06;18;3;3;5;3;0;0;1;1;0;0;0;0;456118,148900000378489;5428523,254000000655651;8,399951957000042;49,008042337000063;1
08250530311010072010;08;3;11;000;2025;05;13;6;3;5;3;0;0;1;1;0;0;0;0;405131,729000000283122;5318292,492000000551343;7,727952346000052;48,010881754000081;1
08250612436100101350;08;4;36;055;2025;06;10;5;3;5;3;0;0;1;1;0;0;0;0;575374,345599999651313;5297914,663000000640750;10,007144730000050;47,830161379000060;1
08250610222600143040;08;2;22;000;2025;06;16;3;3;6;7;0;0;0;1;1;0;0;0;461628,431400000117719;5483754,748400000855327;8,470004032000077;49,505207632000065;1
08250606415200116000;08;4;15;053;2025;06;15;6;3;0;4;0;0;0;1;1;0;0;0;536209,494599999859929;5361849,890699999406934;9,489289619000033;48,408763894000060;1
08250528311010041770;08;3;11;000;2025;05;09;4;3;0;1;0;0;1;0;0;0;0;0;414484,613699999637902;5315272,890699999406934;7,853935510000042;47,985039364000045;1
08250529216100047980;08;2;16;009;2025;05;18;5;3;0;1;0;0;1;0;0;0;0;0;446538,248999999836087;5420397,415999999269843;8,270032779000076;48,934195438000074;1
08250530136200067300;08;1;36;019;2025;05;14;6;3;0;1;0;0;1;0;0;0;0;0;583352,256299999542534;5423025,058800000697374;10,138560836000067;48,954523745000074;1
08250619417100148420;08;4;17;079;2025;06;13;5;2;0;1;0;0;1;0;0;0;0;0;497629,034099999815226;5344072,063100000843406;8,968061172000034;48,249858540000048;1
08250530237100070950;08;2;37;028;2025;05;08;6;3;0;7;0;0;0;1;1;0;0;0;457579,904600000008941;5366864,071100000292063;8,426284601000020;48,453484299000081;1
08250616126200139310;08;1;26;066;2025;06;12;2;3;5;3;0;0;1;1;0;0;0;0;536524,221800000406802;5449009,776799999177456;9,501295542000037;49,192800305000048;1
08250613119500119980;08;1;19;085;2025;06;17;6;3;0;7;0;0;1;0;0;0;0;0;531684,847699999809265;5412330,797299999743700;9,432011293000073;48,863130521000073;1
08250606335100091370;08;3;35;043;2025;06;14;6;3;5;3;0;0;1;0;0;0;0;1;513515,078499999828637;5279578,178600000217557;9,180031212000074;47,669454085000041;1
08250619117300122190;08;1;17;026;2025;06;14;5;3;1;1;0;0;1;1;0;0;0;0;545151,906000000424683;5395190,155999999493361;9,613737170000036;48,708108859000049;1
08250612212010102260;08;2;12;000;2025;06;10;5;3;1;7;0;0;1;1;0;0;0;0;454738,849600000306964;5427909,918899999931455;8,381160683000076;49,002425717000051;1
08250611226700110430;08;2;26;095;2025;06;10;4;3;5;3;0;0;1;0;0;0;0;0;473946,022099999710917;5461652,667999999597669;8,641582867000068;49,307058050000080;1
08250602118200084520;08;1;18;080;2025;06;13;2;3;0;7;0;1;1;0;0;0;0;0;506538,455099999904633;5410924,335699999704957;9,089128244000051;48,851253079000060;1
08250609116010125530;08;1;16;020;2025;06;21;2;2;6;1;1;0;0;1;1;0;0;0;525604,660899999551475;5382015,565600000321865;9,347229323000022;48,590699187000041;1
08250602317500082530;08;3;17;096;2025;06;16;2;3;3;2;0;1;1;1;0;0;0;0;420331,662499999627471;5368390,716299999505281;7,922296926000058;48,463602799000057;1
08250528226000072900;08;2;26;041;2025;05;14;4;3;1;6;0;1;0;1;1;0;0;0;477721,905299999751151;5466325,818399999290705;8,693264734000024;49,349242337000078;1
08250619222301167510;08;2;22;000;2025;06;20;5;3;3;6;0;0;1;1;0;0;0;0;466386,757399999536574;5485275,155500000342727;8,535595118000060;49,519165368000074;1
08250531111330072730;08;1;11;000;2025;05;17;7;3;1;5;0;0;1;1;0;0;0;0;516737,118900000117719;5408618,973099999129772;9,228055253000036;48,830323231000079;1
08250604222014144220;08;2;22;000;2025;06;10;4;3;6;2;0;1;0;1;1;0;0;0;462237,964300000108778;5481553,036699999123812;8,478633058000071;49,485442666000040;1
08250603436000102460;08;4;35;029;2025;06;13;3;3;5;3;0;0;1;0;0;0;0;1;545090,978000000119209;5271261,835999999195337;9,599774185000058;47,593198808000068;1