UIDENTSTLAE;ULAND;UREGBEZ;UKREIS;UGEMEINDE;UJAHR;UMONAT;USTUNDE;UWOCHENTAG;UKATEGORIE;UART;UTYP1;ULICHTVERH;IstStrassenzustand;IstRad;IstPKW;IstFuss;IstKrad;IstGkfz;IstSonstige;LINREFX;LINREFY;XGCSWGS84;YGCSWGS84;PLST
08250614335100137730;08;3;35;043;2025;06;12;7;3;5;3;0;0;1;0;0;1;0;0;513458,065799999982119;5279847,578700000420213;9,179280064000068;47,671879245000071;1
08250603118100103390;08;1;18;079;2025;06;16;3;3;5;3;0;0;1;1;0;0;0;0;510823,066599999554455;5421962,140300000086427;9,147825833000070;48,950486382000065;1
08250609335200124380;08;3;35;063;2025;06;16;2;3;9;1;0;0;1;0;0;0;0;0;498354,218700000084937;5286814,736899999901652;8,978049560000045;47,734705288000043;1
08250604117300105580;08;1;17;026;2025;06;14;4;3;4;6;0;0;1;0;0;0;0;0;547288,851400000043213;5394133,502199999988079;9,642661171000043;48,698445334000041;1
08250610127202113210;08;1;27;046;2025;06;15;3;3;5;3;0;0;1;1;0;0;0;0;571297,302299999631941;5449538,924799999222159;9,978595292000023;49,194502179000040;1
08250618436000123220;08;4;35;057;2025;06;17;4;3;0;1;0;0;1;0;0;0;0;0;543415,505400000140071;5278191,028599999845028;9,578176281000026;47,655657333000079;1
08250531435100059950;08;4;35;042;2025;05;17;7;3;0;1;0;0;1;0;0;0;0;0;554733,686800000257790;5277116,287100000306964;9,728757813000072;47,645129350000047;1
08250601417300082630;08;4;17;013;2025;06;12;1;3;0;1;0;0;1;0;0;0;0;0;512294,230999999679625;5346868,856000000610948;9,165694187000042;48,274905723000074;1
08250529317200065100;08;3;17;057;2025;05;19;5;3;4;6;0;0;1;1;0;0;0;0;414633,353900000452995;5380603,649700000882149;7,842729887000075;48,572704975000079;1
08250528212302057660;08;2;12;000;2025;05;18;4;3;5;3;0;1;1;1;0;0;0;0;455021,900500000454485;5429577,890599999576807;8,384845686000062;49,017449950000071;1
08250607111320099600;08;1;11;000;2025;06;10;7;3;0;5;0;0;1;1;0;0;0;0;516429,498499999754131;5405301,766300000250340;9,223730909000039;48,800490393000075;1
08250530222014046480;08;2;22;000;2025;05;09;6;3;6;4;0;0;0;1;1;0;0;0;464356,649299999698997;5479337,285299999639392;8,508083462000059;49,465641137000034;1
08250609235200105930;08;2;35;032;2025;06;16;2;3;6;6;0;0;0;1;1;0;0;0;474162,014100000262260;5374875,251900000497699;8,650049924000029;48,526454335000039;1
08250606226600098340;08;2;26;096;2025;06;23;6;2;1;5;2;1;1;1;0;0;0;0;475894,587299999780953;5487611,598500000312924;8,666810913000063;49,540633500000069;1
08250605118300108830;08;1;18;046;2025;06;12;5;2;0;7;0;0;1;0;0;0;1;0;514028,802099999971688;5412739,117900000885129;9,191293863000055;48,867454336000037;1
08250529226400078300;08;2;26;037;2025;05;14;5;3;2;6;0;0;1;1;0;0;0;0;465670,132100000046194;5468485,599700000137091;8,527148942000053;49,368109623000066;1
08250616119500140900;08;1;19;085;2025;06;20;2;3;5;3;0;0;1;1;0;0;0;0;529287,293999999761581;5413085,911000000312924;9,399376442000062;48,870041071000060;1
08250530326400069550;08;3;26;074;2025;05;00;6;3;0;7;2;0;1;0;0;0;0;0;459072,557099999859929;5323048,630599999800324;8,450709921000055;48,059403394000071;1
08250528121500040820;08;1;25;065;2025;05;12;4;3;5;3;0;1;1;1;0;0;0;0;516868,134499999694526;5450044,708499999716878;9,231562537000059;49,202965613000060;1
08250612335200111920;08;3;35;061;2025;06;14;5;3;0;1;0;0;1;0;0;0;0;0;493502,923399999737740;5278310,487099999561906;8,913472638000030;47,658156366000071;1
08250612119300102720;08;1;19;076;2025;06;19;5;3;0;7;0;0;1;0;0;0;0;0;542543,723500000312924;5406605,623900000005960;9,579466838000030;48,810980471000050;1
08250604417000085620;08;4;17;002;2025;06;16;4;3;0;1;0;0;1;0;0;0;0;0;488610,522800000384450;5347108,787599999457598;8,846493023000050;48,277081243000055;1
08250603118100084000;08;1;18;071;2025;06;12;3;3;6;6;0;0;0;0;1;0;0;1;509168,252899999730289;5418689,008199999108911;9,125150152000060;48,921069031000059;1
08250529435200064190;08;4;35;059;2025;05;17;5;2;5;2;0;0;1;1;0;0;0;0;510342,933000000193715;5290879,484300000593066;9,138044301000036;47,771197250000057;1
08250528121200041560;08;1;21;000;2025;05;20;4;3;1;7;1;1;1;1;0;0;0;0;517120,486499999649823;5443430,038499999791384;9,234745233000069;49,143457877000060;1
08250619111330121550;08;1;11;000;2025;06;10;5;3;5;3;0;0;1;1;0;0;0;0;516776,290699999779463;5410255,888199999928474;9,228656005000062;48,845047533000070;1
08250606135100090650;08;1;35;016;2025;06;16;6;3;8;6;0;0;1;1;0;0;0;0;592108,179999999701977;5386357,802600000053644;10,249915993000059;48,623503762000041;1
08250602115200092490;08;1;15;015;2025;06;13;2;3;6;6;0;0;0;0;1;0;0;1;492631,959800000302494;5387667,699500000104308;8,899979434000045;48,642027082000027;1
08250619416200156020;08;4;16;041;2025;06;18;5;3;2;6;0;0;1;0;0;0;0;0;505000,651600000448525;5370453,962200000882149;9,067676554000059;48,487190675000079;1
08250601237100097470;08;2;37;002;2025;06;19;1;3;5;3;0;0;1;1;0;0;0;0;456148,345399999991059;5354894,697799999266863;8,408174750000057;48,345708748000050;1
08250528121100067760;08;1;25;006;2025;05;16;4;3;6;7;0;0;0;1;1;0;0;0;507425,202999999746680;5453934,726999999955297;9,102004115000057;49,238144470000066;1
08250610212302120840;08;2;12;000;2025;06;07;3;3;0;1;0;0;1;0;0;0;0;0;455629,407999999821186;5428754,583900000900030;8,393243935000044;49,010088225000061;1
08250611311010112840;08;3;11;000;2025;06;11;4;3;2;6;0;0;1;1;0;0;0;0;413715,555499999783933;5315793,502399999648333;7,843526243000042;47,989619173000051;1
08250611111500127330;08;1;11;000;2025;06;18;4;3;2;2;0;0;1;1;0;0;0;0;508548,945199999958277;5406785,595100000500679;9,116447654000069;48,813997105000055;1
08250528116010057880;08;1;16;033;2025;05;17;4;3;3;6;0;0;1;0;0;0;0;1;533089,626899999566376;5388275,189600000157952;9,449230771000032;48,646659587000045;1
08250528311010056620;08;3;11;000;2025;05;07;4;3;6;7;0;0;0;1;1;0;0;0;411991,936400000005960;5318885,551599999889731;7,819795157000044;48,017198115000042;1
08250618222500126970;08;2;22;000;2025;06;17;4;3;0;7;0;0;1;0;0;0;0;0;461604,955500000156462;5478969,009199999272823;8,470144500000060;49,462160939000057;1
08250606327100089980;08;3;27;050;2025;06;16;6;3;0;1;0;1;1;0;0;0;0;0;485775,677299999631941;5314487,122400000691414;8,809374573000071;47,983528986000067;1
08250610335300111200;08;3;35;075;2025;06;13;3;3;5;2;0;0;1;1;0;0;0;0;489404,773799999617040;5288905,657199999317527;8,858636543000046;47,753433575000031;1
08250607212010153350;08;2;15;109;2025;06;12;7;2;6;4;0;0;0;0;1;0;0;1;460600,023000000044703;5432587,778999999165535;8,460840010000027;49,044905881000034;1
08250531335100076480;08;3;35;002;2025;05;17;7;3;0;1;0;0;1;0;0;0;0;0;505424,614299999549985;5284732,958200000226498;9,072324279000043;47,715953544000058;1
08250608311400093080;08;3;15;074;2025;06;14;1;3;5;3;0;0;1;1;0;0;0;0;397570,581199999898672;5295427,935499999672174;7,632028263000052;47,804053446000069;1
08250615136010110670;08;1;36;020;2025;06;14;1;2;4;6;0;0;1;1;0;0;0;0;563133,273500000126660;5418168,107599999755621;9,861662775000070;48,913232175000076;1
08250609216200106080;08;3;17;001;2025;06;17;2;3;2;2;0;0;1;1;0;0;0;0;431303,371600000187755;5386573,773900000378489;8,067693674000054;48,628455940000038;1
08250530118200047220;08;1;18;011;2025;05;12;6;3;1;2;0;0;1;1;0;0;0;0;505263,585500000044703;5408011,902200000360608;9,071712603000037;48,825065350000045;1
08250604216300085440;08;2;16;015;2025;06;12;4;3;5;3;0;1;1;1;0;0;0;0;450207,706600000150502;5406313,917099999263883;8,321846095000069;48,807817934000070;1
08250529215102048070;08;2;15;102;2025;05;14;5;2;0;1;0;0;1;0;0;0;0;0;456827,693300000391901;5435766,268400000408292;8,408882213000027;49,073243835000028;1
08250617437200119490;08;4;37;104;2025;06;13;3;3;5;3;0;0;1;0;0;1;0;0;516276,299300000071526;5326096,746799999848008;9,218565842000032;48,087932613000078;1
08250530436200048200;08;4;36;039;2025;05;01;6;3;0;7;2;0;1;0;0;0;0;0;549245,319899999536574;5289317,501000000163913;9,657065483000054;47,755345386000045;1
08250612118600102870;08;1;18;012;2025;06;16;5;3;5;3;0;0;1;1;0;0;0;0;495430,704800000414252;5415876,751599999144673;8,937658797000040;48,895821694000063;1
08250530317000063380;08;3;17;089;2025;05;12;6;2;7;7;0;0;1;0;1;0;0;0;427633,227900000289083;5377336,441999999806285;8,019501091000052;48,544952733000059;1
08250619116500122550;08;1;16;049;2025;06;14;5;2;0;7;0;0;1;0;0;0;0;0;524602,851999999955297;5386129,722999999299645;9,333887777000029;48,627750625000033;1
08250614421200132260;08;4;21;000;2025;06;02;7;2;8;1;2;0;1;0;0;0;0;0;572914,027400000020862;5360769,789100000634789;9,985023857000044;48,395870445000071;1
08250605119100147670;08;1;19;053;2025;06;07;5;3;6;4;0;0;0;1;1;0;0;0;533976,774500000290573;5425467,306399999186397;9,464354075000074;48,981177933000026;1
08250606212702089380;08;2;12;000;2025;06;07;6;3;6;3;0;1;1;0;1;0;0;0;456681,190399999730289;5424899,146700000390410;8,408037010000044;48,975482734000082;1
08250606118010097410;08;1;15;028;2025;06;13;6;1;6;2;0;0;0;1;1;0;0;0;500682,751600000075996;5404542,381400000303984;9,009296236000068;48,793875765000053;1
08250609436000096200;08;4;37;124;2025;06;17;2;3;3;6;0;0;1;0;0;0;0;1;513171,733000000007451;5301210,158999999985099;9,176113406000070;47,864095177000081;1
08250528119400073520;08;1;19;079;2025;05;19;4;3;6;2;0;1;0;1;1;0;0;0;522541,214700000360608;5407525,040899999439716;9,307079057000067;48,820298911000066;1
08250604221200093420;08;2;21;000;2025;06;07;4;3;0;7;0;1;1;0;0;0;0;0;476697,297799999825656;5471816,760900000110269;8,678836051000076;49,398594464000041;1
08250527435200039800;08;4;35;034;2025;05;16;3;3;6;2;0;0;0;1;1;0;0;0;529121,712299999780953;5285186,749500000849366;9,388294389000066;47,719402471000080;1
08250616116200151440;08;1;16;078;2025;06;10;2;3;6;4;0;0;0;1;1;0;0;0;510499,171199999749660;5394209,560599999502301;9,142691385000035;48,700833593000027;1
08250610115400186980;08;1;15;045;2025;06;15;3;3;5;3;0;0;1;1;0;0;0;0;500707,396800000220537;5394623,701600000262260;9,009614763000059;48,704647198000032;1
08250528128300066300;08;1;28;039;2025;05;14;4;3;0;7;0;0;1;0;0;0;0;0;523366,251500000245869;5511657,404699999839067;9,324406572000044;49,756941456000050;1
08250616416010141760;08;4;16;036;2025;06;17;2;2;5;3;0;0;1;1;0;0;0;0;495284,593100000172853;5368648,482999999076128;8,936204186000055;48,470950016000074;1
08250612119400130470;08;1;19;091;2025;06;18;5;3;5;3;0;0;1;1;0;0;0;0;526769,674200000241399;5406668,228000000119209;9,364626350000037;48,812423427000056;1
08250527416010077550;08;4;15;061;2025;05;17;3;1;9;1;0;0;1;0;0;0;0;0;517084,535799999721348;5373330,239399999380112;9,231331183000066;48,512854281000045;1
08250612226300128630;08;2;26;029;2025;06;19;5;3;2;6;0;0;1;0;0;0;0;0;485251,170900000259280;5481280,106300000101328;8,796374604000050;49,483983372000068;1
08250606215402108430;08;2;15;009;2025;06;08;6;3;5;2;0;0;1;1;0;0;0;0;469360,451600000262260;5440852,798800000920892;8,580089894000025;49,119749546000037;1
08250527415400041970;08;4;15;061;2025;05;12;3;3;5;2;0;0;1;1;0;0;0;0;515120,188500000163913;5371688,682199999690056;9,204673880000030;48,498136659000068;1
08250619135010152490;08;1;35;031;2025;06;10;5;3;0;3;0;0;1;0;0;0;0;0;595409,991700000129640;5378075,310300000011921;10,292808448000073;48,548516361000054;1
08250529121200048000;08;1;21;000;2025;05;08;5;2;6;4;0;0;1;0;1;0;0;0;516368,016999999992549;5442185,111999999731779;9,224377379000032;49,132279864000054;1
08250527311400065470;08;3;15;074;2025;05;07;3;3;5;3;0;0;1;1;0;0;0;0;396307,373599999584258;5296654,944199999794364;7,614869370000065;47,814887953000039;1
08250610118100162620;08;1;18;007;2025;06;08;3;3;5;3;0;0;1;1;0;0;0;0;509711,331799999810755;5426768,931099999696016;9,132756111000049;48,993744982000067;1
08250611337400123400;08;3;37;096;2025;06;12;4;3;6;4;0;0;0;1;1;0;0;0;419110,058600000105798;5267169,206900000572205;7,924869947000047;47,552902680000045;1
08250611121500098540;08;1;25;069;2025;06;22;4;3;9;1;2;0;1;0;0;0;0;0;519893,222199999727309;5456439,277899999171495;9,273407154000040;49,260395013000050;1
08250610136010099900;08;1;36;065;2025;06;17;3;2;6;4;0;0;0;0;1;0;0;1;554867,468899999745190;5407029,941800000146031;9,747365912000021;48,813831330000028;1
08250604435200147550;08;4;35;059;2025;06;15;4;2;0;1;0;0;1;0;0;0;0;0;514142,955900000408292;5289158,485500000417233;9,188705911000056;47,755640342000049;1
08250613435200115030;08;4;35;018;2025;06;20;6;3;0;1;0;0;1;0;0;0;0;0;524652,847799999639392;5279815,270700000226498;9,328406277000056;47,671258630000068;1
08250528415400067790;08;4;15;061;2025;05;16;4;3;5;3;0;0;1;1;0;0;0;0;516451,679399999789894;5370236,376000000163913;9,222640216000059;48,485037751000050;1
08250613226400134460;08;2;26;062;2025;06;14;6;3;0;7;0;0;1;0;0;0;0;0;470198,251099999994040;5469135,766000000759959;8,589467618000072;49,374196017000031;1
08250613415400131150;08;4;15;061;2025;06;18;6;3;2;6;0;0;1;0;0;0;0;1;515761,075000000186265;5370981,635600000619888;9,213322469000047;48,491760071000044;1
08250529226700047920;08;2;26;098;2025;05;13;5;3;3;6;0;0;1;0;0;0;0;0;476374,417500000447035;5459915,793099999427795;8,675091736000070;49,291533632000039;1
08250619435100122340;08;4;35;024;2025;06;13;5;3;0;1;0;0;1;0;0;0;0;0;526693,058299999684095;5278720,000299999490380;9,355516949000048;47,661322885000061;1
08250618111500119300;08;1;11;000;2025;06;19;4;3;6;4;0;0;0;1;1;0;0;0;515304,343000000342727;5404899,707599999383092;9,208394079000072;48,796902245000069;1
08250528421200044550;08;4;21;000;2025;05;07;4;3;6;6;0;1;1;0;1;0;0;0;573177,070600000210106;5360912,796800000593066;9,988601785000071;48,397126356000058;1
08250610115300096840;08;1;15;028;2025;06;13;3;3;6;4;0;0;1;0;1;0;0;0;501685,060999999754131;5403992,053999999538064;9,022941263000064;48,788923142000044;1
08250617212302130600;08;2;12;000;2025;06;16;3;3;6;4;0;0;0;0;1;0;0;1;455990,929100000299513;5428585,639000000432134;8,398205669000049;49,008594438000046;1
08250527317000060690;08;3;17;040;2025;05;11;3;1;5;3;0;0;1;1;0;0;0;0;431833,356300000101328;5347659,175899999216199;8,081223212000054;48,278465137000069;1
08250617311010145710;08;3;11;000;2025;06;13;3;3;5;3;0;0;1;1;0;0;0;0;414329,723000000230968;5319388,074999999254942;7,851038250000045;48,022036248000063;1
08250618311010145900;08;3;36;050;2025;06;07;4;2;4;2;0;0;1;0;0;0;0;0;399785,904000000096858;5276420,735799999907613;7,665978407000068;47,633428992000063;1
08250603111322094560;08;1;11;000;2025;06;13;3;3;6;7;0;0;0;1;1;0;0;0;516379,041000000201166;5405322,903000000864267;9,223044646000062;48,800681868000026;1
08250530226200078670;08;2;26;032;2025;05;14;6;3;4;6;0;0;1;0;0;0;0;1;467520,214599999599159;5462302,269899999722838;8,553134566000040;49,312593169000081;1
08250531335100060900;08;3;35;002;2025;05;20;7;3;0;1;0;0;1;0;0;0;0;0;506085,014499999582767;5284173,679700000211596;9,081121320000022;47,710915476000025;1
08250528117400055900;08;1;17;051;2025;05;15;4;3;8;1;0;0;1;0;0;0;0;0;542966,669599999673665;5395138,208699999377131;9,584030110000072;48,707795949000058;1
08250528231000073940;08;2;36;062;2025;05;07;4;3;4;2;0;0;1;1;0;0;0;0;485217,762900000438094;5407838,936799999326468;8,798609351000039;48,823355769000045;1
08250527325202073060;08;3;25;049;2025;05;07;3;3;6;7;0;0;0;0;1;0;0;1;471963,427400000393391;5335617,715399999171495;8,622887813000034;48,173181870000064;1
08250612136100103780;08;1;36;088;2025;06;08;5;3;0;7;0;0;1;0;0;0;0;0;581331,413200000301003;5412451,892899999395013;10,108855995000056;48,859697057000062;1
08250527231000070450;08;2;31;000;2025;05;17;3;3;6;7;0;0;0;0;1;0;0;1;477950,344399999827147;5415458,235999999567866;8,699190073000068;48,891681343000073;1
08250605221300089340;08;2;21;000;2025;06;15;5;3;5;3;0;0;1;0;0;1;0;0;476047,115699999965727;5474136,678500000387430;8,669735271000036;49,419436484000073;1
08250617435100128160;08;4;35;016;2025;06;11;3;3;0;7;0;0;1;0;0;0;0;0;537218,113099999725819;5278557,259999999776483;9,495678533000046;47,659338672000047;1
08250527212010071190;08;2;12;000;2025;05;07;3;3;5;3;0;0;1;0;0;0;1;0;459442,081500000320375;5424438,859099999070168;8,445809303000033;48,971529752000038;1
08250604215000085450;08;2;12;000;2025;06;07;4;3;2;2;0;1;1;0;0;0;0;0;454942,900700000114739;5428504,881699999794364;8,383884409000075;49,007792388000041;1
08250527212010036230;08;2;15;009;2025;05;05;3;3;5;2;0;0;1;1;0;0;0;0;470157,529000000096858;5441361,191800000146031;8,590975809000042;49,124361854000028;1
08250616311100146980;08;3;15;133;2025;06;19;2;2;4;6;0;0;1;1;0;0;0;0;398626,474100000225008;5327231,200999999418855;7,638633066000068;48,090282757000068;1
08250530222200078720;08;2;22;000;2025;05;10;6;3;6;3;0;0;0;1;1;0;0;0;461878,910600000061095;5482281,649700000882149;8,473605686000042;49,491973707000056;1
08250528221400077950;08;2;26;018;2025;05;13;4;2;0;7;0;1;1;0;0;0;0;0;473738,188599999994040;5471165,929800000041723;8,638096655000027;49,392619886000034;1
08250531336300052940;08;3;36;107;2025;05;15;7;2;8;1;0;0;1;0;0;0;0;0;408022,331000000238419;5288363,081199999898672;7,773075149000022;47,742080166000051;1
08250529111250047710;08;1;11;000;2025;05;14;5;3;0;1;0;0;1;0;0;0;0;0;518810,802799999713898;5402721,867300000041723;9,256040219000056;48,777214488000027;1
08250607416010110610;08;4;15;050;2025;06;11;7;3;6;4;0;0;0;1;1;0;0;0;520466,991700000129640;5376454,158399999141693;9,277283803000046;48,540856703000031;1
08250601136100097910;08;1;36;088;2025;06;13;1;2;0;7;0;0;1;0;0;0;0;0;581981,262799999676645;5415289,963300000876188;10,118282976000046;48,885137413000052;1
08250530436000048980;08;4;37;088;2025;05;15;6;3;0;1;0;0;1;0;0;0;0;0;516669,060800000093877;5307601,533500000834465;9,223121187000061;47,921518967000054;1
08250618416200133850;08;4;16;041;2025;06;16;4;2;0;1;0;0;1;0;0;0;0;0;503854,794900000095367;5374463,441899999976158;9,052206089000038;48,523269588000062;1
08250604119500109350;08;1;19;085;2025;06;14;4;3;5;3;0;0;1;0;0;0;0;1;529319,920900000259280;5413841,402300000190735;9,399875508000036;48,876835623000034;1
08250614117100121020;08;1;17;049;2025;06;12;7;3;5;3;0;0;1;1;0;0;0;0;554580,641099999658763;5392319,356899999082088;9,741509721000057;48,681531117000077;1
08250612335200167990;08;3;35;063;2025;06;13;5;3;8;7;0;0;0;0;1;0;0;1;497611,381000000052154;5287320,849500000476837;8,968139261000033;47,739256764000061;1
08250606118010125850;08;1;15;013;2025;06;13;6;2;6;7;0;0;1;0;1;0;0;0;495908,946000000461936;5389729,604800000786781;8,944443859000046;48,660606348000044;1
08250527415100038300;08;4;15;014;2025;05;19;3;3;0;1;0;0;1;0;0;0;0;0;526409,233400000259280;5374185,912599999457598;9,357643242000051;48,520229130000075;1
08250609136100107570;08;1;36;050;2025;06;15;2;3;5;2;0;0;1;0;0;0;0;0;581016,230399999767542;5403610,917500000447035;10,102813644000037;48,780220553000049;1
08250615111500109940;08;1;11;000;2025;06;09;1;3;5;3;0;0;1;1;0;0;0;0;518257,602400000207126;5403945,812699999660254;9,248564861000034;48,788241426000070;1
08250527136100065570;08;1;36;088;2025;05;16;3;3;5;3;0;0;1;1;0;0;0;0;580925,248999999836087;5412921,710000000894070;10,103412407000064;48,863975786000026;1
08250602215102137330;08;2;15;109;2025;06;08;2;3;1;5;0;0;1;1;0;0;0;0;461415,531200000084937;5432885,868699999526143;8,471970753000051;49,047638840000047;1
08250527421300056750;08;4;21;000;2025;05;15;3;3;0;1;0;0;1;0;0;0;0;0;572694,625799999572337;5356571,783800000324845;9,981334258000061;48,358133581000061;1
08250615231000113870;08;2;31;000;2025;06;13;1;3;0;7;0;1;1;0;0;0;0;0;476836,783999999985099;5413009,029200000688434;8,684137452000073;48,869608468000081;1
08250611111210142670;08;1;11;000;2025;06;19;4;3;0;3;0;0;1;0;0;0;0;0;507720,210500000044703;5398543,743799999356270;9,105004490000056;48,739864663000048;1
08250620119400158810;08;1;19;091;2025;06;17;6;3;6;4;0;0;0;1;1;0;0;0;526712,788300000131130;5406933,884600000455976;9,363868825000054;48,814815650000071;1
08250605215402098300;08;2;15;009;2025;06;16;5;3;6;4;0;0;0;1;1;0;0;0;470157,434899999760091;5441063,514499999582767;8,590996541000038;49,121684184000060;1
08250531119400064210;08;1;19;079;2025;05;09;7;3;6;4;0;0;1;0;1;0;0;0;523118,550499999895692;5408684,458200000226498;9,315009346000068;48,830707525000037;1
08250604222800167730;08;2;22;000;2025;06;08;4;3;6;4;0;0;0;0;1;0;0;1;461929,053700000047684;5488363,864900000393391;8,473711279000042;49,546682879000059;1
08250613316100119230;08;3;16;012;2025;06;12;6;2;0;1;0;0;1;0;0;0;0;0;403232,900000000372529;5332756,729000000283122;7,699222765000059;48,140699272000063;1
08250527128100063660;08;1;28;007;2025;05;12;3;3;5;3;0;0;1;1;0;0;0;0;555442,117700000293553;5482527,057299999520183;9,765586850000034;49,492845425000041;1
08250612118400150200;08;1;18;048;2025;06;16;5;3;0;7;0;0;1;0;0;0;0;0;514592,114599999971688;5414643,379899999126792;9,199042980000058;48,884571614000038;1
08250604212502087830;08;2;12;000;2025;06;16;4;3;0;1;0;1;1;0;0;0;0;0;453203,852500000037253;5429174,084100000560284;8,360028853000074;49,013682469000059;1
08250612111230104010;08;1;11;000;2025;06;06;5;3;2;6;0;0;1;1;0;0;0;0;512386,133600000292063;5406397,135500000789762;9,168703182000058;48,810437925000031;1
08250604215402095680;08;2;15;009;2025;06;12;4;2;6;6;0;1;0;1;1;0;0;0;468173,460199999623001;5442923,726900000125170;8,563659410000071;49,138317551000057;1
08250613417300187900;08;4;17;051;2025;06;18;6;3;0;1;0;0;1;0;0;0;0;0;490239,165900000371039;5362058,288499999791384;8,868097182000042;48,411603455000034;1
08250604119300124280;08;1;19;067;2025;06;19;4;3;5;3;0;0;1;1;0;0;0;0;538156,048000000417233;5405930,495999999344349;9,519644458000073;48,805192243000079;1
08250613119400117530;08;1;19;091;2025;06;20;6;3;0;7;0;0;1;0;0;0;0;0;526843,202999999746680;5403449,961999999359250;9,365417510000043;48,783469538000077;1
08250531327200051690;08;3;27;049;2025;05;12;7;3;8;7;0;0;1;0;0;0;0;0;472564,732300000265241;5324788,394899999722838;8,631672853000055;48,075778834000062;1
08250618212010153970;08;2;12;000;2025;06;09;4;3;3;6;0;0;1;1;0;0;0;0;455763,143899999558926;5428755,157400000840425;8,395072569000035;49,010102986000049;1
08250617426100132120;08;4;26;021;2025;06;18;3;3;8;1;0;0;1;0;0;0;0;0;558398,526100000366569;5327778,210799999535084;9,784397940000076;48,100591611000027;1
08250527121200051910;08;1;21;000;2025;05;08;3;3;0;1;0;0;1;0;0;0;0;0;515904,247999999672174;5444569,471999999135733;9,218114062000041;49,153740142000061;1
08250612437200132040;08;4;37;104;2025;06;15;5;2;0;1;0;0;1;0;0;0;0;0;516341,958399999886751;5326064,321599999442697;9,219446295000068;48,087639204000027;1
08250603226500104090;08;2;26;106;2025;06;09;3;3;0;7;0;0;1;0;0;0;0;0;498786,021599999628961;5464117,820100000128150;8,983291975000043;49,329786968000064;1
08250617226500127480;08;2;26;106;2025;06;17;3;2;5;3;0;0;1;1;0;0;0;0;498490,633600000292063;5463663,922900000587106;8,979228258000035;49,325703456000042;1
08250605311010124620;08;3;15;047;2025;06;17;5;3;3;6;0;0;1;1;0;0;0;0;415128,819899999536574;5321450,249500000849366;7,861344461000044;48,040692922000062;1
08250606212010118380;08;2;12;000;2025;06;08;6;2;5;3;0;1;1;1;0;0;0;0;452230,545400000177324;5427378,190099999308586;8,346930359000055;48,997453773000075;1
08250619311200147400;08;3;11;000;2025;06;03;5;3;0;1;2;0;1;0;0;0;0;0;413065,402900000102818;5316555,451500000432134;7,834659751000061;47,996385109000073;1
08250616436200171310;08;4;36;064;2025;06;23;2;3;0;1;2;0;1;0;0;0;0;0;545825,048299999907613;5291768,368799999356270;9,611691101000076;47,777648126000031;1
08250614231302122050;08;2;31;000;2025;06;14;7;3;6;7;0;0;0;1;1;0;0;0;478375,838399999774992;5415271,612900000065565;8,705004622000047;48,890017539000041;1
08250603316200141070;08;3;16;009;2025;06;14;3;3;0;1;0;0;1;0;0;0;0;0;422395,946299999952316;5327110,654100000858307;7,957797212000060;48,092536453000037;1
08250603212010097570;08;2;12;000;2025;06;09;3;2;6;7;0;0;1;0;1;0;0;0;456115,580199999734759;5427040,892300000414252;8,400077014000033;48,994708132000028;1
08250612417300113760;08;4;17;051;2025;06;11;5;3;1;1;0;0;1;0;0;0;0;0;491663,761599999852479;5358753,261099999770522;8,887414007000075;48,381890082000041;1
08250530311000050310;08;3;16;010;2025;05;11;6;2;5;3;0;0;1;0;0;0;0;1;433197,307099999859929;5338462,584799999371171;8,101055277000057;48,195880727000031;1
08250614119300137600;08;1;19;061;2025;06;18;7;3;6;3;0;0;0;1;1;0;0;0;538753,650100000202656;5414734,041899999603629;9,528615645000059;48,884347364000064;1
08250527119300068610;08;1;19;086;2025;05;14;3;3;2;6;0;0;1;1;0;0;0;0;535147,112900000065565;5405749,976099999621511;9,478652092000061;48,803745800000058;1
08250528212010076350;08;2;12;000;2025;05;17;4;3;6;4;0;1;0;0;1;0;0;1;455751,420400000177324;5428614,037200000137091;8,394927645000053;49,008832755000071;1
08250609121500124450;08;1;25;068;2025;06;13;2;3;8;6;0;0;1;0;0;0;0;0;518817,667999999597669;5458741,471000000834465;9,258733461000077;49,281137506000050;1
08250528435100055890;08;4;35;016;2025;05;12;4;3;4;1;0;1;1;1;0;0;0;0;535723,741000000387430;5277948,523000000044703;9,475727146000054;47,653945866000072;1
08250619119200139860;08;1;19;020;2025;06;14;5;3;0;3;0;0;1;1;0;0;0;0;522189,208999999798834;5406897,826999999582767;9,302249829000061;48,814669308000077;1
08250527222601062720;08;2;22;000;2025;05;10;3;3;5;2;0;0;1;0;0;0;0;0;461654,105000000447035;5483491,353000000119209;8,470384197000044;49,502840161000051;1
08250530335100077820;08;3;35;043;2025;05;13;6;3;0;1;0;0;1;0;0;0;0;0;513353,276700000278652;5278183,153500000014901;9,177833264000071;47,656905465000079;1
08250608222201123150;08;2;22;000;2025;06;22;1;3;6;7;2;0;1;0;1;0;0;0;461473,299999999813735;5482037,071000000461936;8,468028913000069;49,489748233000057;1
08250527317500054430;08;3;17;096;2025;05;17;3;3;5;7;0;0;1;1;0;0;0;0;420051,262400000356138;5372244,916600000113249;7,917767252000033;48,498235080000029;1
08250606136000090810;08;1;36;042;2025;06;16;6;3;0;6;0;1;1;1;0;0;0;0;547298,001000000163913;5404199,749299999326468;9,643941321000057;48,788995068000077;1