UIDENTSTLAE;ULAND;UREGBEZ;UKREIS;UGEMEINDE;UJAHR;UMONAT;USTUNDE;UWOCHENTAG;UKATEGORIE;UART;UTYP1;ULICHTVERH;IstStrassenzustand;IstRad;IstPKW;IstFuss;IstKrad;IstGkfz;IstSonstige;LINREFX;LINREFY;XGCSWGS84;YGCSWGS84;PLST
08250528311010067700;08;3;11;000;2025;05;12;4;3;5;3;0;1;1;1;0;0;0;0;413821,446999999694526;5315923,767999999225140;7,844919061000041;47,990805240000043;1
08250609211100095790;08;2;11;000;2025;06;16;2;3;0;1;0;0;1;0;0;0;0;0;441316,319199999794364;5406967,082900000736117;8,200666449000039;48,812917200000072;1
08250612136100145240;08;1;36;088;2025;06;10;5;3;5;3;0;0;1;0;0;0;0;1;579820,352800000458956;5410042,844200000166893;10,087788922000072;48,838225790000081;1
08250602111120082860;08;1;11;000;2025;06;07;2;3;6;4;0;0;0;1;1;0;0;0;511910,736800000071526;5403760,507899999618530;9,162151682000058;48,786728391000054;1
08250601317600082940;08;3;17;146;2025;06;12;1;3;8;1;0;0;1;0;0;0;0;0;431569,919200000353158;5355399,305299999192357;8,076417188000050;48,348063250000052;1
08250604119300088810;08;1;19;067;2025;06;12;4;3;5;3;0;0;1;1;0;0;0;0;538180,247999999672174;5405930,146999999880791;9,519973989000050;48,805187617000058;1
08250527118600071840;08;1;18;050;2025;05;19;3;2;0;7;0;0;1;0;0;0;0;0;505804,032499999739230;5415753,858699999749660;9,079185587000040;48,894705841000075;1
08250611116400125440;08;1;16;033;2025;06;14;4;3;0;1;0;0;1;0;0;0;0;0;532611,761300000362098;5387154,428999999538064;9,442655152000043;48,636602445000051;1
08250612417100127110;08;4;17;079;2025;06;10;5;3;5;3;0;0;0;1;1;0;0;0;499881,260300000198185;5339952,979499999433756;8,998401635000050;48,212804296000058;1
08250602116100084380;08;1;16;019;2025;06;18;2;2;6;4;0;1;0;1;1;0;0;0;523583,761800000444055;5398120,978900000452995;9,320742029000030;48,735662924000053;1
08250610136200135460;08;1;36;089;2025;06;11;3;2;0;7;0;0;1;0;0;0;0;0;583806,517799999564886;5418503,214500000700355;10,143834962000028;48,913793218000080;1
08250618222200148100;08;2;22;000;2025;06;07;4;3;5;2;0;0;1;1;0;0;0;0;461425,303700000047684;5482097,016100000590086;8,467360367000026;49,490284358000054;1
08250530135100164430;08;1;35;027;2025;05;15;6;3;0;3;0;0;1;1;0;0;0;0;590896,551099999807775;5376752,905899999663234;10,231377679000047;48,537292731000036;1
08250614211000127410;08;2;11;000;2025;06;15;7;2;0;1;0;0;1;1;0;0;0;0;443868,911000000312924;5401683,446000000461936;8,236153903000059;48,765625954000029;1
08250527118300068190;08;1;18;081;2025;05;19;3;3;6;7;0;0;0;0;1;0;0;1;520766,526600000448525;5415106,518400000408292;9,283287341000062;48,888561737000032;1
08250617212010117370;08;2;12;000;2025;06;08;3;3;6;4;0;0;0;1;1;0;0;0;451695,051699999719858;5428983,661499999463558;8,339418988000034;49,011853338000037;1
08250614231000135340;08;2;31;000;2025;06;12;7;3;6;2;0;0;0;1;1;0;0;0;477668,068099999800324;5415384,091499999165535;8,695343259000026;48,891004255000041;1
08250531212402079300;08;2;12;000;2025;05;18;7;3;6;4;0;0;0;0;1;0;0;1;457425,235100000165403;5428114,192600000649691;8,417867194000053;49,004454332000080;1
08250603311010091720;08;3;11;000;2025;06;11;3;2;1;5;0;0;1;0;0;0;0;1;415059,591000000014901;5317642,073000000789762;7,861170755000046;48,006427759000076;1
08250611119300101530;08;1;19;086;2025;06;17;4;3;5;3;0;0;1;1;0;0;0;0;535629,574900000356138;5404785,129100000485778;9,485138562000031;48,795038944000055;1
08250527116400066780;08;1;16;053;2025;05;16;3;3;4;7;0;0;1;0;0;0;0;0;538311,111100000329316;5388050,702199999243021;9,520094982000046;48,644341873000030;1
08250527436300065630;08;4;36;081;2025;05;16;3;3;5;3;0;0;1;0;0;0;0;0;561631,126899999566376;5281969,415899999439716;9,821270041000048;47,688171855000064;1
08250602226700083310;08;2;26;098;2025;06;12;2;3;5;3;0;0;1;1;0;0;0;0;478060,427600000053644;5460405,001700000837445;8,698251197000047;49,295996945000070;1
08250614316100164320;08;3;16;038;2025;06;20;7;3;6;4;1;0;0;1;1;0;0;0;397415,252700000070035;5333191,974300000816584;7,620937871000024;48,143702492000045;1
08250602335100092140;08;3;35;043;2025;06;08;2;3;0;1;0;1;1;0;0;0;0;0;513017,232699999585748;5278603,939600000157952;9,173370527000031;47,660698414000080;1
08250604226000085480;08;2;26;041;2025;06;07;4;3;8;6;0;1;1;1;0;0;0;0;477657,723199999891222;5466151,177400000393391;8,692390852000074;49,347669103000044;1
08250613311010133340;08;3;11;000;2025;06;09;6;3;6;4;0;0;0;1;1;0;0;0;409886,962899999693036;5316876,874299999326468;7,791995556000074;47,998836286000028;1
08250615335010131480;08;3;35;075;2025;06;01;1;2;5;3;2;0;1;1;0;0;0;0;487691,678000000305474;5290069,958100000396371;8,835747226000024;47,763878980000072;1
08250609216200113470;08;2;16;007;2025;06;19;2;3;0;1;0;0;1;0;0;0;0;0;435768,564100000075996;5396658,222200000658631;8,126718379000067;48,719640946000027;1
08250619222200180270;08;2;22;000;2025;06;13;5;2;5;3;0;0;1;1;0;0;0;0;461644,736100000329316;5482177,959200000390410;8,470382300000040;49,491026308000073;1
08250612226700129900;08;2;26;098;2025;06;13;5;3;5;3;0;0;1;1;0;0;0;0;476612,070600000210106;5459379,152499999850988;8,678391381000040;49,286715681000032;1
08250604215102087500;08;2;12;000;2025;06;15;4;3;5;3;0;0;1;1;0;0;0;0;454116,551199999637902;5432552,604199999943376;8,372127591000037;49,044140910000067;1
08250615335100111110;08;3;35;066;2025;06;17;1;3;0;1;0;1;1;0;0;0;0;0;504610,330699999816716;5282885,183900000527501;9,061448214000052;47,699334260000057;1
08250527111500065160;08;1;11;000;2025;05;13;3;3;5;7;0;0;1;0;0;0;0;0;508659,694899999536574;5407781,560100000351667;9,117977229000076;48,822955154000056;1
08250528226300068880;08;2;26;056;2025;05;07;4;3;0;7;0;1;1;0;0;0;0;0;485670,902900000102818;5471209,076700000092387;8,802533529000073;49,393405762000043;1
08250527111500063220;08;1;11;000;2025;05;19;3;3;4;6;0;0;1;1;0;0;0;0;510544,466199999675155;5409277,970699999481440;9,143693229000064;48,836387510000066;1
08250531216300077810;08;2;16;017;2025;05;16;7;3;5;3;0;0;1;1;0;0;0;0;451538,959999999962747;5402372,317199999466538;8,340440926000042;48,772467107000068;1
08250609226700167850;08;2;26;076;2025;06;18;2;3;0;7;0;0;1;0;0;0;0;0;475291,711000000126660;5464458,414899999275804;8,659921036000071;49,332351554000070;1
08250527111370073090;08;1;11;000;2025;05;17;3;3;0;7;0;0;1;0;0;0;0;0;511295,548600000329316;5406168,672700000926852;9,153842829000041;48,808403482000074;1
08250614215402107210;08;2;15;009;2025;06;11;7;3;1;5;0;0;1;1;0;0;0;0;470944,815499999560416;5441449,668400000780821;8,601759794000031;49,125195442000063;1
08250527116100077450;08;1;16;019;2025;05;07;3;3;3;1;0;0;1;0;0;0;0;0;526154,291799999773502;5397092,190500000491738;9,355635606000021;48,726305475000061;1
08250618111310188550;08;1;11;000;2025;06;11;4;2;0;1;0;0;1;0;0;0;0;0;514674,968799999915063;5407625,841299999505281;9,199921629000073;48,821441340000035;1
08250530111230069000;08;1;11;000;2025;05;19;6;3;7;7;0;0;0;0;1;1;0;0;507584,386400000192225;5396955,980100000277162;9,103127899000071;48,725582776000067;1
08250530119400072080;08;1;19;090;2025;05;17;6;3;4;6;0;0;1;1;0;0;0;0;532087,403199999593198;5405888,251099999994040;9,436995471000046;48,805155166000077;1
08250601415300133830;08;4;15;019;2025;06;14;1;3;0;1;0;0;1;0;0;0;0;0;519080,451299999840558;5370623,683100000023842;9,258232667000073;48,488447786000052;1
08250605231000111790;08;2;31;000;2025;06;16;5;3;5;2;0;0;1;1;0;0;0;0;477025,040099999867380;5415272,667400000616908;8,686577341000032;48,889978414000041;1
08250612215102101370;08;2;15;102;2025;06;22;5;3;1;5;2;0;1;1;0;0;0;0;456368,304700000211596;5437650,408999999985099;8,402389271000061;49,090159295000035;1
08250527111000060520;08;1;11;000;2025;05;14;3;3;6;4;0;0;0;0;1;0;0;1;513326,285899999551475;5403222,157700000330806;9,181405287000075;48,781856719000075;1
08250531136000052180;08;1;36;065;2025;05;17;7;2;0;7;0;0;1;0;0;0;0;0;558137,716300000436604;5405397,135600000619888;9,791675354000063;48,798846752000031;1
08250618136200134680;08;1;36;019;2025;06;16;4;2;7;7;0;0;1;0;0;0;0;0;581917,179999999701977;5422469,799000000581145;10,118850483000074;48,949721550000049;1
08250616421200128730;08;4;21;000;2025;06;18;2;2;1;5;0;0;1;1;0;0;0;0;573354,896399999968708;5361460,437200000509620;9,991099484000074;48,402031832000034;1
08250610436300103400;08;4;36;081;2025;06;01;3;3;0;1;2;0;1;0;0;0;0;0;560413,808400000445545;5282980,209000000730157;9,805190227000026;47,697380689000056;1
08250617222700147260;08;2;22;000;2025;06;10;3;3;0;7;0;0;0;0;1;0;0;1;461456,913599999621511;5482009,707000000402331;8,467805331000022;49,489501068000038;1
08250612216100101090;08;2;16;043;2025;06;10;5;3;5;3;0;0;1;1;0;0;0;0;441406,868700000457466;5411982,439300000667572;8,201182711000058;48,858038875000034;1
08250611118400126530;08;1;18;048;2025;06;09;4;3;0;7;0;0;1;0;0;0;0;0;513557,576299999840558;5414885,766400000080466;9,184939534000023;48,886775556000032;1
08250601416200082910;08;4;16;041;2025;06;15;1;3;5;3;0;0;1;1;0;0;0;0;504785,538599999621511;5373621,383799999952316;9,064801626000076;48,515687720000074;1
08250531337400069320;08;3;37;051;2025;05;11;7;3;6;7;0;0;0;1;1;0;0;0;437468,232599999755621;5287024,998500000685453;8,166004321000059;47,733568838000053;1
08250602121200083420;08;1;21;000;2025;06;15;2;3;0;3;0;1;1;1;0;0;0;0;515420,055999999865890;5443339,209000000730157;9,211426710000069;49,142685881000034;1
08250606117100114880;08;1;17;019;2025;06;14;6;3;6;2;0;0;0;1;1;0;0;0;551545,681900000199676;5393691,142000000923872;9,700452474000031;48,694128916000068;1
08250529436400044520;08;4;36;012;2025;05;12;5;3;0;1;0;0;1;0;0;0;0;0;549058,208700000308454;5298531,426799999549985;9,655611121000049;47,838256589000025;1
08250604118600107900;08;1;18;068;2025;06;17;4;3;6;4;0;0;0;1;1;0;0;0;500940,839100000448525;5423094,532600000500679;9,012853001000053;48,960767030000056;1
08250613436100169810;08;4;36;010;2025;06;18;6;3;2;6;0;0;1;1;0;0;0;0;565298,392799999564886;5305048,073499999940395;9,873605879000024;47,895438208000030;1
08250612212502100950;08;2;12;000;2025;06;11;5;3;0;1;0;0;1;0;0;0;0;0;450971,436200000345707;5428593,291699999943376;8,329571238000028;49,008284895000031;1
08250610111500109700;08;1;11;000;2025;06;08;3;3;6;6;0;0;0;0;1;0;0;1;513029,708700000308454;5402734,887099999934435;9,177352679000023;48,777479556000060;1
08250620117200156110;08;1;17;024;2025;06;19;6;3;0;7;0;0;1;0;0;0;0;0;561300,582000000402331;5386114,887599999085069;9,831875805000038;48,625096861000031;1
08250528118100072990;08;1;18;047;2025;05;23;4;3;0;7;2;1;1;0;0;0;0;0;508412,478000000119209;5427530,645999999716878;9,115016300000036;49,000616130000026;1
08250616135200158850;08;1;35;019;2025;06;20;2;3;6;1;1;0;0;0;1;1;0;0;585281,231599999591708;5393803,817199999466538;10,158828436000022;48,691443607000053;1
08250614215502120800;08;2;15;105;2025;06;17;7;2;1;5;0;0;1;0;0;0;0;1;456757,473500000312924;5441817,099899999797344;8,407273003000057;49,127666002000069;1
08250609311400103440;08;3;15;007;2025;06;10;2;3;6;7;0;0;0;1;1;0;0;0;401253,173100000247359;5295201,972599999979138;7,681247982000059;47,802596389000030;1
08250526421300062590;08;4;21;000;2025;05;10;2;3;3;2;0;0;1;1;0;0;0;0;571387,619699999690056;5360775,020500000566244;9,964406984000050;48,396092182000075;1
08250604435200103530;08;4;35;059;2025;06;20;4;3;0;1;0;0;1;0;0;0;0;0;512254,618999999947846;5290643,438999999314547;9,163552293000066;47,769039908000082;1
08250615311010111040;08;3;15;089;2025;06;14;1;3;4;6;0;1;1;0;0;0;0;0;406936,756500000134110;5309990,205299999564886;7,753947438000068;47,936467316000062;1
08250616121100114210;08;1;25;006;2025;06;18;2;3;5;3;0;0;1;1;0;0;0;0;508011,137199999764562;5453830,716099999845028;9,110051323000050;49,237201481000056;1
08250616115100143490;08;1;15;003;2025;06;21;2;3;5;3;1;0;1;1;0;0;0;0;500657,692699999548495;5392964,437999999150634;9,008936555000048;48,689720366000074;1
08250526421200050800;08;4;25;022;2025;05;06;2;3;0;1;1;1;1;0;0;0;0;0;578606,344999999739230;5376732,391000000759959;10,064910407000070;48,538768489000063;1
08250609121600093230;08;1;25;110;2025;06;13;2;3;0;7;0;0;1;0;0;0;0;0;530300,455400000326335;5443474,588199999183416;9,415460043000053;49,143349806000060;1
08250601212702081870;08;2;15;017;2025;06;19;1;3;8;7;1;0;1;0;0;0;0;0;455704,268799999728799;5421921,093000000342727;8,395012001000055;48,948625354000058;1
08250613119200132990;08;1;19;020;2025;06;21;6;2;1;5;1;0;1;1;0;0;0;0;519894,964200000278652;5407232,028599999845028;9,271015415000022;48,817753422000067;1
08250530311010062920;08;3;11;000;2025;05;15;6;3;1;6;0;0;1;1;0;0;0;0;414106,266999999992549;5318051,642999999225140;7,848309795000034;48,009984577000068;1
08250616222500129270;08;2;22;000;2025;06;13;2;3;5;3;0;0;1;1;0;0;0;0;462437,319000000134110;5477925,160900000482798;8,481729719000043;49,452824060000069;1
08250614118010125880;08;1;18;001;2025;06;11;7;2;5;2;0;0;1;1;0;0;0;0;523367,227400000207126;5418593,764200000092387;9,318963931000042;48,919839091000028;1
08250618317500174040;08;3;17;096;2025;06;22;4;3;0;7;2;0;1;0;0;0;0;0;422176,404500000178814;5372211,014000000432134;7,946535601000051;48,498196979000056;1
08250611116200138910;08;1;16;080;2025;06;10;4;3;0;1;0;0;1;0;0;0;0;0;519155,673000000417233;5394874,785000000149012;9,260369437000065;48,706612176000078;1
08250603212402085820;08;2;12;000;2025;06;15;3;3;2;6;0;0;1;1;0;0;0;0;456530,669700000435114;5428065,963199999183416;8,405641477000074;49,003958146000059;1
08250527212702066020;08;2;15;108;2025;05;08;3;3;5;3;0;0;1;1;0;0;0;0;448622,526300000026822;5423848,585899999365211;8,298053884000069;48,965415365000069;1
08250614335100161700;08;3;35;043;2025;06;02;7;3;5;3;2;0;1;1;0;0;0;0;513102,544400000013411;5279067,027499999850988;9,174520636000068;47,664863407000041;1
08250602115300092240;08;1;15;028;2025;06;18;2;3;0;1;0;1;1;0;0;0;0;0;500695,638100000098348;5404875,490800000727177;9,009472261000042;48,796872382000060;1
08250603221300137170;08;2;21;000;2025;06;17;3;3;5;3;0;0;1;1;0;0;0;0;476922,755499999970198;5473917,982100000604987;8,681821197000033;49,417503200000056;1
08250615226300125020;08;2;26;080;2025;06;15;1;3;5;3;0;1;1;1;0;0;0;0;486104,265999999828637;5476049,122199999168515;8,808336137000026;49,436951611000040;1
08250602311300083460;08;3;11;000;2025;06;16;2;3;5;3;0;1;1;1;0;0;0;0;412111,596699999645352;5315663,641599999740720;7,822059569000032;47,988232611000058;1
08250526416200187530;08;4;16;041;2025;05;12;2;3;6;7;0;0;0;1;1;0;0;0;504375,472000000067055;5374563,926799999549985;9,059258751000073;48,524170172000026;1
08250527226600054370;08;2;26;096;2025;05;15;3;3;5;3;0;0;1;1;0;0;0;0;475364,227599999867380;5485990,570699999108911;8,659581604000039;49,526031627000066;1
08250530116010058200;08;1;16;004;2025;05;17;6;3;6;4;0;0;0;0;1;0;0;1;528091,419900000095367;5396525,412000000476837;9,381936700000040;48,721122517000026;1
08250615119200124910;08;1;19;020;2025;06;18;1;3;0;7;0;0;1;0;0;0;0;0;520116,182000000029802;5408124,375900000333786;9,274072642000021;48,825773670000046;1
08250613116000103540;08;4;16;031;2025;06;10;6;3;0;1;0;0;1;0;0;0;0;0;502623,055300000123680;5363225,372500000521541;9,035453946000075;48,422173302000033;1
08250619116100122230;08;1;16;019;2025;06;15;5;3;0;1;0;0;1;0;0;0;0;0;524331,708999999798834;5396791,424699999392033;9,330835553000043;48,723673638000037;1
08250529225200078330;08;2;25;109;2025;05;15;5;3;0;1;0;0;1;0;0;0;0;0;526494,883100000210106;5492431,892799999564886;9,366540481000072;49,583890081000050;1
08250620118300124400;08;1;18;081;2025;06;19;6;3;0;7;0;0;1;0;0;0;0;0;518517,788700000382960;5412443,667799999937415;9,252490845000068;48,864678749000063;1
08250526415400033040;08;4;15;061;2025;05;16;2;3;1;7;0;0;1;1;0;0;0;0;516111,720999999903142;5370296,650200000032783;9,218041926000069;48,485588807000056;1
08250614115300120350;08;1;15;028;2025;06;12;7;3;3;6;0;0;1;1;0;0;0;0;500648,045699999667704;5403590,054999999701977;9,008822185000042;48,785308725000050;1
08250616335100175750;08;3;35;066;2025;06;17;2;3;9;1;0;0;1;0;0;0;0;0;504923,491799999959767;5281817,171000000089407;9,065610085000060;47,689722329000062;1
08250607121500128850;08;1;25;065;2025;06;11;7;3;0;1;0;1;1;0;0;0;0;0;517197,266499999910593;5449813,125600000843406;9,236070843000050;49,200873327000068;1
08250617221300121050;08;2;26;012;2025;06;16;3;3;0;7;0;0;1;0;0;0;0;0;477231,258000000379980;5477545,909600000828505;8,685866295000039;49,450147315000038;1
08250601111140082960;08;1;11;000;2025;06;13;1;3;3;6;0;0;1;1;0;0;0;0;511804,254599999636412;5401559,080499999225140;9,160638848000076;48,766926532000070;1
08250604317500085580;08;3;17;096;2025;06;07;4;3;5;3;0;1;1;1;0;0;0;0;420837,418100000359118;5368113,235899999737740;7,929189728000040;48,461170749000075;1
08250529118500048060;08;1;18;078;2025;05;17;5;3;6;6;0;0;1;0;1;0;0;0;515272,966500000096858;5420856,267999999225140;9,208562549000021;48,940444451000076;1
08250616115300114860;08;1;15;028;2025;06;13;2;3;4;6;0;0;1;1;0;0;0;0;501478,869699999690056;5403883,967900000512600;9,020133683000040;48,787951330000055;1
08250528317100056450;08;3;17;001;2025;05;18;4;3;5;3;0;0;1;1;0;0;0;0;432171,444000000134110;5386685,682499999180436;8,079454686000076;48,629557315000056;1
08250618311100180840;08;3;15;015;2025;06;07;4;3;5;3;0;0;1;1;0;0;0;0;394488,659199999645352;5320345,155500000342727;7,584781523000061;48,027675654000063;1
08250619421200138520;08;4;21;000;2025;06;15;5;3;0;1;0;0;1;0;0;0;0;0;572552,650799999944866;5361444,327199999243021;9,980259203000060;48,401979767000057;1
08250601416200087050;08;4;16;022;2025;06;18;1;3;0;1;0;0;1;0;0;0;0;0;510266,117399999871850;5375397,946399999782443;9,139058463000026;48,531604580000078;1
08250614231102133390;08;2;36;046;2025;06;08;7;3;5;3;0;0;1;1;0;0;0;0;484343,390999999828637;5417998,413000000640750;8,786308322000025;48,914726547000043;1
08250614226200136410;08;2;26;068;2025;06;22;7;3;0;7;2;0;1;0;0;0;0;0;469361,234199999831617;5460309,329099999740720;8,578615947000060;49,294762033000040;1
08250616311500123140;08;3;15;113;2025;06;19;2;3;6;4;0;0;0;1;1;0;0;0;440890,656700000166893;5307410,493000000715256;8,208862972000077;47,917291717000069;1
08250603436200096880;08;4;36;082;2025;06;17;3;3;1;5;0;0;1;1;0;0;0;0;547991,561800000257790;5296355,023800000548363;9,641116246000024;47,818756239000038;1
08250606231000102710;08;2;31;000;2025;06;16;6;3;4;6;0;0;1;1;0;0;0;0;478092,828300000168383;5414234,161299999803305;8,701199477000046;48,880675022000048;1
08250526415100035320;08;4;15;050;2025;05;16;2;3;4;6;0;0;1;1;0;0;0;0;522683,600899999961257;5375533,380899999290705;9,307263539000076;48,532496951000041;1
08250529335300078470;08;3;35;028;2025;05;19;5;3;9;1;0;0;1;0;0;0;0;0;480139,473699999973178;5287454,541300000622869;8,735084512000071;47,740158343000076;1
08250615121500131450;08;1;25;069;2025;06;03;1;3;0;7;2;0;1;0;0;0;0;0;524101,485999999567866;5453862,826999999582767;9,331088477000037;49,237068300000033;1
08250603311010085310;08;3;11;000;2025;06;18;3;3;4;6;0;1;1;1;0;0;0;0;411518,214200000278652;5315124,955399999395013;7,814219416000071;47,983305156000029;1
08250531111130093100;08;1;11;000;2025;05;10;7;2;6;4;0;0;1;0;1;0;0;0;511455,705299999564886;5402452,486999999731779;9,155920498000057;48,774970079000070;1
08250616211100113060;08;2;11;000;2025;06;20;2;3;5;3;0;0;1;1;0;0;0;0;443286,977400000207126;5402151,471499999985099;8,228171029000066;48,769783165000035;1
08250531311010071150;08;3;11;000;2025;05;19;7;2;0;7;0;0;1;0;0;0;0;0;409551,197999999858439;5318138,652000000700355;7,787229459000059;48,010138765000079;1
08250611111500099640;08;1;11;000;2025;06;12;4;3;6;2;0;0;0;1;1;0;0;0;512401,511199999600649;5399370,645800000056624;9,168700678000050;48,747227849000069;1
08250610222400096690;08;2;26;028;2025;06;15;3;3;0;7;0;0;1;0;0;0;0;0;471153,916500000283122;5484096,335200000554323;8,601543128000060;49,508807970000078;1
08250614115300136130;08;1;15;028;2025;06;08;7;3;0;7;0;0;1;1;0;0;0;0;501378,297699999995530;5405125,685200000181794;9,018768638000040;48,799121975000048;1
08250530111250046580;08;1;11;000;2025;05;11;6;2;0;7;0;0;1;0;0;0;0;0;515472,530399999581277;5403590,867900000885129;9,210634924000033;48,785123913000064;1
08250613121500127650;08;1;25;007;2025;06;14;6;3;6;3;0;0;0;0;1;0;0;1;511816,348899999633431;5452985,942600000649691;9,162299542000028;49,229540939000060;1
08250619415200121130;08;4;15;053;2025;06;14;5;3;3;6;0;0;1;0;0;0;0;0;534796,199300000444055;5353318,989700000733137;9,469486780000068;48,332096956000044;1
08250526335200035090;08;3;35;063;2025;05;18;2;3;0;1;0;0;1;0;0;0;0;0;496869,174399999901652;5287991,429999999701977;8,958234471000026;47,745287198000028;1
08250610118300138250;08;1;18;046;2025;06;19;3;2;5;3;0;0;1;1;0;0;0;0;514526,563699999824166;5412026,568099999800324;9,198055901000032;48,861032938000051;1
08250616212702115820;08;2;15;017;2025;06;18;2;3;0;7;0;0;1;0;0;0;0;0;456383,133000000379980;5416385,146299999207258;8,404875364000077;48,898876385000051;1
08250614119500122010;08;1;19;085;2025;06;07;7;3;1;5;0;0;1;0;0;0;0;1;528246,908999999985099;5412711,289799999445677;9,385163699000032;48,866719386000057;1
08250609136200093340;08;1;36;019;2025;06;11;2;3;0;7;0;0;1;0;0;0;0;0;582347,052400000393391;5423461,507500000298023;10,124921185000062;48,958583837000049;1
08250527221200066550;08;2;21;000;2025;05;21;3;3;5;3;0;1;1;1;0;0;0;0;483403,662899999879301;5473185,926400000229478;8,771206784000071;49,411129775000063;1
08250612327100127570;08;3;27;036;2025;06;16;5;3;5;3;0;0;1;1;0;0;0;0;491626,014999999664724;5320021,643999999389052;8,887668831000042;48,033427297000060;1
08250609111240120820;08;1;11;000;2025;06;12;2;3;0;7;0;0;1;0;0;0;0;0;515722,355899999849498;5404131,630200000479817;9,214056583000058;48,789982284000075;1
08250526325302063930;08;3;25;053;2025;05;21;2;2;0;1;2;0;1;0;0;0;0;0;454379,733400000259280;5341475,799000000581145;8,385756081000068;48,224864111000045;1
08250530119000055500;08;1;19;044;2025;05;12;6;3;6;7;0;0;0;1;1;0;0;0;542749,718999999575317;5425047,574999999254942;9,584202245000029;48,976857514000073;1
08250611121400123250;08;1;25;056;2025;06;19;4;3;6;4;0;0;0;1;1;0;0;0;510681,178100000135601;5435919,967900000512600;9,146255213000074;49,076047415000062;1
08250609136000121920;08;1;36;042;2025;06;23;2;2;0;7;2;0;1;0;0;0;0;0;549938,243400000035763;5405364,124399999156594;9,680026025000075;48,799262562000081;1
08250610415100096500;08;4;15;014;2025;06;17;3;3;0;1;0;0;1;0;0;0;0;0;525274,963600000366569;5375144,538799999281764;9,342340965000062;48,528899820000049;1
08250531118010072310;08;1;15;046;2025;05;16;7;3;5;2;0;0;1;1;0;0;0;0;509127,255199999548495;5389546,254399999976158;9,123943130000043;48,658903619000057;1
08250610435100095400;08;4;35;016;2025;06;09;3;2;0;1;0;0;1;0;0;0;0;0;535942,540000000037253;5277508,576999999582767;9,478604583000049;47,649975368000071;1
08250526421200066540;08;4;21;000;2025;05;16;2;3;2;2;0;0;1;0;0;0;0;0;573519,480100000277162;5360966,010399999096990;9,993236239000055;48,397565188000044;1
08250618335200121170;08;3;35;063;2025;06;19;4;3;0;7;0;0;1;0;0;0;0;0;497550,756699999794364;5288031,765799999237061;8,967326618000072;47,745653072000039;1
08250616212402144130;08;2;12;000;2025;06;13;2;3;2;6;0;0;1;1;0;0;0;0;454486,657999999821186;5426551,764100000262260;8,377864934000058;48,990190446000042;1
08250531221300073170;08;2;21;000;2025;05;12;7;3;0;7;0;0;1;0;0;0;0;1;476528,466199999675155;5473252,601700000464916;8,676424348000069;49,411503134000043;1
08250601335100104120;08;3;35;043;2025;06;19;1;3;6;4;0;0;0;1;1;0;0;0;513270,962299999780953;5279873,506799999624491;9,176788387000045;47,672116404000064;1
08250527421300077640;08;4;21;000;2025;05;11;3;3;8;1;0;0;1;0;0;0;0;0;571081,005699999630451;5359658,316199999302626;9,960076407000031;48,386081726000043;1
08250531116200512680;08;1;16;077;2025;05;17;7;3;3;6;0;0;1;1;0;0;0;0;516309,331299999728799;5391412,087300000712276;9,221544764000043;48,675542563000079;1
08250606336300093020;08;3;36;081;2025;06;07;6;3;0;7;0;0;1;0;0;0;0;0;410320,987399999983609;5277722,551200000569224;7,805918344000077;47,646684739000079;1
08250531111230052380;08;1;11;000;2025;05;15;7;3;5;3;0;0;1;1;0;0;0;0;507928,571499999612570;5398082,664300000295043;9,107829582000022;48,735714169000062;1
08250604118400085260;08;1;18;048;2025;06;08;4;3;6;3;0;1;0;1;1;0;0;0;516778,843100000172853;5415531,319599999114871;9,228907161000052;48,892503929000043;1
08250615212302139380;08;2;12;000;2025;06;18;1;3;2;2;0;1;1;1;0;0;0;0;455089,874200000427663;5429276,488399999216199;8,385808646000044;49,014743767000027;1
08250526317000062470;08;3;17;065;2025;05;17;2;3;8;1;0;0;1;0;0;0;0;0;416920,673999999649823;5355836,155999999493361;7,878649858000074;48,350235531000067;1
08250619111500156560;08;1;11;000;2025;06;16;5;2;4;6;0;0;1;0;0;0;0;0;515578,116899999789894;5407900,618100000545382;9,212235845000066;48,823891192000076;1
08250530436000065440;08;4;36;049;2025;05;15;6;3;0;6;0;0;1;0;0;0;1;0;575474,263899999670684;5290434,913300000131130;10,007178265000050;47,762860980000028;1
08250619435200121420;08;4;35;036;2025;06;10;5;3;5;3;0;0;1;1;0;0;0;0;520774,162700000219047;5282004,271999999880791;9,276842278000061;47,691090604000067;1
08250613119300132630;08;1;19;067;2025;06;11;6;3;1;5;0;0;1;1;0;0;0;0;538627,874099999666214;5406100,331700000911951;9,526085922000050;48,806690861000050;1
08250613115300133440;08;1;15;050;2025;06;09;6;3;6;4;0;0;0;1;1;0;0;0;489417,297299999743700;5401531,744699999690056;8,855985353000051;48,766702591000069;1
08250613116400131850;08;1;16;012;2025;06;16;6;3;4;2;0;0;1;1;0;0;0;0;536099,759200000204146;5383973,837400000542402;9,489720830000067;48,607798548000062;1
08250602116100100570;08;1;16;019;2025;06;16;2;3;6;4;0;0;0;1;1;0;0;0;526527,203800000250340;5396655,009800000116229;9,360678086000064;48,722356893000040;1
08250531221400079270;08;2;21;000;2025;05;13;7;3;5;3;0;0;1;1;0;0;0;0;476284,090200000442564;5469575,620600000023842;8,673274924000054;49,378419758000064;1