UIDENTSTLAE;ULAND;UREGBEZ;UKREIS;UGEMEINDE;UJAHR;UMONAT;USTUNDE;UWOCHENTAG;UKATEGORIE;UART;UTYP1;ULICHTVERH;IstStrassenzustand;IstRad;IstPKW;IstFuss;IstKrad;IstGkfz;IstSonstige;LINREFX;LINREFY;XGCSWGS84;YGCSWGS84;PLST
08250607222500119560;08;2;22;000;2025;06;16;7;3;5;5;0;0;1;0;0;0;0;1;461132,672699999995530;5480626,376499999314547;8,463464462000047;49,477038068000070;1
08250617426100179130;08;4;26;021;2025;06;18;3;3;4;6;0;0;1;0;0;0;0;0;557841,415000000037253;5326616,730000000447035;9,776758241000039;48,090193517000046;1
08250531215302075930;08;2;15;007;2025;05;16;7;3;5;3;0;0;1;1;0;0;0;0;478874,923600000329316;5431495,220399999991059;8,710970893000024;49,035975194000059;1
08250602311010115310;08;3;11;000;2025;06;15;2;3;4;2;0;1;1;0;0;0;0;1;413904,841300000436604;5316436,345899999141693;7,845933769000055;47,995427301000063;1
08250605311400107920;08;3;15;006;2025;06;07;5;3;5;3;0;0;1;1;0;0;0;0;402681,826999999582767;5308485,026000000536442;7,697331879000046;47,922296105000044;1
08250531335300070250;08;3;35;100;2025;05;20;7;3;0;1;0;0;1;0;0;0;0;0;488750,531100000254810;5286773,932499999180436;8,849962672000061;47,734242171000062;1
08250526316100075990;08;3;16;038;2025;05;14;2;3;0;1;0;0;1;0;0;0;0;0;397524,625000000000000;5333952,021999999880791;7,622224749000054;48,150556258000051;1
08250530215402070260;08;2;15;009;2025;05;17;6;3;0;7;0;0;1;0;0;0;0;0;470459,408300000242889;5441390,759999999776483;8,595111125000074;49,124642410000035;1
08250606115100113630;08;1;15;003;2025;06;15;6;3;4;6;0;0;1;0;0;0;0;0;497985,306400000117719;5391403,706100000068545;8,972632485000076;48,675676939000027;1
08250611212010123850;08;2;12;000;2025;06;01;4;3;1;5;2;0;1;1;0;0;0;0;455197,134800000116229;5428484,828999999910593;8,387362837000069;49,007630522000056;1
08250605335200087000;08;3;35;063;2025;06;14;5;3;0;1;0;0;1;0;0;0;0;0;497522,404299999587238;5287163,473699999973178;8,966953337000064;47,737840425000059;1
08250526316100063340;08;3;16;011;2025;05;17;2;3;0;4;0;0;0;1;1;0;0;0;414637,234100000001490;5329425,744999999180436;7,853157138000029;48,112369069000067;1
08250603221400141240;08;2;21;000;2025;06;22;3;2;0;7;2;0;1;0;0;0;0;0;475651,699799999594688;5469194,503599999472499;8,664586206000024;49,374966711000070;1
08250528311010067560;08;3;11;000;2025;05;13;4;3;0;7;0;1;1;0;0;0;0;0;411530,013000000268221;5315126,587799999862909;7,814377166000043;47,983321472000057;1
08250617127202114700;08;1;27;014;2025;06;05;3;3;5;3;1;0;1;1;0;0;0;0;579036,498599999584258;5442673,837400000542402;10,083453126000052;49,131810507000068;1
08250528118100065640;08;1;18;079;2025;05;08;4;3;0;7;0;0;1;0;1;0;0;0;509464,443900000303984;5422733,729199999943376;9,129287201000068;48,957449625000038;1
08250614116400135540;08;1;16;033;2025;06;14;7;3;5;2;0;0;1;1;0;0;0;0;533407,095999999903142;5387281,178700000047684;9,453460484000061;48,637700679000034;1
08250610128300109840;08;1;28;131;2025;06;08;3;3;0;7;0;0;1;0;0;0;0;0;536996,834800000302494;5511902,584000000730157;9,513664230000074;49,758462231000067;1
08250608121500101330;08;1;25;065;2025;06;02;1;3;0;1;2;0;1;0;0;0;0;0;517627,307799999602139;5450180,413499999791384;9,241990185000077;49,204164946000049;1
08250529417100078390;08;4;17;075;2025;05;15;5;3;6;7;0;0;0;0;1;1;0;0;510114,336900000460446;5334895,527300000190735;9,136029295000071;48,167222489000039;1
08250613119500104440;08;1;19;085;2025;06;09;6;3;0;7;0;0;1;0;0;0;0;0;529058,344800000078976;5413869,686300000175834;9,396310139000036;48,877102370000046;1
08250611121200122960;08;1;21;000;2025;06;11;4;3;8;6;0;0;1;0;0;0;1;0;515078,317099999636412;5441298,741699999198318;9,206664795000052;49,124339651000071;1
08250605216300108560;08;2;16;017;2025;06;10;5;3;6;4;0;0;0;1;1;0;0;0;451274,239900000393391;5401849,868200000375509;8,336900202000038;48,767746809000073;1
08250526311400063320;08;3;15;006;2025;05;19;2;3;5;2;0;0;1;1;0;0;0;0;402909,810100000351667;5307612,241200000047684;7,700579400000038;47,914479979000077;1
08250604127202087780;08;1;27;014;2025;06;12;4;3;5;3;0;0;1;1;0;0;0;0;578407,752999999560416;5443226,530999999493361;10,074943202000043;49,136861886000077;1
08250603435200087900;08;4;35;059;2025;06;16;3;3;0;7;0;1;1;0;0;0;0;0;510724,771599999628961;5290661,069000000134110;9,143135188000031;47,769225812000059;1
08250530212702062530;08;2;15;046;2025;05;14;6;3;5;3;0;0;1;1;0;0;0;0;450610,521900000050664;5414810,438899999484420;8,326307437000025;48,884278298000027;1
08250529215502173710;08;2;15;066;2025;05;15;5;2;0;7;0;0;1;0;1;0;0;0;460167,218399999663234;5453858,198200000450015;8,452815325000074;49,236205210000037;1
08250610435100094520;08;4;35;016;2025;06;08;3;3;5;3;0;0;1;1;0;0;0;0;535315,400299999862909;5278042,047800000756979;9,470297086000073;47,654809766000028;1
08250614311010107940;08;3;15;047;2025;06;12;7;3;0;1;0;0;1;0;0;0;0;0;415396,431699999608099;5321240,073100000619888;7,864975620000052;48,038837834000049;1
08250618135200395320;08;1;35;026;2025;06;19;4;3;0;1;0;0;1;0;0;0;0;0;590755,136300000362098;5394928,996700000017881;10,233439383000075;48,700791394000078;1
08250531421300079280;08;4;21;000;2025;05;19;7;3;0;7;0;0;1;1;0;0;0;0;571971,559299999848008;5361272,855299999937415;9,972379853000064;48,400503949000040;1
08250604221400144340;08;2;21;000;2025;06;10;4;3;0;7;0;0;1;0;0;0;0;0;475575,766499999910593;5469906,637700000777841;8,663496462000069;49,381369224000082;1
08250526311010033660;08;3;11;000;2025;05;07;2;3;5;3;0;1;1;1;0;0;0;0;412566,078800000250340;5315698,057299999520183;7,828142517000060;47,988604488000078;1
08250616316100142230;08;3;16;017;2025;06;18;2;3;5;3;0;0;1;1;0;0;0;0;409171,018000000156462;5342228,114000000059605;7,777000311000052;48,226768524000079;1
08250614231102124050;08;2;36;040;2025;06;14;7;3;5;3;0;0;1;1;0;0;0;0;488280,843999999575317;5421740,631999999284744;8,839941437000050;48,948477434000040;1
08250612222500104200;08;2;22;000;2025;06;13;5;3;5;3;0;0;1;1;0;0;0;0;463362,754900000058115;5477767,011700000613928;8,494512499000052;49,451458088000038;1
08250611226700167860;08;2;26;041;2025;06;11;4;3;6;3;0;0;0;1;1;0;0;0;477329,119699999690056;5466318,604100000113249;8,687857172000065;49,349162967000041;1
08250618221011179210;08;2;21;000;2025;06;17;4;3;3;6;0;0;1;0;0;0;0;0;477130,461600000038743;5472327,448999999091029;8,684776530000022;49,403204457000072;1
08250611111500099890;08;1;11;000;2025;06;18;4;2;5;3;0;0;1;1;0;0;0;0;512252,187199999578297;5395582,510900000110269;9,166556807000063;48,713152737000030;1
08250610326000095070;08;3;35;043;2025;06;14;3;2;0;1;0;0;1;0;0;0;0;0;511225,403500000014901;5281828,749399999156594;9,149588975000029;47,689747760000046;1
08250604127100109720;08;1;27;076;2025;06;13;4;3;6;4;0;0;0;1;1;0;0;0;556737,957100000232458;5440197,985300000756979;9,777465968000058;49,112004934000026;1
08250530317100066770;08;3;17;001;2025;05;19;6;3;8;1;0;0;1;0;0;0;0;0;431838,317599999718368;5386148,515000000596046;8,075022540000020;48,624689258000046;1
08250526311010032150;08;3;11;000;2025;05;08;2;3;5;3;0;1;1;1;0;0;0;0;413097,311599999666214;5316618,178500000387430;7,835074686000041;47,996953697000038;1
08250527222501514830;08;2;22;000;2025;05;22;3;3;0;7;2;1;1;0;0;0;0;0;466189,097900000400841;5474792,680299999192357;8,533760092000023;49,424868924000066;1
08250614226700135920;08;2;26;103;2025;06;21;7;3;6;4;1;0;1;0;1;0;0;0;471843,895399999804795;5457226,231799999251962;8,612976953000043;49,267149124000071;1
08250530111210064150;08;1;11;000;2025;05;15;6;3;0;7;0;0;1;0;0;0;0;0;510652,447999999858439;5396453,384500000625849;9,144832443000041;48,721016527000074;1
08250608216200110010;08;2;16;007;2025;06;15;1;3;0;1;0;1;1;0;0;0;0;0;436629,507899999618530;5394044,001599999144673;8,138823631000037;48,696213998000076;1
08250530415400070380;08;4;15;087;2025;05;19;6;3;0;1;0;0;1;0;0;0;0;0;513440,593000000342727;5381358,921000000089407;9,182250273000022;48,585171113000058;1
08250617415100146900;08;4;15;050;2025;06;19;3;2;7;1;0;0;1;0;0;0;0;0;521523,144600000232458;5375772,067500000819564;9,291556980000053;48,534685110000055;1
08250531421200053180;08;4;25;031;2025;05;12;7;3;0;1;0;0;1;0;0;0;0;0;569741,080900000408292;5368849,560499999672174;9,943510213000025;48,468909273000065;1
08250604222500093090;08;2;22;000;2025;06;18;4;3;5;3;0;1;1;1;0;0;0;0;463065,288999999873340;5478552,593800000846386;8,490335241000025;49,458506034000038;1
08250613335300103940;08;3;35;075;2025;06;10;6;3;6;7;0;0;0;1;1;0;0;0;487897,706299999728799;5289586,184499999508262;8,838510104000022;47,759530115000075;1
08250619226700123970;08;2;26;095;2025;06;13;5;3;0;6;0;0;1;0;0;0;0;0;473792,439000000245869;5462350,944599999114871;8,639424274000021;49,313332443000036;1
08250603311010088890;08;3;11;000;2025;06;07;3;3;3;3;0;0;1;1;0;0;0;0;414855,437400000169873;5319345,971799999475479;7,858095748000039;48,021727805000069;1
08250610335100096520;08;3;35;043;2025;06;16;3;3;0;7;0;0;1;0;0;0;0;0;511681,629800000227988;5280880,196499999612570;9,155643203000068;47,681204927000067;1
08250614117100105570;08;1;17;015;2025;06;09;7;3;0;7;0;0;1;0;0;0;0;0;559722,275000000372529;5392845,717000000178814;9,811430869000048;48,685795085000052;1
08250526235100053340;08;2;35;085;2025;05;18;2;3;8;1;0;0;1;0;0;0;0;0;482471,472699999809265;5395638,653799999505281;8,761714544000029;48,713531791000037;1
08250617116200179070;08;1;16;078;2025;06;15;3;3;5;3;0;0;1;1;0;0;0;0;510488,364199999719858;5393584,781300000846386;9,142528643000048;48,695213222000064;1
08250618222500174850;08;2;26;009;2025;06;22;4;3;0;7;2;0;1;0;0;0;0;1;466431,213999999687076;5472235,265799999237061;8,537314938000065;49,401879222000048;1
08250529222200045250;08;2;22;000;2025;05;21;5;3;0;7;2;0;1;0;0;0;0;0;460919,021599999628961;5482396,574899999424815;8,460340325000061;49,492946326000038;1
08250531216100066240;08;2;16;043;2025;05;13;7;3;6;4;0;0;0;1;1;0;0;0;441578,274899999611080;5411794,956100000068545;8,203546062000044;48,856368635000081;1
08250612337400118510;08;3;37;126;2025;06;12;5;2;2;2;0;0;1;1;0;0;0;0;445445,805499999783933;5276051,822000000625849;8,273764600000050;47,635567480000077;1
08250527136000039190;08;1;36;065;2025;05;17;3;3;0;7;0;0;1;0;0;0;0;0;557552,998999999836087;5400476,797000000253320;9,783025206000048;48,754642101000059;1
08250617119000122480;08;1;19;044;2025;06;13;3;3;0;7;0;0;1;0;0;0;0;0;547363,831600000150502;5424842,439400000497699;9,647229147000075;48,974675788000070;1
08250611436000122780;08;4;36;006;2025;06;08;4;2;0;7;0;0;1;0;1;0;0;0;556923,202700000256300;5282405,699799999594688;9,758597088000045;47,692528901000060;1
08250602415400102070;08;4;15;061;2025;06;15;2;3;4;6;0;1;1;1;0;0;0;0;515467,592400000430644;5370871,048800000920892;9,209346184000026;48,490772486000026;1
08250526222700176140;08;2;22;000;2025;05;10;2;3;5;3;0;0;1;1;0;0;0;0;462555,888000000268221;5480938,497700000181794;8,483080521000034;49,479934898000067;1
08250616231000112000;08;2;31;000;2025;06;12;2;3;6;4;0;0;0;1;1;0;0;0;474671,297799999825656;5415025,477399999275804;8,654483671000037;48,887663047000046;1
08250528222700078070;08;2;22;000;2025;05;07;4;2;5;3;0;1;1;1;0;0;0;0;462554,019299999810755;5480398,562599999830127;8,483105840000064;49,475078335000035;1
08250617121500116890;08;1;25;065;2025;06;11;3;3;0;1;0;0;1;0;0;0;0;0;515930,882600000128150;5448495,525399999693036;9,218634795000071;49,189055412000073;1
08250615116500693410;08;1;16;049;2025;06;09;1;3;5;3;0;0;1;0;0;0;0;1;522473,855000000447035;5383435,648000000044703;9,304849438000076;48,603594612000052;1
08250613222600145730;08;2;22;000;2025;06;19;6;3;1;5;0;0;1;1;0;0;0;0;461152,952600000426173;5483331,867900000885129;8,463478514000030;49,501373790000059;1
08250527116200065590;08;1;16;077;2025;05;15;3;3;6;3;0;0;0;1;1;0;0;0;516324,951399999670684;5391528,239299999549985;9,221761531000027;48,676587065000035;1
08250604436300086360;08;4;36;081;2025;06;13;4;3;2;6;0;0;1;0;0;0;0;1;562894,850899999961257;5281109,234099999070168;9,837984086000063;47,680311282000048;1
08250613119300134540;08;1;19;076;2025;06;16;6;3;0;7;0;0;1;0;0;0;0;0;542022,121100000105798;5407477,016300000250340;9,572451968000053;48,818854537000050;1
08250614311010130530;08;3;11;000;2025;06;01;7;3;0;7;2;0;1;0;0;0;0;0;414308,883399999700487;5317444,997999999672174;7,851147184000070;48,004554786000028;1
08250526222700060490;08;2;22;000;2025;05;10;2;3;5;3;0;0;1;1;0;0;0;0;462571,749300000257790;5480928,022500000894070;8,483300469000028;49,479841657000065;1
08250605215102147780;08;2;15;090;2025;06;16;5;3;3;6;0;0;1;0;0;0;0;0;464954,300200000405312;5434114,264200000092387;8,520290704000047;49,058899931000042;1
08250529116010065400;08;1;16;019;2025;05;22;5;3;3;6;2;0;1;0;0;0;0;0;520449,266200000420213;5399594,012399999424815;9,278186193000067;48,749024976000044;1
08250526222500071590;08;2;22;000;2025;05;13;2;3;3;6;0;0;1;0;0;0;0;1;463823,022599999792874;5477375,684599999338388;8,500898337000024;49,447965848000081;1
08250528311010041620;08;3;11;000;2025;05;08;4;3;7;7;0;0;1;0;0;0;0;0;413542,979199999943376;5316955,753100000321865;7,840979545000039;48,000050720000047;1
08250604311010105900;08;3;11;000;2025;06;14;4;3;4;2;0;0;1;1;0;0;0;0;414475,869900000281632;5318426,325999999418855;7,853189781000026;48,013404559000037;1
08250603116100084260;08;1;16;019;2025;06;08;3;3;5;3;0;0;1;1;0;0;0;0;522045,404000000096858;5398124,010399999096990;9,299820647000047;48,735746529000039;1
08250611335300098910;08;3;35;075;2025;06;11;4;3;5;3;0;0;1;1;0;0;0;0;488712,983000000007451;5291269,530999999493361;8,849345175000053;47,774690855000074;1
08250530335100057770;08;3;35;043;2025;05;12;6;3;5;3;0;0;1;0;0;0;0;1;510836,219899999909103;5281684,436499999836087;9,144399174000057;47,688455927000064;1
08250526222500070770;08;2;22;000;2025;05;04;2;3;0;7;2;0;1;0;0;0;0;0;463227,794599999673665;5478549,801799999549985;8,492577834000031;49,458490781000080;1
08250608311010094270;08;3;36;091;2025;06;15;1;3;6;4;0;0;0;1;1;0;0;0;395928,949799999594688;5271961,228499999269843;7,615710144000047;47,592706560000067;1
08250601436200082260;08;4;36;082;2025;06;17;1;3;1;5;0;0;1;1;0;0;0;0;547743,634100000374019;5295483,231399999931455;9,637708361000023;47,810931240000059;1
08250610121500108300;08;1;25;005;2025;06;18;3;3;0;1;0;0;1;0;0;0;0;0;515676,250699999742210;5452105,700799999758601;9,215281197000024;49,221536337000032;1
08250617416010177340;08;4;16;041;2025;06;16;3;3;5;2;0;0;1;1;0;0;0;0;505797,067300000227988;5375422,143799999728799;9,078523899000061;48,531879471000082;1
08250617317000123320;08;2;11;000;2025;06;17;3;3;4;7;0;0;1;0;0;0;0;1;443176,379599999636412;5402244,987600000575185;8,226653086000056;48,770614268000031;1
08250618121200165050;08;1;21;000;2025;06;08;4;3;0;7;0;0;1;0;0;0;0;0;515781,528500000014901;5443295,298499999567866;9,216381158000047;49,142281710000077;1
08250531415400079060;08;4;15;061;2025;05;10;7;3;5;3;0;0;1;1;0;0;0;0;515136,840599999763072;5371581,921800000593066;9,204895419000025;48,497175805000040;1
08250527119300065920;08;1;19;061;2025;05;18;3;2;0;7;0;0;1;0;0;0;0;0;539598,929299999959767;5415432,274299999698997;9,540212724000071;48,890574809000043;1
08250619121500168950;08;1;25;065;2025;06;18;5;3;5;3;0;0;1;0;0;0;0;1;516314,606100000441074;5448470,010600000619888;9,223899923000033;49,188815810000051;1
08250526222400044870;08;2;26;028;2025;05;17;2;3;5;5;0;0;1;0;0;0;0;0;471495,127799999900162;5483234,395899999886751;8,606318443000021;49,501071295000031;1
08250602212010110700;08;2;12;000;2025;06;19;2;3;4;6;0;0;1;0;0;0;0;0;455605,215599999763072;5426472,629799999296665;8,393162558000029;48,989560054000037;1
08250526221300065550;08;2;21;000;2025;05;20;2;3;0;7;0;0;1;0;0;0;0;0;476564,951500000432134;5473861,018799999728799;8,676891400000045;49,416977146000079;1
08250529211100060230;08;2;11;000;2025;05;18;5;3;9;1;0;0;1;0;0;0;0;0;442862,140800000168383;5406829,638399999588728;8,221739246000027;48,811824948000037;1
08250527111500042290;08;1;11;000;2025;05;17;3;3;3;2;0;0;1;1;0;0;0;0;506364,739299999549985;5398928,152000000700355;9,086574354000049;48,743338128000062;1
08250531317100071890;08;3;17;068;2025;05;16;7;3;0;1;0;0;1;0;0;0;0;0;439537,511199999600649;5386551,448100000619888;8,179432595000037;48,629105424000045;1
08250610128100107970;08;1;28;126;2025;06;11;3;3;0;7;0;0;1;0;0;0;0;0;565879,074199999682605;5488796,687899999320507;9,910737335000022;49,548188915000026;1
08250609435200094240;08;4;35;066;2025;06;12;2;3;0;7;0;0;1;0;0;0;0;0;517158,404000000096858;5285802,301999999210238;9,228807624000069;47,725369797000042;1
08250527118200042100;08;1;18;019;2025;05;15;3;3;0;7;0;0;1;0;0;0;0;0;504231,888500000350177;5405099,529200000688434;9,057626442000071;48,798873801000070;1
08250526221000060570;08;2;26;062;2025;05;10;2;3;0;7;0;0;1;0;0;0;0;0;469845,663099999539554;5468763,253799999132752;8,584638928000061;49,370827997000049;1
08250605316100108750;08;3;16;011;2025;06;12;5;3;0;3;0;0;1;0;0;0;0;1;414971,987099999561906;5328778,696799999102950;7,857782592000035;48,106593513000064;1
08250612111140116210;08;1;11;000;2025;06;06;5;3;5;3;0;0;1;0;0;0;0;0;512815,739199999719858;5401828,465299999341369;9,174412021000023;48,769329893000076;1
08250604221200144170;08;2;21;000;2025;06;07;4;3;5;3;0;1;1;1;0;0;0;0;476131,396999999880791;5472681,283999999985099;8,670984840000074;49,406348783000055;1
08250620115300156770;08;1;15;052;2025;06;20;6;3;5;3;0;0;1;1;0;0;0;0;493664,751600000075996;5409071,491800000891089;8,913670395000054;48,834587277000026;1
08250605231000142240;08;2;31;000;2025;06;12;5;3;5;6;0;0;1;1;0;0;0;0;479684,772099999710917;5416537,521400000900030;8,722797826000033;48,901449535000040;1
08250617116100145720;08;1;16;019;2025;06;18;3;3;0;1;0;0;1;0;0;0;0;0;526663,616899999789894;5396182,750199999660254;9,362502264000057;48,718102684000030;1
08250708115400202540;08;1;15;045;2025;07;14;3;3;0;7;0;0;1;0;0;0;0;0;500060,227300000376999;5395225,378299999982119;9,000818682000045;48,710060325000029;1
08250702335100194050;08;3;35;043;2025;07;17;4;3;0;1;0;0;1;0;0;0;0;0;513331,840400000102818;5278586,367799999192357;9,177560086000028;47,660533901000065;1
08250630335100154990;08;3;35;043;2025;06;14;2;3;0;1;0;0;1;0;0;0;0;0;513365,531600000336766;5278251,382999999448657;9,177998555000045;47,657519119000028;1
08250707415100232900;08;4;15;078;2025;07;13;2;3;1;5;0;0;1;1;0;0;0;0;527806,813699999824166;5372801,342399999499321;9,376477064000028;48,507712928000046;1
08250705437100196710;08;4;37;076;2025;07;21;7;3;5;2;2;0;1;1;0;0;0;0;525147,534799999557436;5321990,597300000488758;9,337449624000044;48,050701584000080;1
08250629121400152310;08;1;25;061;2025;06;20;1;3;0;7;0;0;1;0;0;0;0;0;503372,315999999642372;5446730,717000000178814;9,046266897000066;49,173378046000039;1
08250707222301235320;08;2;22;000;2025;07;16;2;3;5;3;0;0;1;1;0;0;0;0;464272,579099999740720;5483114,666799999773502;8,506581958000027;49,499611959000049;1
08250626116100185270;08;1;16;019;2025;06;12;5;3;6;4;0;0;0;0;1;0;0;1;523207,695799999870360;5398685,068299999460578;9,315659338000046;48,740751533000036;1
08250702121200289310;08;1;21;000;2025;07;07;4;3;0;1;0;0;1;0;0;0;0;0;514757,677000000141561;5440745,160499999299645;9,202249851000033;49,119367766000039;1
08250703111500205460;08;1;11;000;2025;07;13;5;2;6;4;0;0;0;1;1;0;0;1;512844,736700000241399;5408948,237600000575185;9,175029368000025;48,833377956000049;1
08250707212102251990;08;2;12;000;2025;07;15;2;3;5;5;0;0;1;1;0;0;0;0;460359,040900000371039;5426459,192399999126792;8,458141231000070;48,989762651000035;1
08250628226500152580;08;2;26;091;2025;06;18;7;3;1;5;0;0;1;1;0;0;0;0;490737,628999999724329;5460049,835000000894070;8,872616229000073;49,293125916000065;1
08250630212010154180;08;2;12;000;2025;06;08;2;3;1;5;0;0;1;1;0;0;0;0;460008,437900000251830;5431300,896600000560284;8,452871969000057;49,033292085000028;1
08250701136000196970;08;1;36;065;2025;07;07;3;3;0;7;0;0;1;0;0;0;0;0;559446,703200000338256;5405613,140599999576807;9,809529575000056;48,800665929000047;1
08250708311010202320;08;3;36;050;2025;07;07;3;3;5;3;0;1;1;1;0;0;0;0;399318,934999999590218;5272944,267699999734759;7,660563051000054;47,602084587000036;1
08250701119400198310;08;1;19;041;2025;07;08;3;3;4;6;0;0;1;1;0;0;0;0;527059,230000000447035;5409416,992000000551343;9,368751641000074;48,837137954000070;1
08250625421200157230;08;4;21;000;2025;06;17;4;3;0;1;0;0;1;0;0;0;0;0;574368,186800000257790;5363553,824599999934435;10,005158991000030;48,420743443000049;1
08250627119100164990;08;1;19;008;2025;06;12;6;3;0;2;0;0;1;0;0;0;0;1;531163,222199999727309;5422893,863099999725819;9,425705830000027;48,958177096000043;1
08250702326000195050;08;3;35;022;2025;07;07;4;2;0;1;0;0;1;0;0;0;0;0;483325,602900000289083;5299880,583000000566244;8,777105631000040;47,852051141000061;1
08250627119200170580;08;1;19;020;2025;06;06;6;3;6;7;0;0;0;0;1;0;0;1;520003,162999999709427;5406863,900000000372529;9,272471368000026;48,814438335000034;1
08250625337200184070;08;3;37;065;2025;06;17;4;3;5;3;0;0;1;0;0;0;0;1;447458,649299999698997;5275477,544399999082088;8,300626790000024;47,630567135000035;1
08250626317000185050;08;3;17;065;2025;06;13;5;3;5;3;0;0;1;1;0;0;0;0;416601,082000000402331;5354891,886099999770522;7,874524124000061;48,341699787000039;1
08250703221200202490;08;2;21;000;2025;07;12;5;3;3;6;0;0;1;0;0;0;1;0;476151,813599999994040;5472725,105699999257922;8,671263634000070;49,406743752000068;1
08250703436400193990;08;4;36;005;2025;07;21;5;3;0;7;0;0;1;0;0;0;0;0;540251,621500000357628;5309082,634800000116229;9,538910178000037;47,933797221000077;1
08250625326100167760;08;3;26;012;2025;06;10;4;2;3;3;0;0;1;1;0;0;0;0;460599,053299999795854;5314560,687000000849366;8,471976640000037;47,983135424000068;1
08250627417100185570;08;4;17;079;2025;06;18;6;3;0;1;0;0;1;0;0;0;0;0;501840,400000000372529;5340116,441600000485778;9,024774492000063;48,214272283000071;1
08250704326400255370;08;3;26;074;2025;07;07;6;3;3;2;0;0;1;0;0;0;1;0;459471,450100000016391;5323856,271500000730157;8,455986683000049;48,066694950000056;1
08250703326000218530;08;3;35;100;2025;07;11;5;3;5;3;0;0;1;1;0;0;0;0;488736,913999999873340;5287225,477700000628829;8,849769372000026;47,738304743000072;1
08250627311010145430;08;3;11;000;2025;06;07;6;3;0;1;0;0;1;0;0;0;0;0;414515,955799999646842;5316158,137499999254942;7,854179191000071;47,993006706000074;1
08250627215502170480;08;2;15;066;2025;06;07;6;3;4;6;0;0;1;0;0;0;0;0;460941,349999999627471;5450157,111300000920892;8,463809385000047;49,202964264000059;1
08250625215202136980;08;2;15;100;2025;06;02;4;3;8;6;2;0;1;0;0;0;0;1;475109,548799999989569;5451700,798000000417233;8,658207673000049;49,217589062000059;1
08250626326000146010;08;3;35;043;2025;06;15;5;3;0;1;0;0;1;0;0;0;0;0;511587,815200000070035;5281623,199599999934435;9,154412972000046;47,687891899000078;1
08250708115200205010;08;1;15;021;2025;07;16;3;3;5;3;0;0;1;1;0;0;0;0;490128,703200000338256;5381950,275900000706315;8,866134064000050;48,590557510000053;1
08250702436000191820;08;4;36;010;2025;07;12;4;3;1;5;0;0;1;1;0;0;0;0;566962,491499999538064;5306510,953400000929832;9,896093640000061;47,908427103000065;1
08250630212702186640;08;2;15;017;2025;06;12;2;2;3;6;0;0;1;1;0;0;0;0;456951,608400000259280;5420607,329500000923872;8,412185933000046;48,936895835000030;1
08250703226300198690;08;2;26;080;2025;07;16;5;2;0;1;0;0;1;0;0;0;0;0;486100,573400000110269;5475556,614199999719858;8,808302471000047;49,432521474000055;1
08250624436400136080;08;4;36;011;2025;06;07;3;3;8;1;0;0;1;0;0;0;0;0;548046,887900000438094;5297040,604100000113249;9,641931335000038;47,824920208000037;1
08250625121100143090;08;1;25;026;2025;06;17;4;3;0;7;0;0;1;0;0;0;0;0;493733,940600000321865;5442741,562899999320507;8,914094152000075;49,137471427000037;1
08250630212010177410;08;2;15;017;2025;06;09;2;2;0;7;0;0;1;0;1;0;0;0;455956,029299999587238;5421521,221899999305606;8,398493565000024;48,945046414000046;1
08250705317000206140;08;3;17;031;2025;07;15;7;3;0;7;0;0;1;0;0;0;0;0;415697,841699999757111;5359360,878499999642372;7,861441705000061;48,381777768000063;1
08250705416200225950;08;4;16;041;2025;07;16;7;3;5;3;0;0;1;0;0;0;0;0;504167,469999999739230;5374403,473999999463558;9,056440095000028;48,522728097000027;1
08250630436200156420;08;4;36;011;2025;06;06;2;3;0;7;0;0;1;0;0;0;0;0;546994,220399999991059;5297845,114299999549985;9,627955342000064;47,832236097000077;1
08250702115300209720;08;1;15;050;2025;07;07;4;2;5;3;0;0;1;1;0;0;0;0;492076,332499999552965;5397017,532899999991059;8,892257587000074;48,726132285000062;1
08250624426100183900;08;4;26;021;2025;06;20;3;3;0;1;0;0;1;0;0;0;0;0;558219,018199999816716;5328219,701300000771880;9,782047303000070;48,104579773000069;1
08250707311010232070;08;3;11;000;2025;07;08;2;3;0;7;0;1;1;0;0;0;0;1;415116,219999999739230;5315981,976999999955297;7,862258270000041;47,991502035000053;1
08250707136100232120;08;1;36;033;2025;07;07;2;3;4;6;0;1;1;1;0;0;0;0;580761,381299999542534;5415662,837700000032783;10,101719843000069;48,888651248000031;1
08250707212102205890;08;2;12;000;2025;07;17;2;3;5;3;0;1;1;1;0;0;0;0;459674,950600000098348;5426745,462899999693036;8,448762330000022;48,992293421000056;1
08250708117400261750;08;1;17;026;2025;07;12;3;3;5;3;0;0;1;1;0;0;0;0;548436,545199999585748;5394410,591399999335408;9,658289908000029;48,700849834000053;1
08250624416100148620;08;4;16;036;2025;06;19;3;3;8;1;0;0;1;0;0;0;0;0;495200,653699999675155;5368473,880300000309944;8,935070555000038;48,469378578000033;1
08250707221300213390;08;2;26;012;2025;07;07;2;3;5;3;0;0;1;1;0;0;0;0;476516,177500000223517;5477152,225500000640750;8,676024037000047;49,446579000000042;1
08250701436000191380;08;4;37;086;2025;07;13;3;3;0;1;0;0;1;0;0;0;0;0;528576,596499999985099;5311303,479100000113249;9,382750542000053;47,954405422000036;1
08250630226200178400;08;2;26;032;2025;06;19;2;3;0;3;0;0;1;1;0;0;0;0;467564,743999999947846;5463419,247899999842048;8,553656409000041;49,322642582000071;1