UIDENTSTLAE;ULAND;UREGBEZ;UKREIS;UGEMEINDE;UJAHR;UMONAT;USTUNDE;UWOCHENTAG;UKATEGORIE;UART;UTYP1;ULICHTVERH;IstStrassenzustand;IstRad;IstPKW;IstFuss;IstKrad;IstGkfz;IstSonstige;LINREFX;LINREFY;XGCSWGS84;YGCSWGS84;PLST
08250624335200135960;08;3;35;063;2025;06;19;3;3;0;1;0;0;1;0;0;0;0;0;497021,698400000110269;5287368,334300000220537;8,960273421000068;47,739681560000065;1
08250628311010172290;08;3;36;069;2025;06;18;7;3;6;7;0;0;0;0;1;0;0;1;408364,938500000163913;5267798,501299999654293;7,781953760000022;47,557136219000029;1
08250626317010146060;08;3;17;113;2025;06;16;5;3;4;6;0;0;1;0;0;0;0;0;408592,484000000171363;5344841,644999999552965;7,768648205000034;48,250193421000063;1
08250704311010195240;08;3;11;000;2025;07;07;6;3;5;2;0;0;1;1;0;0;0;0;413038,364000000059605;5316507,833000000566244;7,834307028000069;47,995953087000032;1
08250702117300212050;08;1;17;026;2025;07;15;4;3;0;1;0;0;1;0;0;0;0;0;545385,669099999591708;5395360,982300000265241;9,616933240000037;48,709628567000038;1
08250630111140174490;08;1;11;000;2025;06;22;2;2;0;1;1;0;1;0;0;0;0;0;512340,074000000022352;5401016,348999999463558;9,167914267000072;48,762033754000072;1
08250630317500501910;08;3;17;096;2025;06;08;2;3;6;4;0;0;0;1;1;0;0;0;421080,878999999724329;5370442,518999999389052;7,932042733000060;48,482152966000058;1
08250704337100202970;08;3;37;096;2025;07;21;6;3;1;5;1;0;1;1;0;0;0;0;422327,394000000320375;5267965,134999999776483;7,967484443000046;47,560456037000051;1
08250625212302159820;08;2;12;000;2025;06;16;4;3;1;5;0;0;1;1;0;0;0;0;455618,679899999871850;5429596,071299999952316;8,393005218000042;49,017656708000061;1
08250626117200170370;08;1;17;033;2025;06;18;5;3;5;3;0;0;1;1;0;0;0;0;559003,934700000099838;5387704,594699999317527;9,800938845000076;48,639617654000062;1
08250705111130242390;08;1;11;000;2025;07;19;7;3;2;5;0;0;1;1;0;0;0;0;512480,076999999582767;5401543,988399999216199;9,169835316000047;48,766777578000074;1
08250705335300207670;08;3;35;063;2025;07;11;7;3;0;1;0;0;1;0;0;0;0;0;500527,376000000163913;5287873,421000000089407;9,007035107000036;47,744232785000065;1
08250625119200143930;08;1;19;020;2025;06;16;4;3;5;3;0;0;1;1;0;0;0;0;518876,269500000402331;5406181,253599999472499;9,257090252000069;48,808332629000063;1
08250628121100167260;08;1;25;026;2025;06;19;7;3;0;1;0;0;1;0;0;0;0;0;490394,385999999940395;5442955,698000000789762;8,868304833000025;49,139354512000068;1
08250629116200181240;08;1;16;077;2025;06;11;1;3;0;7;0;0;1;0;0;0;0;0;518622,549800000153482;5388226,364600000903010;9,252823685000067;48,646818896000070;1
08250627311010173700;08;3;11;000;2025;06;13;6;3;3;6;0;0;1;1;0;0;0;0;414746,859899999573827;5315342,829399999231100;7,857435484000064;47,985703501000046;1
08250705436200210380;08;4;36;064;2025;07;17;7;2;5;3;0;0;1;1;0;0;0;0;545656,220499999821186;5291309,920399999246001;9,609389455000041;47,773535439000057;1
08250624311010155910;08;3;11;000;2025;06;16;3;3;5;3;0;0;1;1;0;0;0;0;413872,923200000077486;5320600,520500000566244;7,844669441000065;48,032881147000069;1
08250628222500174440;08;2;22;000;2025;06;12;7;2;6;4;0;0;0;1;1;0;0;0;465783,616299999877810;5475458,373299999162555;8,528111421000062;49,430833915000051;1
08250629417300176940;08;4;17;036;2025;06;20;1;3;9;1;0;0;1;0;0;0;0;0;503535,057099999859929;5352237,561899999156594;9,047688415000039;48,323315930000035;1
08250705311010239610;08;3;15;084;2025;07;16;7;3;8;7;0;0;1;0;0;0;0;0;426293,504599999636412;5306040,846200000494719;8,013751493000029;47,903458376000060;1
08250624215402176930;08;2;15;021;2025;06;11;3;3;0;3;0;0;1;1;0;0;0;0;469966,744699999690056;5443785,116499999538064;8,588180383000065;49,146156180000048;1
08250624311010145440;08;3;36;105;2025;06;18;3;2;4;2;0;0;1;0;0;0;0;0;402512,069000000134110;5266382,539000000804663;7,704489182000032;47,543546309000078;1
08250626121200146500;08;1;21;000;2025;06;18;5;3;5;3;0;0;1;1;0;0;0;0;516458,319500000216067;5443945,633899999782443;9,225687158000028;49,148113922000050;1
08250701226700190670;08;2;26;098;2025;07;06;3;3;0;3;0;0;1;1;0;0;0;0;475769,467000000178814;5459863,805999999865890;8,666775518000065;49,291042317000063;1
08250627316100179700;08;3;16;011;2025;06;21;6;3;4;2;0;0;1;1;0;0;0;0;413118,164400000125170;5330778,690700000151992;7,832477153000070;48,124333540000066;1
08250630119300169000;08;1;19;067;2025;06;19;2;3;0;7;0;0;1;0;0;0;0;0;538078,167799999937415;5406405,378399999812245;9,518627910000021;48,809468847000062;1
08250703226600214140;08;2;26;031;2025;07;07;5;3;5;3;0;0;1;1;0;0;0;0;473891,431300000287592;5493153,232200000435114;8,638755924000066;49,590394983000067;1
08250706119300226660;08;1;19;086;2025;07;16;1;3;0;7;0;0;1;0;0;0;0;0;535189,851999999955297;5405028,929999999701977;9,479172325000036;48,797257129000059;1
08250627317500184740;08;3;17;096;2025;06;05;6;3;5;3;0;0;1;1;0;0;0;0;419956,673899999819696;5372369,252599999308586;7,916463248000071;48,499341412000035;1
08250630115200180760;08;1;15;021;2025;06;07;2;3;5;3;0;0;1;1;0;0;0;0;489587,469200000166893;5381887,725899999961257;8,858795910000026;48,589986030000034;1
08250628425000181270;08;4;25;071;2025;06;15;7;3;0;7;0;0;1;0;0;0;0;0;551052,661999999545515;5371546,016200000420213;9,691031177000070;48,494960872000036;1
08250627119400159910;08;1;19;091;2025;06;19;6;3;0;7;0;0;1;0;0;0;0;0;529383,488699999637902;5408377,473300000652671;9,400350357000036;48,827681140000038;1
08250706119300210360;08;1;19;067;2025;07;11;1;3;5;3;0;0;1;1;0;0;0;0;538213,769999999552965;5405752,970699999481440;9,520414012000060;48,803591758000039;1
08250707235100232370;08;2;35;065;2025;07;18;2;3;5;3;0;1;1;1;0;0;0;0;473377,566300000064075;5403617,231699999421835;8,637576933000048;48,784983748000059;1
08250624326400163490;08;3;26;074;2025;06;10;3;3;0;1;0;0;1;0;0;0;0;0;458597,217600000090897;5324139,653200000524521;8,444225008000046;48,069188282000027;1
08250705222800225460;08;2;22;000;2025;07;14;7;3;4;6;0;0;1;1;0;0;0;0;459699,105999999679625;5488207,604900000616908;8,442902193000066;49,545133126000053;1
08250705111500219160;08;1;11;000;2025;07;09;7;3;6;4;0;0;0;1;1;0;0;0;514840,472900000400841;5409419,345899999141693;9,202241249000053;48,837571466000043;1
08250704311010219310;08;3;11;000;2025;07;15;6;3;0;1;0;0;1;0;0;0;0;0;412244,395999999716878;5318029,515000000596046;7,823355166000056;48,009532565000029;1
08250624212010162950;08;2;15;007;2025;06;09;3;3;6;4;0;0;0;1;1;0;0;0;477666,754399999976158;5431651,537399999797344;8,694432589000030;49,037338750000060;1
08250624212010159890;08;2;15;017;2025;06;19;3;1;5;3;0;0;1;1;0;0;0;0;457051,503700000233948;5421796,605000000447035;8,413424542000030;48,947600591000025;1
08250702417300211850;08;4;17;031;2025;07;06;4;3;5;3;0;0;1;1;0;0;0;0;497230,679499999620020;5356012,253100000321865;8,962616655000033;48,357279325000036;1
08250702436000193310;08;4;37;076;2025;07;10;4;3;6;4;0;0;0;1;1;0;0;0;524698,441100000403821;5321953,336100000888109;9,331421282000065;48,050383887000066;1
08250627121300174840;08;1;21;000;2025;06;18;6;2;0;1;0;0;1;0;0;0;0;0;514144,366899999789894;5441582,938599999994040;9,193874034000032;49,126918310000065;1
08250628216300157200;08;2;16;015;2025;06;13;7;3;8;1;0;0;1;0;0;0;0;0;451442,548499999567866;5403864,288499999791384;8,338952635000055;48,785880414000076;1
08250704118010199080;08;1;18;011;2025;07;11;6;2;5;3;0;0;1;1;0;0;0;0;504594,348199999891222;5407688,749399999156594;9,062591108000049;48,822163615000079;1
08250703317000236840;08;3;17;065;2025;07;14;5;3;6;4;0;0;0;1;1;0;0;0;417371,850700000301003;5355277,902799999341369;7,884847912000055;48,345273275000068;1
08250625335300169190;08;3;35;075;2025;06;09;4;3;0;2;0;0;1;0;0;0;0;1;489636,650999999605119;5288892,551999999210238;8,861730594000051;47,753319429000044;1
08250624212010134880;08;2;12;000;2025;06;09;3;3;0;3;0;0;1;1;0;0;0;0;461824,055300000123680;5428139,213500000536442;8,478007977000061;49,004967164000050;1
08250624326300137740;08;3;26;003;2025;06;18;3;3;0;1;0;0;1;0;0;0;0;0;465027,402800000272691;5318043,961699999868870;8,531036100000051;48,014731518000076;1
08250624211000151100;08;3;17;001;2025;06;16;3;2;5;3;0;0;1;1;0;0;0;0;431835,723000000230968;5386451,167999999597669;8,074937577000071;48,627411348000066;1
08250630221011186540;08;2;21;000;2025;06;09;2;3;1;5;0;0;1;1;0;0;0;0;477086,613800000399351;5474670,131699999794364;8,684036932000026;49,424274845000070;1
08250707435100203510;08;4;35;016;2025;07;15;2;3;0;7;0;0;1;0;0;0;0;0;536550,028800000436604;5282038,066800000146031;9,487072546000036;47,690694886000074;1
08250705135200197070;08;1;35;019;2025;07;13;7;3;0;1;0;0;1;0;0;0;0;0;583363,955799999646842;5391932,179600000381470;10,132403759000056;48,674868518000039;1
08250702128100217770;08;1;28;007;2025;07;18;4;3;5;3;0;0;1;1;0;0;0;0;555839,196899999864399;5481991,440999999642372;9,770993834000024;49,487991659000045;1
08250703121500201220;08;1;25;065;2025;07;19;5;3;8;1;0;0;1;1;0;0;0;0;518500,462000000290573;5451234,974999999627471;9,254025443000046;49,213625203000049;1
08250626222600173120;08;2;22;000;2025;06;16;5;3;5;3;0;0;1;1;0;0;0;0;462304,088000000454485;5488122,745699999853969;8,478918553000028;49,544537621000075;1
08250626212010154380;08;2;15;017;2025;06;06;5;3;0;7;0;0;0;0;1;0;0;1;456719,617300000041723;5420787,575899999588728;8,408999192000067;48,938501007000070;1
08250701222014192070;08;2;22;000;2025;07;13;3;2;6;4;0;0;0;0;1;0;0;1;461636,614599999971688;5483627,217399999499321;8,470129443000076;49,504061079000053;1
08250624425000137160;08;4;25;033;2025;06;07;3;3;6;4;0;0;0;1;1;0;0;0;553429,645200000144541;5347781,574899999424815;9,720179763000033;48,280981582000038;1
08250705127100221190;08;1;27;025;2025;07;11;7;3;6;7;0;0;0;1;1;0;0;0;555920,992899999953806;5428222,048399999737740;9,764618170000062;49,004359559000079;1
08250630436000155080;08;4;35;035;2025;06;13;2;3;9;7;0;0;1;0;0;0;0;0;542535,636599999852479;5284969,969799999147654;9,567120180000074;47,716707546000066;1
08250624128200151220;08;1;28;115;2025;06;12;3;3;9;1;0;0;1;0;0;0;0;0;548284,580699999816716;5496931,158500000834465;9,668523958000037;49,623009652000064;1
08250630212010309040;08;2;12;000;2025;06;19;2;3;5;3;0;0;1;0;0;0;0;1;456613,470999999903142;5428257,206000000238419;8,406753126000069;49,005684225000039;1
08250708426100205290;08;4;26;128;2025;07;15;3;3;2;7;0;0;1;1;0;0;0;0;559054,795400000177324;5329713,064200000837445;9,793479869000066;48,117937344000040;1
08250701326000191720;08;3;35;100;2025;07;12;3;3;0;1;0;0;1;0;0;0;0;0;489683,410600000061095;5285694,991900000721216;8,862430277000044;47,724549900000056;1
08250627311010158050;08;3;11;000;2025;06;22;6;2;0;1;2;0;1;0;0;0;0;0;413973,902900000102818;5316574,193499999120831;7,846831680000037;47,996676587000081;1
08250624126100151450;08;1;26;046;2025;06;17;3;3;0;7;0;0;1;0;0;0;0;0;550401,174300000071526;5458746,709599999710917;9,692968523000047;49,279396356000063;1
08250704136100196440;08;1;36;088;2025;07;15;6;3;5;3;0;0;1;1;0;0;0;0;580925,282300000078976;5412922,129599999636412;10,103412944000070;48,863979556000061;1
08250702421300193980;08;4;21;000;2025;07;13;4;3;5;3;0;0;1;1;0;0;0;0;572082,624800000339746;5355802,700400000438094;9,972942115000023;48,351285595000036;1
08250702116100302210;08;1;16;004;2025;07;07;4;3;7;7;0;0;1;0;0;0;1;0;527276,981100000441074;5397010,135999999940395;9,370895731000076;48,725519198000029;1
08250624111500156960;08;1;11;000;2025;06;17;3;3;5;3;0;0;1;1;0;0;0;1;513423,482300000265241;5408334,443600000813603;9,182895532000032;48,827844123000034;1
08250701136000210350;08;1;36;009;2025;07;11;3;2;5;2;0;0;1;0;0;0;0;0;567376,463999999687076;5408289,215900000184774;9,917940700000031;48,823927670000046;1
08250703226500496330;08;2;26;085;2025;07;20;5;3;5;5;0;0;1;1;0;0;0;0;492464,252299999818206;5454244,913200000301003;8,896471442000063;49,240933315000063;1
08250624311010183680;08;3;11;000;2025;06;12;3;3;6;4;0;0;1;0;1;0;0;0;413652,780000000260770;5316918,180999999865890;7,842458756000042;47,999727586000063;1
08250630118010176430;08;1;15;045;2025;06;12;2;2;4;6;0;0;1;0;0;0;0;0;499674,742499999701977;5395251,292899999767542;8,995578686000044;48,710293373000070;1
08250630111130190310;08;1;11;000;2025;06;19;2;3;4;2;0;0;1;1;0;0;0;0;510759,622399999760091;5400455,034499999135733;9,146394097000041;48,757013515000040;1
08250701426000209760;08;4;26;087;2025;07;16;3;3;1;5;0;0;1;1;0;0;0;0;570055,324799999594688;5324537,373199999332428;9,940418149000038;48,070262276000051;1
08250704226400206430;08;2;26;084;2025;07;14;6;3;2;2;0;0;1;1;0;0;0;0;469222,326899999752641;5470308,725700000301003;8,575933434000035;49,384698007000054;1
08250707222500212850;08;2;26;009;2025;07;07;2;3;8;7;0;0;1;0;0;0;0;0;466238,366100000217557;5471606,162499999627471;8,534710434000033;49,396209963000047;1
08250627437200171780;08;4;37;104;2025;06;07;6;3;6;4;0;0;0;0;1;0;0;1;516069,701200000010431;5325482,399700000882149;9,215768447000073;48,082410582000080;1
08250629221300186060;08;2;26;012;2025;06;04;1;3;7;7;1;0;1;0;0;0;0;0;476694,804299999959767;5477036,572499999776483;8,678495081000051;49,445545604000074;1
08250702226400211420;08;2;26;063;2025;07;10;4;3;4;6;0;0;1;0;0;0;0;0;469745,744800000451505;5470697,279500000178814;8,583115514000042;49,388219187000061;1
08250624111130189890;08;1;11;000;2025;06;13;3;3;5;3;0;0;1;0;0;0;0;0;511084,282599999569356;5400633,315600000321865;9,150816169000052;48,758611630000075;1
08250627121100172680;08;1;25;026;2025;06;13;6;3;5;3;0;0;1;1;0;0;0;0;493086,236399999819696;5442188,235799999907613;8,905223818000024;49,132487085000037;1
08250703215502217180;08;2;15;066;2025;07;15;5;3;0;7;0;0;1;0;0;0;0;0;460806,252999999560416;5453286,638299999758601;8,461649234000049;49,231105358000036;1
08250624325102176860;08;3;25;045;2025;06;11;3;3;2;1;0;0;1;1;0;0;0;0;468405,907700000330806;5348784,945199999958277;8,574055878000024;48,291474885000071;1
08250702222600230790;08;2;22;000;2025;07;08;4;3;3;2;0;0;1;1;0;0;0;0;462687,525500000454485;5483247,614000000059605;8,484679732000075;49,500712316000033;1
08250701235100241470;08;2;35;065;2025;07;06;3;3;5;3;0;0;1;1;0;0;0;0;473672,495699999853969;5403953,919600000604987;8,641570287000036;48,788025071000050;1
08250623317600161680;08;3;17;046;2025;06;07;2;3;5;7;0;0;1;1;0;0;0;0;430624,949199999682605;5345334,200799999758601;8,065319537000050;48,257419399000071;1
08250629231202186050;08;2;36;004;2025;06;00;1;2;8;7;2;0;1;0;0;0;0;0;473234,546900000423193;5413695,849099999293685;8,634971985000050;48,875641829000074;1
08250707118200215990;08;1;18;080;2025;07;15;2;3;2;6;0;1;1;1;0;0;0;0;508896,317300000227988;5408290,293700000271201;9,121211934000030;48,827528312000027;1
08250623316200132000;08;3;16;056;2025;06;08;2;3;6;4;0;0;0;1;1;0;0;0;422165,731300000101328;5326969,991399999707937;7,954731662000029;48,091243036000037;1
08250630311010161370;08;3;15;064;2025;06;19;2;3;1;5;0;0;1;1;0;0;0;0;422022,331299999728799;5312508,439600000157952;7,955438355000069;47,961134515000026;1
08250703117100200010;08;1;17;019;2025;07;12;5;2;0;1;0;0;1;0;0;0;0;0;552072,715099999681115;5394393,720699999481440;9,707702329000028;48,700405133000061;1
08250705311010219050;08;3;36;069;2025;07;14;7;3;6;4;0;0;1;0;1;0;0;0;408022,269399999640882;5267903,743100000545382;7,777377919000060;47,558034500000076;1
08250630316100176200;08;3;16;039;2025;06;07;2;3;7;7;0;0;1;0;0;0;0;1;417786,747700000181794;5327526,012199999764562;7,895828425000047;48,095694737000031;1
08250706118500200840;08;1;18;049;2025;07;19;1;3;0;1;0;0;1;0;0;0;0;0;518998,552799999713898;5419205,051599999889731;9,259360470000047;48,925487514000054;1
08250623311400164620;08;3;15;006;2025;06;07;2;3;5;3;0;0;1;1;0;0;0;0;402511,303199999965727;5307445,484899999573827;7,695285067000043;47,912919541000065;1
08250626215502154700;08;2;15;099;2025;06;09;5;3;5;3;0;0;1;1;0;0;0;0;462020,618900000117719;5444639,595100000500679;8,479145810000034;49,153402228000061;1
08250706117400198360;08;1;17;018;2025;07;19;1;3;4;6;0;0;1;0;0;0;0;0;539398,321999999694526;5396279,408500000834465;9,535638153000036;48,718297452000058;1
08250630221300307310;08;2;21;000;2025;06;08;2;3;4;6;0;0;1;0;0;0;0;0;477247,411600000225008;5473391,610200000926852;8,686327514000027;49,412780803000032;1
08250704119400223630;08;1;19;091;2025;07;09;6;3;4;6;0;0;1;0;0;0;0;0;527064,510200000368059;5407272,149299999698997;9,368682023000076;48,817843362000076;1
08250703416200195270;08;4;16;041;2025;07;12;5;3;0;7;0;0;1;0;0;0;0;0;503473,676400000229478;5374389,395899999886751;9,047043927000061;48,522605668000040;1
08250704416100263430;08;4;16;036;2025;07;18;6;3;5;3;0;0;1;1;0;0;0;0;495044,967100000008941;5374893,454600000753999;8,932888114000036;48,527130414000055;1
08250704136200195660;08;1;36;035;2025;07;20;6;3;0;7;0;0;1;0;0;0;0;0;580031,360000000335276;5431458,606399999931455;10,094868546000043;49,030813726000076;1
08250706222600270600;08;2;22;000;2025;07;15;1;3;6;4;0;0;0;0;1;0;0;1;462653,778599999845028;5485857,250099999830127;8,483966800000076;49,524182479000046;1
08250706416200197890;08;4;16;041;2025;07;16;1;3;1;5;0;0;1;1;0;0;0;0;503898,576999999582767;5375252,692299999296665;9,052806418000046;48,530369694000058;1
08250705215102206030;08;2;12;000;2025;07;19;7;3;0;7;0;0;1;0;0;0;0;0;455385,909500000067055;5428772,797700000926852;8,389912353000057;49,010234503000049;1
08250706311010201120;08;3;11;000;2025;07;16;1;3;7;7;0;0;1;0;0;0;0;0;410678,350800000131130;5315037,650900000706315;7,802984754000022;47,982403101000045;1
08250623311010183630;08;3;36;050;2025;06;20;2;3;6;4;0;0;0;1;1;0;0;0;400069,358199999667704;5274515,051300000399351;7,670185537000066;47,616330501000050;1
08250702216300205840;08;2;16;017;2025;07;15;4;3;1;5;0;0;1;1;0;0;0;0;451499,702499999664724;5401815,037599999457598;8,339972374000070;48,767451106000067;1
08250627335100149600;08;3;35;043;2025;06;14;6;3;0;1;0;0;1;0;0;0;0;0;513396,492600000463426;5279810,970699999481440;9,178458705000025;47,671551137000051;1
08250701317000190680;08;3;17;141;2025;07;17;3;3;0;1;0;0;1;0;0;0;0;0;421997,239699999801815;5378920,707599999383092;7,942855181000027;48,558527280000078;1
08250630316100178790;08;3;16;011;2025;06;07;2;3;1;2;0;0;1;1;0;0;0;0;414498,599700000137091;5329822,953400000929832;7,851215332000038;48,115923436000060;1
08250702136100193800;08;1;36;082;2025;07;16;4;3;0;7;0;0;1;0;0;0;0;0;589034,675800000317395;5414071,047700000926852;10,214209447000030;48,873201679000033;1
08250705316100224020;08;3;16;043;2025;07;23;7;2;0;1;2;0;1;0;0;0;0;0;412436,261300000362098;5330959,067900000140071;7,823278634000076;48,125862605000066;1
08250627222014158610;08;2;22;000;2025;06;07;6;2;6;4;0;0;1;0;1;0;0;0;461093,599100000225008;5481962,104399999603629;8,462793679000072;49,489049722000061;1
08250707326100228900;08;3;26;027;2025;07;08;2;3;5;2;0;0;1;1;0;0;0;0;462400,314199999906123;5308001,241200000047684;8,496688292000044;47,924229091000029;1
08250702335100191990;08;3;35;043;2025;07;15;4;3;7;1;0;0;1;0;0;0;0;0;513407,442900000140071;5279803,900399999693036;9,178604359000076;47,671487294000030;1
08250625211100166050;08;2;11;000;2025;06;11;4;3;6;4;0;0;0;0;1;0;1;0;440618,398000000044703;5403706,585000000894070;8,191632432000063;48,783522596000068;1
08250623225100165770;08;2;25;002;2025;06;14;2;3;3;6;0;0;1;1;0;0;0;0;499275,418899999931455;5466347,726399999111891;8,990023512000050;49,349845940000080;1
08250624117200168170;08;1;17;025;2025;06;19;3;3;0;1;0;0;1;0;0;0;0;0;557960,550499999895692;5389704,705800000578165;9,787056967000069;48,657706901000040;1
08250706337200270640;08;3;37;118;2025;07;21;1;2;0;1;1;0;1;0;0;0;0;0;436051,323499999940395;5280033,664000000804663;8,148134301000027;47,670531303000075;1
08250704111310196230;08;1;11;000;2025;07;12;6;2;0;2;0;0;1;1;0;0;0;0;518812,429600000381470;5402714,955000000074506;9,256062045000021;48,777152257000068;1
08250701335100191270;08;3;35;043;2025;07;17;3;3;0;1;0;0;1;0;0;0;0;0;514245,404500000178814;5280814,182399999350309;9,189799985000036;47,680559537000079;1
08250625311000138850;08;3;16;009;2025;06;08;4;3;4;3;0;0;1;1;0;0;0;0;417077,442699999548495;5324635,959799999371171;7,886864995000053;48,069605765000063;1
08250704216100196020;08;2;16;043;2025;07;15;6;3;1;1;0;0;1;1;0;0;0;0;441733,317699999548495;5412459,836999999359250;8,205564877000029;48,862363800000026;1
08250629425000165180;08;4;25;093;2025;06;10;1;3;8;1;0;0;1;0;0;0;0;0;558734,584300000220537;5348237,936300000175834;9,791741867000042;48,284616962000030;1
08250626311400157170;08;3;15;074;2025;06;12;5;3;6;4;0;0;1;0;1;0;0;0;398887,468000000342727;5295824,547000000253320;7,649518062000027;47,807829180000056;1
08250702136200200750;08;1;36;068;2025;07;06;4;3;8;1;0;0;1;0;0;0;0;0;597383,294099999591708;5427883,589400000870228;10,331332639000038;48,996166996000056;1
08250630416200182010;08;4;16;041;2025;06;11;2;3;0;1;0;0;1;0;0;0;0;0;504013,123200000263751;5375201,348500000312924;9,054357457000037;48,529907066000078;1
08250630221300186970;08;2;21;000;2025;06;08;2;3;4;6;0;0;1;0;0;0;0;0;477246,711000000126660;5473391,526100000366569;8,686317860000031;49,412780020000071;1
08250701316100199190;08;3;16;037;2025;07;19;3;3;9;1;0;0;1;0;0;0;0;0;406731,164099999703467;5334304,072499999776483;7,745896664000043;48,155139837000036;1
08250623317100166830;08;3;17;102;2025;06;15;2;3;7;1;0;0;1;0;0;0;0;0;437581,747700000181794;5377157,105299999937415;8,154304153000055;48,544408511000029;1
08250623311010131970;08;3;15;064;2025;06;11;2;3;0;7;0;0;1;0;0;0;0;0;421960,100700000301003;5312615,003299999982119;7,954585537000071;47,962085552000076;1
08250624215000142270;08;2;12;000;2025;06;13;3;3;5;3;0;0;1;1;0;0;0;0;455522,256799999624491;5426580,975700000301003;8,392016793000039;48,990528669000071;1
08250623221011135040;08;2;26;054;2025;06;09;2;3;5;3;0;0;1;1;0;0;0;0;479228,997000000439584;5455095,327899999916553;8,714598720000026;49,248276862000068;1
08250704115200263500;08;1;15;015;2025;07;20;6;3;4;6;0;0;1;0;0;0;0;0;493528,845800000242889;5387885,104800000786781;8,912151178000045;48,643992825000055;1
08250625212010153950;08;2;12;000;2025;06;11;4;3;5;3;0;0;1;1;0;0;0;0;454906,319699999876320;5432504,737299999222159;8,382939505000024;49,043768634000060;1
08250624116500156490;08;1;16;041;2025;06;19;3;3;2;7;0;0;1;1;0;0;0;0;519579,420599999837577;5383834,318800000473857;9,265606796000043;48,607278346000044;1
08250623215402136840;08;2;15;009;2025;06;14;2;3;1;7;0;0;1;1;0;0;0;0;469816,531200000084937;5436086,800599999725819;8,586696340000060;49,076900870000031;1
08250629415100186260;08;4;15;050;2025;06;21;1;3;0;7;0;0;1;1;0;0;0;0;521225,361499999649823;5375875,223699999973178;9,287528457000064;48,535623272000066;1
08250703336100247680;08;3;36;050;2025;07;18;5;3;0;1;0;0;1;0;0;0;0;0;398737,503999999724329;5274332,194299999624491;7,652509343000077;47,614478851000058;1
08250703111230205000;08;1;11;000;2025;07;17;5;3;0;7;0;0;1;0;0;0;0;0;512743,934299999848008;5399509,875000000000000;9,173363026000061;48,748473438000076;1
08250705231102262960;08;2;36;040;2025;07;15;7;3;0;7;0;0;1;0;0;0;0;0;488551,315899999812245;5421988,529799999669194;8,843628520000038;48,950712506000059;1
08250702311010192390;08;3;11;000;2025;07;22;4;3;0;1;2;0;1;0;0;0;0;0;414063,813199999742210;5317685,883099999278784;7,847813974000076;48,006688731000054;1
08250701326400190820;08;3;26;074;2025;07;12;3;3;0;1;0;0;1;0;0;0;0;0;459876,890899999998510;5323745,462200000882149;8,461439051000070;48,065723670000068;1
08250701222200197550;08;2;22;000;2025;07;13;3;3;5;3;0;0;1;0;0;0;0;1;461868,223000000230968;5482280,284900000318885;8,473458245000074;49,491960760000040;1
08250629415300186240;08;4;15;092;2025;06;13;1;3;5;3;0;0;1;0;0;0;0;0;518744,622999999672174;5365043,494000000879169;9,253437601000030;48,438256444000046;1
08250627435100179520;08;4;35;029;2025;06;23;6;3;9;1;2;0;1;1;0;0;0;1;545210,140999999828637;5271601,728299999609590;9,601394172000028;47,596248633000073;1
08250703216100204990;08;2;16;043;2025;07;15;5;3;5;3;0;0;1;1;0;0;0;0;442137,767599999904633;5412816,723600000143051;8,211028324000040;48,865611847000025;1
08250628335200163080;08;3;35;063;2025;06;08;7;3;0;1;0;0;1;0;0;0;0;0;499059,251199999824166;5286792,812799999490380;8,987452906000044;47,734509437000042;1
08250627118400164440;08;1;18;048;2025;06;15;6;3;3;2;0;0;1;1;0;0;0;0;512931,161999999545515;5416616,391000000759959;9,176449412000068;48,902357191000078;1
08250623212502134090;08;2;12;000;2025;06;16;2;3;0;7;0;0;1;0;0;0;0;0;453580,716099999845028;5427994,290599999949336;8,365317303000040;49,003098634000025;1
08250701211100234870;08;2;11;000;2025;07;18;3;3;6;4;0;0;0;1;1;0;0;0;443677,250900000333786;5401832,880499999970198;8,233525530000065;48,766952829000047;1
08250702335100199550;08;3;35;043;2025;07;13;4;3;0;1;0;0;1;0;0;0;0;0;513365,265200000256300;5278249,899900000542402;9,177994962000071;47,657505780000065;1
08250628335100163690;08;3;35;043;2025;06;14;7;3;0;1;0;0;1;0;0;0;0;0;513363,606100000441074;5278240,662799999117851;9,177972584000031;47,657422702000076;1
08250708415400217590;08;4;15;061;2025;07;16;3;3;0;1;0;1;1;0;0;0;0;0;515201,161399999633431;5375526,686599999666214;9,205909829000063;48,532662616000039;1
08250628121200165010;08;1;21;000;2025;06;21;7;3;5;3;0;0;1;1;0;0;0;0;515992,180900000035763;5443585,443499999120831;9,219280915000070;49,144886210000038;1
08250626337100159240;08;3;37;096;2025;06;09;5;3;0;1;0;0;1;0;0;0;0;0;420843,544599999673665;5267345,143500000238419;7,947874446000071;47,554699118000030;1
08250623212302174980;08;2;12;000;2025;06;10;2;3;1;5;0;0;1;1;0;0;0;0;455875,246299999766052;5428453,186899999156594;8,396638273000065;49,007394756000053;1
08250702212102213460;08;2;12;000;2025;07;11;4;3;0;7;0;0;1;0;0;0;0;0;460266,215099999681115;5427716,322899999096990;8,456749486000035;49,001064849000045;1
08250630435200170920;08;4;35;059;2025;06;16;2;3;2;6;0;0;1;1;0;0;0;0;512885,884200000204146;5290415,691600000485778;9,171970476000070;47,766978434000066;1