UIDENTSTLAE;ULAND;UREGBEZ;UKREIS;UGEMEINDE;UJAHR;UMONAT;USTUNDE;UWOCHENTAG;UKATEGORIE;UART;UTYP1;ULICHTVERH;IstStrassenzustand;IstRad;IstPKW;IstFuss;IstKrad;IstGkfz;IstSonstige;LINREFX;LINREFY;XGCSWGS84;YGCSWGS84;PLST
08250703311010212300;08;3;11;000;2025;07;10;5;3;3;2;0;0;1;0;0;0;0;1;414212,784900000318885;5318748,767799999564886;7,849598232000062;48,016269768000029;1
08250630326100176480;08;3;26;012;2025;06;10;2;3;0;1;0;0;1;0;0;0;0;0;463083,043600000441074;5311106,446100000292063;8,505560690000038;47,952206150000052;1
08250623212302148400;08;2;12;000;2025;06;11;2;3;0;7;0;0;1;0;0;0;0;0;456200,413999999873340;5428831,763000000268221;8,401043513000047;49,010823254000059;1
08250702221200256910;08;2;21;000;2025;07;16;4;3;2;7;0;0;1;1;0;0;0;0;477842,782399999909103;5473259,794900000095367;8,694542667000064;49,411617118000038;1
08250701116400211580;08;1;16;033;2025;07;14;3;3;5;3;0;0;1;0;0;1;0;0;531340,730899999849498;5389461,667700000107288;9,425577962000034;48,657423193000056;1
08250627317100172450;08;3;17;110;2025;06;16;6;3;0;1;0;0;1;0;0;0;0;0;427629,220599999651313;5381979,526300000026822;8,018639023000048;48,586716709000029;1
08250623212102174410;08;2;12;000;2025;06;14;2;3;6;4;0;0;0;1;1;0;0;0;461460,710599999874830;5427435,688400000333786;8,473106830000063;48,998616210000080;1
08250702235200226100;08;2;35;032;2025;07;08;4;3;5;3;0;0;1;1;0;0;0;0;472975,655000000260770;5371986,844000000506639;8,634169306000047;48,500419687000033;1
08250703111240742530;08;1;11;000;2025;07;20;5;3;0;1;0;0;1;0;0;0;0;0;515452,483799999579787;5403599,805700000375509;9,210362358000054;48,785204814000053;1
08250704311400222000;08;3;15;022;2025;07;17;6;3;5;3;0;0;1;1;0;0;0;0;397927,445700000040233;5300530,485300000756979;7,635590325000067;47,850007100000028;1
08250705216100228570;08;2;16;043;2025;07;13;7;3;5;3;0;0;1;1;0;0;0;0;441216,607300000265241;5411990,244799999520183;8,198587966000048;48,858091086000059;1
08250702436300200590;08;4;36;081;2025;07;08;4;3;0;7;0;0;1;0;0;0;0;0;562090,355899999849498;5281845,812799999490380;9,827371286000073;47,687015870000039;1
08250624116500176520;08;1;16;049;2025;06;15;3;3;5;7;0;1;1;1;0;0;0;0;524582,084900000132620;5386711,842800000682473;9,333640472000070;48,632988217000047;1
08250706221200266740;08;2;21;000;2025;07;01;1;2;0;1;2;0;1;0;0;0;0;0;477821,644500000402331;5471653,508600000292063;8,694340967000073;49,397168035000050;1
08250704221200203730;08;2;21;000;2025;07;22;6;3;0;7;2;0;1;0;0;0;0;0;478085,912499999627471;5472972,649199999868870;8,697910236000041;49,409043091000058;1
08250708416200236070;08;4;16;041;2025;07;17;3;3;1;7;0;0;1;1;0;0;0;0;504332,375000000000000;5374039,769500000402331;9,058669626000039;48,519454963000044;1
08250705436300196490;08;4;36;052;2025;07;07;7;3;4;6;0;0;1;0;0;0;0;0;565731,806300000287592;5293724,322100000455976;9,877683355000045;47,793521258000055;1
08250623117400133640;08;1;17;018;2025;06;13;2;3;5;3;0;0;1;1;0;0;0;0;538497,337299999780953;5395999,829099999740720;9,523363304000043;48,715838734000044;1
08250708316100230050;08;3;16;043;2025;07;07;3;3;1;1;0;1;1;1;0;0;0;0;411111,518899999558926;5331264,979199999943376;7,805416308000076;48,128430653000066;1
08250704326100221860;08;3;26;012;2025;07;15;6;2;0;2;0;0;1;1;0;0;0;0;462664,379999999888241;5310986,612999999895692;8,499964030000058;47,951103746000058;1
08250705317000228580;08;3;17;065;2025;07;10;7;3;5;3;0;0;1;1;0;0;0;0;416205,398699999786913;5354877,390599999576807;7,869188305000023;48,341517037000074;1
08250624421300155050;08;4;21;000;2025;06;14;3;2;0;1;0;0;1;0;0;0;0;0;571475,458999999798834;5362427,879100000485778;9,965874955000061;48,410950144000026;1
08250701416200302820;08;4;16;041;2025;07;10;3;3;3;6;0;0;1;1;0;0;0;0;504301,609199999831617;5374046,197399999946356;9,058253058000048;48,519513002000053;1
08250704415100203900;08;1;16;041;2025;07;11;6;2;0;1;0;0;1;0;0;0;0;0;519531,922299999743700;5384283,092499999329448;9,264983582000070;48,611317058000054;1
08250708226300240220;08;2;26;056;2025;07;16;3;2;0;6;0;0;1;0;0;0;0;0;484507,372600000351667;5471158,077700000256300;8,786501247000047;49,392918533000056;1
08250627316200158470;08;3;16;056;2025;06;10;6;3;0;7;0;0;1;0;0;0;0;1;421288,652400000020862;5326872,523700000718236;7,942973046000077;48,090258530000028;1
08250623116400169390;08;1;16;033;2025;06;07;2;3;5;3;0;0;1;1;0;0;0;0;533905,657700000330806;5388562,744000000879169;9,460332529000027;48,649202653000032;1
08250626135200142620;08;1;35;025;2025;06;12;5;3;6;4;0;0;0;1;1;0;0;0;581973,977800000458956;5399216,279600000008941;10,114972879000049;48,740568456000062;1
08250703421300311470;08;4;21;000;2025;07;12;5;3;6;4;0;0;0;1;1;0;0;0;571648,218000000342727;5362160,380000000819564;9,968163485000048;48,408524302000046;1
08250702136200214080;08;1;36;046;2025;07;14;4;3;0;7;0;0;1;0;0;0;0;0;578831,015999999828637;5419894,904999999329448;10,076208574000077;48,926963751000073;1
08250629119200153820;08;1;19;020;2025;06;21;1;3;5;2;1;0;1;1;0;0;0;0;520109,312900000251830;5406967,294600000604987;9,273922330000062;48,815365026000052;1
08250624417100183660;08;4;17;079;2025;06;08;3;3;5;3;0;0;1;1;0;0;0;0;499842,168399999849498;5347886,285900000482798;8,997872457000028;48,284178630000042;1
08250707116200398960;08;1;16;047;2025;07;02;2;2;0;1;2;1;1;0;0;0;0;0;519910,748599999584258;5392286,007500000298023;9,270507729000030;48,683299899000076;1
08250629317000177910;08;3;17;153;2025;06;10;1;3;3;6;0;0;1;0;0;0;0;0;421092,680800000205636;5392259,303300000727177;7,928060742000071;48,678389979000031;1
08250622425000130110;08;4;25;020;2025;06;14;1;3;2;6;0;0;1;1;0;0;0;0;558549,171099999919534;5362676,390499999746680;9,791251059000047;48,414519308000081;1
08250625212010139530;08;2;12;000;2025;06;14;4;3;1;5;0;0;1;1;0;0;0;0;456187,852400000207126;5426707,571499999612570;8,401100899000028;48,991715000000056;1
08250703231000226720;08;2;31;000;2025;07;13;5;3;5;3;0;0;1;0;0;1;0;0;478160,412100000306964;5415271,440400000661612;8,702065841000035;48,890008432000059;1
08250623327200164150;08;3;27;046;2025;06;12;2;3;5;2;0;0;1;0;0;0;0;1;481372,166899999603629;5324366,158199999481440;8,749932413000067;48,072298152000030;1
08250624311010137670;08;3;15;047;2025;06;13;3;3;5;3;0;0;1;1;0;0;0;0;415851,550999999977648;5321031,765200000256300;7,871121117000030;48,037024177000035;1
08250622421300130650;08;4;21;000;2025;06;12;1;3;6;4;0;0;1;0;1;0;0;0;572248,121500000357628;5360400,738800000399351;9,975965743000074;48,392627401000027;1
08250628117100177060;08;1;17;049;2025;06;12;7;3;5;3;0;0;1;1;0;0;0;0;556243,804999999701977;5392022,956800000742078;9,764062375000037;48,678717263000067;1
08250629316200152480;08;3;16;014;2025;06;11;1;3;4;6;0;0;1;1;0;0;0;0;423724,941200000233948;5334786,965199999511242;7,974268103000043;48,161749530000066;1
08250703336300202340;08;3;36;081;2025;07;16;5;3;0;7;0;0;1;0;0;0;0;0;412431,599499999545515;5278662,506899999454618;7,833826948000024;47,655429481000056;1
08250702116400260530;08;1;16;033;2025;07;14;4;2;5;3;0;0;1;0;0;0;0;1;533668,281499999575317;5388689,163000000640750;9,457120092000025;48,650352737000048;1
08250702426000202220;08;4;26;014;2025;07;11;4;3;4;6;0;0;1;0;0;0;0;0;549606,693199999630451;5317799,448100000619888;9,665159362000054;48,011563115000058;1
08250703335100260550;08;3;35;043;2025;07;20;5;3;5;2;0;0;1;0;0;0;0;1;511062,624400000087917;5280788,383199999108911;9,147393427000054;47,680389713000068;1
08250623215502225100;08;2;15;066;2025;06;13;2;3;5;3;0;0;1;1;0;0;0;0;461086,443900000303984;5449548,684699999168515;8,465860061000058;49,197500750000074;1
08250623311010133530;08;3;11;000;2025;06;16;2;3;0;1;0;0;1;0;0;0;0;0;410675,278400000184774;5315281,549399999901652;7,802892857000074;47,984596599000042;1
08250629118400153440;08;1;18;048;2025;06;12;1;3;0;7;0;0;1;0;0;0;0;0;515989,655600000172853;5417046,757799999788404;9,218200001000071;48,906157238000048;1
08250628231000154350;08;2;37;028;2025;06;16;7;3;5;3;0;0;1;1;0;0;0;0;456970,918200000189245;5366981,418999999761581;8,418036670000049;48,454498610000030;1
08250629415400181910;08;4;15;060;2025;06;21;1;3;0;1;1;0;1;0;0;0;0;0;513307,136599999852479;5380640,671900000423193;9,180417657000021;48,578712431000042;1
08250623311010130500;08;3;11;000;2025;06;07;2;3;6;4;0;0;0;1;1;0;0;0;413983,144299999810755;5317638,811000000685453;7,846742077000044;48,006254448000050;1
08250704121600219630;08;1;25;057;2025;07;11;6;2;0;6;0;0;1;1;0;0;0;0;523654,342600000090897;5442290,582599999383092;9,324265148000052;49,132991294000078;1
08250702436100193130;08;4;36;055;2025;07;13;4;3;1;5;0;0;1;0;0;0;0;1;580196,536399999633431;5290021,626399999484420;10,070108103000052;47,758572813000058;1
08250622417100142200;08;4;17;079;2025;06;18;1;3;0;1;0;0;1;0;0;0;0;0;497412,668999999761581;5344454,836999999359250;8,965144220000070;48,253301429000032;1
08250705317000196210;08;3;17;065;2025;07;10;7;3;0;1;0;0;1;0;0;0;0;0;414932,977300000376999;5354055,514900000765920;7,852186463000066;48,333954321000078;1
08250628426100152540;08;4;26;021;2025;06;18;7;2;0;1;0;0;1;0;0;0;0;0;560215,438900000415742;5329017,879100000485778;9,808974882000030;48,111574660000031;1
08250626415400145310;08;4;15;061;2025;06;16;5;3;1;5;0;0;1;1;0;0;0;0;516170,524299999698997;5370900,319199999794364;9,218861080000067;48,491018116000077;1
08250629311400182490;08;3;15;006;2025;06;15;1;3;5;3;0;0;1;0;0;0;0;0;402823,367399999871850;5307876,062300000339746;7,699363310000024;47,916839954000068;1
08250624436400153870;08;4;36;011;2025;06;13;3;3;0;7;0;0;1;0;0;0;0;0;548585,910899999551475;5297012,807000000029802;9,649129369000036;47,824629627000036;1
08250622311010160920;08;3;36;024;2025;06;11;1;2;0;1;0;0;1;0;0;0;0;0;394617,924599999561906;5278331,110200000926852;7,596744306000062;47,649792442000034;1
08250626226700168500;08;2;26;041;2025;06;22;5;2;0;1;2;0;1;0;0;0;0;0;476044,349000000394881;5466157,247199999168515;8,670177876000025;49,347662455000034;1
08250623435200148700;08;4;35;059;2025;06;13;2;3;3;6;0;0;1;0;0;0;0;0;515344,324000000022352;5288405,403899999335408;9,204708788000062;47,748837001000027;1
08250624436000138200;08;4;36;006;2025;06;07;3;3;0;1;0;0;1;0;0;0;0;0;558083,928700000047684;5283021,918299999088049;9,774146323000025;47,697969623000063;1
08250702116500193970;08;1;16;049;2025;07;15;4;3;5;3;0;0;1;1;0;0;0;0;525931,771599999628961;5384662,086400000378489;9,351830561000043;48,614494013000069;1
08250627118200161020;08;1;18;067;2025;06;16;6;2;0;7;0;0;1;0;0;0;0;0;506005,792899999767542;5413539,802200000733137;9,081905709000068;48,874786735000043;1
08250704225100217220;08;2;25;058;2025;07;11;6;3;5;3;0;0;1;0;0;0;0;1;510270,406700000166893;5466608,437899999320507;9,141415906000077;49,352104987000075;1
08250705118100207170;08;1;18;079;2025;07;14;7;3;0;7;0;0;1;0;0;0;0;0;510499,947700000368059;5423427,811899999156594;9,143450360000031;48,963676630000066;1
08250626311010158860;08;3;11;000;2025;06;09;5;2;3;6;0;0;1;0;0;0;0;1;414675,031399999745190;5316668,584100000560284;7,856209498000055;47,997619624000038;1
08250704311010195450;08;3;11;000;2025;07;19;6;3;5;3;0;0;1;1;0;0;0;0;411738,286299999803305;5314153,075200000777841;7,817367745000070;47,974593206000065;1
08250622311010139200;08;3;36;091;2025;06;11;1;3;5;3;0;0;1;1;0;0;0;0;395971,765399999916553;5271844,994799999520183;7,616307046000031;47,591667884000060;1
08250708118400234100;08;1;18;048;2025;07;17;3;3;5;3;0;1;1;1;0;0;0;0;515725,984000000171363;5417491,207000000402331;9,214619002000063;48,910162120000052;1
08250702435100194020;08;4;35;030;2025;07;18;4;2;6;4;0;0;1;0;1;0;0;0;540401,402900000102818;5271795,072200000286102;9,537448282000071;47,598305746000051;1
08250704415400263350;08;4;15;061;2025;07;13;6;3;5;3;0;0;1;1;0;1;0;0;517214,219700000248849;5370311,424000000581145;9,232962663000023;48,485692487000051;1
08250624317500152470;08;3;17;096;2025;06;20;3;3;0;1;0;0;1;0;0;0;0;0;422751,346099999733269;5363949,162499999627471;7,955842433000043;48,423952879000069;1
08250705215102236330;08;2;15;105;2025;07;01;7;3;0;7;2;0;1;0;0;0;0;0;457442,241000000387430;5442050,996999999508262;8,416633940000054;49,129817697000078;1
08250628231000175110;08;2;36;074;2025;06;19;7;3;5;3;0;0;1;1;0;0;0;0;472275,300999999977648;5422002,775000000372529;8,621325720000073;48,950325097000075;1
08250628231402182230;08;2;31;000;2025;06;16;7;2;0;1;0;0;1;0;0;0;0;0;474868,052799999713898;5414284,921599999070168;8,657213147000050;48,881009286000051;1
08250702311010214210;08;3;11;000;2025;07;18;4;3;0;7;0;0;1;1;0;0;0;0;412060,424499999731779;5316333,732200000435114;7,821236594000027;47,994253239000045;1
08250707316100216290;08;3;16;011;2025;07;17;2;2;0;1;0;1;1;0;0;0;0;0;415230,525000000372529;5330351,143999999389052;7,860942319000060;48,120772498000065;1
08250626221300146940;08;2;21;000;2025;06;16;5;3;5;2;0;0;1;1;0;0;0;0;477456,401899999938905;5474349,744400000199676;8,689154233000068;49,421406838000053;1
08250704231000197750;08;2;36;076;2025;07;19;6;3;5;2;0;0;1;1;0;0;0;0;472214,955500000156462;5423095,270300000905991;8,620426963000057;48,960149918000070;1
08250626119200157300;08;1;19;020;2025;06;07;5;3;5;3;0;0;1;1;0;0;0;0;520103,806599999777973;5406556,648700000718236;9,273827207000068;48,811671113000045;1
08250702311400211820;08;3;15;108;2025;07;07;4;3;6;7;0;0;0;1;1;0;0;0;405008,450500000268221;5303493,928400000557303;7,729566297000076;47,877749552000068;1
08250627222401154340;08;2;26;038;2025;06;12;6;3;6;7;0;0;0;1;1;0;0;0;472598,842899999581277;5479870,701400000602007;8,621794656000077;49,470866875000070;1
08250622415400158360;08;4;15;061;2025;06;10;1;2;1;5;0;0;1;0;0;0;0;1;516347,004800000227988;5372430,298299999907613;9,221309552000037;48,504777758000046;1
08250703226400204350;08;2;26;037;2025;07;10;5;3;5;3;0;0;1;1;0;0;0;0;465797,841099999845028;5468303,746999999508262;8,528923540000051;49,366481087000068;1
08250624336100157340;08;3;36;050;2025;06;12;3;3;0;1;0;0;1;0;0;0;0;0;399060,666400000452995;5273427,948300000280142;7,657016703000068;47,606395290000080;1
08250622136200147240;08;1;36;019;2025;06;12;1;3;0;1;0;1;1;0;0;0;0;0;582939,024100000038743;5423364,591900000348687;10,132986560000063;48,957633050000027;1
08250630121200156590;08;1;21;000;2025;06;08;2;3;5;2;0;0;1;1;0;0;0;0;516889,574500000104308;5443330,588600000366569;9,231574973000022;49,142569686000058;1
08250627121200164510;08;1;21;000;2025;06;17;6;3;5;3;0;0;1;1;0;0;0;0;516312,339100000448525;5442179,114399999380112;9,223613894000039;49,132227395000029;1
08250626118500144480;08;1;18;049;2025;06;18;5;3;5;3;0;0;1;1;0;0;0;0;518777,588999999687076;5419254,896099999547005;9,256346289000021;48,925942640000073;1
08250702116500192720;08;1;16;020;2025;07;08;4;3;6;2;0;0;0;1;1;0;0;0;526851,492300000041723;5382237,450300000607967;9,364151819000028;48,592643055000053;1
08250707325102250270;08;3;25;045;2025;07;13;2;3;6;7;0;0;0;0;1;0;0;1;468139,926900000311434;5348693,180999999865890;8,570477015000051;48,290635994000070;1
08250622116200160780;08;1;16;077;2025;06;19;1;3;0;1;0;0;1;0;0;0;0;0;514977,827800000086427;5388365,651599999517202;9,203347569000073;48,648169916000029;1
08250704335300266750;08;3;35;075;2025;07;19;6;3;2;6;0;0;1;1;0;0;0;0;490783,451399999670684;5292464,476800000295043;8,876955563000024;47,785475341000051;1
08250703311010193630;08;3;11;000;2025;07;15;5;3;4;2;0;0;1;1;0;0;0;0;412177,927699999883771;5317081,367100000381470;7,822658275000038;48,000994581000043;1
08250701416200205510;08;4;16;041;2025;07;17;3;3;5;3;0;0;1;0;0;0;0;1;505023,978000000119209;5370500,190799999982119;9,067992799000024;48,487606381000035;1
08250703437000225650;08;4;37;107;2025;07;17;5;3;0;7;0;0;1;0;0;0;0;0;504972,806300000287592;5329943,946699999272823;9,066822272000024;48,122734381000043;1
08250622336200185860;08;3;36;069;2025;06;20;1;3;6;3;1;0;0;1;1;0;0;0;409104,163099999539554;5268490,154300000518560;7,791634458000033;47,563462164000043;1
08250708119300205590;08;1;19;067;2025;07;17;3;2;0;7;0;0;1;0;0;0;0;0;539286,758500000461936;5406430,446900000795722;9,535090680000053;48,809619118000057;1
08250625212010157030;08;2;15;007;2025;06;22;4;3;8;6;2;0;1;1;0;0;0;0;477665,729500000365078;5431529,479399999603629;8,694425292000062;49,036240748000068;1
08250626115400173490;08;1;15;045;2025;06;13;5;3;5;7;0;0;1;1;0;0;0;0;501084,742700000293553;5396714,880200000479817;9,014749053000060;48,723459034000030;1
08250708118400229870;08;1;18;048;2025;07;07;3;3;5;3;0;0;1;1;0;0;0;0;514241,588499999605119;5415927,440899999812245;9,194306430000040;48,896130843000037;1
08250629437200151430;08;4;37;101;2025;06;12;1;3;4;6;0;0;1;1;0;0;0;0;521990,113300000317395;5323889,967800000682473;9,295179126000050;48,067906794000066;1
08250630317000174650;08;3;17;057;2025;06;09;2;3;5;3;0;0;1;0;0;0;0;1;413987,276200000196695;5379292,154500000178814;7,834244425000065;48,560820470000067;1
08250626311010146780;08;3;11;000;2025;06;15;5;3;3;6;0;0;1;0;0;0;0;0;413620,964999999850988;5317306,579500000923872;7,841954143000066;48,003217067000037;1
08250702116500201360;08;1;16;047;2025;07;15;4;3;5;3;0;0;1;1;0;0;0;0;520865,150799999944866;5390897,736700000241399;9,283404027000074;48,670779821000053;1
08250704421300215080;08;4;25;141;2025;07;10;6;3;6;7;0;0;0;1;1;0;0;0;563849,570899999700487;5360771,809900000691414;9,862584369000047;48,396871767000050;1
08250702111500215900;08;1;11;000;2025;07;18;4;3;3;2;0;0;1;0;0;0;0;1;512549,557099999859929;5402902,910199999809265;9,170822300000054;48,779000950000068;1
08250627111240161250;08;1;11;000;2025;06;18;6;3;0;7;0;0;1;0;0;0;0;0;520127,554499999620020;5401992,130300000309944;9,273927050000054;48,770608663000075;1
08250627417010184110;08;4;17;002;2025;06;07;6;3;5;3;0;0;1;1;0;0;0;0;488830,773599999956787;5347181,773000000044703;8,849459615000058;48,277741797000033;1
08250630311010186930;08;3;15;131;2025;06;12;2;3;4;6;0;0;1;0;0;0;0;1;404962,874599999748170;5308182,065500000491738;7,727924150000035;47,919913200000053;1
08250628111130175340;08;1;11;000;2025;06;08;7;3;0;7;0;0;1;0;0;0;0;0;511356,698200000450015;5402299,013699999079108;9,154568706000020;48,773591258000067;1
08250621436300126820;08;4;36;055;2025;06;15;7;3;0;1;0;0;1;0;0;0;0;0;575596,624400000087917;5290451,527799999341369;10,008813753000027;47,762996107000049;1
08250623337100136630;08;3;37;096;2025;06;16;2;2;0;1;0;0;1;0;0;0;0;0;420428,973899999633431;5267502,668800000101328;7,942336533000059;47,556065594000074;1
08250624416010180040;08;4;16;041;2025;06;14;3;3;5;1;0;0;1;1;0;0;0;0;504450,371700000017881;5373870,458200000226498;9,060265746000027;48,517930951000039;1
08250628121100149370;08;1;25;087;2025;06;09;7;3;2;6;0;0;1;0;0;0;0;0;506106,476300000213087;5457716,187699999660254;9,083945724000046;49,272174068000027;1
08250708327200230330;08;3;27;051;2025;07;06;3;3;5;3;0;1;1;1;0;0;0;0;484715,733099999837577;5332196,530300000682473;8,794536866000044;48,142836612000053;1
08250627222200161920;08;2;22;000;2025;06;20;6;3;6;7;0;0;1;0;1;0;0;0;461563,489400000311434;5482118,589199999347329;8,469266252000068;49,490487165000047;1
08250623311200161630;08;3;11;000;2025;06;08;2;3;5;3;0;0;1;1;0;0;0;0;412543,595099999569356;5317522,738299999386072;7,827469359000077;48,005014978000077;1
08250630426200169590;08;4;26;070;2025;06;13;2;3;4;6;0;0;1;1;0;0;0;0;566375,527800000272691;5341885,342700000852346;9,893732874000023;48,226715836000039;1
08250707231102215290;08;2;36;050;2025;07;20;2;3;5;3;1;0;1;1;0;0;0;0;486759,032200000248849;5423557,055999999865890;8,819097774000056;48,964786618000062;1
08250707226600226690;08;2;26;031;2025;07;05;2;3;5;3;0;1;1;1;0;0;0;0;473909,668700000271201;5493213,350199999287724;8,639004265000040;49,590936502000034;1
08250628135010199470;08;1;35;020;2025;06;20;7;2;9;1;0;0;1;0;0;0;0;0;584859,609400000423193;5387920,740900000557303;10,151893848000043;48,638586817000032;1
08250703436200203460;08;4;36;064;2025;07;21;5;3;0;1;0;0;1;0;0;0;0;0;545783,941300000064075;5291664,873099999502301;9,611131508000028;47,776719895000042;1
08250626231000174710;08;2;31;000;2025;06;18;5;3;6;4;0;0;0;1;1;0;0;0;478353,484899999573827;5415998,982200000435114;8,704661142000020;48,896559928000045;1
08250701118200195380;08;1;18;011;2025;07;20;3;3;0;7;0;0;1;0;0;0;0;0;504836,097199999727309;5408307,816400000825524;9,065891874000044;48,827730835000068;1
08250623316100174460;08;3;16;017;2025;06;19;2;3;5;3;0;0;1;1;0;0;0;0;408790,800300000235438;5341454,118799999356270;7,772048504000054;48,219752052000047;1
08250705226700261260;08;2;26;076;2025;07;14;7;3;4;6;0;0;1;0;0;0;0;0;475291,346199999563396;5464458,861700000241399;8,659915987000034;49,332355558000074;1
08250703435100193910;08;4;35;016;2025;07;20;5;3;0;2;0;0;1;0;0;0;0;0;537448,408599999733269;5279750,973500000312924;9,498847856000054;47,670065668000063;1
08250625335200138410;08;3;35;063;2025;06;07;4;3;0;7;0;0;1;1;0;0;0;0;497465,667899999767542;5288736,058499999344349;8,966187413000057;47,751989674000072;1
08250621421300160490;08;4;21;000;2025;06;15;7;3;0;1;0;0;1;0;0;0;0;0;571404,047000000253320;5361040,962999999523163;9,964674105000029;48,398482550000040;1
08250701136000197340;08;1;36;079;2025;07;10;3;2;0;7;0;0;1;0;0;0;0;0;561130,941800000146031;5402026,760700000450015;9,831929190000039;48,768243077000079;1
08250704437200197930;08;4;37;104;2025;07;20;6;3;0;7;0;0;1;0;0;0;0;0;517778,692400000058115;5327131,487700000405312;9,238783609000052;48,097201996000081;1
08250621337200160610;08;3;37;022;2025;06;12;7;2;0;1;0;0;1;0;0;0;0;1;449499,545800000429153;5295911,316899999976158;8,325421672000061;47,814572210000051;1
08250623311010132570;08;3;11;000;2025;06;07;2;3;0;4;0;0;1;0;1;0;0;0;418827,827600000426173;5314110,113399999216199;7,912351218000026;47,975145446000056;1
08250626437200160270;08;4;37;104;2025;06;15;5;3;0;7;0;0;1;0;0;0;0;0;516257,997600000351667;5325909,974899999797344;9,218312968000021;48,086252696000031;1
08250702235100192410;08;2;35;079;2025;07;09;4;3;0;1;0;0;1;0;0;0;0;0;469203,868700000457466;5402436,068900000303984;8,580848487000026;48,774165677000042;1
08250621337200146930;08;3;37;126;2025;06;13;7;3;6;6;0;0;0;0;1;0;0;1;440851,884999999776483;5274662,091399999335408;8,212802996000050;47,622660781000036;1
08250624415400166690;08;4;15;061;2025;06;17;3;3;0;1;0;0;1;0;0;0;0;0;515919,128999999724329;5370668,058700000867248;9,215449727000021;48,488935038000079;1
08250708326400278470;08;3;26;074;2025;07;17;3;3;5;3;0;0;1;1;0;0;0;0;459837,287299999967217;5323722,080499999225140;8,460909684000057;48,065510820000043;1
08250623116200146250;08;1;16;080;2025;06;08;2;3;5;3;0;0;1;1;0;0;0;0;522315,805499999783933;5395717,633600000292063;9,303367863000062;48,714089325000032;1
08250629212502605670;08;2;12;000;2025;06;01;1;3;2;6;2;0;1;0;0;0;0;0;453369,885099999606609;5429279,068099999800324;8,362287259000027;49,014639374000069;1
08250627436400149760;08;4;36;012;2025;06;18;6;3;0;7;0;0;1;0;0;0;0;0;549054,113800000399351;5300119,785800000652671;9,655736493000063;47,852547115000050;1
08250704211000229910;08;3;17;001;2025;07;10;6;2;3;2;0;0;1;1;0;0;0;0;431297,504399999976158;5386579,505999999120831;8,067613110000025;48,628506856000058;1
08250630215102177510;08;2;15;105;2025;06;19;2;3;4;7;0;0;1;1;0;0;0;0;455481,117399999871850;5440895,375700000673532;8,389880689000051;49,119284036000067;1
08250621335400127470;08;3;35;079;2025;06;05;7;3;0;1;0;0;1;0;0;0;0;0;500803,600499999709427;5299465,523600000888109;9,010741370000062;47,848532534000071;1
08250708111250309050;08;1;11;000;2025;07;13;3;3;5;3;0;0;1;1;0;0;0;0;518534,015999999828637;5402868,134999999776483;9,252279411000075;48,778538602000026;1
08250701335100191170;08;3;35;043;2025;07;09;3;3;0;1;0;0;1;0;0;0;0;0;513566,041799999773502;5280455,787399999797344;9,180737342000043;47,677349440000057;1
08250703317200215070;08;3;17;057;2025;07;15;5;3;8;1;0;0;1;0;0;0;0;0;412970,747299999929965;5380368,890599999576807;7,820244877000050;48,570364753000035;1
08250705111210270610;08;1;11;000;2025;07;11;7;3;0;5;0;0;1;1;0;0;0;0;507504,573900000192225;5397386,760299999266863;9,102050500000075;48,729459053000028;1
08250625111230143860;08;1;11;000;2025;06;16;4;3;0;7;0;0;1;0;0;0;0;0;513731,118700000457466;5399767,158999999985099;9,186800767000022;48,750766970000029;1
08250708215000225540;08;2;15;096;2025;07;08;3;3;1;5;0;0;1;1;0;0;0;0;463134,629599999636412;5418047,875399999320507;8,496841075000020;48,914271904000032;1
08250623317500134000;08;3;17;096;2025;06;16;2;3;1;7;0;0;1;1;0;0;0;0;421925,580500000156462;5368943,963199999183416;7,943751321000036;48,468779077000079;1
08250625222014174450;08;2;22;000;2025;06;15;4;3;5;3;0;0;1;1;0;0;0;0;461829,235100000165403;5481950,373999999836087;8,472951766000051;49,488990935000061;1
08250705336100226450;08;3;36;050;2025;07;22;7;2;8;7;2;0;1;0;0;0;0;0;399783,719700000248849;5276408,246500000357628;7,665952198000070;47,633316309000065;1
08250707336091222240;08;3;36;050;2025;07;12;2;3;5;3;0;0;1;1;0;0;0;0;401877,516999999992549;5276547,081000000238419;7,693785496000032;47,634885867000037;1
08250626116400170360;08;1;16;016;2025;06;18;5;3;0;1;0;0;1;0;0;0;0;0;533387,780500000342727;5385090,645500000566244;9,453021886000045;48,617995853000082;1
08250705111500197810;08;1;11;000;2025;07;15;7;3;6;7;0;0;0;1;1;0;0;0;514907,490899999625981;5409790,380799999460578;9,203168041000026;48,840907621000042;1
08250627426200161500;08;4;26;070;2025;06;17;6;3;2;5;0;0;1;1;0;0;0;0;565666,932599999941885;5342049,563899999484420;9,884218420000025;48,228266894000058;1
08250706225100200170;08;2;25;033;2025;07;15;1;3;5;3;0;0;1;1;0;0;0;0;510207,622899999842048;5461986,956000000238419;9,140433122000047;49,310535485000059;1
08250704118010230000;08;1;15;050;2025;07;22;6;2;6;1;2;0;1;0;1;0;0;0;488224,837100000120699;5402047,211600000038743;8,839743073000022;48,771318283000028;1
08250630415400185680;08;4;15;061;2025;06;12;2;3;0;6;0;0;1;1;0;0;0;0;514534,915599999949336;5369245,476500000804663;9,196666400000026;48,476170495000076;1