UIDENTSTLAE;ULAND;UREGBEZ;UKREIS;UGEMEINDE;UJAHR;UMONAT;USTUNDE;UWOCHENTAG;UKATEGORIE;UART;UTYP1;ULICHTVERH;IstStrassenzustand;IstRad;IstPKW;IstFuss;IstKrad;IstGkfz;IstSonstige;LINREFX;LINREFY;XGCSWGS84;YGCSWGS84;PLST
08250627426300162120;08;4;26;097;2025;06;21;6;3;0;1;2;0;1;0;0;0;0;0;535264,498399999924004;5333461,735799999907613;9,474151118000066;48,153425291000076;1
08250624336400156840;08;3;36;091;2025;06;10;3;3;8;1;0;0;1;0;0;0;0;0;394332,660699999891222;5272152,690999999642372;7,594437689000074;47,594170620000057;1
08250623118600134040;08;1;18;076;2025;06;14;2;3;6;7;0;0;0;1;1;0;0;0;501172,174999999813735;5427594,699999999254942;9,016026304000036;49,001248547000046;1
08250620326300156900;08;3;26;052;2025;06;14;6;3;0;1;0;0;1;0;0;0;0;0;451181,144899999722838;5328568,773700000718236;8,344174318000057;48,108510070000079;1
08250625226400166890;08;2;26;084;2025;06;10;4;3;8;7;0;0;1;0;0;0;0;0;469551,402900000102818;5470116,645500000566244;8,580482150000023;49,382986830000050;1
08250628111330166210;08;1;11;000;2025;06;17;7;2;5;3;0;0;1;0;0;0;0;1;513465,217100000008941;5409009,373500000685453;9,183486336000044;48,833914778000064;1
08250620435100135060;08;4;35;016;2025;06;20;6;3;5;3;0;0;1;1;0;0;0;0;535313,746199999935925;5278039,289999999105930;9,470274836000044;47,654785043000061;1
08250701311100225170;08;3;15;015;2025;07;09;3;3;4;2;0;0;1;1;0;0;0;0;394644,755599999800324;5320432,882799999788404;7,586853001000065;48,028490478000037;1
08250702311010193600;08;3;36;081;2025;07;15;4;3;1;3;0;0;1;1;0;0;0;0;412626,877799999900162;5278980,434299999848008;7,836363419000065;47,658315916000049;1
08250707226600274820;08;2;26;096;2025;07;15;2;2;5;3;0;0;0;0;1;0;0;1;474695,285799999721348;5487763,369699999690056;8,650224538000032;49,541949704000046;1
08250620326200126700;08;3;26;003;2025;06;18;6;3;9;1;0;0;1;0;0;0;0;0;471858,878999999724329;5315182,327500000596046;8,622827977000043;47,989322851000054;1
08250702435200193950;08;4;35;034;2025;07;13;4;3;1;5;0;0;1;1;0;0;0;0;531195,500199999660254;5284863,834499999880791;9,415921392000030;47,716400190000059;1
08250624136100155840;08;1;36;050;2025;06;12;3;3;1;3;0;0;1;1;0;1;0;0;581632,570600000210106;5404322,380200000479817;10,111343076000026;48,786539061000042;1
08250704335100263360;08;3;35;043;2025;07;13;6;3;5;2;0;0;1;0;0;0;0;0;512747,973600000143051;5278598,860400000587106;9,169784258000050;47,660658076000061;1
08250701416200209870;08;4;16;041;2025;07;12;3;3;5;3;0;0;1;0;0;0;0;1;503957,154600000008941;5371994,843699999153614;9,053568947000031;48,501060508000080;1
08250628416000181990;08;4;16;025;2025;06;13;7;3;0;1;0;0;1;0;0;0;0;0;504920,207000000402331;5361762,090600000694394;9,066485704000058;48,408995091000065;1
08250624337200182840;08;3;37;022;2025;06;18;3;3;0;1;0;0;1;0;0;0;0;0;449496,583599999547005;5295913,096599999815226;8,325381899000035;47,814587989000074;1
08250623121500132400;08;1;25;065;2025;06;06;2;3;5;3;0;0;1;1;0;0;0;0;516620,148199999704957;5448732,132600000128150;9,228103956000041;49,191165458000057;1
08250630115400157710;08;1;15;045;2025;06;14;2;3;5;3;0;0;1;0;0;0;0;1;500842,406000000424683;5396913,780400000512600;9,011454451000077;48,725248725000029;1
08250628121300164950;08;1;21;000;2025;06;08;7;3;5;3;0;0;1;1;0;0;0;0;514363,432799999602139;5443302,043999999761581;9,196937959000024;49,142377188000069;1
08250620317600155820;08;3;17;051;2025;06;21;6;2;8;1;1;0;1;0;0;0;0;0;442847,978500000201166;5339910,102499999105930;8,230713457000036;48,209844774000032;1
08250624235100138180;08;2;35;084;2025;06;15;3;3;0;7;0;0;1;0;0;0;0;0;479103,640200000256300;5393035,130599999800324;8,716064027000073;48,690006789000051;1
08250708317500202440;08;3;17;096;2025;07;16;3;3;0;1;0;1;1;0;0;0;0;0;421745,653599999845028;5369301,011700000613928;7,941250752000030;48,471968333000063;1
08250701115400192560;08;1;15;045;2025;07;14;3;3;0;7;0;1;1;0;0;0;0;0;500523,799999999813735;5394113,790799999609590;9,007118714000057;48,700060179000047;1
08250630111500178850;08;1;11;000;2025;06;07;2;3;5;3;0;0;1;1;0;0;0;0;516250,613199999555945;5406383,232300000265241;9,221337743000049;48,810223807000057;1
08250623211100134340;08;2;11;000;2025;06;13;2;3;6;7;0;0;0;1;1;0;0;0;443910,784799999557436;5401408,915500000119209;8,236761103000049;48,763160276000065;1
08250630111500177720;08;1;11;000;2025;06;09;2;2;4;2;0;0;1;1;0;0;0;0;511890,946399999782443;5402695,451999999582767;9,161851448000050;48,777147609000053;1
08250701335100198750;08;3;35;043;2025;07;10;3;3;1;6;0;1;1;1;0;0;0;0;513358,048899999819696;5279762,433499999344349;9,177945103000070;47,671115211000028;1
08250705212702224150;08;2;15;108;2025;07;23;7;3;0;7;2;0;1;0;0;0;0;0;449173,275600000284612;5425052,378299999982119;8,305427528000052;48,976289017000056;1
08250624311500156680;08;3;15;113;2025;06;18;3;3;5;2;0;0;1;1;0;0;0;0;436926,482400000095367;5306013,983300000429153;8,156015369000045;47,904350472000033;1
08250705212010219420;08;2;15;090;2025;07;08;7;1;5;3;0;0;1;1;0;0;0;0;465525,785000000149012;5433659,991299999877810;8,528151649000051;49,054845892000060;1
08250703336300203590;08;3;36;081;2025;07;21;5;3;6;4;0;0;0;0;1;1;0;0;411140,850100000388920;5277936,967800000682473;7,816788887000030;47,648726680000038;1
08250624115100138210;08;1;15;003;2025;06;13;3;3;0;7;0;0;1;0;0;0;0;0;500793,202200000174344;5391876,993400000035763;9,010775735000038;48,679937436000046;1
08250701317000197940;08;3;17;057;2025;07;14;3;3;5;3;0;0;1;1;0;0;0;0;413437,338399999774992;5379390,725199999287724;7,826772075000065;48,561631359000046;1
08250620317500131310;08;3;17;096;2025;06;13;6;3;0;3;0;0;1;0;0;1;0;0;422431,958599999547005;5368591,158700000494719;7,950666212000044;48,465668283000070;1
08250708222014202430;08;2;22;000;2025;07;14;3;3;1;1;0;0;1;1;0;0;0;0;466330,742600000463426;5481871,155799999833107;8,535111416000063;49,488544877000038;1
08250703117400194560;08;1;17;012;2025;07;12;5;3;5;1;0;0;1;1;0;0;0;0;544778,860899999737740;5387839,968299999833107;9,607870776000027;48,642016272000035;1
08250622111310149990;08;1;11;000;2025;06;19;1;3;5;3;1;0;1;1;0;0;0;0;512828,657999999821186;5408821,399599999189377;9,174806303000025;48,832237274000079;1
08250628335100175850;08;3;35;043;2025;06;15;7;3;2;6;0;0;1;0;0;0;0;0;514901,369199999608099;5279323,657400000840425;9,198488875000066;47,667133530000058;1
08250624317500135990;08;3;17;096;2025;06;21;3;3;0;1;0;0;1;0;0;0;0;0;421578,571800000034273;5369304,270899999886751;7,938989995000043;48,471976834000031;1
08250627336100181790;08;3;36;050;2025;06;21;6;3;0;7;1;0;1;0;0;0;0;0;399506,468999999575317;5272328,780799999833107;7,663198321000039;47,596577158000059;1
08250629311010178430;08;3;11;000;2025;06;17;1;3;1;5;0;0;1;1;0;0;0;0;411146,101499999873340;5314091,478099999949336;7,809447476000059;47,973957160000055;1
08250620317010139160;08;3;17;096;2025;06;12;6;2;6;4;0;0;0;1;1;0;0;0;420993,108000000007451;5369350,064099999144673;7,931061685000032;48,472315451000043;1
08250628435100163740;08;4;35;035;2025;06;11;7;3;0;7;0;0;1;0;0;0;0;0;544387,042999999597669;5283596,586999999359250;9,591663449000066;47,704226358000028;1
08250628212010181310;08;2;12;000;2025;06;11;7;3;1;5;0;0;1;1;0;0;0;0;456231,174499999731779;5425929,842199999839067;8,401776822000045;48,984722285000032;1
08250625231102184950;08;2;36;040;2025;06;13;4;3;5;3;0;0;1;0;0;0;0;1;492130,240699999965727;5418065,855599999427795;8,892586766000022;48,915481190000037;1
08250623226500152720;08;2;26;085;2025;06;13;2;3;5;5;0;0;1;0;0;0;0;1;491253,159099999815226;5455011,540500000119209;8,879816349000066;49,247813183000062;1
08250707121300203410;08;1;21;000;2025;07;13;2;3;0;7;0;0;1;0;0;0;0;0;513774,722299999557436;5444646,717000000178814;9,188912139000024;49,154486457000075;1
08250705436200196660;08;4;36;064;2025;07;12;7;3;1;5;0;0;1;0;0;0;0;1;546033,737099999561906;5292902,685200000181794;9,614596881000068;47,787838705000070;1
08250702425000212250;08;4;25;020;2025;07;19;4;3;0;1;0;0;1;0;0;0;0;0;558124,219999999739230;5362601,222999999299645;9,785498290000021;48,413882470000033;1
08250620311200125250;08;3;11;000;2025;06;17;6;2;5;3;0;0;1;1;0;0;0;0;412262,646999999880791;5318217,905999999493361;7,823561279000046;48,011229699000069;1
08250705119500198720;08;1;19;085;2025;07;12;7;3;5;3;0;0;1;1;0;0;0;0;528847,005800000391901;5413968,722699999809265;9,393434866000064;48,878003132000060;1
08250626231000168880;08;2;31;000;2025;06;07;5;3;2;6;0;0;1;1;0;0;0;0;476829,152999999932945;5415632,013199999928474;8,683884728000066;48,893203669000059;1
08250630116100177600;08;1;16;007;2025;06;19;2;3;0;1;0;0;1;0;0;0;0;0;533159,294700000435114;5398653,589700000360608;9,451009697000075;48,740018103000068;1
08250702226600214010;08;2;26;096;2025;07;07;4;3;4;6;0;0;1;0;0;0;0;1;474865,891300000250340;5488336,109899999573827;8,652546164000057;49,547108377000029;1
08250624118300138690;08;1;18;081;2025;06;13;3;3;4;6;0;0;1;0;0;1;0;0;518944,896800000220537;5413098,969299999997020;9,258344765000061;48,870560767000029;1
08250627415100173250;08;4;15;050;2025;06;19;6;3;5;3;0;0;1;1;0;0;0;0;520408,178999999538064;5376569,357300000265241;9,276492671000028;48,541894975000048;1
08250704415400307650;08;4;15;061;2025;07;10;6;3;0;7;0;0;1;0;0;0;0;1;515160,777499999850988;5370070,402599999681115;9,205164568000043;48,483577059000027;1
08250629417300153640;08;4;17;008;2025;06;18;1;2;1;5;0;0;1;1;0;0;0;0;494321,569500000216067;5350781,267599999904633;8,923416811000038;48,310198493000030;1
08250625415400177540;08;4;15;061;2025;06;10;4;3;0;7;0;0;1;0;0;0;0;0;516324,079400000162423;5370077,275000000372529;9,220907206000049;48,483609749000038;1
08250620311010141550;08;3;11;000;2025;06;21;6;3;5;3;0;0;1;0;0;0;0;1;411501,533300000242889;5318887,916699999943376;7,813219727000046;48,017151647000048;1
08250703116000204820;08;4;16;025;2025;07;09;5;3;1;5;0;0;1;0;0;0;0;1;501707,312900000251830;5360851,706100000068545;9,023066857000060;48,400821667000059;1
08250624216100151520;08;2;16;043;2025;06;16;3;3;5;3;0;0;1;1;0;0;0;0;441262,228400000371039;5412352,332100000232458;8,199157908000075;48,861352367000052;1
08250624335100137760;08;3;35;043;2025;06;14;3;2;0;7;0;0;1;0;0;0;0;0;513363,877600000239909;5278242,174300000071526;9,177976246000071;47,657436296000071;1
08250703222500216980;08;2;22;000;2025;07;10;5;1;6;4;0;0;1;0;1;0;0;0;462592,829400000162423;5479758,142100000753999;8,483702089000076;49,469320458000027;1
08250626221300172020;08;2;21;000;2025;06;14;5;3;6;6;0;0;0;1;1;0;0;0;477419,528400000184774;5475248,456499999389052;8,688594648000048;49,429489221000040;1
08250706336400238450;08;3;36;091;2025;07;13;1;3;1;5;0;0;1;1;0;0;0;0;396614,731700000353158;5272046,642200000584126;7,624809148000054;47,593584581000073;1
08250620311010141750;08;3;36;081;2025;06;08;6;2;3;6;0;0;1;1;0;0;0;0;411665,468000000342727;5277933,167999999597669;7,823773723000045;47,648764320000055;1
08250702415100211810;08;4;15;050;2025;07;08;4;3;6;3;0;0;0;1;1;0;0;0;521127,334400000050664;5376323,552600000053644;9,286223290000066;48,539659851000067;1
08250705215402196820;08;2;15;103;2025;07;11;7;3;5;3;0;0;1;0;0;0;0;1;467011,768000000156462;5443413,836999999359250;8,547693049000031;49,142664863000050;1
08250623317000183470;08;3;17;057;2025;06;11;2;3;0;1;0;0;1;0;0;0;0;0;412482,302500000223517;5380521,563699999824166;7,813592941000024;48,571669926000027;1
08250627111330162400;08;1;11;000;2025;06;09;6;3;2;2;0;0;1;1;0;0;0;0;515223,703200000338256;5411443,199999999254942;9,207538976000023;48,855768369000032;1
08250703311010194500;08;3;11;000;2025;07;15;5;3;2;6;0;1;1;0;0;0;0;0;415941,520700000226498;5315269,667600000277162;7,873457450000046;47,985203503000037;1
08250623421300133190;08;4;25;039;2025;06;07;2;3;0;1;0;0;1;0;0;0;0;0;560203,894700000062585;5354774,498600000515580;9,812479197000073;48,343280443000026;1
08250708121500514140;08;1;25;065;2025;07;14;3;2;0;1;0;1;1;0;0;0;0;0;516745,512299999594688;5447965,111899999901652;9,229792552000049;49,184262504000060;1
08250620222200180980;08;2;22;000;2025;06;18;6;2;6;4;0;0;0;1;1;0;0;0;460759,600999999791384;5482611,104399999603629;8,458117726000069;49,494865609000044;1
08250625111320141280;08;1;11;000;2025;06;16;4;3;6;6;0;0;1;0;1;0;0;0;516112,580000000074506;5405677,843200000002980;9,219430020000061;48,803881824000030;1
08250620221011180910;08;2;21;000;2025;06;13;6;3;6;7;0;0;0;0;1;0;0;1;476562,696399999782443;5472419,507400000467896;8,676945406000073;49,404010908000032;1
08250629237100186220;08;2;37;028;2025;06;10;1;2;0;1;0;0;1;0;0;0;0;0;456350,442400000058115;5367240,918600000441074;8,409618201000058;48,456790326000032;1
08250629118500182140;08;1;18;001;2025;06;16;1;2;8;1;0;0;1;0;0;0;0;0;526689,850999999791384;5417514,218000000342727;9,364246416000071;48,909993618000044;1
08250707136000199930;08;1;27;025;2025;07;15;2;3;0;7;0;0;1;0;0;0;0;0;556114,988400000147521;5427462,317999999970198;9,767165488000046;48,997508323000034;1
08250701111500190450;08;1;11;000;2025;07;06;3;3;0;7;0;0;1;0;0;0;0;0;518699,244300000369549;5400186,870300000533462;9,254406558000028;48,754413285000055;1
08250627436300161900;08;4;36;094;2025;06;13;6;3;0;7;0;0;1;0;0;0;0;0;568520,505900000222027;5287103,195000000298023;9,913870670000051;47,733664135000026;1
08250701115400207220;08;1;15;045;2025;07;12;3;3;0;1;0;0;1;0;0;0;0;0;501350,290000000037253;5395877,903999999165535;9,018356912000058;48,715929031000030;1
08250624336400170410;08;3;36;091;2025;06;16;3;3;0;1;0;0;1;0;0;0;0;0;394561,735500000417233;5271741,530400000512600;7,597582679000027;47,590509469000040;1
08250620212702156630;08;2;15;017;2025;06;10;6;3;5;2;0;0;1;1;0;0;0;0;456594,862599999643862;5421645,828900000080466;8,407204312000033;48,946212445000072;1
08250623426200163980;08;4;26;073;2025;06;16;2;3;0;1;0;0;1;0;0;0;0;0;567182,438000000081956;5337618,993000000715256;9,903920698000036;48,188251905000072;1
08250625116500168800;08;1;16;071;2025;06;13;4;3;4;1;0;0;1;0;0;0;0;1;529204,816200000233948;5390066,356699999421835;9,396617655000057;48,662966437000080;1
08250624426300176100;08;4;26;097;2025;06;20;3;3;4;6;0;0;1;0;0;0;0;0;535363,716699999757111;5333394,647299999371171;9,475479541000027;48,152816210000026;1
08250707111320228840;08;1;11;000;2025;07;10;2;3;0;7;0;1;1;0;0;0;1;0;517195,133999999612570;5406061,582000000402331;9,234188788000040;48,807304873000078;1
08250622435200129090;08;4;35;036;2025;06;11;1;3;0;1;0;0;1;0;0;0;0;0;521006,452600000426173;5282749,734400000423193;9,279973701000074;47,697790438000027;1
08250630111000196260;08;1;11;000;2025;06;17;2;3;2;4;0;0;1;1;1;0;0;0;511910,443400000222027;5403760,562899999320507;9,162147689000051;48,786728891000052;1
08250706421200232160;08;4;21;000;2025;07;19;1;2;0;1;0;0;1;0;0;0;0;0;572875,079300000332296;5361778,834200000390410;9,984672950000061;48,404951539000081;1
08250626121200159190;08;1;21;000;2025;06;08;5;3;5;3;0;0;1;1;0;0;0;0;516553,936900000087917;5442747,887000000104308;9,226949110000021;49,137337233000039;1
08250704335100195960;08;3;35;043;2025;07;16;6;3;0;1;0;0;1;0;0;0;0;0;510316,150600000284612;5282754,384199999272823;9,137494261000029;47,698091448000071;1
08250630416010174150;08;4;16;041;2025;06;14;2;3;1;5;0;0;1;1;0;0;0;0;505287,950199999846518;5375274,339700000360608;9,071625808000022;48,530554272000074;1
08250624115400136880;08;1;15;045;2025;06;21;3;3;0;7;0;0;1;0;0;0;0;0;500476,753700000233948;5395046,092499999329448;9,006480407000026;48,708447278000051;1
08250703335100215730;08;3;35;043;2025;07;09;5;3;0;7;0;0;1;0;0;0;0;0;512835,029099999926984;5284224,110500000417233;9,171109154000021;47,711270339000066;1
08250621335100158020;08;3;35;043;2025;06;09;7;3;0;1;0;0;1;0;0;0;0;0;513362,507500000298023;5278234,546299999579787;9,177957766000077;47,657367690000058;1
08250623119400150860;08;1;19;090;2025;06;15;2;2;0;7;0;1;1;0;0;0;0;0;531715,181699999608099;5406847,978199999779463;9,432000531000028;48,813807649000069;1
08250625111120142840;08;1;11;000;2025;06;18;4;3;0;7;0;0;1;0;0;0;0;0;513208,317300000227988;5403433,915300000458956;9,179806241000051;48,783764188000077;1
08250707118200200370;08;1;18;080;2025;07;10;2;3;6;1;0;0;1;0;1;0;0;0;508926,373999999836087;5408657,611800000071526;9,121629452000036;48,830832224000062;1
08250701212102191770;08;2;12;000;2025;07;09;3;3;6;4;0;0;0;1;1;0;0;0;457742,487399999983609;5428690,811599999666214;8,422144796000055;49,009662908000053;1
08250704212010221740;08;2;12;000;2025;07;14;6;3;5;3;0;0;1;1;0;0;0;0;455197,997700000181794;5430971,118899999186397;8,387100093000072;49,029994942000030;1
08250702336100217570;08;3;36;084;2025;07;21;4;3;0;1;1;0;1;0;0;0;0;0;405536,110999999567866;5277132,033500000834465;7,742350376000047;47,640691986000036;1
08250707416010231150;08;4;16;036;2025;07;15;2;3;6;1;0;0;0;0;1;0;0;1;495283,964399999938905;5368828,937599999830127;8,936193645000060;48,472573460000035;1
08250630231000186680;08;2;36;076;2025;06;19;2;3;6;6;0;0;0;1;1;0;0;1;473795,173899999819696;5422827,595799999311566;8,642031192000047;48,957811060000040;1
08250623212010165660;08;2;12;000;2025;06;08;2;3;5;3;0;0;1;1;0;0;0;0;456915,444600000046194;5427207,676000000908971;8,410993281000060;48,996264712000027;1
08250626119300172980;08;1;19;067;2025;06;13;5;3;6;4;0;0;0;1;1;0;0;0;538903,507399999536574;5406093,242000000551343;9,529839025000058;48,806609892000040;1
08250707118200201310;08;1;18;019;2025;07;15;2;3;0;7;0;0;1;0;0;0;0;0;504992,718299999833107;5406048,702400000765920;9,067998343000056;48,807406841000045;1
08250701325202191730;08;3;25;049;2025;07;17;3;3;0;1;0;1;1;0;0;0;0;0;470755,603099999949336;5336113,019899999722838;8,606608005000055;48,177583531000039;1
08250703335100215520;08;3;35;043;2025;07;19;5;3;1;5;0;0;1;1;0;0;0;1;513219,994900000281632;5279844,409600000828505;9,176108550000038;47,671855642000025;1
08250621335100126420;08;3;35;043;2025;06;07;7;3;5;3;0;0;1;1;0;0;0;0;513823,802000000141561;5283136,138000000268221;9,184256329000050;47,701460783000073;1
08250630231102186600;08;2;36;040;2025;06;12;2;2;6;7;0;0;0;1;1;0;0;0;489134,281100000254810;5421936,529899999499321;8,851592290000042;48,950255251000044;1
08250702115400194010;08;1;15;045;2025;07;18;4;3;2;6;0;0;1;1;0;0;0;0;500469,802299999631941;5394090,670099999755621;9,006384831000048;48,699852227000065;1
08250623126200161160;08;1;26;011;2025;06;21;2;2;8;1;2;0;1;0;0;0;0;0;529964,374300000257790;5446402,963300000876188;9,411069967000060;49,169707437000056;1
08250621118300142630;08;1;18;051;2025;06;13;7;3;5;2;0;0;1;1;0;0;0;0;509105,694000000134110;5415212,992499999701977;9,124218676000055;48,889800609000076;1
08250630111130179800;08;1;11;000;2025;06;16;2;3;6;7;0;0;1;0;1;0;0;0;511652,663700000382960;5404114,875399999320507;9,158648361000076;48,789921139000057;1
08250701116500196250;08;1;16;036;2025;07;07;3;3;4;6;0;0;1;0;0;0;0;1;524224,591199999675155;5378020,537100000306964;9,328281538000056;48,554814267000040;1
08250627415300172520;08;4;15;019;2025;06;15;6;3;5;7;0;0;1;1;0;0;0;0;518757,291299999691546;5370065,621899999678135;9,253834047000055;48,483437009000056;1
08250630311010184160;08;3;11;000;2025;06;07;2;3;5;3;0;0;1;1;0;0;0;0;414046,175200000405312;5317944,228000000119209;7,847525765000057;48,009010262000061;1
08250622416010179900;08;4;16;011;2025;06;16;1;2;0;1;0;0;1;0;0;0;0;0;505019,567999999970198;5365742,146299999207258;9,067876011000067;48,444800917000066;1
08250702215502200670;08;2;15;029;2025;07;07;4;3;1;5;0;0;1;1;0;0;0;0;467171,642799999564886;5448678,444299999624491;8,549455587000068;49,190028981000069;1
08250707136000235380;08;1;36;065;2025;07;13;2;3;5;3;0;0;1;1;0;0;0;0;559031,661000000312924;5405629,027000000700355;9,803880506000041;48,800848381000037;1
08250703215502204860;08;2;15;066;2025;07;21;5;3;5;3;1;0;1;1;0;0;0;0;460691,808400000445545;5454256,757099999114871;8,459982218000050;49,239824092000049;1
08250703416200203620;08;4;16;041;2025;07;21;5;2;0;1;2;0;1;0;0;0;0;0;505355,535099999979138;5372839,789000000804663;9,072509986000057;48,508651597000039;1
08250627317000182500;08;3;17;089;2025;06;19;6;3;0;3;0;0;1;1;0;0;0;0;432367,789800000376999;5375642,947499999776483;8,083915836000074;48,530247833000033;1
08250630221400170090;08;2;21;000;2025;06;11;2;3;3;6;0;0;1;1;0;0;0;0;474216,275500000454485;5472775,139900000765920;8,644580396000038;49,407114870000044;1
08250701311010208680;08;3;11;000;2025;07;09;3;3;5;3;0;0;1;1;0;0;0;0;403140,712899999693036;5317482,859699999913573;7,701445548000038;48,003300544000069;1
08250622212010182360;08;2;12;000;2025;06;12;1;3;5;3;0;0;1;1;0;0;0;0;452548,960599999874830;5427748,171099999919534;8,351239986000053;49,000806324000052;1
08250701116200193410;08;1;16;077;2025;07;07;3;3;0;1;0;0;1;0;0;0;0;0;518299,710599999874830;5388753,144200000911951;9,248464076000062;48,651567385000078;1
08250627127100173920;08;1;27;076;2025;06;14;6;3;3;6;0;0;1;1;0;0;0;0;553648,236200000159442;5438885,905799999833107;9,734957727000051;49,100480505000064;1
08250623326200148480;08;3;26;074;2025;06;08;2;3;1;7;0;0;1;1;0;0;0;0;465550,627299999818206;5324486,069800000637770;8,537533506000045;48,072718465000037;1
08250620121600125210;08;1;25;102;2025;06;15;6;3;5;2;0;0;1;1;0;0;0;0;520768,605399999767542;5444070,058299999684095;9,284798324000064;49,149102506000077;1
08250707115300235250;08;1;15;028;2025;07;16;2;3;2;6;0;0;1;1;0;0;0;0;500517,672600000165403;5404233,905500000342727;9,007048159000021;48,791100893000078;1
08250704336400263380;08;3;36;091;2025;07;16;6;2;5;3;0;0;1;0;0;0;0;0;395105,403800000436604;5274127,699699999764562;7,604240813000047;47,612061573000062;1
08250623222600131410;08;2;22;000;2025;06;12;2;3;6;7;0;0;0;1;1;0;0;0;462067,020600000396371;5485046,777200000360608;8,475937509000062;49,516856299000040;1
08250702215402193370;08;2;15;021;2025;07;17;4;3;0;7;0;0;1;0;0;0;0;0;470283,115500000305474;5444753,013599999248981;8,592446972000062;49,154877953000039;1
08250717117300265680;08;1;17;026;2025;07;09;5;3;4;2;0;0;1;1;0;0;0;0;547886,307000000029802;5394766,172000000253320;9,650853497000071;48,704090942000050;1
08250724121500277410;08;1;25;063;2025;07;12;5;3;6;4;0;0;0;1;1;0;0;0;525958,258000000379980;5463413,619000000879169;9,357214896000073;49,322901789000070;1
08250722336301253800;08;3;36;081;2025;07;13;3;3;6;4;0;0;0;1;1;0;0;0;411697,264999999664724;5277891,345000000670552;7,824205472000074;47,648392427000033;1
08250723226000253580;08;2;26;076;2025;07;11;4;3;5;3;0;0;1;0;0;0;0;1;474508,107499999925494;5465518,245200000703335;8,649068141000043;49,341852406000044;1
08250717115300308780;08;1;15;028;2025;07;14;5;3;1;5;0;0;1;1;0;0;0;0;501757,055900000035763;5407438,367300000041723;9,023936187000061;48,819925710000064;1
08250724135010273080;08;4;21;000;2025;07;06;5;3;0;2;0;1;1;1;0;0;0;0;572174,849200000055134;5360171,168299999088049;9,974936638000031;48,390570744000058;1
08250723417100391780;08;4;17;079;2025;07;06;4;3;0;1;0;0;1;0;0;0;0;0;502116,515700000338256;5340555,363700000569224;9,028493606000040;48,218220336000059;1
08250718317200250420;08;3;17;005;2025;07;19;6;2;0;7;0;0;1;0;0;0;0;0;423868,398500000126660;5379466,657600000500679;7,968110129000024;48,563668039000049;1
08250714121600220040;08;1;25;102;2025;07;20;2;3;1;5;0;0;1;1;0;0;0;0;521760,212199999950826;5444430,758500000461936;9,298415451000039;49,152312759000040;1
08250721111500265560;08;1;11;000;2025;07;16;2;2;2;6;0;0;1;1;0;0;0;0;508973,664800000376999;5396780,934200000017881;9,122014616000058;48,723989603000064;1
08250721116200263620;08;1;16;080;2025;07;16;2;3;3;6;0;0;1;1;0;0;0;0;516963,939799999818206;5396219,059399999678135;9,230634301000066;48,718768730000079;1
08250723326400282510;08;3;26;074;2025;07;09;4;3;6;7;0;0;0;1;1;0;0;0;459458,037800000049174;5324233,784099999815226;8,455770851000068;48,070090455000070;1
08250722336200250630;08;3;36;069;2025;07;12;3;3;2;6;0;0;1;1;0;0;0;0;409123,895800000056624;5268338,968699999153614;7,791927996000027;47,562104881000039;1
08250717435100298650;08;4;35;035;2025;07;11;5;2;6;7;0;0;0;1;1;0;0;0;539837,640300000086427;5281131,505200000479817;9,530799252000065;47,682343958000047;1
08250714111140250840;08;1;11;000;2025;07;12;2;2;3;6;0;0;1;0;0;0;0;0;509124,528500000014901;5398722,378299999982119;9,124108879000062;48,741452672000037;1
08250723111330256560;08;1;11;000;2025;07;13;4;3;6;7;0;0;1;0;1;0;0;0;510201,093999999575317;5409298,276799999177456;9,139014492000058;48,836575918000051;1
08250717221400298590;08;2;21;000;2025;07;08;5;2;0;7;0;0;1;0;0;0;0;0;478563,558100000023842;5468930,535099999979138;8,704712588000064;49,372701755000037;1
08250725121500285500;08;1;25;065;2025;07;08;6;3;5;3;0;0;1;1;0;0;0;0;516404,414099999703467;5449016,663399999961257;9,225154743000076;49,193730692000031;1
08250718311010236880;08;3;36;050;2025;07;07;6;3;5;3;0;0;1;1;0;0;0;0;398921,412899999879301;5273075,377000000327826;7,655245781000076;47,603202092000060;1
08250718136100235800;08;1;36;088;2025;07;17;6;2;0;7;0;0;1;0;0;0;0;0;580344,055999999865890;5413091,647299999371171;10,095522750000043;48,865579789000037;1
08250723435200253490;08;4;35;034;2025;07;18;4;3;6;2;0;0;0;1;1;0;0;0;528671,778900000266731;5285578,118100000545382;9,382321103000038;47,722943923000059;1
08250719436300257240;08;4;36;081;2025;07;20;7;2;8;1;0;1;1;0;0;0;0;0;556233,529000000096858;5272987,460999999195337;9,748195572000043;47,607853693000038;1
08250717226400265510;08;2;26;084;2025;07;10;5;3;4;6;0;0;1;0;0;0;0;0;469098,583100000396371;5469973,878900000825524;8,574254517000043;49,381679871000074;1
08250716436200264020;08;4;36;064;2025;07;17;4;3;1;5;0;0;1;1;0;0;0;0;545441,029000000096858;5292081,786299999803305;9,606598156000075;47,780495155000040;1
08250725222200289910;08;2;22;000;2025;07;22;6;3;6;6;2;0;1;0;1;0;0;0;461092,680200000293553;5482291,215099999681115;8,462748595000050;49,492009834000044;1
08250726135200291870;08;1;35;019;2025;07;10;7;3;5;3;0;0;1;1;0;0;0;1;584782,035899999551475;5392508,941800000146031;10,151780995000024;48,679865146000054;1