UIDENTSTLAE;ULAND;UREGBEZ;UKREIS;UGEMEINDE;UJAHR;UMONAT;USTUNDE;UWOCHENTAG;UKATEGORIE;UART;UTYP1;ULICHTVERH;IstStrassenzustand;IstRad;IstPKW;IstFuss;IstKrad;IstGkfz;IstSonstige;LINREFX;LINREFY;XGCSWGS84;YGCSWGS84;PLST
08250713416010243550;08;4;16;031;2025;07;10;1;2;5;3;0;0;1;1;0;0;0;0;502741,273699999786913;5362967,912000000476837;9,037050135000072;48,419856550000077;1
08250728116000303170;08;1;16;049;2025;07;16;2;3;5;2;0;1;1;1;0;0;0;0;522044,623200000263751;5387682,137199999764562;9,299252903000024;48,641811658000051;1
08250726121200263940;08;1;21;000;2025;07;15;7;3;6;4;0;1;0;1;1;0;0;0;516090,071299999952316;5442874,081599999219179;9,220594751000021;49,138484720000065;1
08250723117400296270;08;1;17;051;2025;07;18;4;3;5;3;0;0;1;0;0;0;0;0;543952,500300000421703;5394914,733200000599027;9,597405595000055;48,705716956000060;1
08250713436400215540;08;4;36;011;2025;07;17;1;3;0;1;0;0;1;0;0;0;0;0;548971,092199999839067;5297624,314899999648333;9,654344366000032;47,830102072000045;1
08250720436200254990;08;4;36;064;2025;07;12;1;3;0;6;0;0;1;1;0;0;0;0;545037,050900000147521;5291592,205299999564886;9,601154929000074;47,776118747000055;1
08250724317500305350;08;3;17;096;2025;07;12;5;3;6;6;0;0;0;1;1;0;0;0;422622,662399999797344;5369475,865499999374151;7,953081888000042;48,473649663000060;1
08250722136100245870;08;1;36;088;2025;07;07;3;3;0;7;0;0;1;0;0;0;0;0;580917,882000000216067;5409649,783999999985099;10,102665532000060;48,834548443000074;1
08250724421200254860;08;4;21;000;2025;07;13;5;3;0;1;0;0;1;0;0;0;0;0;573547,423399999737740;5365693,151300000026822;9,994442761000073;48,440083378000054;1
08250715226700295520;08;2;26;076;2025;07;07;3;3;3;2;0;0;1;1;0;0;0;0;475338,855499999597669;5465585,583900000900030;8,660500178000063;49,342492267000068;1
08250725212102262720;08;2;15;101;2025;07;16;6;3;5;3;0;0;1;1;0;0;0;0;465985,187500000000000;5427736,861199999228120;8,534936101000028;49,001591241000028;1
08250717128100248530;08;1;28;126;2025;07;09;5;2;0;1;0;0;1;0;0;0;0;0;564796,171600000001490;5486222,202099999412894;9,895345698000028;49,525151666000056;1
08250713311010257110;08;3;11;000;2025;07;18;1;3;5;3;0;0;1;0;0;0;0;1;415424,998599999584258;5315905,702700000256300;7,866411179000067;47,990856828000062;1
08250713226600248660;08;2;26;096;2025;07;01;1;3;0;7;2;0;1;0;0;0;0;0;475007,332000000402331;5487886,061000000685453;8,654529946000025;49,543066221000061;1
08250718117400234880;08;1;17;060;2025;07;20;6;3;0;1;0;0;1;0;0;0;0;0;542842,183299999684095;5388119,110500000417233;9,581610793000038;48,644663095000055;1
08250722425000284490;08;4;25;033;2025;07;09;3;3;0;1;0;0;1;0;0;0;0;0;551650,708899999968708;5349010,242699999362230;9,696353547000058;48,292182419000028;1
08250720115100244330;08;1;15;003;2025;07;18;1;3;0;7;0;0;1;0;0;0;0;0;497381,107300000265241;5392431,211300000548363;8,964418561000059;48,684918253000035;1
08250715119100227990;08;1;19;087;2025;07;15;3;3;9;7;0;0;1;0;0;0;0;0;530919,633600000292063;5425335,289100000634789;9,422563925000077;48,980150980000076;1
08250724115400259390;08;1;15;045;2025;07;15;5;3;0;7;0;0;1;1;0;0;0;0;497344,951999999582767;5396272,520600000396371;8,963902636000057;48,719474833000049;1
08250718116100236240;08;1;16;019;2025;07;12;6;3;2;7;0;0;1;0;0;0;0;1;522997,063099999912083;5398128,685900000855327;9,312763411000049;48,735754188000044;1
08250720326200299780;08;3;26;074;2025;07;10;1;3;0;7;0;0;1;0;1;0;0;0;464809,804800000041723;5321866,246600000187755;8,527804264000054;48,049108022000041;1
08250725237200304130;08;2;37;040;2025;07;12;6;3;5;3;0;1;1;1;0;0;0;0;476894,434500000439584;5365477,177799999713898;8,687576962000037;48,442013066000072;1
08250713116400220890;08;1;16;070;2025;07;16;1;3;8;1;0;0;1;0;0;0;0;0;539374,828099999576807;5382011,667300000786781;9,533961643000055;48,589949662000038;1
08250714118010250790;08;1;18;048;2025;07;10;2;3;0;2;0;1;1;0;0;0;0;1;513513,207399999722838;5415692,775100000202656;9,184360988000037;48,894036167000081;1
08250716118010267490;08;1;18;048;2025;07;07;4;3;5;3;0;0;1;1;0;0;0;0;514510,859699999913573;5415753,588400000706315;9,197974058000057;48,894560665000029;1
08250723436200283510;08;4;36;064;2025;07;22;4;3;0;6;2;0;1;0;0;0;0;0;545770,036700000055134;5291399,991699999198318;9,610918002000062;47,774337738000042;1
08250721311010312440;08;3;15;047;2025;07;05;2;3;5;3;2;0;1;0;0;0;1;0;415347,625000000000000;5321042,538000000640750;7,864360028000021;48,037054465000040;1
08250722231102269420;08;2;36;038;2025;07;17;3;3;5;2;0;1;1;1;0;0;0;0;485754,047100000083447;5427287,669399999082088;8,805236713000056;48,998323352000057;1
08250723437200255340;08;4;37;107;2025;07;19;4;3;0;1;0;0;1;0;0;0;0;0;508049,258000000379980;5328444,765000000596046;9,108133841000040;48,109214790000067;1
08250722436100269650;08;4;36;055;2025;07;16;3;2;8;1;0;0;1;0;0;0;0;0;574118,400000000372529;5299850,896999999880791;9,990697104000049;47,847725911000055;1
08250726435100280200;08;4;35;016;2025;07;13;7;3;6;3;0;0;1;0;1;0;0;0;536137,029400000348687;5278064,338600000366569;9,481240214000024;47,654964954000036;1
08250712421200213580;08;4;21;000;2025;07;19;7;3;0;1;0;0;1;0;0;0;0;0;574011,233699999749660;5362724,533800000324845;10,000188838000042;48,413325881000048;1
08250720126200241660;08;1;26;066;2025;07;13;1;3;4;6;0;0;1;0;0;0;0;0;536946,251299999654293;5449556,045399999246001;9,507137899000043;49,197688682000035;1
08250720335100239570;08;3;35;043;2025;07;16;1;3;0;1;0;0;1;0;0;0;0;0;513354,236200000159442;5278188,495400000363588;9,177846205000037;47,656953510000051;1
08250712415400216840;08;4;15;061;2025;07;17;7;3;6;1;0;0;1;0;1;0;0;0;515561,698200000450015;5370989,393400000408292;9,210624259000042;48,491834832000052;1
08250715116010253120;08;1;16;011;2025;07;20;3;3;5;3;0;0;1;1;0;0;0;0;529567,336699999868870;5379851,562400000169873;9,400812643000052;48,571057127000074;1
08250716111500227770;08;1;11;000;2025;07;19;4;3;5;2;0;0;1;1;0;0;0;0;515536,228600000031292;5407734,413000000640750;9,211658868000029;48,822397088000059;1
08250725416200305380;08;4;16;041;2025;07;12;6;2;0;1;0;0;1;0;0;0;0;0;504853,727500000037253;5373318,404200000688434;9,065721455000073;48,512961479000069;1
08250723421300252170;08;4;21;000;2025;07;20;4;3;0;1;0;0;1;0;0;0;0;0;572325,443099999800324;5360275,628200000151992;9,976988539000047;48,391493134000029;1
08250715416200224780;08;4;16;041;2025;07;20;3;3;8;1;0;0;1;0;0;0;0;0;501656,050599999725819;5376721,313999999314547;9,022437129000025;48,543591843000058;1
08250717436000267520;08;4;36;082;2025;07;14;5;2;0;5;0;0;1;1;0;0;0;0;548266,292200000025332;5295999,229100000113249;9,644746480000038;47,815534633000027;1
08250714231402256360;08;2;31;000;2025;07;20;2;3;6;2;0;0;0;1;1;0;0;0;476438,474799999967217;5415425,762099999934435;8,678566764000038;48,891333575000033;1
08250724116500291100;08;1;16;049;2025;07;13;5;3;5;7;0;0;1;1;0;0;0;0;525066,719200000166893;5386240,232100000604987;9,340189533000057;48,628726349000033;1
08250717317000257280;08;3;17;031;2025;07;20;5;2;5;1;0;0;1;0;0;1;0;0;418475,685999999754131;5357624,699500000104308;7,899287767000033;48,366526073000045;1
08250727336200283330;08;3;36;105;2025;07;14;1;2;0;7;0;1;1;0;0;0;0;0;399764,249400000087917;5267094,541600000113249;7,667821314000037;47,549532872000043;1
08250718212010237400;08;2;12;000;2025;07;17;6;3;3;6;0;0;1;1;0;0;0;0;455095,705099999904633;5428791,628799999132752;8,385942028000045;49,010382841000080;1
08250723311010252800;08;3;11;000;2025;07;14;4;3;3;6;0;0;1;1;0;0;0;0;414932,952999999746680;5319454,843000000342727;7,859113511000032;48,022717469000042;1
08250719231402289200;08;2;31;000;2025;07;12;7;3;5;3;0;0;1;1;0;0;0;0;480298,722400000318885;5414139,708100000396371;8,731290720000061;48,879899384000055;1
08250723311010280080;08;3;11;000;2025;07;00;4;2;4;6;2;0;1;1;0;0;0;0;418268,884999999776483;5315377,205499999225140;7,904622075000020;47,986472508000077;1
08250712212502251880;08;2;12;000;2025;07;15;7;3;5;3;0;0;1;1;0;0;0;0;453998,197999999858439;5427984,199599999934435;8,371026241000038;49,003039121000029;1
08250714337400293870;08;3;37;126;2025;07;19;2;3;0;1;0;0;1;0;0;0;0;0;437715,778900000266731;5277449,156799999997020;8,170672551000052;47,647441526000080;1
08250722117300282580;08;1;17;026;2025;07;17;3;3;6;7;0;0;0;0;1;0;0;1;548278,448400000110269;5394611,436400000005960;9,656164883000031;48,702668789000029;1
08250713116400220740;08;1;16;033;2025;07;14;1;3;0;1;0;0;1;0;0;0;0;0;530351,653400000184774;5388355,969100000336766;9,412066516000039;48,647525243000075;1
08250712416100286430;08;4;16;018;2025;07;16;7;3;5;3;0;0;1;1;0;0;0;0;492255,484000000171363;5362224,585999999195337;8,895341529000063;48,413127562000057;1
08250726116200305820;08;1;16;080;2025;07;22;7;3;1;7;2;0;1;1;0;0;0;0;519729,423799999989569;5394934,597599999979138;9,268170794000071;48,707132362000038;1
08250715335300225350;08;3;35;100;2025;07;14;3;3;0;1;0;0;1;0;0;0;0;0;486345,519500000402331;5286199,709499999880791;8,817904521000060;47,729029145000027;1
08250712116100266800;08;1;16;019;2025;07;13;7;3;0;6;0;0;1;1;0;0;0;0;522985,912999999709427;5399865,379000000655651;9,312708679000025;48,751377690000027;1
08250712317600216460;08;3;17;011;2025;07;15;7;3;5;3;0;0;1;1;0;0;0;0;428477,776899999938905;5355148,482400000095367;8,034731992000047;48,345464390000075;1
08250726436300288070;08;4;36;006;2025;07;02;7;2;9;1;2;0;1;0;0;0;0;0;556111,026999999769032;5283498,316500000655651;9,747915017000025;47,702430102000051;1
08250722111330283540;08;1;11;000;2025;07;14;3;3;4;6;0;0;1;0;0;0;0;0;516281,109699999913573;5408096,276799999177456;9,221821095000053;48,825633273000051;1
08250714215502223320;08;2;15;066;2025;07;12;2;3;6;4;0;0;0;1;1;0;0;0;460207,293899999931455;5453879,839299999177456;8,453363669000055;49,236402474000045;1
08250724212702291190;08;2;15;017;2025;07;12;5;3;1;5;0;0;1;1;0;0;0;0;456428,954199999570847;5421228,355499999597669;8,404983232000063;48,942445515000031;1
08250712216100228890;08;2;16;002;2025;07;09;7;3;2;6;0;0;1;1;0;0;0;0;444279,062500000000000;5422311,774599999189377;8,238926813000035;48,951215591000050;1
08250719325302268570;08;3;25;014;2025;07;12;7;3;5;3;0;0;1;1;0;0;0;0;465572,192300000227988;5339291,899499999359250;8,536625821000030;48,205922856000029;1
08250718311000245380;08;3;36;084;2025;07;12;6;3;0;1;0;0;1;0;0;0;0;0;406035,538399999961257;5277853,361500000581145;7,748842933000049;47,647253453000076;1
08250722311400304280;08;3;15;006;2025;07;16;3;3;5;3;0;0;1;1;0;0;0;0;402641,917299999855459;5307337,398099999874830;7,697057049000023;47,911967146000052;1
08250718311010268600;08;3;36;105;2025;07;12;6;3;5;3;0;0;1;1;0;0;0;0;400677,861499999649823;5267106,144600000232458;7,679957677000061;47,549777624000058;1
08250712116400216990;08;1;16;054;2025;07;15;7;3;0;4;0;0;1;0;1;0;0;0;533043,702999999746680;5381641,301999999210238;9,448078862000045;48,586983950000047;1
08250711436300210490;08;4;36;081;2025;07;12;6;3;5;2;0;0;1;1;0;0;0;0;563218,986999999731779;5281707,581800000742078;9,842388922000055;47,685662825000065;1
08250716116500229040;08;1;16;050;2025;07;14;4;3;0;1;0;0;1;0;0;0;0;0;527423,638600000180304;5388127,849700000137091;9,372300400000029;48,645608432000074;1
08250720136200268190;08;1;36;019;2025;07;01;1;3;0;7;2;0;1;0;0;0;0;0;584834,082399999722838;5423050,989800000563264;10,158803137000064;48,954555426000070;1
08250723226700264440;08;2;26;095;2025;07;09;4;3;6;7;0;0;0;1;1;0;0;0;474177,805800000205636;5462227,941800000146031;8,644734177000032;49,312242459000061;1
08250724317500255800;08;3;17;096;2025;07;11;5;3;5;2;0;0;1;0;0;0;0;1;420590,557799999602139;5369160,429800000041723;7,925652316000026;48,470559010000045;1
08250714316100220140;08;3;16;020;2025;07;10;2;3;5;3;0;1;1;1;0;0;0;0;408253,398699999786913;5337667,484200000762939;7,765633907000051;48,185614628000053;1
08250720416200268090;08;4;16;041;2025;07;00;1;3;0;1;2;0;1;0;0;0;0;0;503119,361999999731779;5373599,755000000819564;9,042239549000044;48,515503628000033;1
08250728135200269250;08;1;35;019;2025;07;07;2;2;5;3;0;1;1;1;0;0;0;0;583728,273299999535084;5392690,747800000011921;10,137505205000025;48,681642594000039;1
08250726119300290980;08;1;19;055;2025;07;00;7;3;0;7;2;1;1;0;0;0;0;0;543833,280600000172853;5405075,634899999946356;9,596866924000039;48,797127925000041;1
08250713415100220760;08;4;15;050;2025;07;15;1;3;0;1;0;0;1;1;0;0;0;0;521003,042999999597669;5376431,605699999257922;9,284544918000051;48,540636095000082;1
08250723231102268980;08;2;36;040;2025;07;21;4;3;0;7;0;0;1;0;0;0;0;0;488835,169499999843538;5422048,054700000211596;8,847503879000044;48,951253162000057;1
08250711237200235740;08;2;37;040;2025;07;10;6;3;1;5;0;0;1;1;0;0;0;0;477627,370500000193715;5366891,365800000727177;8,697411673000033;48,454762083000048;1
08250725311010275840;08;3;11;000;2025;07;07;6;3;0;1;0;1;1;0;0;0;0;0;410334,900200000032783;5316165,174499999731779;7,798147680000056;47,992497378000053;1
08250721222301244450;08;2;22;000;2025;07;06;2;3;3;6;0;0;1;0;0;0;0;1;465684,327100000344217;5484008,147900000214577;8,526000737000061;49,507729903000040;1
08250716436000225980;08;4;36;010;2025;07;09;4;3;6;3;0;0;0;1;1;0;0;0;566915,014600000344217;5306496,433900000527501;9,895456130000071;47,908301438000080;1
08250714335300219720;08;3;35;075;2025;07;12;2;2;6;2;0;1;0;1;1;0;0;0;487690,390800000168383;5290074,334899999201298;8,835729924000077;47,763918335000028;1
08250711127202231800;08;1;27;014;2025;07;15;6;2;5;3;0;0;1;0;0;0;0;0;577279,156399999745190;5443528,115399999544024;10,059531149000065;49,139717295000025;1
08250719118010278840;08;1;18;048;2025;07;15;7;2;0;7;0;0;1;0;0;0;0;0;511144,112999999895692;5415430,739000000059605;9,152032364000036;48,891726097000060;1
08250727336200283320;08;3;36;105;2025;07;14;1;3;0;1;0;1;1;0;0;0;0;0;399777,298299999907613;5267091,316500000655651;7,667995427000051;47,549505875000079;1
08250719311010235210;08;3;11;000;2025;07;01;7;3;2;6;2;0;1;1;0;0;0;0;410544,210799999535084;5318849,018400000408292;7,800392878000025;48,016668424000045;1
08250724317500289070;08;3;17;096;2025;07;09;5;3;0;1;0;0;1;0;0;0;0;0;421910,339900000020862;5369358,876099999994040;7,943467688000055;48,472509292000041;1
08250713426000255630;08;4;26;100;2025;07;12;1;2;5;3;0;0;1;1;0;0;0;0;577392,149199999868870;5319835,686100000515580;10,038040873000057;48,027119430000027;1
08250726121600265970;08;1;25;102;2025;07;12;7;3;5;3;0;0;1;1;0;0;0;0;521703,918999999761581;5444131,813999999314547;9,297627359000046;49,149625669000045;1
08250727415200263820;08;4;15;053;2025;07;03;1;2;0;7;1;0;1;0;0;0;0;0;534936,471699999645352;5361558,037699999287724;9,472063905000027;48,406210174000080;1
08250717235100247180;08;2;35;079;2025;07;17;5;3;5;3;0;0;1;1;0;0;0;0;468927,858599999919534;5402516,742200000211596;8,577085855000064;48,774877669000034;1
08250720136000272670;08;1;36;065;2025;07;11;1;3;6;4;0;0;1;0;1;0;0;0;558523,092699999921024;5405588,847799999639392;9,796949909000034;48,800535055000068;1
08250711235200241900;08;2;35;046;2025;07;09;6;3;6;3;0;0;0;1;1;0;0;0;480362,666799999773502;5381224,171299999579787;8,733731016000036;48,583795244000044;1
08250711119300247470;08;1;19;076;2025;07;15;6;2;6;4;0;0;0;1;1;0;0;0;542087,976599999703467;5406287,420399999246001;9,573227034000070;48,808149118000074;1
08250711116500211610;08;1;16;049;2025;07;16;6;3;0;1;0;0;1;1;0;0;0;0;525540,257500000298023;5384886,093100000172853;9,346532568000043;48,616525294000041;1
08250727115200292310;08;1;15;021;2025;07;18;1;3;5;3;0;1;1;1;0;0;0;0;488803,247999999672174;5383832,374199999496341;8,848108702000047;48,607466972000054;1
08250713311100216910;08;3;15;015;2025;07;11;1;3;0;7;0;0;1;0;0;0;0;1;396120,281999999657273;5319431,244000000879169;7,606881200000032;48,019722960000081;1
08250718119500246940;08;1;19;085;2025;07;07;6;3;3;6;0;0;1;1;0;0;0;0;529702,963899999856949;5413290,054800000041723;9,405059405000031;48,871857694000028;1
08250723115100285580;08;1;15;003;2025;07;07;4;3;5;2;0;0;1;1;0;0;0;0;500353,905500000342727;5392205,325699999928474;9,004808124000022;48,682891555000026;1
08250723136000288620;08;1;36;042;2025;07;17;4;3;3;6;0;0;1;1;0;0;0;0;550489,821700000204146;5405978,790999999269843;9,687612072000036;48,804747105000047;1
08250712316100246840;08;3;16;043;2025;07;18;7;3;8;1;0;0;1;1;0;0;0;0;412361,813000000081956;5330235,753000000491738;7,822427119000054;48,119346074000077;1
08250711136000243590;08;1;36;065;2025;07;09;6;3;5;3;0;0;1;1;0;0;0;0;558242,277999999932945;5405613,945000000298023;9,793129802000067;48,800787180000043;1
08250711115400232130;08;1;15;045;2025;07;17;6;3;5;2;0;0;1;1;0;0;0;0;501012,103500000201166;5394434,981599999591708;9,013755799000023;48,702949038000042;1
08250723336400255840;08;3;36;019;2025;07;17;4;3;5;3;0;0;1;1;0;0;0;0;394235,836699999868870;5276887,086300000548363;7,592007188000025;47,636741073000053;1
08250728118200298450;08;1;18;019;2025;07;18;2;3;3;2;0;0;1;1;0;0;0;0;505580,279500000178814;5405470,947100000455976;9,075992775000032;48,802204405000055;1
08250718421300252780;08;4;21;000;2025;07;14;6;3;0;1;0;0;1;0;0;0;0;0;572126,130199999548495;5361919,039200000464916;9,974578934000021;48,406298868000079;1
08250717221200242320;08;2;21;000;2025;07;19;5;3;6;4;0;0;1;0;1;0;0;0;478118,242700000293553;5472980,283800000324845;8,698355487000072;49,409112927000081;1
08250719118300270850;08;1;18;003;2025;07;11;7;3;0;7;0;0;0;1;1;0;0;0;509659,493300000205636;5416528,720599999651313;9,131804625000029;48,901628193000079;1
08250714311010250440;08;3;36;069;2025;07;08;2;3;1;7;0;1;1;1;0;0;0;0;407835,160199999809265;5269339,198699999600649;7,774590177000050;47,570921053000063;1
08250722136100248950;08;1;36;088;2025;07;21;3;3;0;7;1;0;1;0;0;0;0;0;581512,646499999798834;5409143,182600000873208;10,110668052000051;48,829914178000081;1
08250711115400210680;08;1;15;045;2025;07;19;6;3;1;5;0;0;1;1;0;0;0;0;502107,034900000318885;5394783,036100000143051;9,028639111000075;48,706077426000036;1
08250716121500227150;08;1;25;103;2025;07;10;4;3;3;6;0;0;1;0;0;0;0;0;530211,259600000455976;5462211,113199999555945;9,415648456000042;49,311889689000054;1
08250721416010270900;08;4;15;061;2025;07;20;2;2;6;1;1;0;0;1;1;0;0;0;515656,801199999637902;5370935,911499999463558;9,211909444000071;48,491351327000075;1
08250711415400242530;08;4;15;061;2025;07;13;6;3;0;2;0;0;1;1;0;0;0;0;516832,053600000217557;5374140,710599999874830;9,227945212000066;48,520152346000032;1
08250723111500251170;08;1;11;000;2025;07;15;4;3;0;3;0;0;1;1;0;0;0;0;514087,694099999964237;5404733,407099999487400;9,191821779000065;48,795434985000043;1
08250713335100237860;08;3;35;043;2025;07;15;1;3;0;1;0;0;1;0;0;0;0;0;513353,969899999909103;5278187,012900000438094;9,177842613000053;47,656940176000035;1
08250718335100252070;08;3;35;043;2025;07;11;6;3;2;6;0;0;1;0;0;0;0;0;513767,719399999827147;5280000,455700000748038;9,183409877000031;47,673248260000037;1
08250724121200288380;08;1;21;000;2025;07;17;5;3;5;7;0;0;1;1;0;0;0;0;515574,251500000245869;5443211,130499999970198;9,213535943000068;49,141529882000043;1
08250715116010255600;08;1;16;019;2025;07;10;3;2;5;3;0;0;1;0;0;0;0;0;522496,220999999903142;5397281,807499999180436;9,305905768000059;48,728154033000067;1
08250723335300252610;08;3;35;100;2025;07;09;4;3;2;7;0;0;1;0;0;0;0;1;489171,938400000333786;5286077,853499999269843;8,855600395000067;47,727986353000063;1
08250710436400207980;08;4;36;082;2025;07;09;5;3;0;1;0;0;1;0;0;0;0;0;548108,943799999542534;5295231,460599999874830;9,642559519000031;47,808638869000049;1
08250713115400252310;08;1;15;029;2025;07;20;1;3;5;3;0;0;1;1;0;0;0;0;498703,233900000341237;5398271,206900000572205;8,982363207000049;48,737459404000049;1
08250714311010250650;08;3;11;000;2025;07;09;2;3;0;1;0;0;1;1;0;0;0;0;413271,911000000312924;5316941,769999999552965;7,837349275000065;47,999888219000070;1
08250712231402213280;08;2;31;000;2025;07;11;7;3;0;1;0;0;1;0;0;0;0;0;475842,698800000362098;5412877,171900000423193;8,670589739000036;48,868384393000042;1
08250719231302256230;08;2;31;000;2025;07;09;7;3;5;2;0;0;1;1;0;0;0;0;481493,787999999709427;5417677,173000000417233;8,747430002000044;48,911758160000034;1
08250711311400212280;08;3;15;130;2025;07;18;6;3;5;3;0;0;1;1;0;0;0;0;409811,972799999639392;5299797,027000000700355;7,794565635000026;47,845187184000054;1
08250711226700231790;08;2;26;054;2025;07;12;6;3;5;3;0;0;1;0;0;1;0;0;480065,505599999800324;5454868,997899999842048;8,726103779000027;49,246268817000043;1
08250710415400206620;08;4;15;061;2025;07;07;5;3;5;3;0;0;1;1;0;0;0;0;515089,608199999667704;5372706,557600000873208;9,204296731000056;48,507294547000072;1
08250712212010289410;08;2;12;000;2025;07;20;7;3;1;5;0;0;1;1;0;0;0;0;456662,321899999864399;5428933,646800000220537;8,407348840000054;49,011772325000038;1
08250719337200240760;08;3;37;126;2025;07;15;7;2;9;1;0;1;1;0;0;0;0;0;443404,714399999938905;5273990,072399999946356;8,246862121000049;47,616842715000075;1
08250715311010226900;08;3;36;050;2025;07;16;3;2;2;6;0;0;1;1;0;0;0;0;399271,071000000461936;5273460,484200000762939;7,659807838000063;47,606720696000082;1
08250712416010236720;08;4;15;092;2025;07;10;7;3;5;3;0;0;1;0;1;0;0;0;518960,739000000059605;5364206,520999999716878;9,256321700000058;48,430720217000044;1
08250727311010266080;08;3;11;000;2025;07;09;1;3;0;1;0;0;1;0;0;0;0;0;417232,827899999916553;5314648,207900000736117;7,890879797000025;47,979781553000066;1
08250721231102245360;08;2;36;033;2025;07;16;2;3;0;7;0;1;1;0;0;0;0;0;482075,066999999806285;5429886,066099999472499;8,754825295000046;49,021601414000031;1
08250715216100257770;08;2;16;043;2025;07;07;3;3;5;3;0;0;1;0;0;0;0;0;441450,191200000233948;5412061,621799999848008;8,201761954000062;48,858755209000037;1
08250710337400233870;08;3;37;002;2025;07;11;5;3;6;4;0;0;0;1;1;0;0;0;435028,868800000287592;5271608,927999999374151;8,135766334000039;47,594634223000071;1
08250710317000233760;08;3;17;057;2025;07;12;5;3;5;2;0;0;1;1;0;0;0;0;413030,008399999700487;5379500,650399999693036;7,821229561000052;48,562563689000058;1
08250726317200287870;08;3;17;153;2025;07;11;7;3;5;3;0;0;1;1;0;0;0;0;421222,611399999819696;5389767,155099999159575;7,930300083000077;48,655990591000034;1
08250718311400300040;08;3;15;074;2025;07;14;6;3;0;7;0;0;1;0;0;0;0;1;397118,819099999964237;5295948,427200000733137;7,625873150000075;47,808663168000066;1
08250713127100252260;08;1;27;025;2025;07;20;1;3;0;7;0;0;1;0;0;0;0;0;555949,806599999777973;5429598,611899999901652;9,765201846000025;49,016738857000064;1
08250721415400284380;08;4;15;061;2025;07;15;2;3;3;3;0;0;1;0;0;0;0;1;515854,630599999800324;5371284,029999999329448;9,214600193000024;48,494478163000053;1
08250727311010296810;08;3;11;000;2025;07;14;1;3;0;7;0;0;1;0;0;0;0;0;414625,603000000119209;5319625,744000000879169;7,854958252000074;48,024213778000046;1
08250713437000241840;08;4;37;086;2025;07;10;1;2;4;1;0;0;1;1;0;0;0;0;530664,512900000438094;5315356,928999999538064;9,411004346000027;47,990777710000032;1
08250715311000225410;08;3;37;066;2025;07;13;3;3;4;3;0;0;1;0;0;0;0;0;428181,458599999547005;5267860,732599999755621;8,045309026000041;47,560190865000038;1
08250727212070296330;08;2;12;000;2025;07;22;1;3;0;7;2;1;1;0;0;0;0;0;454997,403500000014901;5428943,543299999088049;8,384581010000034;49,011742162000075;1
08250717121600260830;08;1;25;102;2025;07;17;5;3;5;3;0;0;1;1;0;0;0;0;520465,454599999822676;5443999,960899999365211;9,280637731000070;49,148482139000066;1
08250712417100286490;08;4;17;079;2025;07;17;7;3;6;1;0;0;0;0;1;1;0;0;501075,070000000298023;5344731,583000000566244;9,014483739000070;48,255795625000076;1
08250716111250305120;08;1;11;000;2025;07;15;4;3;5;3;0;0;1;1;0;0;0;0;516800,006299999542534;5403123,956800000742078;9,228687257000047;48,780889193000064;1
08250723335200253740;08;3;35;063;2025;07;18;4;3;0;1;0;0;1;0;0;0;0;0;498281,359500000253320;5286910,166200000792742;8,977077431000055;47,735563733000049;1
08250711128200213190;08;1;28;115;2025;07;13;6;3;0;7;0;0;1;0;0;0;0;0;546973,682300000451505;5498634,992599999532104;9,650579247000053;49,638437402000079;1
08250715421300224930;08;4;21;000;2025;07;13;3;3;0;1;0;1;1;0;0;0;0;0;572362,537100000306964;5360405,457200000062585;9,977511908000054;48,392656724000062;1
08250721216200274150;08;2;16;007;2025;07;21;2;3;0;3;1;1;1;1;0;0;0;0;436309,566200000233948;5394352,856399999931455;8,134428653000043;48,698959587000047;1
08250721121400266030;08;1;25;013;2025;07;13;2;3;0;7;0;0;1;1;0;0;0;0;504918,260599999688566;5436145,590399999171495;9,067347583000071;49,078150012000037;1
08250710222200285120;08;2;22;000;2025;07;11;5;3;6;7;0;0;1;0;1;0;0;0;461500,593299999833107;5481806,812100000679493;8,468428184000061;49,487678910000056;1
08250722311010280370;08;3;11;000;2025;07;00;3;3;0;1;2;0;1;0;0;0;0;0;412897,663999999873340;5316237,189999999478459;7,832476323000037;47,993499413000052;1
08250723425000272970;08;4;25;036;2025;07;17;4;2;4;6;0;0;1;0;0;0;0;1;548543,670300000347197;5340409,390200000256300;9,653480742000056;48,215053413000078;1
08250720121200258900;08;1;21;000;2025;07;19;1;3;0;3;0;0;1;1;0;0;0;0;516819,539699999615550;5442085,058399999514222;9,230562754000061;49,131367654000030;1
08250722115100286670;08;1;15;003;2025;07;16;3;3;6;7;0;0;0;0;1;0;0;1;500399,727199999615550;5392730,848200000822544;9,005431162000036;48,687619186000063;1
08250718311010235360;08;3;11;000;2025;07;21;6;3;6;7;2;0;0;1;1;0;0;0;412640,681599999777973;5317882,477399999275804;7,828697444000056;48,008264215000054;1
08250714311400254410;08;3;15;076;2025;07;14;2;3;3;6;0;0;1;0;0;0;0;1;391913,722400000318885;5297234,391000000759959;7,556053127000041;47,819376791000082;1
08250723222014278270;08;2;22;000;2025;07;16;4;3;4;6;0;0;1;0;0;0;0;0;462267,085099999792874;5478650,169299999251962;8,479311942000038;49,459334622000029;1
08250710222000219280;08;2;22;000;2025;07;22;5;2;4;6;2;0;1;0;0;0;0;0;462532,491600000299513;5485782,434900000691414;8,482298088000050;49,523502073000031;1