UIDENTSTLAE;ULAND;UREGBEZ;UKREIS;UGEMEINDE;UJAHR;UMONAT;USTUNDE;UWOCHENTAG;UKATEGORIE;UART;UTYP1;ULICHTVERH;IstStrassenzustand;IstRad;IstPKW;IstFuss;IstKrad;IstGkfz;IstSonstige;LINREFX;LINREFY;XGCSWGS84;YGCSWGS84;PLST
08250718436200250160;08;4;36;064;2025;07;08;6;3;4;2;0;0;1;1;0;0;0;0;545781,830199999734759;5293227,602499999105930;9,611268146000043;47,790779945000054;1
08250714316100254580;08;3;16;011;2025;07;15;2;2;0;1;0;0;1;0;0;0;0;0;414441,443900000303984;5330278,888000000268221;7,850356048000037;48,120016976000045;1
08250723116400285880;08;1;16;072;2025;07;07;4;3;5;2;0;0;1;0;0;0;0;1;530520,341900000348687;5393540,222999999299645;9,414739214000065;48,694154042000036;1
08250715421300239350;08;4;21;000;2025;07;16;3;3;5;3;0;0;1;1;0;0;0;0;573558,216599999926984;5361300,254200000315905;9,993818047000047;48,400567261000049;1
08250726435200266110;08;4;35;036;2025;07;18;7;3;0;1;0;0;1;0;0;0;0;0;521091,422699999995530;5281727,393999999389052;9,281056736000039;47,688589098000080;1
08250723311010251420;08;3;36;091;2025;07;12;4;3;6;4;0;0;0;1;1;0;0;0;396637,680599999614060;5272052,104900000616908;7,625113027000054;47,593637378000039;1
08250715116010250580;08;1;16;019;2025;07;08;3;3;0;7;0;0;1;0;0;0;0;0;523829,557900000363588;5398143,330399999395013;9,324086123000029;48,735854643000039;1
08250726235100289540;08;2;35;057;2025;07;14;7;3;5;3;0;1;1;1;0;0;0;0;488720,271999999880791;5397005,908999999985099;8,846623872000066;48,725976012000046;1
08250710215502210720;08;2;15;066;2025;07;17;5;3;0;7;0;0;1;0;0;0;0;0;458786,934500000439584;5454583,280700000002980;8,433780703000025;49,242635819000043;1
08250720221400273820;08;2;21;000;2025;07;02;1;3;0;7;2;0;1;0;0;0;0;0;473989,975200000219047;5472905,609999999403954;8,641452443000048;49,408278793000079;1
08250719121200301370;08;1;21;000;2025;07;20;7;3;0;1;1;0;1;0;0;0;0;0;516089,937400000169873;5443373,396400000900030;9,220612850000066;49,142976225000041;1
08250715222400297120;08;2;26;038;2025;07;18;3;3;5;5;0;0;1;1;0;0;0;0;471249,645800000056624;5480959,241599999368191;8,603093665000074;49,480595533000042;1
08250716116200244280;08;1;16;078;2025;07;08;4;3;4;6;0;0;1;0;0;0;0;0;509489,947399999946356;5394919,895500000566244;9,128991666000047;48,707239978000075;1
08250717426300231350;08;4;26;020;2025;07;06;5;3;0;1;0;1;1;0;0;0;0;0;541155,668899999931455;5329787,029500000178814;9,553002538000044;48,120011572000067;1
08250720117400290960;08;1;17;051;2025;07;21;1;3;0;1;2;1;1;0;0;0;0;0;543166,562400000169873;5395427,246999999508262;9,586777261000066;48,710382218000063;1
08250711335200229250;08;3;35;063;2025;07;16;6;3;0;1;0;0;1;0;0;0;0;0;498151,872399999760091;5287325,404200000688434;8,975348618000055;47,739299521000078;1
08250710215102208060;08;2;12;000;2025;07;18;5;3;5;2;0;0;1;1;0;0;0;0;458788,786000000312924;5431958,388499999418855;8,436119792000056;49,039125991000049;1
08250722311010247140;08;3;11;000;2025;07;13;3;3;2;6;0;0;1;1;0;0;0;0;413503,261599999852479;5316971,673200000077486;7,840444004000062;48,000188554000033;1
08250714311010255210;08;3;11;000;2025;07;19;2;3;5;3;0;0;1;1;0;0;0;0;411926,186599999666214;5315799,367799999192357;7,819547277000026;47,989428001000078;1
08250711121500248970;08;1;25;005;2025;07;15;6;3;6;4;0;0;0;1;1;0;0;0;515431,873499999754131;5453044,209000000730157;9,211961309000060;49,229984613000056;1
08250710212402243930;08;2;12;000;2025;07;16;5;3;0;7;0;0;1;0;0;0;0;0;455756,000900000333786;5426287,281500000506639;8,395243717000028;48,987903643000038;1
08250723417010283600;08;4;17;002;2025;07;15;4;3;4;7;0;0;1;1;0;0;0;1;488897,963399999774992;5346751,784299999475479;8,850376501000028;48,273874489000036;1
08250713127202220670;08;1;27;014;2025;07;16;1;3;5;3;0;0;1;1;0;0;0;0;578277,533200000412762;5442996,780300000682473;10,073113651000028;49,134812154000031;1
08250723316100287400;08;3;16;011;2025;07;13;4;3;6;7;0;0;1;0;1;0;0;0;414582,309799999929965;5329730,954600000753999;7,852358246000051;48,115107125000065;1
08250710226600239210;08;2;26;096;2025;07;14;5;3;4;6;0;0;1;0;0;0;0;1;475322,114799999631941;5491744,426999999210238;8,658639223000023;49,577783510000074;1
08250715116100259160;08;1;16;058;2025;07;20;3;3;0;1;0;0;1;0;0;0;0;0;534012,900399999693036;5395324,425599999725819;9,462344851000069;48,710023737000029;1
08250710435200208150;08;4;35;066;2025;07;07;5;3;3;6;0;0;1;0;0;0;0;0;519955,189799999818206;5287002,418500000610948;9,266157438000050;47,736087445000067;1
08250712235100309620;08;2;35;050;2025;07;18;7;3;1;2;0;0;1;1;0;0;0;0;471961,019199999980628;5391687,478700000792742;8,619104764000042;48,677603367000074;1
08250718311400264950;08;3;15;007;2025;07;11;6;3;4;2;0;0;1;1;0;0;0;0;400510,220800000242889;5294980,547199999913573;7,671379485000045;47,800490247000027;1
08250716211100230870;08;2;11;000;2025;07;14;4;3;6;4;0;0;0;1;1;0;0;0;444216,764899999834597;5400922,814999999478459;8,240990260000046;48,758815202000051;1
08250712212102216660;08;2;15;101;2025;07;11;7;3;1;5;0;0;1;1;0;0;0;0;468221,802000000141561;5428138,105000000447035;8,565483621000055;49,005319772000064;1
08250710215502208100;08;2;15;106;2025;07;07;5;3;5;3;0;0;1;1;0;0;0;0;464306,871299999766052;5455916,369500000029802;8,509496255000045;49,254973611000025;1
08250722436400249370;08;4;36;082;2025;07;13;3;3;6;4;0;0;0;1;1;0;0;0;548140,322900000028312;5295087,157700000330806;9,642962578000038;47,807338241000082;1
08250725212010290320;08;2;12;000;2025;07;11;6;3;1;5;0;0;1;1;0;0;0;0;455941,783400000073016;5425935,517599999904633;8,397821098000065;48,984752760000049;1
08250710212010245660;08;2;12;000;2025;07;09;5;3;5;3;0;0;1;1;0;0;0;0;453747,481999999843538;5429612,546000000089407;8,367412927000032;49,017667444000040;1
08250726212502283800;08;2;12;000;2025;07;19;7;3;3;2;0;1;1;1;0;0;0;0;454009,935700000263751;5428460,729399999603629;8,371132744000022;49,007326413000044;1
08250710212010223100;08;2;12;000;2025;07;12;5;3;0;7;0;0;1;0;0;0;0;0;455637,665400000289083;5428627,605399999767542;8,393370723000032;49,008946635000029;1
08250725216300285460;08;2;16;015;2025;07;14;6;3;5;3;0;0;1;1;0;0;0;0;449367,191800000146031;5406953,982000000774860;8,310320468000043;48,813507573000038;1
08250725222014490470;08;2;22;000;2025;07;20;6;3;0;7;0;0;1;0;0;0;0;0;468477,277900000102818;5479299,896299999207258;8,564953703000072;49,465532708000069;1
08250712226400289350;08;2;26;063;2025;07;15;7;3;3;6;0;0;1;0;0;0;0;1;470962,327100000344217;5471173,867900000885129;8,599843991000057;49,392565226000045;1
08250717136000267590;08;1;36;065;2025;07;17;5;3;6;6;0;0;1;0;1;0;0;0;558668,441599999554455;5406390,924599999561906;9,799043640000036;48,807736073000058;1
08250712226600247380;08;2;26;096;2025;07;11;7;3;5;3;0;0;1;1;0;0;0;0;474652,631699999794364;5486327,982799999415874;8,649727243000029;49,529037175000042;1
08250720311010276850;08;3;11;000;2025;07;13;1;3;0;1;0;0;1;0;0;0;0;0;410095,996500000357628;5314933,254899999126792;7,795204156000068;47,981382451000059;1
08250714111110239890;08;1;11;000;2025;07;10;2;3;6;6;0;0;0;0;1;0;0;1;512823,917000000365078;5402179,120999999344349;9,174534246000064;48,772484200000065;1
08250717119500271360;08;1;19;085;2025;07;21;5;3;6;3;1;0;0;1;1;0;0;0;529045,432699999772012;5413776,182600000873208;9,396127401000058;48,876261854000063;1
08250715216200261080;08;2;16;028;2025;07;17;3;3;5;3;0;0;1;1;0;0;0;0;425906,581100000068545;5395783,890200000256300;7,992813442000056;48,710682492000046;1
08250717111500249270;08;1;11;000;2025;07;18;5;1;6;2;0;0;0;1;1;0;0;0;509080,452100000344217;5406928,072100000455976;9,123690599000042;48,815271271000029;1
08250717212010246760;08;2;12;000;2025;07;18;5;3;5;3;0;0;1;1;0;0;0;0;460622,229500000365078;5426841,622500000521541;8,461701572000038;48,993219537000073;1
08250723111000271660;08;1;11;000;2025;07;16;4;2;5;3;0;0;1;1;0;0;0;0;513312,016300000250340;5401913,400399999693036;9,181168672000069;48,770083545000034;1
08250728127202271020;08;1;27;014;2025;07;12;2;3;6;6;0;0;0;0;1;0;0;1;578460,824199999682605;5443672,484400000423193;10,075757466000027;49,140865931000064;1
08250710212702284910;08;2;15;017;2025;07;09;5;3;5;2;0;0;1;1;0;0;0;0;456649,815200000070035;5421340,636600000783801;8,407987248000040;48,943471027000044;1
08250710436400227560;08;4;36;011;2025;07;16;5;3;5;3;0;0;1;0;0;0;0;0;549052,979000000283122;5297129,694000000134110;9,655382424000038;47,825645791000056;1
08250712222500291490;08;2;22;000;2025;07;16;7;3;5;2;0;0;1;1;0;0;0;0;462004,079599999822676;5479264,686000000685453;8,475623828000039;49,464845508000053;1
08250722325302285640;08;3;25;053;2025;07;16;3;3;5;3;0;0;1;1;0;0;0;0;458866,199000000022352;5344756,666400000452995;8,445841308000070;48,254686909000043;1
08250710211100241570;08;2;16;049;2025;07;14;5;3;0;1;0;0;1;0;0;0;0;0;438979,062400000169873;5403192,187200000509620;8,169394769000064;48,778736914000035;1
08250723111250253230;08;1;11;000;2025;07;15;4;3;4;2;0;0;1;1;0;0;0;0;518488,760800000280142;5403020,802400000393391;9,251670283000067;48,779913326000042;1
08250725221011306950;08;2;26;012;2025;07;14;6;3;0;3;0;0;1;0;0;0;0;1;476511,861200000159442;5477928,300899999216199;8,675918476000049;49,453559452000036;1
08250712226600251860;08;2;26;107;2025;07;18;7;3;4;6;0;0;1;1;0;0;0;0;476042,450299999676645;5483037,132400000467896;8,669132393000041;49,499493635000078;1
08250718317100234900;08;3;17;001;2025;07;22;6;2;0;1;2;0;1;0;0;0;0;0;431854,891999999992549;5386418,309599999338388;8,075203087000034;48,627117875000067;1
08250717121600232720;08;1;25;046;2025;07;15;5;3;0;7;0;0;1;0;0;0;0;0;519612,942699999548495;5433319,270500000566244;9,268428939000046;49,052433302000054;1
08250718335100234690;08;3;35;043;2025;07;21;6;3;0;1;0;0;1;0;0;0;0;0;513361,592699999921024;5278229,453099999576807;9,177945428000044;47,657321882000076;1
08250710126200244560;08;1;26;066;2025;07;11;5;3;5;3;0;0;1;1;0;0;0;0;536523,989799999631941;5449006,860400000587106;9,501292093000075;49,192774085000053;1
08250714316100274310;08;3;16;024;2025;07;20;2;3;6;3;0;0;0;1;1;0;0;0;410320,905899999663234;5334943,197599999606609;7,794018678000043;48,161405182000067;1
08250710235100407150;08;2;35;029;2025;07;10;5;3;6;7;0;0;0;1;1;0;0;0;487684,203800000250340;5393678,091600000858307;8,832635310000057;48,696019249000074;1
08250726311010292040;08;3;15;098;2025;07;11;7;3;3;6;0;0;1;1;0;0;0;0;406890,931800000369549;5312167,640799999237061;7,752862872000037;47,956046992000040;1
08250719212010274930;08;2;15;017;2025;07;17;7;3;5;2;0;0;1;1;0;0;0;0;456430,146900000050664;5421116,985700000077486;8,405011428000023;48,941443803000027;1
08250710415400389010;08;4;15;061;2025;07;07;5;3;5;3;0;0;1;1;0;0;0;0;514816,381500000134110;5369991,603800000622869;9,200501235000047;48,482876368000063;1
08250725119400277850;08;1;19;079;2025;07;20;6;3;0;3;0;0;1;1;0;0;0;0;522595,789499999955297;5408156,714800000190735;9,307857321000029;48,825979318000066;1
08250720426100484540;08;4;26;021;2025;07;22;1;3;0;1;2;0;1;0;0;0;0;0;558882,440000000409782;5326429,423000000417233;9,790711071000032;48,088413125000045;1
08250710121500285050;08;1;25;069;2025;07;16;5;3;5;3;0;0;1;0;0;0;0;1;523991,189399999566376;5453701,796399999409914;9,329563693000068;49,235624147000067;1
08250714311300257730;08;3;11;000;2025;07;13;2;3;1;5;0;0;1;1;0;0;0;0;415030,273299999535084;5315483,896999999880791;7,861205101000053;47,987010179000038;1
08250715436300223360;08;4;36;081;2025;07;10;3;3;5;3;0;1;1;1;0;0;0;0;561991,541100000031292;5281212,310699999332428;9,825964711000040;47,681325897000079;1
08250711326000217860;08;3;35;077;2025;07;13;6;3;0;1;0;0;1;0;0;0;0;0;494334,443300000391901;5294130,839900000020862;8,924340842000049;47,800509480000073;1
08250718119400237770;08;1;19;091;2025;07;12;6;3;4;6;0;0;1;0;0;0;0;0;527656,480600000359118;5406244,019700000062585;9,376676574000044;48,808568529000070;1
08250711121400227100;08;1;25;058;2025;07;09;6;3;0;7;0;0;1;1;0;0;0;0;508349,362700000405312;5443563,026499999687076;9,114484296000057;49,144836020000071;1
08250721436000242200;08;4;37;076;2025;07;08;2;3;5;3;0;1;1;1;0;0;0;0;524842,392099999822676;5322060,777599999681115;9,333359124000026;48,051344946000029;1
08250726416010295240;08;4;15;078;2025;07;19;7;2;8;1;0;0;1;0;0;0;0;0;529222,294999999925494;5371365,586999999359250;9,395540325000070;48,494732337000073;1
08250723436000268330;08;4;36;010;2025;07;13;4;3;5;3;0;0;1;0;0;0;0;0;563287,331000000238419;5306251,242000000551343;9,846880158000033;47,906463873000064;1
08250724335100257070;08;3;35;043;2025;07;17;5;3;5;2;0;0;1;1;0;0;0;0;512041,685600000433624;5280329,568800000473857;9,160425292000070;47,676243960000079;1
08250723111230264710;08;1;11;000;2025;07;07;4;3;4;6;0;0;1;0;0;1;0;0;510393,085699999704957;5397123,385099999606609;9,141323008000029;48,727048245000049;1
08250710121500207920;08;1;25;027;2025;07;19;5;3;0;1;0;0;1;0;0;0;0;0;519361,501899999566376;5446419,155600000172853;9,265616022000074;49,170279248000043;1
08250719336100293470;08;3;36;050;2025;07;00;7;2;0;7;2;0;1;0;0;0;0;0;401906,122800000011921;5276716,910399999469519;7,694128128000045;47,636417888000040;1
08250711335100211690;08;3;35;066;2025;07;17;6;3;5;2;0;0;1;1;0;0;0;0;509097,605000000447035;5281704,142999999225140;9,121231550000061;47,688660056000060;1
08250720311400276170;08;3;15;022;2025;07;18;1;2;0;1;0;1;1;0;0;0;0;0;398196,530299999751151;5300502,741399999707937;7,639192674000071;47,849800231000074;1
08250725311400292780;08;3;15;076;2025;07;16;6;3;5;3;0;0;1;1;0;0;0;0;391733,555399999953806;5295360,999900000169873;7,554114926000068;47,802496063000035;1
08250724436000253720;08;4;35;029;2025;07;08;5;3;0;1;1;1;1;0;0;0;0;0;545044,591699999757111;5271307,286699999123812;9,599161884000068;47,593610968000064;1
08250712335100245540;08;3;35;002;2025;07;10;7;3;6;7;0;0;0;1;1;0;0;0;504169,401300000026822;5285100,901599999517202;9,055592542000056;47,719273488000056;1
08250714118400255310;08;1;18;048;2025;07;08;2;3;5;3;0;0;1;1;0;0;0;0;515083,957499999552965;5416270,731300000101328;9,205811972000049;48,899199050000050;1
08250712216300224680;08;2;16;015;2025;07;19;7;3;0;1;0;0;1;0;0;0;0;0;451204,298899999819696;5405823,869000000879169;8,335476623000034;48,803488846000050;1
08250710119400238970;08;1;19;079;2025;07;07;5;2;4;6;0;0;1;0;0;0;0;1;525397,599700000137091;5407765,734699999913573;9,346005805000061;48,822353909000071;1
08250714117400256020;08;1;17;051;2025;07;22;2;3;0;1;2;0;1;0;0;0;0;0;543225,890999999828637;5395164,819900000467896;9,587556205000055;48,708017420000033;1
08250722121400248120;08;1;25;056;2025;07;06;3;3;0;1;0;1;1;0;0;0;0;0;509929,847599999979138;5435216,388599999248981;9,135950157000025;49,069730961000062;1
08250716311010228220;08;3;11;000;2025;07;08;4;3;5;3;0;1;1;0;0;0;0;0;410713,737300000153482;5315356,059699999168515;7,803392664000057;47,985272207000037;1
08250725231000290430;08;2;31;000;2025;07;16;6;3;1;6;0;0;1;1;0;0;0;0;477237,440600000321865;5415534,041899999603629;8,689460287000031;48,892337488000067;1
08250719226200273000;08;2;26;032;2025;07;21;7;3;1;5;2;0;1;1;0;0;0;0;466171,409500000067055;5464564,785299999639392;8,534386138000059;49,332870833000072;1
08250717119200249950;08;1;19;020;2025;07;18;5;3;1;5;0;0;1;1;0;0;0;0;520085,516499999910593;5406959,900000000372529;9,273597825000024;48,815299275000029;1
08250717111340232440;08;1;11;000;2025;07;13;5;3;5;3;0;0;1;1;0;0;0;0;513216,934299999848008;5406401,724199999123812;9,180019050000055;48,810462088000065;1
08250719221200289180;08;2;21;000;2025;07;22;7;3;0;7;2;0;1;0;0;0;0;0;476188,455099999904633;5472791,718499999493361;8,671764718000077;49,407344358000046;1
08250716136000227450;08;1;36;079;2025;07;07;4;3;5;3;0;0;1;1;0;0;0;0;561172,225200000219047;5401844,078800000250340;9,832463789000030;48,766595791000043;1
08250717311000233320;08;3;15;131;2025;07;13;5;2;6;4;0;0;1;0;1;0;0;0;405152,375900000333786;5308008,449200000613928;7,730498200000056;47,918379569000081;1
08250710118010223790;08;1;15;045;2025;07;11;5;2;5;2;0;0;0;1;1;0;0;0;500646,332700000144541;5393556,675300000235438;9,008783125000036;48,695048203000056;1
08250710221400261220;08;2;21;000;2025;07;16;5;3;6;7;0;0;1;0;1;0;0;0;476148,951999999582767;5469639,866000000387430;8,671409355000037;49,378992362000076;1
08250726212010280420;08;2;12;000;2025;07;10;7;3;5;3;0;0;1;1;0;0;0;0;463805,233199999667704;5422185,891200000420213;8,505626080000070;48,951534523000078;1
08250720216300289790;08;2;16;017;2025;07;18;1;3;6;7;0;0;0;0;1;1;0;0;453483,222500000149012;5400511,158099999651313;8,367111197000042;48,755873556000040;1
08250714311400257150;08;3;15;006;2025;07;15;2;3;5;3;0;0;1;0;0;0;0;1;403082,150200000032783;5307667,699500000104308;7,702872857000045;47,915004900000042;1
08250713337200286870;08;3;37;126;2025;07;09;1;2;6;4;0;0;0;1;1;0;0;0;445365,575500000268221;5276091,742599999532104;8,272691668000050;47,635919882000053;1
08250710116200236990;08;1;16;047;2025;07;19;5;2;1;1;0;0;1;0;0;0;0;1;519762,976099999621511;5392637,866900000721216;9,268516939000051;48,686469926000029;1
08250725116200288280;08;1;16;078;2025;07;07;6;3;4;6;0;0;1;1;0;0;0;0;509125,736700000241399;5394660,412399999797344;9,124035425000045;48,704911089000063;1
08250710119200225260;08;1;19;020;2025;07;15;5;3;5;2;0;0;1;1;0;0;0;0;519960,611600000411272;5407497,770999999716878;9,271922605000043;48,820141881000040;1
08250719311010268640;08;3;36;105;2025;07;12;7;3;0;7;0;0;1;1;0;0;0;0;399406,762299999594688;5267410,826600000262260;7,662999107000076;47,552322718000028;1
08250719416010239430;08;4;16;011;2025;07;23;7;3;0;1;2;0;1;0;0;0;0;0;504165,031100000254810;5367473,792600000277162;9,056337961000054;48,460385858000052;1
08250723116100283630;08;1;16;019;2025;07;11;4;2;6;7;0;0;0;1;1;0;0;0;525731,327100000344217;5399965,524700000882149;9,350063856000077;48,752171186000055;1
08250710116100256680;08;1;16;019;2025;07;12;5;3;0;1;0;0;1;0;0;0;0;0;523891,746899999678135;5395779,755799999460578;9,324794941000050;48,714589774000046;1
08250716111500229630;08;1;11;000;2025;07;17;4;3;5;3;0;1;1;1;0;0;0;0;511746,800699999555945;5403347,969599999487400;9,159908089000055;48,783020348000036;1
08250716311010266410;08;3;11;000;2025;07;17;4;3;6;7;0;0;0;1;1;0;0;0;413797,287700000219047;5315763,949699999764562;7,844627407000075;47,989364358000046;1
08250710436000207080;08;4;35;057;2025;07;13;5;3;0;3;0;0;1;1;0;0;0;0;542848,641999999992549;5278600,847400000318885;9,570667770000057;47,659382380000068;1
08250722235200283180;08;2;35;060;2025;07;14;3;2;0;1;0;0;1;0;0;0;0;0;476468,909199999645352;5379455,996799999848008;8,681035153000039;48,567754311000044;1
08250712222400216370;08;2;22;000;2025;07;18;7;3;3;2;0;0;1;1;0;0;0;0;468493,758000000379980;5479288,995600000023842;8,565182007000033;49,465435516000070;1
08250710225200259780;08;2;25;014;2025;07;07;5;2;4;2;0;0;1;0;0;0;0;1;518809,743599999696016;5491856,829600000753999;9,260195169000042;49,579005467000059;1
08250710116100228160;08;1;16;056;2025;07;17;5;3;0;3;0;0;1;1;0;0;0;0;531633,746799999848008;5396244,390300000086427;9,430076013000075;48,718424797000068;1
08250715115400258760;08;1;15;045;2025;07;14;3;3;5;3;0;0;1;1;0;0;0;0;501440,848799999803305;5393978,417700000107288;9,019581409000068;48,698840907000033;1
08250723111130250140;08;1;11;000;2025;07;07;4;3;8;6;0;0;1;1;0;0;0;0;510625,199400000274181;5400356,955399999395013;9,144562629000063;48,756133507000072;1
08250722326200264630;08;3;26;074;2025;07;13;3;3;0;1;0;0;1;0;0;0;0;0;462806,276999999769032;5323482,218000000342727;8,500780652000060;48,063532895000037;1
08250723327100337460;08;3;27;050;2025;07;12;4;3;4;6;0;0;1;0;0;0;0;1;485824,177199999801815;5314833,081700000911951;8,810013113000025;47,986642715000073;1
08250710116100207760;08;1;16;019;2025;07;22;5;3;5;2;2;0;1;1;0;0;0;0;524733,416000000201166;5397731,598999999463558;9,336353824000071;48,732115530000044;1
08250720335300261040;08;3;35;035;2025;07;14;1;3;0;1;0;0;1;0;0;0;0;0;485004,770200000144541;5289921,437300000339746;8,799896161000049;47,762485750000053;1
08250714335100255060;08;3;35;043;2025;07;17;2;3;0;2;0;0;1;1;0;0;0;0;511621,182799999602139;5280525,258700000122190;9,154828376000069;47,678012408000029;1
08250713311200242750;08;3;11;000;2025;07;23;1;3;1;5;2;0;1;1;0;0;0;0;414667,428799999877810;5316970,484699999913573;7,856047563000061;48,000334324000050;1
08250712221200216060;08;2;21;000;2025;07;13;7;3;3;6;0;0;1;1;0;0;0;0;476442,677799999713898;5472851,904699999839067;8,675265474000071;49,407895617000065;1
08250711119400222850;08;1;19;079;2025;07;08;6;3;0;7;0;0;1;0;0;0;0;0;522717,074099999852479;5409270,600299999117851;9,309571468000058;48,835995129000025;1
08250711426300211710;08;4;26;097;2025;07;14;6;3;2;6;0;0;1;0;0;0;0;0;535217,105999999679625;5333296,502599999308586;9,473500247000061;48,151941374000046;1
08250725118300299390;08;1;18;046;2025;07;20;6;3;6;7;0;0;0;0;1;0;0;1;513850,062800000421703;5411236,384600000455976;9,188805772000023;48,853940086000080;1
08250725436300272420;08;4;36;081;2025;07;09;6;3;1;5;0;1;1;0;0;0;0;0;562119,576200000010431;5280316,925599999725819;9,827543052000067;47,673258044000079;1
08250723311010267640;08;3;11;000;2025;07;19;4;3;5;3;0;0;1;0;0;0;0;1;412732,075400000438094;5317408,049200000241399;7,830019107000055;48,004009078000081;1
08250717211100232870;08;2;11;000;2025;07;13;5;3;8;1;0;0;1;0;0;0;0;0;443905,978600000031292;5401642,205000000074506;8,236663904000068;48,765258326000037;1
08250717111110267360;08;1;11;000;2025;07;17;5;3;6;4;0;0;1;0;1;0;0;0;513133,844700000248849;5402324,999600000679493;9,178757018000056;48,773790049000070;1
08250721226500282350;08;2;26;085;2025;07;18;2;3;0;7;0;1;1;0;0;0;0;0;491147,660899999551475;5456037,210999999195337;8,878344113000026;49,257037778000040;1
08250718416010271530;08;4;16;036;2025;07;18;6;3;4;6;0;0;1;0;0;0;0;0;497425,513700000010431;5371989,030999999493361;8,965148595000073;48,501015404000043;1
08250716127100242300;08;1;27;076;2025;07;09;4;3;6;7;0;1;1;0;1;0;0;0;553462,752000000327826;5439890,563999999314547;9,732549905000042;49,109533269000053;1
08250712415100246200;08;4;15;050;2025;07;10;7;3;3;2;0;0;1;1;0;0;0;0;520623,068500000052154;5375879,592299999669194;9,279369839000026;48,535682660000077;1
08250722311400283130;08;3;15;006;2025;07;12;3;3;5;3;0;0;1;1;0;0;0;0;402559,874300000257790;5307410,136800000444055;7,695942921000039;47,912608968000029;1
08250710212302210840;08;2;12;000;2025;07;08;5;3;5;2;0;0;1;1;0;0;0;0;454300,485100000165403;5429319,266400000080466;8,375008802000025;49,015070592000029;1
08250714316100239930;08;3;16;017;2025;07;14;2;3;5;3;0;0;0;1;1;0;0;0;408856,771800000220537;5341981,345300000160933;7,772823105000043;48,224503816000038;1
08250717337400297560;08;3;37;065;2025;07;07;5;3;9;1;0;1;1;0;0;0;0;0;446830,186599999666214;5275635,711999999359250;8,292242820000070;47,631938882000043;1
08250726335100266200;08;3;35;066;2025;07;14;7;3;0;1;0;1;1;0;0;0;0;0;503272,667600000277162;5283658,630300000309944;9,043625152000061;47,706301624000048;1
08250710116010250510;08;1;16;056;2025;07;20;5;3;6;1;0;0;0;0;1;0;0;1;530566,827499999664724;5395316,074799999594688;9,415502362000041;48,710127058000069;1
08250713317010215530;08;3;17;129;2025;07;16;1;3;0;1;0;0;1;0;0;0;0;0;430334,294900000095367;5349512,202099999412894;8,060715436000066;48,294970896000052;1
08250723326000254390;08;3;35;022;2025;07;09;4;3;5;3;0;0;1;0;0;0;0;0;482693,877000000327826;5297788,797000000253320;8,768744792000064;47,833213881000063;1
08250714118300259220;08;1;18;003;2025;07;15;2;3;5;3;0;0;1;1;0;0;0;0;509498,578200000338256;5416882,967299999669194;9,129617171000064;48,904817394000077;1
08250714435100256720;08;4;35;057;2025;07;18;2;3;3;3;0;0;1;1;0;0;0;0;544317,450000000186265;5280281,564999999478459;9,590399136000030;47,674405228000069;1
08250718436000233890;08;4;35;052;2025;07;12;6;3;5;3;0;0;1;1;0;0;0;0;521815,426300000399351;5289795,431099999696016;9,291108600000030;47,761157261000051;1
08250711119200211450;08;1;19;020;2025;07;13;6;3;0;7;0;0;1;0;0;0;0;0;519371,349499999545515;5408734,484699999913573;9,263953623000077;48,831285759000082;1
08250710317000207280;08;3;17;034;2025;07;15;5;3;4;6;0;0;1;1;0;0;0;0;426872,701899999752641;5362466,343200000002980;8,011799828000051;48,411106611000037;1
08250717116500269430;08;1;16;035;2025;07;18;5;3;0;1;0;0;1;0;0;0;0;0;526223,995600000023842;5391840,000399999320507;9,356249779000052;48,679054324000049;1
08250722116200283440;08;1;16;077;2025;07;15;3;3;0;2;0;0;0;1;1;0;0;0;517600,470099999569356;5391782,618300000205636;9,239099120000049;48,678840813000079;1
08250720436300241510;08;4;36;085;2025;07;16;1;3;0;1;0;0;1;0;0;0;0;0;560427,119199999608099;5294640,081800000742078;9,806987720000052;47,802279698000063;1
08250714126100221430;08;1;26;046;2025;07;13;2;3;0;1;0;0;1;0;0;0;0;0;550784,049999999813735;5459247,362999999895692;9,698295876000032;49,283867797000028;1
08250711111230211090;08;1;11;000;2025;07;08;6;3;5;3;0;0;1;0;0;0;0;1;507789,676199999637902;5396923,416699999943376;9,105918686000052;48,725287302000027;1
08250713337400230120;08;3;37;128;2025;07;12;1;3;0;1;0;0;1;0;0;0;0;0;446794,033200000412762;5279777,049499999731779;8,291257661000031;47,669195728000034;1
08250710111340207780;08;1;11;000;2025;07;09;5;3;0;7;0;0;1;1;0;0;0;0;508596,675999999977648;5406790,867100000381470;9,117097918000070;48,814043872000070;1
08250716111370279620;08;1;11;000;2025;07;15;4;3;0;7;0;0;1;0;0;0;0;0;508638,994800000451505;5406796,852600000798702;9,117674480000062;48,814097130000050;1
08250728117300295880;08;1;17;026;2025;07;07;2;3;5;3;0;0;1;1;0;0;0;0;550906,370699999853969;5393229,180700000375509;9,691708634000065;48,690025858000070;1
08250711336400229930;08;3;36;091;2025;07;19;6;3;4;3;0;0;1;1;0;0;0;0;397017,961500000208616;5272501,206199999898672;7,630064431000051;47,597737666000057;1
08250710221400285090;08;2;21;000;2025;07;12;5;3;4;2;0;0;1;1;0;0;0;0;477504,653500000014901;5471269,974300000816584;8,689994021000075;49,393706564000070;1