UIDENTSTLAE;ULAND;UREGBEZ;UKREIS;UGEMEINDE;UJAHR;UMONAT;USTUNDE;UWOCHENTAG;UKATEGORIE;UART;UTYP1;ULICHTVERH;IstStrassenzustand;IstRad;IstPKW;IstFuss;IstKrad;IstGkfz;IstSonstige;LINREFX;LINREFY;XGCSWGS84;YGCSWGS84;PLST
08250721231000278860;08;2;31;000;2025;07;18;2;2;5;3;0;1;1;1;0;0;0;0;477867,065100000239909;5415201,354699999094009;8,698067875000049;48,889367556000082;1
08250709436400259650;08;4;36;082;2025;07;18;4;3;3;2;0;0;1;1;0;0;0;0;547618,913700000382960;5296196,338099999353290;9,636120942000048;47,817356249000056;1
08250715119100228000;08;1;19;087;2025;07;15;3;3;8;7;0;0;1;0;0;0;0;0;530734,872000000439584;5425164,364800000563264;9,420026027000063;48,978622667000081;1
08250716222200232220;08;2;22;000;2025;07;16;4;3;3;2;0;0;1;1;0;0;0;0;461221,118999999947846;5481982,518500000238419;8,464552346000062;49,489241499000059;1
08250709417300275320;08;4;17;031;2025;07;18;4;3;9;1;0;0;1;0;0;0;0;0;495789,358300000429153;5358115,679700000211596;8,943139057000053;48,376195058000064;1
08250710415400224520;08;4;15;061;2025;07;07;5;3;0;1;0;0;1;0;0;0;0;0;515087,324000000022352;5370947,665999999269843;9,204202242000065;48,491471007000030;1
08250710336400229370;08;3;36;104;2025;07;15;5;3;4;6;0;0;1;0;0;0;0;1;402711,472099999897182;5287063,780600000172853;7,702540274000057;47,729613443000062;1
08250728136000271550;08;1;27;025;2025;07;06;2;3;6;4;0;1;0;1;1;0;0;0;556154,486800000071526;5427592,820699999108911;9,767723473000046;48,998678578000067;1
08250722136000247300;08;1;36;065;2025;07;12;3;3;5;3;0;0;1;1;0;0;0;0;559033,269999999552965;5405627,587999999523163;9,803902208000068;48,800835284000073;1
08250714226200256610;08;2;26;032;2025;07;10;2;3;1;5;0;0;1;1;0;0;0;0;466638,409599999897182;5462823,148800000548363;8,540959327000053;49,317230843000061;1
08250726317000305730;08;3;17;065;2025;07;14;7;3;6;6;0;0;0;1;1;0;0;0;414057,754099999554455;5353719,880599999800324;7,840447995000034;48,330816914000081;1
08250727311010282850;08;3;36;084;2025;07;14;1;2;8;1;0;0;1;0;0;0;0;0;405389,811700000427663;5276629,266400000080466;7,740511812000022;47,636147939000068;1
08250717416010257630;08;4;16;031;2025;07;07;5;3;0;1;0;0;1;0;0;0;0;0;502456,286399999633431;5363157,998900000005960;9,033199456000034;48,421567847000063;1
08250723426100313050;08;4;26;128;2025;07;06;4;3;1;5;0;0;1;0;0;0;1;0;559563,268400000408292;5331089,100199999287724;9,800503526000057;48,130268948000037;1
08250721311010243870;08;3;11;000;2025;07;07;2;3;0;3;0;0;1;1;0;0;0;0;415241,731800000183284;5319584,815999999642372;7,863228179000032;48,023927673000060;1
08250728121600302200;08;1;25;102;2025;07;07;2;3;5;3;0;1;1;1;0;0;0;0;520804,205000000074506;5444192,028000000864267;9,285292792000064;49,150198451000051;1
08250721116010281640;08;1;16;011;2025;07;18;2;2;5;3;0;0;1;1;0;0;0;0;528537,934999999590218;5380247,401000000536442;9,386885654000025;48,574665851000077;1
08250723435200271980;08;4;35;020;2025;07;17;4;3;8;1;0;0;1;0;0;0;0;0;522948,696399999782443;5296529,091299999505281;9,306587059000037;47,821703256000035;1
08250728116010295590;08;1;16;004;2025;07;16;2;3;5;3;0;1;1;1;0;0;0;0;527368,669999999925494;5396483,851999999955297;9,372107506000077;48,720780801000046;1
08250711135200212840;08;1;35;025;2025;07;16;6;3;0;1;0;0;1;0;0;0;0;0;578760,906399999745190;5397475,134199999272823;10,070945575000053;48,725322322000068;1
08250714121400224410;08;1;25;038;2025;07;13;2;3;6;4;0;0;0;0;1;0;0;1;501134,560100000351667;5434773,676000000908971;9,015532114000052;49,065827553000076;1
08250720211100244180;08;2;16;049;2025;07;16;1;3;9;1;0;0;1;0;0;0;0;0;439272,892900000326335;5402658,279799999669194;8,173472747000062;48,773963153000068;1
08250709337400255110;08;3;11;000;2025;07;12;4;3;5;3;0;0;1;1;0;0;0;0;413431,371000000275671;5314728,377399999648333;7,839932849000036;47,979999579000037;1
08250724111310277820;08;1;11;000;2025;07;17;5;3;1;3;0;1;1;1;0;0;0;0;516832,581000000238419;5407102,407999999821186;9,229293738000024;48,816677902000038;1
08250716317600268810;08;3;17;078;2025;07;14;4;3;4;6;0;0;1;1;0;0;0;0;437810,983500000089407;5343652,168099999427795;8,162371775000054;48,243034278000039;1
08250716115100228320;08;1;15;003;2025;07;09;4;3;6;7;0;0;0;1;1;0;0;0;499852,932000000029802;5391795,140900000929832;8,998002095000061;48,679201568000053;1
08250721118600279530;08;1;18;076;2025;07;18;2;3;5;3;0;0;1;1;0;0;0;0;505553,980999999679625;5422725,360999999567866;9,075869033000060;48,957421847000035;1
08250719212402300190;08;2;12;000;2025;07;00;7;2;0;7;2;0;0;1;1;0;0;0;453005,829699999652803;5429029,133799999952316;8,357337710000024;49,012363585000060;1
08250710225200228090;08;2;25;014;2025;07;07;5;3;0;1;0;0;1;0;0;0;0;0;524558,008000000379980;5487056,489199999719858;9,339410240000063;49,535622324000030;1
08250715222014226490;08;2;26;096;2025;07;12;3;3;5;7;0;0;1;1;0;0;0;0;476154,545699999667704;5488329,388399999588728;8,670360606000031;49,547100035000028;1
08250714421200255460;08;4;21;000;2025;07;07;2;2;0;1;0;0;1;0;0;0;0;0;573015,963299999944866;5360917,873099999502301;9,986426489000053;48,397190698000031;1
08250720135100302290;08;1;35;016;2025;07;15;1;2;5;3;0;0;1;0;0;1;0;0;589115,347699999809265;5383489,197399999946356;10,208696543000030;48,598136441000065;1
08250724221300274440;08;2;21;000;2025;07;20;5;3;5;3;0;1;1;0;0;0;0;0;476747,826299999840558;5474059,313999999314547;8,679401110000072;49,418767793000029;1
08250724317500286980;08;3;17;096;2025;07;08;5;3;0;1;0;1;1;0;0;0;0;0;422242,145399999804795;5369098,187300000339746;7,948004616000048;48,470205533000069;1
08250718311010267670;08;3;11;000;2025;07;23;6;3;4;6;2;0;1;0;0;0;0;0;411644,235000000335276;5323059,757200000807643;7,814272144000029;48,054697950000048;1
08250720316100289560;08;3;16;011;2025;07;11;1;3;0;1;0;0;1;0;0;0;0;0;414447,748499999754131;5330406,759899999946356;7,850415079000072;48,121168054000066;1
08250709336200210810;08;3;36;069;2025;07;19;4;3;0;1;0;0;1;0;0;0;0;0;407629,103600000031292;5267584,779600000008941;7,772220002000040;47,555109339000069;1
08250711111140248700;08;1;11;000;2025;07;17;6;3;5;3;0;0;1;0;0;0;0;0;511723,746000000275671;5400680,056900000199676;9,159518203000061;48,759020398000075;1
08250724311010254440;08;3;36;050;2025;07;11;5;3;5;3;0;0;1;1;0;0;0;0;401183,673000000417233;5277016,317999999970198;7,684445525000058;47,639001311000072;1
08250718436400264560;08;4;36;082;2025;07;17;6;3;5;3;0;0;1;1;0;0;0;0;547832,673000000417233;5294759,606000000610948;9,638817731000074;47,804414220000069;1
08250728118400270910;08;1;18;048;2025;07;15;2;3;1;5;0;1;1;1;0;0;0;0;513628,795500000007451;5415830,496200000867248;9,185942545000046;48,895272538000029;1
08250709335000275850;08;3;35;043;2025;07;13;4;2;6;4;0;0;0;0;1;0;0;1;511888,201500000432134;5280720,391100000590086;9,158391151000046;47,679763287000071;1
08250718136100234450;08;1;36;082;2025;07;15;6;2;4;6;0;0;1;1;0;0;0;0;591097,582100000232458;5416588,339700000360608;10,242896462000033;48,895541756000057;1
08250723222301282950;08;2;22;000;2025;07;10;4;3;1;5;0;0;1;1;0;0;0;0;461646,053000000305474;5481184,079399999231100;8,470496903000026;49,482086969000079;1
08250723116010290010;08;1;16;048;2025;07;11;4;3;5;3;0;0;1;1;0;0;0;0;533265,568599999882281;5390968,570800000801682;9,451835805000030;48,670879559000070;1
08250726316200308140;08;3;16;055;2025;07;14;7;3;3;6;0;0;1;0;0;0;0;0;426749,459400000050664;5332127,557700000703335;8,015392634000023;48,138182239000059;1
08250721226700281610;08;2;26;098;2025;07;11;2;3;5;3;0;0;1;1;0;0;0;0;476540,708899999968708;5459897,321900000795722;8,677379687000041;49,291373891000035;1
08250714325202287710;08;3;25;049;2025;07;20;2;3;5;3;0;0;1;1;0;0;0;0;472467,897400000132620;5334271,840199999511242;8,629760312000030;48,161095445000058;1
08250723215502286850;08;2;15;106;2025;07;10;4;2;0;7;0;0;1;0;0;0;0;0;464860,886900000274181;5455470,444299999624491;8,517148512000063;49,250994629000047;1
08250717118400263900;08;1;18;048;2025;07;10;5;3;0;1;0;0;1;0;0;0;0;0;513990,080099999904633;5416459,069599999114871;9,190893182000025;48,900918959000080;1
08250727437200294820;08;4;37;031;2025;07;21;1;3;0;7;2;0;1;0;0;0;0;0;516471,471699999645352;5343509,348799999803305;9,221861299000068;48,244586312000081;1
08250726216200262320;08;2;16;007;2025;07;22;7;3;0;1;2;1;1;0;0;0;0;0;437580,293800000101328;5394250,117599999532104;8,151711740000053;48,698163882000074;1
08250717226700264350;08;2;26;098;2025;07;13;5;3;5;2;0;0;1;0;0;0;0;1;476610,852199999615550;5459373,285499999299645;8,678374970000050;49,286662861000082;1
08250709317500206360;08;3;17;096;2025;07;15;4;3;0;7;0;0;0;0;1;0;0;1;421985,364000000059605;5369562,134999999776483;7,944444638000050;48,474346901000047;1
08250716226700230610;08;2;26;098;2025;07;13;4;3;5;3;0;0;1;0;0;0;0;0;477735,441499999724329;5460183,435100000351667;8,693793871000025;49,293992190000040;1
08250709317000204680;08;3;17;034;2025;07;13;4;3;0;1;0;0;1;0;0;0;0;0;428695,751199999824166;5361610,596400000154972;8,036577213000044;48,403617859000065;1
08250724119500255040;08;1;19;085;2025;07;17;5;3;5;3;0;0;1;1;0;0;0;0;528202,101300000213087;5413534,257899999618530;9,384609471000033;48,874124531000064;1
08250717311010261680;08;3;11;000;2025;07;20;5;2;4;2;0;0;1;1;0;0;0;0;414454,451299999840558;5318024,249199999496341;7,852982854000061;48,009784865000029;1
08250712116100232810;08;1;16;019;2025;07;13;7;3;3;3;0;0;1;1;0;0;0;0;524195,395200000144541;5397797,301200000569224;9,329041174000054;48,732727704000069;1
08250718336200266940;08;3;36;069;2025;07;19;6;3;7;7;0;0;1;0;0;1;0;0;407678,195199999958277;5269212,444299999624491;7,772530334000066;47,569758483000044;1
08250715127202239010;08;1;27;014;2025;07;22;3;3;3;6;2;0;1;0;0;0;0;1;578037,584599999710917;5443093,059100000187755;10,069843413000058;49,135708593000061;1
08250727311010285410;08;3;15;064;2025;07;13;1;3;0;7;0;0;1;0;0;0;0;0;422230,180300000123680;5314482,172199999913573;7,957864963000077;47,978914996000071;1
08250721118600281600;08;1;18;073;2025;07;10;2;3;5;3;0;0;1;1;0;0;0;0;497341,345700000412762;5419455,826799999922514;8,963703314000043;48,928029316000050;1
08250723311010290520;08;3;11;000;2025;07;17;4;3;5;3;0;0;1;1;0;0;0;0;409638,714999999850988;5316349,332000000402331;7,788779539000075;47,994055908000064;1
08250717231000268210;08;2;36;076;2025;07;15;5;3;4;6;0;0;1;1;0;0;0;0;471702,039800000376999;5423875,990499999374151;8,613365872000031;48,967149594000034;1
08250714226700253250;08;2;26;095;2025;07;08;2;3;5;3;0;0;1;1;0;0;0;0;473828,383200000040233;5462275,551599999889731;8,639923743000054;49,312655829000050;1
08250709231000204380;08;2;31;000;2025;07;07;4;3;8;1;0;0;1;0;0;0;0;0;479621,180999999865890;5414000,889000000432134;8,722056641000052;48,878628705000040;1
08250724212402298200;08;2;12;000;2025;07;20;5;3;0;1;1;0;1;0;0;0;0;0;455528,908200000412762;5427200,417199999094009;8,392039908000072;48,996101099000043;1
08250710316100261070;08;3;16;043;2025;07;12;5;3;0;1;0;0;1;0;0;0;0;0;411504,122200000099838;5331103,759600000455976;7,810724858000071;48,127035190000072;1
08250717436000246080;08;4;37;076;2025;07;14;5;3;3;1;0;0;1;0;0;0;0;0;524593,005599999800324;5321826,238199999555945;9,329999193000049;48,049244465000072;1
08250718216300267910;08;2;16;033;2025;07;22;6;3;0;1;2;0;1;0;0;0;0;0;446584,881000000052154;5413676,778000000864267;8,271548626000026;48,873747069000046;1
08250726317200265800;08;3;17;057;2025;07;11;7;3;9;1;0;0;1;0;0;0;0;0;413192,595499999821186;5382772,388800000771880;7,822749580000050;48,592013482000027;1
08250718212402277660;08;2;12;000;2025;07;12;6;3;2;6;0;0;1;0;0;0;0;0;455472,816599999554455;5428165,467800000682473;8,391167328000051;49,004777790000048;1
08250723119200273050;08;1;19;020;2025;07;13;4;3;5;2;0;0;1;0;0;0;0;1;519928,876600000075996;5407611,794999999925494;9,271495825000045;48,821168637000028;1
08250725121200350560;08;1;21;000;2025;07;16;6;3;5;2;0;0;1;1;0;0;0;0;515134,019199999980628;5444305,242799999192357;9,207541134000053;49,151382786000056;1
08250717416010232090;08;4;16;006;2025;07;22;5;2;0;1;2;0;1;0;0;0;0;0;498308,208800000138581;5360113,848799999803305;8,977145824000047;48,394183530000078;1
08250713221200221080;08;2;21;000;2025;07;15;1;3;6;6;0;0;1;0;1;0;0;0;479864,006299999542534;5473422,165999999269843;8,722398474000045;49,413147873000071;1
08250720425000255010;08;4;25;017;2025;07;10;1;3;0;1;0;0;1;0;0;0;0;0;559526,738699999637902;5369782,169099999591708;9,805471068000031;48,478348424000046;1
08250709226700220950;08;2;26;065;2025;07;07;4;3;2;6;0;0;1;1;0;0;0;0;478291,010999999940395;5458002,358999999240041;8,701552977000063;49,274393297000074;1
08250724212010283190;08;2;12;000;2025;07;18;5;3;5;2;0;0;1;1;0;0;0;0;455087,148099999874830;5427634,223899999633431;8,385953043000029;48,999971255000048;1
08250719311010237260;08;3;15;047;2025;07;17;7;3;2;6;0;0;1;1;0;0;0;0;415549,097500000149012;5321635,762599999085069;7,866945280000039;48,042417417000081;1
08250726221400280000;08;2;26;018;2025;07;14;7;2;5;3;0;0;1;1;0;0;0;0;472481,760599999688566;5470095,794700000435114;8,620856802000048;49,382938730000035;1
08250709225200284850;08;2;25;039;2025;07;18;4;3;5;3;0;0;1;1;0;0;0;0;530961,879599999636412;5494433,383099999278784;9,428494633000071;49,601680166000051;1
08250715317500237110;08;3;17;096;2025;07;08;3;3;3;5;0;0;1;1;0;0;0;0;421746,856800000183284;5368519,429099999368191;7,941413272000034;48,464938215000075;1
08250712216200245280;08;2;16;007;2025;07;08;7;3;0;7;0;0;1;0;1;0;0;0;436522,697700000368059;5393606,901900000870228;8,137439472000040;48,692271395000034;1
08250721116010266330;08;1;16;071;2025;07;07;2;2;6;4;0;1;0;1;1;0;0;0;528052,375500000081956;5390994,418199999257922;9,381030174000045;48,671368043000030;1
08250712212502215890;08;2;12;000;2025;07;18;7;3;0;7;0;0;1;0;0;0;0;0;453858,462000000290573;5429540,421000000089407;8,368938885000034;49,017026988000055;1
08250723119100283340;08;1;19;085;2025;07;19;4;3;6;4;0;0;0;1;1;0;0;0;531787,130099999718368;5412259,423399999737740;9,433400290000066;48,862483239000028;1
08250711221011239520;08;2;21;000;2025;07;08;6;3;5;3;0;0;1;1;0;0;0;0;477148,073099999688566;5472011,369200000539422;8,685037460000046;49,400362027000028;1
08250709225200236890;08;2;25;001;2025;07;16;4;3;0;7;0;0;1;0;0;0;0;0;527827,080000000074506;5469915,662000000476837;9,383385664000059;49,381304438000029;1
08250725226500299460;08;2;26;017;2025;07;21;6;3;0;7;2;0;1;0;0;0;0;0;493715,513500000350177;5465472,761900000274181;8,913485095000055;49,341943623000077;1
08250710222014233960;08;2;22;000;2025;07;07;5;3;4;6;0;0;1;0;0;0;0;1;463373,209999999962747;5485724,327500000596046;8,493919505000065;49,523030820000031;1
08250710111210742580;08;1;11;000;2025;07;11;5;3;0;7;0;0;1;0;0;0;0;0;514544,176599999889731;5398274,501599999144673;9,197808992000034;48,737320618000069;1
08250718436000245250;08;4;35;029;2025;07;10;6;3;8;1;0;0;1;0;0;0;0;0;544709,967400000430644;5270798,069299999624491;9,594659213000057;47,589052525000056;1
08250713116400274090;08;1;16;033;2025;07;18;1;3;0;1;0;0;1;0;0;0;0;0;532817,180499999783933;5388231,130499999970198;9,445528615000057;48,646277602000055;1
08250712436400246790;08;4;37;100;2025;07;16;7;3;5;3;0;0;1;0;0;1;0;0;541535,915300000458956;5316354,851800000295043;9,556806941000048;47,999142043000063;1
08250715111500260140;08;1;11;000;2025;07;21;3;3;5;2;0;0;1;1;0;0;0;0;516130,052099999971688;5406268,729499999433756;9,219691181000030;48,809196898000039;1
08250728212010292100;08;2;15;108;2025;07;15;2;2;0;7;0;0;1;0;0;0;0;0;449463,097900000400841;5425075,311599999666214;8,309384942000065;48,976519078000081;1
08250709222400238480;08;2;26;038;2025;07;16;4;3;5;7;0;0;1;1;0;0;0;0;471915,304999999701977;5480078,113700000569224;8,612345604000041;49,472701248000078;1
08250711316100242830;08;3;16;020;2025;07;16;6;3;8;6;0;0;1;1;0;0;0;0;408515,327899999916553;5339276,034700000658631;7,768810469000073;48,200121007000064;1
08250718335200242210;08;3;35;063;2025;07;20;6;3;0;1;0;0;1;0;0;0;0;0;497066,812900000251830;5287167,471499999985099;8,960876543000040;47,737874485000077;1
08250722311010262000;08;3;11;000;2025;07;07;3;3;7;7;0;0;1;0;0;0;0;0;411850,576399999670684;5314326,614499999210238;7,818836399000077;47,976169726000080;1
08250725212010267180;08;2;12;000;2025;07;08;6;3;0;2;0;0;1;1;0;0;0;0;455236,984100000001490;5429266,097300000488758;8,387821548000034;49,014660989000049;1
08250725221011273010;08;2;21;000;2025;07;12;6;3;5;3;0;0;1;1;0;0;0;0;475997,941100000403821;5469863,000000000000000;8,669315481000069;49,380993492000073;1
08250717336100234560;08;3;36;050;2025;07;08;5;3;0;1;0;0;1;0;0;0;0;0;400333,911600000225008;5273965,777899999171495;7,673830024000040;47,611430328000040;1
08250709222200241130;08;2;22;000;2025;07;16;4;3;5;3;0;0;1;0;0;0;0;0;461039,743999999947846;5481740,462799999862909;8,462071944000058;49,487052721000055;1
08250722116500265720;08;1;16;049;2025;07;19;3;3;5;3;0;0;1;1;0;0;0;0;525931,685899999924004;5384661,680700000375509;9,351829373000044;48,614490367000030;1
08250714118010242130;08;1;15;052;2025;07;08;2;2;6;4;0;1;0;1;1;0;0;0;493522,143000000156462;5408801,426999999210238;8,911731357000065;48,832156338000061;1
08250715118100228380;08;1;18;079;2025;07;12;3;3;0;1;0;0;1;0;0;0;0;0;508926,811999999918044;5422214,631599999964237;9,121931621000044;48,952787993000072;1
08250721335100270330;08;3;35;043;2025;07;15;2;3;0;1;0;0;1;0;0;0;0;0;513364,042000000365078;5278243,089800000190735;9,177978463000045;47,657444530000078;1
08250718222800288700;08;2;22;000;2025;07;15;6;3;5;3;0;0;1;1;0;0;0;0;461899,909400000236928;5487537,580299999564886;8,473388291000049;49,539249123000047;1
08250725215402305480;08;2;15;009;2025;07;22;6;3;0;7;2;0;1;0;0;0;0;0;469935,413999999873340;5440899,339999999850988;8,587965978000057;49,120196583000052;1
08250717317500264280;08;3;17;096;2025;07;18;5;3;5;3;0;0;1;0;0;0;0;0;421118,557599999941885;5367521,242799999192357;7,933103535000043;48,455881145000035;1
08250711415400287230;08;4;15;061;2025;07;11;6;2;5;3;0;0;1;1;0;0;0;0;516081,534099999815226;5373274,903599999845028;9,217748126000060;48,512382953000042;1
08250709221300218900;08;2;21;000;2025;07;16;4;3;5;3;0;0;1;0;0;0;0;0;477433,989500000141561;5474918,748199999332428;8,688812835000022;49,426524093000069;1
08250721437100270290;08;4;37;086;2025;07;17;2;3;5;3;0;0;1;1;0;0;0;0;528297,419200000353158;5310961,178300000727177;9,378988850000042;47,951338119000070;1
08250711226400265280;08;2;26;062;2025;07;18;6;3;5;7;0;0;1;1;0;0;0;0;469889,329699999652803;5468218,640000000596046;8,585281605000034;49,365931462000049;1
08250717111230233600;08;1;11;000;2025;07;14;5;3;0;7;0;0;1;0;0;0;0;0;509314,247899999842048;5397117,932299999520183;9,126653114000021;48,727016250000077;1
08250727222500264980;08;2;22;000;2025;07;14;1;3;0;7;0;1;1;0;0;0;0;0;466186,345999999903142;5474796,131400000303984;8,533721851000053;49,424899812000035;1
08250727311010284410;08;3;11;000;2025;07;10;1;3;2;6;0;0;1;1;0;0;0;0;414404,455400000326335;5315656,601800000295043;7,852784967000048;47,988480277000065;1
08250709216300240810;08;2;16;024;2025;07;16;4;3;5;3;0;0;1;1;0;0;0;0;446062,485799999907613;5408747,555199999362230;8,265074309000056;48,829362955000079;1
08250726212302262410;08;2;12;000;2025;07;18;7;3;6;6;0;1;1;0;1;0;0;0;455065,582899999804795;5428793,587500000372529;8,385529920000067;49,010398266000038;1
08250726222800291270;08;2;22;000;2025;07;04;7;2;1;5;2;0;1;1;0;0;0;0;463372,640999999828637;5485809,744000000879169;8,493903714000055;49,523799060000044;1
08250723436000278890;08;4;35;066;2025;07;07;4;3;5;3;0;0;1;1;0;0;0;0;518220,187099999748170;5286851,350099999457598;9,243010298000058;47,734779537000065;1
08250724437100277710;08;4;37;076;2025;07;17;5;3;0;7;0;0;1;0;0;0;0;0;524514,585799999535084;5321759,411900000646710;9,328943112000047;48,048646249000058;1
08250713437200251190;08;4;37;078;2025;07;15;1;3;5;3;0;0;1;1;0;0;0;0;507640,885499999858439;5314592,055299999192357;9,102400418000059;47,984585619000029;1
08250709212010255000;08;2;12;000;2025;07;08;4;3;6;7;0;0;0;1;1;0;0;0;451500,602699999697506;5426997,648900000378489;8,336997231000055;48,993973884000070;1
08250717335200296780;08;3;35;063;2025;07;17;5;3;8;1;0;0;1;0;0;0;0;0;498626,085500000044703;5287167,802799999713898;8,981674441000052;47,737882671000079;1
08250716222700261800;08;2;22;000;2025;07;16;4;2;0;7;0;0;1;0;0;0;0;0;461848,343700000084937;5481118,916300000622869;8,473295830000040;49,481513610000036;1
08250711421200212170;08;4;21;000;2025;07;15;6;3;0;1;0;0;1;0;0;0;0;0;573727,716300000436604;5361037,878399999812245;9,996061655000062;48,398187337000081;1
08250715118200241980;08;1;18;011;2025;07;15;3;3;5;3;0;0;1;1;0;0;0;0;503130,261199999600649;5409582,460300000384450;9,042659584000035;48,839208314000075;1
08250718221011234510;08;2;21;000;2025;07;18;6;3;6;4;0;0;0;1;1;0;0;0;477532,859699999913573;5472738,975500000640750;8,690299638000056;49,406921064000073;1
08250722115300296650;08;1;15;028;2025;07;15;3;3;5;3;0;0;1;1;0;0;0;0;501663,943500000052154;5404213,918400000780821;9,022654657000032;48,790919079000048;1
08250725436300258700;08;4;36;081;2025;07;14;6;3;0;1;0;0;1;0;0;0;0;0;561637,044300000183284;5281290,955299999564886;9,821253064000075;47,682067345000064;1
08250717221300230780;08;2;22;000;2025;07;19;5;3;5;3;0;0;1;1;0;0;0;0;461642,606599999591708;5482186,282999999821186;8,470352089000073;49,491101042000025;1
08250709226700281930;08;2;26;098;2025;07;13;4;3;4;1;0;0;1;1;0;0;0;0;477899,447499999776483;5460238,425499999895692;8,696046382000077;49,294492785000045;1
08250709136000232930;08;1;36;002;2025;07;09;4;3;4;6;0;0;1;0;0;0;0;0;573706,008000000379980;5416358,182299999520183;10,005614474000026;48,895784755000079;1
08250723317200288000;08;3;17;057;2025;07;18;4;3;5;3;0;0;1;1;0;0;0;0;412958,613300000317395;5380521,701400000602007;7,820048444000065;48,571737506000034;1
08250722117300310460;08;1;17;026;2025;07;13;3;2;0;1;0;1;1;0;0;0;0;0;549204,037600000388920;5393248,060200000181794;9,668581490000065;48,690332239000043;1
08250724212010283270;08;2;12;000;2025;07;12;5;3;6;4;0;0;0;0;1;1;0;0;456248,840099999681115;5428802,543700000271201;8,401708848000055;49,010563858000069;1
08250713337400217790;08;3;37;066;2025;07;14;1;3;2;6;0;0;1;0;0;0;0;0;428430,273799999617040;5268179,764100000262260;8,048564110000029;47,563088556000025;1
08250716336300260250;08;3;36;081;2025;07;22;4;3;0;1;2;0;1;0;0;0;0;0;411614,840599999763072;5278303,822200000286102;7,823024813000075;47,652091753000036;1
08250721212502262420;08;2;12;000;2025;07;10;2;3;0;7;0;0;1;0;0;0;0;0;452617,739199999719858;5427408,412799999117851;8,352219913000056;48,997755467000047;1
08250714128200254650;08;1;28;139;2025;07;13;2;3;0;7;0;0;1;0;0;0;0;0;550804,044400000013411;5491251,551300000399351;9,702670109000053;49,571720561000063;1
08250717222200261190;08;2;22;000;2025;07;03;5;3;0;7;2;0;1;0;0;0;0;0;461479,587899999693036;5482047,570399999618530;8,468114709000076;49,489843069000074;1
08250716436000226510;08;4;35;016;2025;07;07;4;3;5;3;0;0;1;1;0;0;0;0;530570,701200000010431;5281725,763599999248981;9,407371304000037;47,688195511000060;1
08250715415400275970;08;4;15;080;2025;07;17;3;3;5;3;0;0;1;1;0;0;0;0;510834,435999999754131;5373147,047000000253320;9,146698043000072;48,511345173000052;1
08250717118010258280;08;1;15;028;2025;07;18;5;3;6;4;0;0;0;1;1;0;0;0;500723,937300000339746;5404868,077199999243021;9,009857588000045;48,796805657000050;1
08250719421300326250;08;4;21;000;2025;07;11;7;3;3;6;0;0;1;0;0;0;0;0;570235,120900000445545;5360393,711899999529123;9,948775827000077;48,392791626000076;1
08250718221011268720;08;2;26;056;2025;07;12;6;3;1;7;0;0;0;1;1;0;0;0;485628,753499999642372;5470696,921000000089407;8,801971199000036;49,388797953000051;1
08250722311010249350;08;3;11;000;2025;07;16;3;3;0;1;0;0;1;0;0;0;0;0;413860,166400000452995;5316025,234500000253320;7,845417559000055;47,991723185000069;1
08250725311100290820;08;3;15;072;2025;07;17;6;3;5;2;0;0;1;1;0;0;0;0;400963,842000000178814;5318728,324999999254942;7,671981502000051;48,014169629000037;1
08250726111500265690;08;1;11;000;2025;07;17;7;3;6;2;0;1;0;1;1;0;0;0;513069,589999999850988;5403012,452700000256300;9,177904341000044;48,779975677000039;1
08250722311010247280;08;3;11;000;2025;07;17;3;3;0;1;0;0;1;0;0;0;0;0;414112,118400000035763;5316734,899199999868870;7,848651887000074;47,998140777000060;1
08250710436200241720;08;4;36;064;2025;07;12;5;3;5;3;0;0;1;1;0;0;0;0;543346,186099999584258;5292507,861999999731779;9,578677880000043;47,784472962000052;1
08250717115400270010;08;1;15;045;2025;07;16;5;3;6;4;0;0;0;1;1;0;0;0;499704,755900000222027;5394904,872899999842048;8,995986914000071;48,707176968000056;1
08250720435100278640;08;4;35;016;2025;07;16;1;3;0;6;0;0;1;0;0;0;0;0;534353,822100000455976;5278005,104100000113249;9,457489221000060;47,654529141000069;1
08250710111500218930;08;1;11;000;2025;07;09;5;3;0;7;0;0;1;0;0;0;0;0;511743,878399999812245;5401686,840299999341369;9,159820866000075;48,768076994000069;1
08250716311010227530;08;3;11;000;2025;07;19;4;3;5;3;0;0;1;0;0;0;0;1;410806,439899999648333;5315328,503399999812245;7,804640500000062;47,985037266000063;1
08250715317000253570;08;3;17;152;2025;07;16;3;3;1;5;0;0;1;1;0;0;0;0;406945,384999999776483;5350006,110200000926852;7,745328682000036;48,296406000000047;1
08250716311010231730;08;3;11;000;2025;07;13;4;3;1;5;0;0;1;1;0;0;0;0;415208,429100000299513;5317586,573999999091029;7,863176850000059;48,005948287000081;1
08250713437100246210;08;4;37;100;2025;07;15;1;3;0;1;0;0;1;0;0;0;0;0;537763,701200000010431;5317317,651599999517202;9,506325689000050;48,008038162000048;1
08250719311010280380;08;3;11;000;2025;07;17;7;3;6;4;0;0;0;1;1;0;0;0;411559,690899999812245;5323499,287200000137091;7,813046939000060;48,058639882000080;1
08250709121600204330;08;1;25;057;2025;07;08;4;3;5;2;0;0;1;1;0;0;0;0;523831,594100000336766;5441878,151399999856949;9,326670579000051;49,129274517000056;1