UIDENTSTLAE;ULAND;UREGBEZ;UKREIS;UGEMEINDE;UJAHR;UMONAT;USTUNDE;UWOCHENTAG;UKATEGORIE;UART;UTYP1;ULICHTVERH;IstStrassenzustand;IstRad;IstPKW;IstFuss;IstKrad;IstGkfz;IstSonstige;LINREFX;LINREFY;XGCSWGS84;YGCSWGS84;PLST
08250714326400256170;08;3;26;074;2025;07;11;2;3;5;2;0;0;1;1;0;0;0;0;460163,370799999684095;5323929,127800000831485;8,465267098000027;48,067394011000033;1
08250717121600265790;08;1;25;098;2025;07;11;5;3;0;1;0;1;1;0;0;0;0;0;524609,464999999850988;5436471,144899999722838;9,337003493000054;49,080606232000036;1
08250724336300273480;08;3;36;081;2025;07;20;5;3;0;7;0;0;1;0;0;0;0;0;411972,184999999590218;5277947,353000000119209;7,827854102000060;47,648933721000049;1
08250715336300257620;08;3;36;081;2025;07;08;3;3;0;6;0;1;1;1;0;0;0;0;412226,344399999827147;5278710,089199999347329;7,831084540000063;47,655829712000070;1
08250717311010267770;08;3;11;000;2025;07;08;5;3;4;6;0;0;1;0;0;0;0;0;411345,902999999932945;5316985,337600000202656;7,811526478000076;48,000015924000081;1
08250711116200287170;08;1;16;078;2025;07;17;6;3;6;4;0;0;0;1;1;0;0;0;508990,312800000421703;5393222,128599999472499;9,122163458000045;48,691974155000025;1
08250710117200284950;08;1;17;024;2025;07;10;5;3;1;5;0;0;1;1;0;0;0;0;560392,076999999582767;5385702,742000000551343;9,819488294000053;48,621477877000075;1
08250725436000285250;08;4;37;118;2025;07;10;6;3;6;2;0;0;0;1;1;0;0;0;512857,638199999928474;5309333,385999999940395;9,172155946000032;47,937188677000051;1
08250722231000278600;08;2;31;000;2025;07;15;3;3;6;4;0;0;0;1;1;0;0;0;477011,550099999643862;5415179,531799999997020;8,686398554000050;48,889140098000041;1
08250718215302259290;08;2;15;089;2025;07;19;6;3;5;2;0;0;1;1;0;0;0;0;471593,485399999655783;5428673,959200000390410;8,611547366000025;49,010304392000080;1
08250709121200206270;08;1;25;065;2025;07;05;4;3;6;2;0;0;0;1;1;0;0;0;516051,508399999700487;5447344,266100000590086;9,220244281000021;49,178696387000059;1
08250711212702248250;08;2;15;046;2025;07;17;6;3;1;5;0;0;1;1;0;0;0;0;451092,908999999985099;5414899,247899999842048;8,332876298000031;48,885115404000032;1
08250718136000273630;08;1;36;065;2025;07;13;6;3;6;7;0;0;0;0;1;0;0;1;558496,038300000131130;5405783,419099999591708;9,796609245000070;48,802287781000075;1
08250717117300233050;08;1;17;026;2025;07;16;5;3;6;4;0;0;0;1;1;0;0;0;549244,477900000289083;5394719,282899999991059;9,669306378000044;48,703563400000064;1
08250719111140326230;08;1;11;000;2025;07;09;7;3;1;7;0;0;0;1;1;0;0;0;511229,281999999657273;5402712,645500000566244;9,152845828000068;48,777314576000038;1
08250712216100228800;08;2;16;012;2025;07;20;7;3;9;1;0;0;1;0;0;0;0;0;441777,405299999751151;5420380,260600000619888;8,205036907000022;48,933611443000075;1
08250726111330264130;08;1;11;000;2025;07;14;7;3;5;2;0;0;1;0;0;0;0;1;513468,554200000129640;5409016,399399999529123;9,183532040000046;48,833977909000055;1
08250711317600212240;08;3;17;046;2025;07;15;6;3;8;6;0;0;1;0;0;0;0;1;429677,527900000102818;5341988,168899999931455;8,053112590000069;48,227215463000050;1
08250718316100271510;08;3;16;011;2025;07;15;6;3;4;7;0;0;1;0;0;0;0;1;414257,451100000180304;5330487,923100000247359;7,847842218000039;48,121872528000040;1
08250718116010267570;08;1;16;033;2025;07;07;6;3;0;7;0;0;1;1;0;0;0;0;533021,538999999873340;5388134,337899999693036;9,448295197000050;48,645396101000074;1
08250719216300268740;08;2;16;015;2025;07;18;7;3;8;1;0;0;1;0;0;0;0;0;449771,419999999925494;5405355,525800000876188;8,316021709000040;48,799161824000066;1
08250712416100283720;08;4;16;036;2025;07;08;7;3;5;3;0;0;1;0;0;0;0;0;497628,257299999706447;5372294,018300000578165;8,967891448000046;48,503759988000070;1
08250709121200206250;08;1;21;000;2025;07;17;4;3;5;3;0;0;1;1;0;0;0;0;515322,163999999873340;5441768,415999999269843;9,210024803000067;49,128558508000026;1
08250727435200264920;08;4;35;059;2025;07;15;1;3;0;1;0;1;1;0;0;0;0;0;511467,084999999962747;5290586,389000000432134;9,153040261000058;47,768541095000046;1
08250712121400227040;08;1;25;038;2025;07;21;7;3;1;5;1;0;1;1;0;0;0;0;499910,159199999645352;5432713,238299999386072;8,998770538000031;49,047293867000064;1
08250710118500241420;08;1;18;021;2025;07;16;5;3;6;4;0;0;0;1;1;0;0;0;521274,715699999593198;5427593,700899999588728;9,290871838000044;49,000874040000042;1
08250712335300214410;08;3;35;075;2025;07;13;7;3;0;1;0;0;1;0;0;0;0;0;490628,084699999541044;5293758,160599999129772;8,874853421000068;47,797113012000068;1
08250718436200238290;08;4;36;039;2025;07;13;6;3;5;3;0;0;1;1;0;0;0;0;550079,291299999691546;5288791,216800000518560;9,668131524000046;47,750546185000076;1
08250723127202253990;08;1;27;014;2025;07;17;4;3;4;6;0;0;1;0;0;0;0;1;577607,883399999700487;5442933,168299999088049;10,063922784000056;49,134324989000049;1
08250709221200407090;08;2;21;000;2025;07;12;4;3;6;7;0;0;0;1;1;0;0;0;475295,730200000107288;5472679,853399999439716;8,659465946000068;49,406302565000033;1
08250722226400286500;08;2;26;062;2025;07;13;3;3;5;7;0;0;1;1;0;0;0;0;470233,002999999560416;5469085,859300000593066;8,589950062000071;49,373748815000056;1
08250717121600286650;08;1;25;098;2025;07;15;5;3;8;7;0;0;0;1;1;0;0;0;520351,265999999828637;5437222,119799999520183;9,278730064000058;49,087517050000031;1
08250723221200273440;08;2;21;000;2025;07;15;4;3;3;6;0;0;1;0;0;0;0;0;477026,111200000159442;5472946,051200000569224;8,683302447000074;49,408764757000029;1
08250717111130275070;08;1;11;000;2025;07;22;5;3;6;4;2;0;0;0;1;0;0;1;512979,762699999846518;5402235,040100000798702;9,176657070000033;48,772984013000041;1
08250709119400309740;08;1;19;091;2025;07;22;4;3;0;7;2;0;1;0;0;0;0;0;526826,940999999642372;5406706,909499999135733;9,365408886000068;48,812768925000057;1
08250713136100218000;08;1;36;002;2025;07;14;1;3;0;7;0;0;1;0;0;0;0;0;570786,094100000336766;5419300,801200000569224;9,966292692000025;48,922592565000059;1
08250721335100243300;08;3;35;043;2025;07;16;2;3;0;1;0;1;1;0;0;0;0;0;510099,442999999970198;5281887,240000000223517;9,134585900000047;47,690292618000058;1
08250721119200244700;08;1;19;020;2025;07;11;2;3;5;3;0;1;1;1;0;0;0;0;520104,017900000326335;5406555,615299999713898;9,273830034000071;48,811661810000032;1
08250719416010239440;08;4;15;061;2025;07;15;7;3;5;3;0;0;1;1;0;0;0;0;509931,900100000202656;5369196,855299999937415;9,134383817000071;48,475822647000030;1
08250711311200241490;08;3;11;000;2025;07;09;6;3;3;2;0;0;1;0;0;0;0;0;413956,509499999694526;5316163,497899999842048;7,846680914000046;47,992979887000047;1
08250710225100239460;08;2;25;058;2025;07;13;5;3;0;3;0;0;1;1;0;0;0;0;510602,381199999712408;5466837,132699999958277;9,145993022000027;49,354156422000074;1
08250709237100245480;08;2;37;045;2025;07;08;4;3;1;7;1;0;1;1;0;0;0;0;459298,795699999667704;5362623,807099999859929;8,449942719000035;48,415452047000031;1
08250723311010273240;08;3;11;000;2025;07;12;4;2;5;3;0;0;1;0;0;0;0;1;412053,536000000312924;5315873,143999999389052;7,821238651000044;47,990109166000082;1
08250710212402222220;08;2;12;000;2025;07;18;5;3;1;5;0;0;1;1;0;0;0;0;456591,549800000153482;5423796,749399999156594;8,406929746000060;48,965560180000068;1
08250716336100273130;08;3;36;050;2025;07;13;4;3;5;3;0;0;1;1;0;0;0;0;398788,498599999584258;5272588,856499999761581;7,653590299000030;47,598804940000036;1
08250716221011297300;08;2;21;000;2025;07;16;4;3;0;1;0;1;1;0;0;0;0;0;478153,815999999642372;5471553,713999999687076;8,698924329000022;49,396282407000058;1
08250711226600247390;08;2;26;082;2025;07;18;6;3;5;3;0;0;1;1;0;0;0;0;475173,490100000053644;5480568,217199999839067;8,657286830000032;49,477251562000049;1
08250712335300216150;08;3;35;075;2025;07;17;7;3;5;2;0;0;1;1;0;0;0;0;488808,563599999994040;5287649,979299999773502;8,850714135000032;47,742125472000055;1
08250725127100291680;08;1;27;063;2025;07;14;6;3;6;7;0;0;0;1;1;0;0;0;565113,583200000226498;5434209,112199999392033;9,891256831000021;49,057308761000058;1
08250723118010291890;08;1;15;041;2025;07;14;4;2;5;2;0;0;1;1;0;0;0;0;493421,535299999639392;5398913,132400000467896;8,910518757000034;48,743200791000049;1
08250709119300253560;08;1;19;067;2025;07;07;4;3;5;3;0;0;1;1;0;0;0;0;538178,042299999855459;5405926,257099999114871;9,519943589000036;48,805152761000045;1
08250721121100275920;08;1;25;026;2025;07;14;2;2;6;4;0;0;0;1;1;0;0;0;493724,777900000102818;5442603,620500000193715;8,913970682000070;49,136230488000081;1
08250710416010285230;08;4;16;041;2025;07;20;5;3;5;3;0;0;1;0;0;0;0;0;504561,742999999783933;5376820,277000000700355;9,061806194000042;48,544467744000031;1
08250712111330289390;08;1;11;000;2025;07;09;7;3;5;3;0;0;0;1;1;0;0;0;510442,292999999597669;5409277,559000000357628;9,142300872000021;48,836385534000044;1
08250714221011257610;08;2;21;000;2025;07;16;2;3;6;4;0;0;0;1;1;0;0;0;477174,009999999776483;5472144,424000000581145;8,685387291000040;49,401559809000048;1
08250718116100305550;08;1;16;004;2025;07;19;6;3;0;1;0;0;1;0;0;0;0;0;527943,129399999976158;5396785,836899999529123;9,379938204000041;48,723471926000059;1
08250709119300214470;08;1;19;067;2025;07;17;4;3;2;7;0;0;1;1;0;0;0;0;538460,730000000447035;5405316,674699999392033;9,523736223000071;48,799651803000074;1
08250728215102297610;08;2;15;102;2025;07;15;2;3;5;3;0;0;1;1;0;0;0;0;456150,659199999645352;5436457,874500000849366;8,399537768000073;49,079416989000038;1
08250710335300258990;08;3;35;075;2025;07;08;5;3;1;7;0;0;1;1;0;0;0;0;487821,406700000166893;5290067,963800000026822;8,837478485000076;47,763863500000070;1
08250725335200291660;08;3;35;063;2025;07;19;6;3;1;1;0;0;1;1;0;0;0;0;498077,637600000016391;5288228,866399999707937;8,974354440000070;47,747428287000048;1
08250717231000229580;08;2;31;000;2025;07;05;5;3;5;3;0;0;1;0;0;0;0;1;478928,557000000029802;5415340,418999999761581;8,712541123000051;48,890655538000033;1
08250718116100247510;08;1;16;076;2025;07;21;6;3;4;6;0;0;1;1;0;0;0;0;528727,575199999846518;5402984,590900000184774;9,391036412000062;48,779198997000037;1
08250719136100282070;08;1;36;088;2025;07;18;7;3;6;6;0;0;0;0;1;0;0;1;579543,479000000283122;5409655,592700000852346;10,083941245000062;48,834778285000027;1
08250715226700295300;08;2;26;076;2025;07;07;3;3;5;3;0;0;1;1;0;0;0;0;474460,839399999938905;5465449,448699999600649;8,648421851000023;49,341231610000079;1
08250718212702235200;08;2;15;108;2025;07;11;6;3;0;7;0;0;1;0;0;0;0;0;449356,785400000400841;5423987,743200000375509;8,308067629000050;48,966727690000027;1
08250721119200247870;08;1;19;093;2025;07;19;2;3;0;7;0;1;1;0;0;0;0;0;523418,196000000461936;5405747,570000000298023;9,318924555000024;48,804276747000074;1
08250709119100223190;08;1;19;053;2025;07;18;4;2;0;7;0;0;1;0;0;0;0;0;533437,083700000308454;5425838,699899999424815;9,457009019000054;48,984548200000063;1
08250715116010255560;08;1;16;019;2025;07;07;3;3;0;1;0;0;1;0;0;0;0;0;523334,110999999567866;5400635,894099999219179;9,317489289000036;48,758296187000042;1
08250711311100266190;08;3;15;015;2025;07;15;6;3;2;6;0;0;1;0;0;0;0;0;395439,814500000327826;5321069,502800000831485;7,597358524000072;48,034347180000054;1
08250721126100266290;08;1;26;039;2025;07;11;2;3;5;3;0;0;1;1;0;0;0;0;547846,152099999599159;5460971,427300000563264;9,658108192000043;49,299612061000062;1
08250709119010254170;08;1;19;020;2025;07;17;4;2;0;7;0;0;1;0;0;0;0;0;520336,166000000201166;5409317,673000000417233;9,277128971000025;48,836501139000063;1
08250713135100236480;08;1;35;031;2025;07;17;1;2;8;7;0;0;1;0;0;0;0;0;595797,117999999783933;5379599,503000000491738;10,298403415000053;48,562165940000057;1
08250725421300262870;08;4;25;141;2025;07;13;6;3;5;3;0;1;1;1;0;0;0;0;567215,247800000011921;5363193,713899999856949;9,908435599000029;48,418307958000071;1
08250727222500264960;08;2;22;000;2025;07;14;1;3;0;7;0;1;1;0;0;0;0;0;466196,018799999728799;5474783,475800000131130;8,533856310000033;49,424786517000030;1
08250712317500246480;08;3;17;096;2025;07;12;7;3;0;3;0;0;1;1;0;0;0;0;421548,856399999931455;5368693,540599999949336;7,938702600000056;48,466479667000044;1
08250716117400229010;08;1;17;018;2025;07;12;4;3;8;1;0;0;1;0;0;0;0;0;539396,124300000257790;5396376,098200000822544;9,535617510000066;48,719167379000055;1
08250725111500305400;08;1;11;000;2025;07;15;6;3;6;6;0;0;0;0;1;0;0;1;514119,817800000309944;5408281,148399999365211;9,192381244000046;48,827349246000040;1
08250709127202220290;08;1;27;014;2025;07;11;4;3;6;7;0;0;1;0;1;0;0;0;578199,563299999572337;5443159,428899999707937;10,072076501000026;49,136284916000079;1
08250723317000275800;08;3;17;026;2025;07;08;4;3;5;5;0;0;1;1;0;0;0;0;412154,272699999623001;5345058,570199999958277;7,816573233000042;48,252648385000043;1
08250725222800262280;08;2;22;000;2025;07;14;6;3;5;3;0;0;1;1;0;0;0;0;460480,318599999882281;5487050,344000000506639;8,453816760000052;49,534775786000068;1
08250710119300238680;08;1;19;067;2025;07;19;5;3;5;3;0;0;1;1;0;0;0;0;539646,469499999657273;5406268,248400000855327;9,539974096000037;48,808137214000055;1
08250726118600266360;08;1;18;059;2025;07;13;7;3;5;3;0;1;1;1;0;0;0;0;502148,436999999918044;5419356,111999999731779;9,029330534000053;48,927134290000026;1
08250722222014285960;08;2;26;084;2025;07;18;3;3;0;1;0;0;1;0;0;0;0;0;466576,681300000287592;5468929,932600000873208;8,539597773000025;49,372156682000082;1
08250709118400223650;08;1;18;048;2025;07;13;4;3;0;1;0;0;1;0;0;0;0;0;514280,820000000298023;5415606,983999999240041;9,194830483000032;48,893247196000061;1
08250714326400240920;08;3;26;074;2025;07;15;2;3;0;1;0;0;1;0;0;0;0;0;458927,814899999648333;5324047,834599999710917;8,448671428000068;48,068383600000061;1
08250724421300327430;08;4;21;000;2025;07;06;5;3;5;3;0;1;1;1;0;0;0;0;570772,606900000013411;5361991,312200000509620;9,956304792000026;48,407102428000030;1
08250728221200305530;08;2;21;000;2025;07;15;2;3;0;1;0;1;1;0;0;0;0;0;478114,724999999627471;5473292,437999999150634;8,698289788000068;49,411920580000071;1
08250718317600236130;08;3;17;040;2025;07;14;6;3;8;1;0;0;1;0;0;0;0;0;431687,387099999934435;5348481,234099999070168;8,079123127000059;48,285844294000071;1
08250713212010250710;08;2;12;000;2025;07;16;1;3;6;4;0;0;0;1;1;0;0;0;456417,348000000230968;5428754,972999999299645;8,404018148000034;49,010147879000044;1
08250720111110280580;08;1;11;000;2025;07;18;1;3;0;6;0;0;1;0;0;0;0;0;513180,943699999712408;5402375,541500000283122;9,179399671000056;48,774243724000030;1
08250723212010251120;08;2;12;000;2025;07;14;4;3;5;3;0;0;1;1;0;0;0;0;456324,008999999612570;5428552,161499999463558;8,402763653000022;49,008316967000042;1
08250709118400217650;08;1;18;048;2025;07;10;4;3;0;7;0;0;1;0;0;0;0;0;514050,832899999804795;5415604,530300000682473;9,191692747000047;48,893230381000080;1
08250709118200206100;08;1;18;080;2025;07;17;4;3;1;1;0;0;1;1;0;0;0;0;508626,247999999672174;5408141,728199999779463;9,117529135000041;48,826195646000031;1
08250720421200299530;08;4;21;000;2025;07;22;1;2;0;1;2;1;1;0;0;0;0;0;573183,986600000411272;5360912,521099999547005;9,988695156000063;48,397123074000035;1
08250712221400285290;08;2;21;000;2025;07;11;7;3;5;2;0;0;1;1;0;0;0;0;475533,316700000315905;5470212,825799999758601;8,662892783000075;49,384121640000046;1
08250711117010269800;08;4;25;071;2025;07;12;6;2;0;1;0;0;1;0;0;0;0;0;555181,531499999575317;5371295,536900000646710;9,746880270000077;48,492358589000048;1
08250715436000221940;08;4;36;052;2025;07;07;3;3;0;1;0;0;1;0;0;0;0;0;565803,917899999767542;5292490,950400000438094;9,878459100000043;47,782417911000039;1
08250724222700298510;08;2;22;000;2025;07;16;5;3;5;3;0;0;1;1;0;0;0;0;462205,335099999792874;5481709,727299999445677;8,478167599000074;49,486849986000038;1
08250709117400278770;08;1;17;018;2025;07;19;4;3;6;4;0;0;0;1;1;0;0;0;538637,951000000350177;5395903,993000000715256;9,525265859000058;48,714967924000064;1
08250716118100242020;08;1;18;079;2025;07;08;4;3;5;3;0;0;1;1;0;0;0;0;508988,072300000116229;5422319,878499999642372;9,122770699000057;48,953733872000043;1
08250723416200252120;08;4;16;041;2025;07;23;4;3;0;1;2;0;1;0;0;0;0;0;504400,644000000320375;5374533,176000000908971;9,059599341000023;48,523893351000027;1
08250713311010219680;08;3;11;000;2025;07;13;1;3;0;1;0;0;1;0;0;0;0;0;414096,451000000350177;5316734,074599999934435;7,848442070000033;47,998131255000033;1
08250713416100233860;08;4;16;036;2025;07;15;1;2;0;1;0;0;1;0;0;0;0;0;494507,740899999625981;5368801,861099999397993;8,925691969000070;48,472323567000046;1
08250726316200277920;08;3;16;056;2025;07;20;7;3;5;4;1;0;0;1;1;0;0;0;423354,623599999584258;5328444,733899999409914;7,970430229000044;48,104653307000035;1
08250718335100308800;08;3;35;043;2025;07;19;6;3;0;3;0;0;1;0;0;0;0;0;514884,559399999678135;5280031,388499999418855;9,198289086000045;47,673501836000071;1
08250719212102260790;08;2;15;101;2025;07;16;7;3;0;7;0;1;1;1;0;0;0;0;464918,648199999704957;5427933,920600000768900;8,520337460000064;49,003304154000034;1
08250720212010302310;08;2;15;017;2025;07;13;1;2;5;3;0;0;1;1;0;0;0;0;455585,178999999538064;5420549,879000000655651;8,393535049000036;48,936282465000033;1
08250709116500253770;08;1;16;049;2025;07;18;4;3;5;2;0;0;1;1;0;0;0;0;524245,765999999828637;5386177,072799999266863;9,329044580000073;48,628190533000065;1
08250710212102210650;08;2;15;101;2025;07;17;5;3;5;2;0;0;1;1;0;0;0;0;465579,852099999785423;5428105,814899999648333;8,529363117000059;49,004887624000048;1
08250710426301226230;08;4;26;014;2025;07;10;5;3;8;1;0;0;1;0;0;0;0;0;548663,788900000043213;5317463,774299999698997;9,652479039000070;48,008615702000043;1
08250709118500234410;08;1;18;021;2025;07;09;4;3;6;4;0;0;0;1;1;0;0;0;522068,416400000452995;5427581,104399999603629;9,301722621000067;49,000732862000064;1
08250710212302207990;08;2;12;000;2025;07;17;5;3;0;7;0;0;1;0;0;0;0;0;457495,997100000269711;5428457,457299999892712;8,418798749000075;49,007546925000042;1
08250711111500287110;08;1;11;000;2025;07;13;6;3;5;3;0;0;1;1;0;0;0;0;518526,278900000266731;5402886,876900000497699;9,252174942000067;48,778707433000079;1
08250709116100207520;08;1;16;019;2025;07;17;4;3;0;1;0;0;1;0;0;0;0;0;522848,861899999901652;5400234,375299999490380;9,310864694000031;48,754702178000059;1
08250723326000254370;08;3;35;022;2025;07;13;4;3;6;7;0;0;0;1;1;0;0;0;482555,796500000171363;5299864,396500000730157;8,766816013000039;47,851885067000069;1
08250712317500213060;08;3;17;096;2025;07;09;7;3;5;3;0;0;1;1;0;0;0;0;424062,241799999959767;5368458,829099999740720;7,972740836000071;48,464676926000038;1
08250715335300225150;08;3;35;075;2025;07;15;3;3;0;1;0;0;1;0;0;0;0;0;487557,798299999907613;5291164,521600000560284;8,833929280000063;47,773724759000061;1
08250720226000260380;08;2;21;000;2025;07;12;1;3;0;7;0;0;1;0;0;0;0;0;474533,949500000104308;5474067,937899999320507;8,648876398000027;49,418756708000046;1
08250718118400238210;08;1;18;048;2025;07;12;6;3;5;2;0;0;1;0;0;0;0;0;515280,233900000341237;5415104,661900000646710;9,208446418000051;48,888704602000075;1
08250709116010233650;08;1;16;019;2025;07;15;4;2;0;7;0;0;1;0;0;0;0;0;525428,771599999628961;5396902,279600000008941;9,345758751000062;48,724627084000076;1
08250712317600215970;08;3;17;093;2025;07;12;7;3;9;1;0;0;1;0;0;0;0;0;440199,697599999606609;5356609,536599999293685;8,192706177000048;48,359826307000048;1
08250720212010268650;08;2;12;000;2025;07;00;1;2;3;6;2;0;1;0;0;0;0;0;455430,796900000423193;5428436,320199999958277;8,390563083000075;49,007211100000063;1
08250714215102257400;08;2;12;000;2025;07;17;2;2;0;3;0;0;1;0;0;0;0;1;455400,620799999684095;5432515,082699999213219;8,389701962000061;49,043897658000049;1
08250715416010223390;08;4;16;041;2025;07;08;3;3;3;6;0;0;1;1;0;0;0;0;504233,392199999652803;5374753,544299999251962;9,057336435000025;48,525877014000059;1
08250711335100248370;08;3;35;043;2025;07;19;6;3;0;1;0;0;1;0;0;0;0;0;512781,222299999557436;5280988,361700000241399;9,170297010000070;47,682157352000047;1
08250718136000274180;08;1;36;065;2025;07;16;6;3;0;7;0;0;1;0;0;0;0;0;559695,799499999731779;5406433,412499999627471;9,813040614000045;48,808020417000080;1
08250709212010240100;08;2;12;000;2025;07;21;4;3;3;6;1;0;1;0;0;0;0;0;454214,942499999888241;5425369,561400000005960;8,374284164000073;48,979536324000037;1
08250728116010279880;08;1;16;019;2025;07;17;2;3;6;7;0;0;1;0;1;0;0;0;523164,067300000227988;5396295,247700000181794;9,314931647000037;48,719254560000081;1
08250722116500261760;08;1;16;046;2025;07;10;3;2;0;1;0;0;1;0;0;0;0;0;527970,493400000035763;5377266,160800000652671;9,378992674000074;48,547871882000038;1
08250709311400240670;08;3;15;076;2025;07;18;4;3;8;7;0;0;1;0;0;0;0;0;392840,047000000253320;5297841,634299999102950;7,568273872000020;47,824993702000029;1
08250717416201258430;08;4;16;041;2025;07;15;5;3;8;7;0;0;1;0;0;0;0;0;504208,832100000232458;5374607,096799999475479;9,057002318000059;48,524559685000042;1
08250719311010255670;08;3;11;000;2025;07;21;7;3;5;3;1;0;1;0;0;0;0;1;410218,647699999623001;5315781,890699999406934;7,796669977000022;47,989033346000042;1
08250711416010244530;08;4;15;061;2025;07;16;6;3;1;6;0;0;1;1;0;0;0;0;516525,117600000463426;5379351,002800000831485;9,223995354000067;48,567033664000064;1
08250709115300254890;08;1;15;028;2025;07;19;4;3;5;2;0;0;1;1;0;0;0;0;500895,719600000418723;5405247,549499999731779;9,012197513000046;48,800219140000081;1
08250709111500206420;08;1;11;000;2025;07;13;4;3;6;4;0;0;0;0;1;0;0;1;514291,083499999716878;5403978,751099999994040;9,194564915000058;48,788641540000071;1
08250712317000289440;08;3;17;057;2025;07;22;7;3;0;6;2;0;1;1;0;0;0;0;416828,491600000299513;5379860,185900000855327;7,872630790000073;48,566313066000077;1
08250709119400224700;08;1;19;041;2025;07;17;4;3;5;2;0;0;1;1;0;0;0;0;525976,484000000171363;5411442,273900000378489;9,354125181000029;48,855403003000049;1
08250815118010367310;08;1;18;048;2025;08;19;6;2;2;6;0;0;1;0;0;0;0;0;514978,807900000363588;5415915,918899999931455;9,204364263000059;48,896009808000031;1
08250815115300380060;08;1;15;028;2025;08;10;6;3;5;3;0;0;1;1;0;0;0;0;501925,944899999536574;5403948,789499999955297;9,026220574000035;48,788533238000070;1
08250809118400384410;08;1;18;048;2025;08;19;7;3;5;3;0;0;1;0;0;0;0;1;512970,762400000356138;5415829,584599999710917;9,176964780000048;48,895278463000068;1
08250814115200349940;08;1;15;021;2025;08;21;5;3;0;7;2;0;1;0;0;0;0;0;489682,183899999596179;5381899,200300000607967;8,860080044000028;48,590090824000072;1
08250813111140346700;08;1;11;000;2025;08;10;4;3;4;1;0;0;1;1;0;0;0;0;512979,493099999614060;5401199,323300000280142;9,176620721000063;48,763666776000036;1
08250807326200346630;08;3;26;074;2025;08;16;5;3;3;6;0;0;1;1;0;0;0;0;463684,659199999645352;5324089,442600000649691;8,512518387000057;48,069046564000075;1
08250809311010350340;08;3;11;000;2025;08;20;7;2;6;7;0;0;0;1;1;0;0;0;414156,162700000219047;5317830,711899999529123;7,849022898000044;48,008003928000051;1
08250812435200328550;08;4;35;034;2025;08;00;3;3;0;1;2;0;1;0;0;0;0;0;528856,183000000193715;5285375,886099999770522;9,384766566000053;47,721116138000070;1
08250808336100344940;08;3;36;050;2025;08;19;6;3;1;3;0;0;1;1;0;0;0;0;401438,435600000433624;5276229,195499999448657;7,688013573000035;47,631959667000046;1
08250815212102362760;08;2;15;101;2025;08;11;6;3;5;3;0;0;1;1;0;0;0;0;466632,911999999545515;5426222,690999999642372;8,543916109000065;48,988006121000069;1
08250809116100324480;08;1;16;019;2025;08;23;7;3;0;1;2;0;1;0;0;0;0;0;524412,531999999657273;5399108,932900000363588;9,332071749000022;48,744518509000045;1
08250823311010360610;08;3;36;050;2025;08;15;7;3;6;6;0;0;0;1;1;0;0;0;402969,699599999934435;5277664,503799999132752;7,708073064000075;47,645102203000079;1
08250817119400361280;08;1;19;079;2025;08;13;1;3;6;1;0;0;1;0;1;0;0;0;522232,966400000266731;5408796,844200000166893;9,302948806000074;48,831750862000035;1
08250808435100324070;08;4;35;016;2025;08;19;6;3;4;2;0;0;1;1;0;0;0;0;537368,030399999581277;5277483,341900000348687;9,497583283000040;47,649667568000041;1
08250822118400359800;08;1;18;048;2025;08;16;6;3;5;2;0;0;1;1;0;0;0;0;515747,658300000242889;5415913,608999999240041;9,214853955000024;48,895969963000027;1
08250818212702349740;08;2;15;017;2025;08;18;2;3;2;6;0;0;1;1;0;0;0;0;456010,521999999880791;5421615,984999999403954;8,399227493000069;48,945902706000027;1
08250820336400355740;08;3;36;091;2025;08;14;4;3;0;7;0;0;1;0;0;0;0;0;395476,713299999944866;5274642,442500000819564;7,609057261000032;47,616751757000031;1
08250811326400388460;08;3;26;074;2025;08;07;2;3;5;2;0;0;1;1;0;0;0;0;458811,142900000326335;5326062,933299999684095;8,446911089000025;48,086505204000048;1
08250822116100357600;08;1;16;004;2025;08;07;6;3;0;1;0;0;1;0;0;0;0;0;527806,811599999666214;5396768,190899999812245;9,378083565000054;48,723319282000034;1
08250811316100341620;08;3;16;017;2025;08;21;2;2;0;7;2;0;1;0;0;0;0;0;411457,170900000259280;5341018,715399999171495;7,808028652000075;48,216213401000061;1
08250811311010351510;08;3;11;000;2025;08;16;2;3;5;3;0;0;1;1;0;0;0;0;410044,487999999895692;5318706,582000000402331;7,793722992000028;48,015317021000044;1
08250812436100358060;08;4;36;055;2025;08;17;3;3;0;1;0;0;1;0;0;0;0;0;577831,213999999687076;5292246,769999999552965;10,038950323000051;47,778880273000027;1
08250806426100330760;08;4;26;021;2025;08;16;4;3;5;3;0;0;1;1;0;0;0;0;559092,005900000222027;5328506,617900000885129;9,793812603000049;48,107080524000025;1
08250815436400351910;08;4;36;011;2025;08;15;6;3;0;1;0;0;1;0;0;0;0;0;548849,826999999582767;5297483,323999999091029;9,652708242000074;47,828842819000045;1
08250815311010353020;08;3;11;000;2025;08;10;6;3;5;3;0;0;1;1;0;0;0;0;415028,191700000315905;5320682,058299999684095;7,860147131000076;48,033769390000032;1
08250807436000338190;08;4;35;029;2025;08;15;5;3;0;1;0;1;1;0;0;0;0;0;545061,296199999749660;5270727,289100000634789;9,599324484000022;47,588391372000046;1
08250809421300336230;08;4;21;000;2025;08;16;7;3;8;6;0;0;1;0;0;0;0;0;570831,586000000126660;5361339,343000000342727;9,956991587000061;48,401231147000033;1