UIDENTSTLAE;ULAND;UREGBEZ;UKREIS;UGEMEINDE;UJAHR;UMONAT;USTUNDE;UWOCHENTAG;UKATEGORIE;UART;UTYP1;ULICHTVERH;IstStrassenzustand;IstRad;IstPKW;IstFuss;IstKrad;IstGkfz;IstSonstige;LINREFX;LINREFY;XGCSWGS84;YGCSWGS84;PLST
08250805435100317420;08;4;35;016;2025;08;23;3;3;0;1;2;0;1;0;0;0;0;0;530949,047000000253320;5279748,639000000432134;9,412272666000035;47,670388404000050;1
08250821221200384550;08;2;21;000;2025;08;14;5;3;5;2;0;0;1;1;0;0;0;0;476481,839300000108778;5472093,175599999725819;8,675850231000027;49,401072486000032;1
08250812115300368900;08;1;15;041;2025;08;11;3;2;2;6;0;0;1;0;0;0;0;0;494834,714900000020862;5402472,505200000479817;8,929696346000071;48,775234186000034;1
08250819212010363440;08;2;15;046;2025;08;07;3;2;2;6;0;0;1;0;0;0;0;1;450389,224000000394881;5414476,217000000178814;8,323329625000042;48,881254241000079;1
08250806111110343610;08;1;11;000;2025;08;16;4;3;6;6;0;0;1;0;1;0;0;0;513236,596300000324845;5403399,996600000187755;9,180190112000048;48,783458458000041;1
08250818212010352270;08;2;12;000;2025;08;15;2;2;3;6;0;0;1;0;0;0;0;0;453507,587299999780953;5429891,586899999529123;8,364100168000050;49,020159394000075;1
08250817118500344820;08;1;18;049;2025;08;19;1;3;0;1;0;0;1;0;0;0;0;0;517288,030399999581277;5419451,958900000900030;9,236019803000033;48,927758752000045;1
08250810111320325900;08;1;11;000;2025;08;21;1;3;6;4;2;0;0;0;1;1;0;0;515912,513199999928474;5405644,979599999263883;9,216704147000030;48,803591342000061;1
08250805416010335730;08;4;15;019;2025;08;10;3;3;6;4;0;0;0;0;1;0;1;0;518775,353400000371039;5369836,811300000175834;9,254068190000055;48,481378012000050;1
08250822121500363220;08;1;25;005;2025;08;14;6;3;7;7;0;0;1;0;0;0;0;0;515095,684000000357628;5452258,719699999317527;9,207314116000020;49,222927358000049;1
08250816215402352570;08;2;15;009;2025;08;08;7;3;0;7;0;0;1;0;0;0;0;0;470260,391699999570847;5440365,298499999567866;8,592459026000029;49,115408580000064;1
08250809222400325880;08;2;26;038;2025;08;13;7;3;0;7;0;0;1;0;0;0;0;0;471638,726800000295043;5480991,375099999830127;8,608462595000049;49,480902867000054;1
08250814437200364440;08;4;37;104;2025;08;09;5;3;0;1;0;0;1;0;0;0;0;0;515832,595200000330806;5325529,110899999737740;9,212586571000031;48,082836776000079;1
08250818212010355570;08;2;15;105;2025;08;11;2;3;6;7;0;0;0;1;1;0;0;0;457076,490299999713898;5441920,839700000360608;8,411634495000044;49,128621501000055;1
08250817335300346650;08;3;35;100;2025;08;18;1;3;0;1;0;0;1;0;0;0;0;0;488075,353299999609590;5287222,815199999138713;8,840945371000032;47,738268897000069;1
08250813317000373750;08;3;17;065;2025;08;05;4;3;5;3;1;0;1;1;0;0;0;0;417463,052400000393391;5354577,832000000402331;7,886215742000047;48,338988100000051;1
08250814212702394260;08;2;15;108;2025;08;20;5;3;5;3;0;0;1;1;0;0;0;0;449457,877999999560416;5424562,566999999806285;8,309377330000075;48,971906512000032;1
08250814317000335790;08;3;17;047;2025;08;11;5;3;0;1;0;0;1;0;0;0;0;0;417926,294700000435114;5363173,072100000455976;7,890787242000044;48,416361844000050;1
08250805327200374020;08;3;27;046;2025;08;15;3;3;5;3;0;0;1;1;0;0;0;0;479996,008100000210106;5325130,637199999764562;8,731422709000071;48,079134457000066;1
08250810226700343490;08;2;26;041;2025;08;12;1;2;0;7;0;0;1;0;0;0;0;0;477651,520999999716878;5465913,648299999535084;8,692318785000055;49,345532315000071;1
08250818226400362430;08;2;26;018;2025;08;13;2;3;1;5;0;0;1;1;0;0;0;0;473127,963800000026822;5472155,816700000315905;8,629620628000055;49,401497100000029;1
08250817118600371180;08;1;18;068;2025;08;10;1;2;0;6;0;0;1;0;0;0;0;0;501152,090499999932945;5422988,174000000581145;9,015738650000060;48,959809905000043;1
08250818116010374500;08;1;16;019;2025;08;09;2;2;6;4;0;0;0;1;1;0;0;0;521980,861299999989569;5398135,748500000685453;9,298943496000049;48,735854404000065;1
08250818415100399330;08;4;15;029;2025;08;09;2;3;4;6;0;0;1;1;0;0;0;0;522565,747999999672174;5379547,361999999731779;9,305884744000025;48,568611751000049;1
08250806111250408010;08;1;11;000;2025;08;20;4;3;0;6;0;0;0;1;1;0;0;0;519684,426400000229478;5401459,779400000348687;9,267870870000024;48,765833873000076;1
08250821426300355240;08;4;26;097;2025;08;13;5;3;4;2;0;0;1;0;0;0;0;1;534338,052799999713898;5334534,418299999088049;9,461781557000052;48,163126544000079;1
08250812417200342650;08;4;17;022;2025;08;11;3;2;0;1;0;0;1;0;0;0;0;0;483487,697999999858439;5348941,596999999135733;8,777376578000030;48,293457536000062;1
08250814117300336610;08;1;17;026;2025;08;21;5;2;0;7;1;0;1;0;0;0;0;0;548772,624900000169873;5394328,276799999177456;9,662847449000026;48,700083187000075;1
08250821121600373040;08;1;25;094;2025;08;14;5;3;0;7;0;0;1;0;0;0;0;0;514745,275999999605119;5438106,748500000685453;9,201983541000061;49,095634513000050;1
08250814436000338010;08;4;36;009;2025;08;18;5;3;5;3;0;0;1;1;0;0;0;0;556664,776800000108778;5308350,357100000604987;9,758544861000075;47,925967957000069;1
08250821118500382500;08;1;18;021;2025;08;08;5;3;0;7;0;0;1;0;0;0;0;0;521467,075000000186265;5427191,383999999612570;9,293480510000052;48,997248339000066;1
08250814337400367960;08;3;37;065;2025;08;18;5;3;5;3;0;0;1;1;0;0;0;0;449664,993200000375509;5274766,358500000089407;8,330074891000038;47,624343752000073;1
08250810116400338820;08;1;16;033;2025;08;14;1;3;5;3;0;0;1;0;0;0;0;0;532909,339599999599159;5389169,387499999254942;9,446854311000038;48,654713213000036;1
08250816225100357230;08;2;25;068;2025;08;18;7;3;9;1;0;0;1;0;0;0;0;0;500547,764000000432134;5471390,599600000306964;9,007548902000053;49,395206937000069;1
08250806128100341100;08;1;28;007;2025;08;08;4;3;5;2;0;0;1;1;0;0;0;0;555464,458999999798834;5482128,558199999853969;9,765839407000044;49,489259265000044;1
08250810115300350820;08;1;15;028;2025;08;19;1;3;5;2;0;0;1;1;0;0;0;0;499031,947700000368059;5401063,152899999171495;8,986827347000030;48,762576371000080;1
08250812116200342550;08;1;16;077;2025;08;20;3;3;1;6;0;0;1;0;0;0;0;0;516305,399500000290573;5389261,378100000321865;9,221406586000057;48,656194728000060;1
08250808111500323450;08;1;11;000;2025;08;18;6;3;0;7;0;0;0;0;1;0;0;1;513250,147199999541044;5402929,065700000151992;9,180359400000043;48,779221715000062;1
08250820121600353330;08;1;25;102;2025;08;11;4;3;8;1;0;0;1;0;0;0;0;0;521019,122999999672174;5444240,324999999254942;9,288242492000052;49,150625577000028;1
08250807116200342200;08;1;16;015;2025;08;09;5;3;2;6;0;0;1;0;0;0;0;0;524099,115000000223517;5393539,898000000044703;9,327483188000031;48,694432183000060;1
08250804417200338160;08;4;17;002;2025;08;13;2;3;6;1;0;0;0;1;1;0;0;0;488804,798799999989569;5346497,377299999818206;8,849127653000039;48,271584019000045;1
08250807337400349070;08;3;37;022;2025;08;17;5;3;0;7;0;0;1;1;0;0;0;0;450786,841900000348687;5296555,048399999737740;8,342542902000048;47,820463541000038;1
08250818235100378730;08;2;35;079;2025;08;17;2;3;5;3;0;0;1;1;0;0;0;0;468485,298899999819696;5402592,495400000363588;8,571056669000029;48,775536864000060;1
08250813317500333860;08;3;17;096;2025;08;11;4;3;4;6;0;0;1;1;0;0;0;0;422124,588899999856949;5368963,264900000765920;7,946439585000064;48,468977370000061;1
08250819425000350070;08;4;25;033;2025;08;12;3;3;0;1;0;0;1;0;0;0;0;0;552534,906000000424683;5348968,357000000774860;9,708268120000071;48,291732821000039;1
08250807115400334610;08;1;15;054;2025;08;10;5;3;7;4;0;0;0;1;1;0;0;0;493850,558899999596179;5394358,159399999305606;8,916422313000055;48,702228447000039;1
08250805118010318360;08;1;15;045;2025;08;13;3;3;3;6;0;0;1;0;0;0;0;1;500473,561300000175834;5393438,086200000718236;9,006435169000042;48,693981519000033;1
08250802226700326820;08;2;26;098;2025;08;11;7;3;0;7;0;0;1;0;0;0;0;0;477893,860100000165403;5460378,656899999827147;8,695961781000051;49,295753969000032;1
08250821119300354410;08;1;19;067;2025;08;07;5;3;0;7;0;0;1;0;0;0;0;0;539932,818500000052154;5405912,389100000262260;9,543839292000030;48,804917742000043;1
08250815436000351280;08;4;35;042;2025;08;14;6;3;0;1;0;0;1;0;0;0;0;0;552502,882699999958277;5278293,316800000146031;9,699199188000023;47,655903981000051;1
08250812311010333570;08;3;11;000;2025;08;15;3;3;0;7;0;0;1;0;0;0;0;0;412827,626000000163913;5317739,037000000476837;7,831232586000056;48,006999452000059;1
08250812436000329690;08;4;35;034;2025;08;09;3;2;5;3;0;0;1;1;0;0;0;0;532222,366600000299513;5285058,141300000250340;9,429626312000039;47,718098005000058;1
08250819212010409210;08;2;12;000;2025;08;19;3;3;0;7;0;0;1;0;0;0;0;0;461026,828999999910593;5427537,981699999421835;8,467165432000058;48,999509122000063;1
08250809127100339190;08;1;27;076;2025;08;19;7;3;5;3;0;0;1;0;0;0;0;1;553588,361899999901652;5439012,384800000116229;9,734154326000066;49,101623367000059;1
08250821425000369070;08;4;25;033;2025;08;13;5;2;6;4;0;0;0;1;1;0;0;0;555321,891599999740720;5347838,963099999353290;9,745690716000070;48,281335300000080;1
08250813311010358300;08;3;15;047;2025;08;22;4;3;0;7;2;0;1;0;0;0;0;0;415410,977099999785423;5321353,855200000107288;7,865148237000028;48,039863272000048;1
08250802111320314610;08;1;11;000;2025;08;11;7;3;6;7;0;0;0;0;1;0;0;1;515743,036000000312924;5405802,562999999150634;9,214402186000029;48,805013257000041;1
08250808417010345530;08;4;17;002;2025;08;12;6;3;4;6;0;0;1;1;0;0;0;0;489578,010200000368059;5344337,485600000247359;8,859601041000076;48,252165215000048;1
08250808119200334940;08;1;19;093;2025;08;11;6;3;6;4;0;0;1;0;1;0;0;0;524951,547699999995530;5404689,228599999099970;9,339742081000054;48,794696482000063;1
08250812436500355420;08;4;36;052;2025;08;20;3;3;0;1;0;0;1;0;0;0;0;0;564359,162600000388920;5298959,200699999928474;9,860134827000024;47,840755308000041;1
08250821222600358720;08;2;22;000;2025;08;12;5;3;0;7;0;0;1;0;0;0;0;0;461505,510999999940395;5484465,788599999621511;8,468236989000047;49,511595245000080;1
08250813226400362330;08;2;26;084;2025;08;17;4;3;6;6;0;0;0;1;1;0;0;0;469128,562500000000000;5470221,815199999138713;8,574648298000056;49,383911521000073;1
08250815117300364900;08;1;17;026;2025;08;11;6;2;7;1;0;0;1;0;0;0;0;1;546004,509999999776483;5395760,456100000068545;9,625389238000025;48,713176700000076;1
08250806216300324420;08;2;16;015;2025;08;18;4;3;0;7;0;0;1;0;0;0;0;1;450134,074799999594688;5405614,535499999299645;8,320928277000064;48,801520890000063;1
08250801335100317470;08;3;35;043;2025;08;03;6;3;1;1;2;0;1;1;0;0;0;0;513518,411999999545515;5279260,191600000485778;9,180065775000060;47,666592874000060;1
08250804317000316970;08;3;17;026;2025;08;09;2;3;5;3;0;0;1;1;0;0;0;0;411409,298999999649823;5346102,255499999970198;7,806320916000061;48,261932440000066;1
08250801215202330370;08;2;15;084;2025;08;18;6;3;5;3;0;0;1;1;0;0;0;0;474391,843200000002980;5447802,540500000119209;8,648600952000038;49,182494133000034;1
08250813225200332910;08;2;25;091;2025;08;12;4;3;0;1;0;0;1;0;0;0;0;0;525812,101099999621511;5476662,132400000467896;9,356063669000036;49,442076302000032;1
08250818317000399390;08;3;17;057;2025;08;17;2;3;9;1;0;0;1;0;0;0;0;0;413921,482400000095367;5378860,061200000345707;7,833442271000024;48,556925001000081;1
08250814212302360110;08;2;12;000;2025;08;09;5;3;5;2;0;0;1;1;0;0;0;0;454941,224299999885261;5428821,711500000208616;8,383826320000026;49,010642176000033;1
08250811119400329010;08;1;19;090;2025;08;13;2;3;0;7;0;0;1;0;0;0;0;0;530708,355000000447035;5406656,405999999493361;9,418272341000034;48,812134907000029;1
08250807126100334460;08;1;26;046;2025;08;16;5;2;0;7;0;0;1;0;0;0;0;0;549976,884200000204146;5458531,070399999618530;9,687108431000070;49,277491618000056;1
08250817121400358430;08;1;25;058;2025;08;14;1;3;0;7;0;0;1;0;0;0;0;0;509435,922699999995530;5442733,871200000867248;9,129363473000069;49,137361726000051;1
08250815136100365890;08;1;36;033;2025;08;12;6;3;1;7;0;0;1;1;0;0;0;0;580399,700899999588728;5415996,468200000002980;10,096852510000076;48,891698995000070;1
08250821135200355610;08;1;35;019;2025;08;16;5;3;5;3;0;1;1;1;0;0;0;0;585845,039599999785423;5395076,812699999660254;10,166752586000030;48,702815907000058;1
08250818127100376440;08;1;27;076;2025;08;11;2;3;6;4;0;0;1;0;1;0;0;0;553462,712299999780953;5439877,424799999222159;9,732547621000037;49,109415089000038;1
08250818212010409190;08;2;12;000;2025;08;17;2;3;6;7;0;0;0;0;1;0;0;1;456362,612200000323355;5428251,249099999666214;8,403323836000027;49,005612956000050;1
08250806311010320510;08;3;11;000;2025;08;14;4;2;3;2;0;0;1;1;0;0;0;0;415076,918700000271201;5320102,102399999275804;7,860915633000047;48,028558961000044;1
08250801335100314330;08;3;35;043;2025;08;15;6;3;5;2;0;0;1;1;0;0;0;0;511973,151200000196695;5280131,918899999931455;9,159506826000040;47,674466846000030;1
08250814416010339070;08;4;16;041;2025;08;10;5;3;8;1;0;0;1;0;0;0;0;0;506339,577999999746680;5374919,455399999395013;9,085864798000046;48,527351867000050;1
08250803335300334700;08;3;35;077;2025;08;15;1;3;0;1;0;1;1;0;0;0;0;0;494491,212199999950826;5293884,795499999076128;8,926437494000027;47,798297058000060;1
08250731436100294890;08;4;36;055;2025;07;18;5;3;0;1;0;0;1;0;0;0;0;0;576253,500000000000000;5297496,664000000804663;10,018816395000044;47,826297397000076;1
08250802116200343080;08;1;16;078;2025;08;19;7;3;5;3;0;0;1;1;0;0;0;0;512120,399699999950826;5393154,630599999800324;9,164694014000077;48,691313989000037;1
08250731426100282930;08;4;26;021;2025;07;14;5;3;5;3;0;0;1;0;0;0;0;1;558857,818400000222027;5325952,995200000703335;9,790314801000022;48,084129363000045;1
08250801212010321590;08;2;15;106;2025;08;16;6;1;5;3;0;0;1;1;0;0;0;0;466335,922299999743700;5454942,985999999567866;8,537460796000062;49,246333107000055;1
08250808311010505080;08;3;15;095;2025;08;07;6;3;5;3;0;0;1;1;0;0;0;0;428124,389700000174344;5318815,507699999958277;8,036110892000067;48,018586711000069;1
08250801437200331360;08;4;37;104;2025;08;14;6;3;6;6;0;0;0;1;1;0;0;0;516223,513399999588728;5324972,027400000020862;9,217814289000046;48,077814868000075;1
08250813111000514390;08;1;11;000;2025;08;13;4;3;2;6;0;0;1;0;0;0;0;1;506829,350100000388920;5398390,396400000900030;9,092885153000054;48,738495551000028;1
08250807117300330580;08;1;17;026;2025;08;07;5;3;5;3;0;0;1;0;0;1;0;0;544691,660899999551475;5391286,241100000217557;9,607059242000048;48,673023971000077;1
08250821231302356770;08;2;31;000;2025;08;22;5;3;0;1;2;0;1;0;0;0;0;0;477903,834900000132620;5415972,974099999293685;8,698527741000021;48,896310094000057;1
08250818116100371370;08;1;16;019;2025;08;05;2;3;0;1;1;0;1;0;0;0;0;0;525270,997999999672174;5399565,725999999791384;9,343776855000044;48,748593512000070;1
08250731421200305600;08;4;25;072;2025;07;22;5;2;5;3;2;1;1;0;0;0;0;0;582690,538399999961257;5371660,813500000163913;10,119224449000058;48,492626357000063;1
08250809226200339470;08;2;26;032;2025;08;15;7;3;1;5;0;0;1;1;0;0;0;0;468282,460900000296533;5462929,282400000840425;8,563571600000046;49,318273133000048;1
08250822311010372100;08;3;11;000;2025;08;17;6;3;5;3;0;0;1;0;0;0;0;1;412299,257500000298023;5315341,618300000205636;7,824639956000055;47,985361673000057;1
08250810235200352440;08;2;35;046;2025;08;13;1;1;9;1;0;0;1;0;0;0;0;0;480855,134499999694526;5376404,026300000026822;8,740630275000058;48,540447448000066;1
08250822327200402170;08;3;27;011;2025;08;17;6;2;8;1;0;0;1;0;0;0;0;0;484983,917999999597669;5322251,565199999138713;8,798491943000045;48,053368377000027;1
08250811317000329480;08;3;17;059;2025;08;16;2;3;5;2;0;0;1;1;0;0;0;0;413628,229100000113249;5348750,333300000056624;7,835671378000029;48,286058067000056;1
08250822212702402230;08;2;15;017;2025;08;13;6;3;5;2;0;0;1;0;0;0;0;0;456591,527800000272691;5421660,751399999484420;8,407157180000070;48,946346442000049;1
08250805212010319780;08;2;12;000;2025;08;12;3;3;3;6;0;0;1;1;0;0;0;0;456176,507399999536574;5428834,694499999284744;8,400716294000063;49,010847926000054;1
08250731416010283850;08;4;15;092;2025;07;17;5;3;5;2;0;0;1;1;0;0;0;0;518965,462399999611080;5365069,499700000509620;9,256424617000050;48,438483788000042;1
08250822115300370470;08;1;15;041;2025;08;06;6;3;0;7;0;0;1;0;0;0;0;0;493434,484299999661744;5398940,883600000292063;8,910694449000061;48,743450577000033;1
08250813215502334580;08;2;15;107;2025;08;22;4;3;0;7;2;0;1;0;0;0;0;0;462050,164699999615550;5457173,773600000888109;8,478366153000024;49,266147932000081;1
08250819317000370830;08;3;17;141;2025;08;20;3;3;8;1;1;0;1;0;0;0;0;0;418719,267099999822676;5376657,637499999254942;7,898880072000054;48,537755309000033;1
08250808311400358240;08;3;15;050;2025;08;11;6;3;5;3;0;0;1;1;0;0;0;0;398598,311999999918044;5303310,380999999120831;7,643903118000026;47,875118139000051;1
08250818335200378950;08;3;35;063;2025;08;17;2;3;6;6;0;0;1;0;1;0;0;0;498098,228000000119209;5286947,464999999850988;8,974634731000037;47,735898819000056;1
08250731337400280270;08;3;37;062;2025;07;15;5;2;4;6;0;0;1;1;0;0;0;0;451744,304999999701977;5274404,178999999538064;8,357787214000041;47,621243408000055;1
08250813437200362250;08;4;37;101;2025;08;18;4;3;0;1;0;0;1;0;0;0;0;0;522231,501299999654293;5324286,152200000360608;9,298439904000077;48,071462878000034;1
08250815221011395510;08;2;26;054;2025;08;05;6;3;0;7;0;0;1;0;0;0;0;0;479736,885999999940395;5455617,733400000259280;8,721550788000059;49,252992989000063;1
08250803335010364340;08;3;35;075;2025;08;14;1;3;7;7;0;0;1;0;0;0;0;0;488692,208800000138581;5290026,236300000920892;8,849100252000028;47,763503922000041;1
08250731337100304670;08;3;37;096;2025;07;20;5;3;6;7;0;0;0;1;1;0;0;0;420512,269999999552965;5267022,021999999880791;7,943530438000039;47,551751727000067;1
08250821115300383880;08;1;15;028;2025;08;13;5;3;0;3;0;0;1;1;0;0;0;0;500907,276499999687076;5407127,107400000095367;9,012359044000050;48,817127469000070;1
08250815435100395550;08;4;35;029;2025;08;00;6;3;5;2;2;0;1;1;0;0;0;0;543980,428000000305474;5270756,203299999237061;9,584952396000062;47,588725731000068;1
08250816212102344060;08;2;12;000;2025;08;18;7;3;0;7;0;0;1;0;0;0;0;0;461468,780299999751151;5427491,462300000712276;8,473211860000049;48,999118413000076;1
08250816136000372660;08;1;36;028;2025;08;18;7;3;0;7;0;0;1;0;0;0;0;0;568526,527999999932945;5404642,389000000432134;9,932998296000051;48,790999652000039;1
08250813212010338900;08;2;12;000;2025;08;11;4;3;5;3;0;0;1;1;0;0;0;0;454665,699099999852479;5426232,130000000819564;8,380347804000053;48,987328473000048;1
08250814212302373270;08;2;12;000;2025;08;18;5;3;5;3;0;0;1;0;0;0;0;0;455621,010700000450015;5426464,140799999237061;8,393379377000031;48,989484830000038;1
08250807317000341520;08;3;17;065;2025;08;16;5;3;0;1;0;0;1;0;0;0;0;0;416224,888399999588728;5354224,056399999186397;7,869581213000060;48,335642945000075;1
08250807226400376720;08;2;26;037;2025;08;00;5;3;1;5;2;0;1;1;0;0;0;0;466445,264299999922514;5468678,984300000593066;8,537808744000074;49,369892244000027;1
08250814436000336270;08;4;36;009;2025;08;17;5;3;0;1;0;0;1;0;0;0;0;0;556295,667299999855459;5307573,631200000643730;9,753502717000060;47,919012647000045;1
08250818335100376840;08;3;35;043;2025;08;17;2;3;0;1;0;0;1;0;0;0;0;0;509616,970700000412762;5288118,680500000715256;9,128294024000070;47,746368039000060;1
08250806317010322360;08;3;17;100;2025;08;05;4;2;4;6;1;0;1;0;0;0;0;0;423946,466699999757111;5366056,232999999076128;7,971611508000024;48,443051533000073;1
08250809226500384250;08;2;26;085;2025;08;09;7;3;6;4;0;0;0;1;1;0;0;0;490948,874099999666214;5455359,289300000295043;8,875627555000051;49,250936829000068;1
08250807111330320780;08;1;11;000;2025;08;20;5;3;0;7;1;0;1;0;0;0;0;0;515606,821200000122190;5410531,553500000387430;9,212727095000048;48,847557872000039;1
08250807127100332580;08;1;27;076;2025;08;14;5;3;0;3;0;0;1;1;0;0;0;0;552476,491399999707937;5439537,572000000625849;9,718991347000042;49,106443154000033;1
08250809316200324820;08;3;16;009;2025;08;13;7;3;5;3;0;0;1;1;0;0;0;0;418153,003700000233948;5325062,651000000536442;7,901218614000072;48,073582980000026;1
08250804126200337410;08;1;26;066;2025;08;15;2;3;6;7;0;0;1;1;1;0;0;0;536331,993800000287592;5450342,770700000226498;9,498777876000077;49,204801958000076;1
08250803335300323220;08;3;35;075;2025;08;11;1;3;9;1;0;1;1;0;0;0;0;0;489013,783599999733269;5288409,110400000587106;8,853432442000042;47,748959326000033;1
08250812416200390100;08;4;16;041;2025;08;12;3;3;0;5;0;0;1;1;0;0;0;0;503482,297299999743700;5375605,602199999615550;9,047170840000035;48,533547043000056;1
08250801115200314310;08;1;15;021;2025;08;17;6;3;5;3;0;0;1;1;0;0;0;0;489756,665000000037253;5381906,399000000208616;8,861089902000060;48,590156808000074;1
08250812222500390170;08;2;22;000;2025;08;07;3;3;5;3;0;0;1;1;0;0;0;0;462210,153300000354648;5478755,552699999883771;8,478516299000034;49,460278956000082;1
08250821226700386440;08;2;26;098;2025;08;12;5;3;0;7;0;0;1;1;0;0;0;0;478704,656700000166893;5459590,439899999648333;8,707154970000033;49,288692725000033;1
08250820435200379830;08;4;35;059;2025;08;11;4;3;0;1;0;1;1;0;0;0;0;0;510902,936599999666214;5290627,484799999743700;9,145512167000049;47,768920647000073;1
08250818119300349240;08;1;19;067;2025;08;17;2;3;1;5;0;0;1;1;0;0;0;0;538929,415099999867380;5405452,953600000590086;9,530131144000052;48,800848531000042;1
08250807111500408830;08;1;11;000;2025;08;16;5;3;5;3;0;0;1;1;0;0;0;0;518525,388000000268221;5402885,827999999746680;9,252162768000062;48,778698023000061;1
08250802118500314060;08;1;18;060;2025;08;14;7;2;1;5;0;1;1;1;0;0;0;0;529045,637199999764562;5433126,368899999186397;9,397511219000023;49,050325634000046;1
08250811226600328750;08;2;26;096;2025;08;23;2;3;4;6;2;0;1;0;0;0;0;0;475992,714300000108778;5487897,875099999830127;8,668149779000032;49,543212346000075;1
08250805436400316720;08;4;36;082;2025;08;07;3;3;5;3;0;0;1;1;0;0;0;0;547117,766999999992549;5294449,964600000530481;9,629236931000037;47,801681125000073;1
08250813415400336440;08;4;15;061;2025;08;17;4;3;9;7;0;0;1;0;0;0;0;0;514128,843000000342727;5371505,091000000014901;9,191248436000024;48,496508086000063;1
08250813212010334780;08;2;12;000;2025;08;17;4;3;6;6;0;0;1;0;1;0;0;0;454348,538399999961257;5428838,119500000029802;8,375720062000028;49,010746203000053;1
08250809231000326540;08;2;31;000;2025;08;12;7;3;6;6;0;0;0;0;1;0;0;1;477271,645800000056624;5415520,334200000390410;8,689927689000058;48,892215434000036;1
08250731226200307990;08;2;26;032;2025;07;15;5;3;5;3;0;0;1;1;0;0;0;0;467223,350399999879301;5463033,885500000789762;8,548990279000066;49,319158072000050;1
08250818335100359380;08;3;35;043;2025;08;07;2;3;5;3;0;0;1;1;0;0;0;0;512805,790199999697506;5278710,277000000700355;9,170557551000059;47,661659425000039;1
08250807311400342810;08;3;15;006;2025;08;20;5;3;5;3;0;0;1;1;0;0;0;0;402538,445600000210106;5310318,037299999967217;7,694998327000064;47,938762185000030;1
08250811215402328380;08;2;15;009;2025;08;19;2;3;1;5;0;0;1;1;0;0;0;0;467754,210799999535084;5437916,692399999126792;8,558311775000050;49,093256574000065;1
08250811212102344180;08;2;12;000;2025;08;16;2;3;5;3;0;0;1;0;0;0;0;0;457436,905700000002980;5429488,789699999615550;8,417882623000025;49,016819824000038;1
08250823212010412230;08;2;12;000;2025;08;08;7;3;5;2;0;0;1;0;0;0;0;0;453582,688199999742210;5428775,738399999216199;8,365254925000045;49,010127948000047;1
08250815426100340020;08;4;26;021;2025;08;11;6;3;0;1;0;0;1;0;0;0;0;0;558814,531200000084937;5327238,693900000303984;9,789910736000024;48,095699748000072;1
08250806111120334970;08;1;11;000;2025;08;15;4;3;1;5;0;0;1;1;0;0;0;0;512340,055300000123680;5405261,449200000613928;9,168041446000075;48,800222340000062;1
08250816117200396660;08;1;17;024;2025;08;00;7;2;5;3;2;1;1;1;0;0;0;0;559675,729199999943376;5384818,827099999412894;9,809641688000056;48,613595532000033;1
08250731222600307770;08;2;22;000;2025;07;21;5;3;5;3;2;1;1;1;0;0;0;0;461163,127700000070035;5483533,404100000858307;8,463599222000028;49,503187146000073;1
08250807317500341500;08;3;17;021;2025;08;00;5;2;0;1;2;0;1;0;0;0;0;0;428737,779799999669194;5372192,341299999505281;8,035343578000038;48,498807560000046;1
08250805421200338490;08;4;21;000;2025;08;15;3;3;6;4;0;0;1;0;1;0;0;0;573082,138299999758601;5361033,136700000613928;9,987340422000045;48,398219853000057;1
08250817119200368850;08;1;19;020;2025;08;20;1;3;5;3;0;0;1;1;0;0;0;0;521281,473000000230968;5406848,819000000134110;9,289882750000061;48,814260199000046;1
08250808437100394080;08;4;37;044;2025;08;15;6;3;0;1;0;0;1;0;0;0;0;0;532605,614400000311434;5322630,313200000673532;9,437574150000046;48,056119502000058;1
08250805336400341250;08;3;36;091;2025;08;14;3;3;1;5;0;0;1;1;0;0;0;0;396196,214499999769032;5272154,219100000336766;7,619218397000054;47,594485392000081;1
08250808115200332940;08;1;15;021;2025;08;14;6;3;0;7;0;0;0;1;1;0;0;0;490425,944699999876320;5382762,637800000607967;8,870146256000055;48,597870320000027;1
08250822111370361310;08;1;11;000;2025;08;16;6;2;5;3;0;0;1;0;0;1;0;0;510521,548499999567866;5397583,862900000065565;9,143081565000045;48,731188554000028;1
08250731135100300860;08;1;35;016;2025;07;07;5;3;0;1;0;0;1;0;0;0;0;0;591471,704499999992549;5386480,480799999088049;10,241308148000030;48,624700540000049;1
08250808111210408980;08;1;11;000;2025;08;15;6;3;5;2;0;0;1;1;0;0;0;0;507459,956600000150502;5397833,814400000497699;9,101451866000048;48,733481298000072;1
08250813417100386950;08;4;17;079;2025;08;06;4;3;5;3;0;0;1;1;0;0;0;0;499296,923000000417233;5345650,763000000268221;8,990526360000047;48,264065805000030;1
08250804416200316320;08;4;16;041;2025;08;19;2;3;1;7;0;0;1;1;0;0;0;0;504404,439699999988079;5373893,067500000819564;9,059643986000026;48,518134676000045;1
08250731126200292970;08;1;26;069;2025;07;20;5;2;8;6;1;0;1;1;0;0;0;0;537536,035799999721348;5445701,615900000557303;9,514873367000064;49,162982374000080;1
08250823135010376410;08;1;35;032;2025;08;17;7;3;0;1;0;0;1;0;0;0;0;0;577649,382000000216067;5394108,557199999690056;10,055200982000031;48,695180971000070;1
08250731119300285260;08;1;19;061;2025;07;19;5;2;0;7;0;0;1;0;0;0;0;0;538899,018000000156462;5413106,191400000825524;9,530443581000043;48,869695053000044;1