UIDENTSTLAE;ULAND;UREGBEZ;UKREIS;UGEMEINDE;UJAHR;UMONAT;USTUNDE;UWOCHENTAG;UKATEGORIE;UART;UTYP1;ULICHTVERH;IstStrassenzustand;IstRad;IstPKW;IstFuss;IstKrad;IstGkfz;IstSonstige;LINREFX;LINREFY;XGCSWGS84;YGCSWGS84;PLST
08250807222400322660;08;2;22;000;2025;08;12;5;3;0;3;0;0;1;1;0;0;0;0;466550,380199999548495;5477940,851999999955297;8,538476210000056;49,453205565000076;1
08250813118100334790;08;1;18;007;2025;08;16;4;3;5;4;0;0;0;1;1;0;0;0;511501,067800000309944;5426161,337999999523163;9,157204923000052;48,988248574000067;1
08250812111500354880;08;1;11;000;2025;08;09;3;3;5;2;0;0;1;1;0;0;0;0;510747,869800000451505;5397378,865199999883771;9,146153933000051;48,729340530000059;1
08250817311400344750;08;3;15;111;2025;08;17;1;3;8;1;0;0;1;0;0;0;0;0;400404,608900000341237;5299263,657700000330806;7,668984948000059;47,839000675000079;1
08250731119200301910;08;1;19;020;2025;07;14;5;3;5;3;0;0;1;1;0;0;0;0;521279,031899999827147;5406848,241900000721216;9,289849469000046;48,814255091000064;1
08250809335100325000;08;3;35;043;2025;08;21;7;3;1;5;1;0;1;1;0;0;0;0;515518,568900000303984;5280757,192399999126792;9,206760975000066;47,680017450000037;1
08250802235100315400;08;2;35;085;2025;08;14;7;3;6;6;0;0;0;1;1;0;0;0;480282,231399999931455;5394583,966800000518560;8,732004375000031;48,703978463000055;1
08250807216100324870;08;2;16;043;2025;08;05;5;3;8;1;0;0;1;0;0;0;0;0;443214,405399999581277;5409495,683499999344349;8,226167755000063;48,835838507000062;1
08250813136100345840;08;1;36;088;2025;08;19;4;3;5;2;0;0;1;1;0;0;0;0;579456,540799999609590;5410045,542400000616908;10,082832356000040;48,838296728000046;1
08250817435100357830;08;4;35;057;2025;08;22;1;3;0;1;2;0;1;0;0;0;0;0;544285,658999999985099;5282098,403000000864267;9,590159979000020;47,690753878000066;1
08250818436200374110;08;4;36;064;2025;08;21;2;3;0;1;2;0;1;0;0;0;0;0;546457,699199999682605;5293093,085999999195337;9,620277245000068;47,789521294000053;1
08250818226600376790;08;2;26;096;2025;08;16;2;2;8;7;0;0;1;0;0;0;0;0;475239,716500000096858;5489287,697599999606609;8,657654011000034;49,555682921000027;1
08250807221400337320;08;2;21;000;2025;08;20;5;3;5;3;0;0;1;1;0;0;0;0;477164,782300000078976;5469827,203500000759959;8,685393243000021;49,380716369000027;1
08250811117100341240;08;1;17;049;2025;08;11;2;3;8;1;0;0;1;0;0;0;0;0;555994,124499999918044;5392103,958000000566244;9,760681792000071;48,679468340000028;1
08250731119200294160;08;1;19;093;2025;07;17;5;2;4;6;0;0;1;1;0;0;0;0;523973,718500000424683;5406656,572599999606609;9,326542994000022;48,812432746000070;1
08250811417300354700;08;4;17;031;2025;08;10;2;3;6;4;0;0;0;1;1;0;0;0;497521,515999999828637;5355990,991100000217557;8,966542811000068;48,357089248000079;1
08250823311400388930;08;3;15;006;2025;08;16;7;3;5;3;0;0;1;1;0;0;0;0;402542,349999999627471;5307426,203999999910593;7,695704821000049;47,912750829000061;1
08250821426100356910;08;4;26;021;2025;08;07;5;3;5;3;0;1;1;1;0;0;0;0;559167,874800000339746;5327799,277000000700355;9,794733583000038;48,100710130000039;1
08250816212010341800;08;2;12;000;2025;08;08;7;3;5;3;0;0;1;1;0;0;0;0;452373,228500000201166;5426819,675599999725819;8,348946362000049;48,992440935000047;1
08250731116000290040;08;4;16;022;2025;07;10;5;3;5;3;0;0;1;1;0;0;0;0;511331,704199999570847;5374943,721899999305606;9,153479841000035;48,527499891000048;1
08250814317000363180;08;3;17;057;2025;08;19;5;3;5;3;0;0;1;1;0;0;0;0;412330,661100000143051;5380792,137599999085069;7,811480676000031;48,574082365000038;1
08250820435100356640;08;4;35;035;2025;08;18;4;2;0;1;0;0;1;0;0;0;0;0;541076,864799999631941;5282632,526499999687076;9,547451304000049;47,695771479000030;1
08250811436000327110;08;4;35;024;2025;08;11;2;3;0;1;0;0;1;0;0;0;0;0;527863,427000000141561;5279307,460400000214577;9,371141878000060;47,666559216000053;1
08250810225100353830;08;2;25;067;2025;08;19;1;3;0;7;0;0;1;0;0;0;0;0;509899,903699999675155;5462780,998199999332428;9,136219329000028;49,317683040000077;1
08250820222014357680;08;2;26;096;2025;08;15;4;3;6;4;0;0;0;1;1;0;0;0;476380,593500000424683;5488619,369100000709295;8,673468051000043;49,549717158000078;1
08250818335100364260;08;3;35;043;2025;08;16;2;3;0;7;0;0;0;0;1;0;0;1;516059,946999999694526;5279264,238700000569224;9,213919045000068;47,666571167000029;1
08250820311010351370;08;3;11;000;2025;08;08;4;3;0;7;0;1;1;0;0;0;0;0;418779,699099999852479;5314318,959400000050664;7,911666967000031;47,977018034000025;1
08250731212702306680;08;2;15;017;2025;07;10;5;3;5;3;0;0;1;1;0;0;0;0;455114,924399999901652;5420269,723500000312924;8,387145161000035;48,933728471000052;1
08250812128100332010;08;1;28;058;2025;08;15;3;3;0;1;0;0;1;0;0;0;0;0;558726,844899999909103;5482695,218100000172853;9,810965196000041;49,494048805000034;1
08250820426100353280;08;4;26;021;2025;08;10;4;3;3;2;0;0;1;1;0;0;0;0;558833,696800000034273;5327136,700400000438094;9,790154056000063;48,094780427000046;1
08250811212502346910;08;2;15;017;2025;08;18;2;3;0;5;0;0;1;1;0;0;0;0;458898,209599999710917;5420409,823200000450015;8,438784793000025;48,935251600000072;1
08250805426000318380;08;4;25;141;2025;08;10;3;3;4;6;0;0;1;1;0;0;0;0;567746,996899999678135;5363040,864099999889731;9,915596715000049;48,416876058000071;1
08250801311010364570;08;3;11;000;2025;08;16;6;3;5;3;0;1;1;0;0;0;0;0;410612,019199999980628;5314781,951400000602007;7,802149252000049;47,980093754000052;1
08250731115100304650;08;1;15;051;2025;07;12;5;3;6;4;0;0;0;0;1;0;0;1;503486,248999999836087;5386671,523000000044703;9,047317203000034;48,633099001000062;1
08250821118600369550;08;1;18;068;2025;08;19;5;3;6;4;0;0;0;1;1;0;0;0;500719,800200000405312;5422849,314699999988079;9,009832908000021;48,958561425000028;1
08250815212202400690;08;2;12;000;2025;08;23;6;3;1;5;2;0;1;1;0;0;0;0;457464,916600000113249;5429144,669299999251962;8,418301765000024;49,013726349000081;1
08250811221011388610;08;2;26;099;2025;08;17;2;3;5;3;0;0;1;1;0;0;0;0;482187,183000000193715;5480089,888399999588728;8,754126530000065;49,473195422000060;1
08250819311010350480;08;3;11;000;2025;08;12;3;3;1;5;0;0;1;1;0;0;0;0;413590,878600000403821;5316404,690799999982119;7,841732505000039;47,995100198000046;1
08250822135100376340;08;1;35;031;2025;08;17;6;3;0;1;0;0;1;0;0;0;0;0;594415,289400000125170;5378349,411299999803305;10,279395875000034;48,551132185000029;1
08250812325302371240;08;3;25;051;2025;08;17;3;3;6;7;0;0;0;1;1;0;0;0;451234,878200000151992;5348729,659299999475479;8,342579527000055;48,289887218000047;1
08250809435100330480;08;4;35;057;2025;08;13;7;3;0;7;0;0;1;0;0;0;0;0;544761,042999999597669;5279922,039000000804663;9,596271524000031;47,671139937000078;1
08250814335200348290;08;3;35;063;2025;08;20;5;2;0;1;0;0;1;0;0;0;0;0;500987,394999999552965;5288180,449300000444055;9,013172380000071;47,746994759000074;1
08250730426200277550;08;4;26;070;2025;07;11;4;3;0;1;0;0;1;0;0;0;0;0;565617,843600000254810;5342395,393500000238419;9,883611067000061;48,231382973000052;1
08250808317500322970;08;3;17;096;2025;08;21;6;3;0;1;2;0;1;0;0;0;0;0;420508,208599999547005;5367924,745500000193715;7,924773228000049;48,459433786000034;1
08250812215502372110;08;2;15;029;2025;08;12;3;3;0;7;0;0;1;0;0;0;0;0;467110,330400000326335;5447873,926200000569224;8,548679972000059;49,182789019000040;1
08250823116400361410;08;1;16;072;2025;08;21;7;3;9;1;2;0;1;0;0;0;0;0;531448,196600000374019;5392920,874500000849366;9,427300271000036;48,688536399000043;1
08250804425000332890;08;4;25;033;2025;08;06;2;2;0;1;0;0;1;0;0;0;0;0;553664,097699999809265;5348403,876000000163913;9,723418746000050;48,286559984000064;1
08250808311010332780;08;3;11;000;2025;08;16;6;3;5;2;0;0;1;1;0;0;0;0;409831,257600000128150;5315823,537100000306964;7,791470274000062;47,989353461000064;1
08250815316200356140;08;3;16;056;2025;08;18;6;3;4;6;0;0;1;1;0;0;0;0;418720,182500000111759;5326409,607699999585748;7,908575168000027;48,085771985000065;1
08250821415400382990;08;4;15;061;2025;08;12;5;3;0;1;0;1;1;0;0;0;0;0;511102,053000000305474;5364414,380000000819564;9,150089680000065;48,432777811000051;1
08250821121600357580;08;1;25;102;2025;08;16;5;3;0;7;0;1;1;0;0;0;0;0;520686,329300000332296;5444371,469599999487400;9,283685572000024;49,151816559000054;1
08250809436400324010;08;4;36;008;2025;08;19;7;3;6;7;0;0;0;1;1;0;0;0;547550,564100000075996;5310743,310200000181794;9,636810019000052;47,948237747000064;1
08250803326200364760;08;3;26;074;2025;08;00;1;3;0;1;2;1;1;0;0;0;0;0;465485,465900000184774;5323510,639200000092387;8,536737539000057;48,063939202000029;1
08250815436300339520;08;4;36;049;2025;08;10;6;3;0;1;0;0;1;0;0;0;0;0;577509,712399999611080;5282672,057900000363588;10,032954251000035;47,692783617000032;1
08250811435200359690;08;4;35;059;2025;08;18;2;3;5;2;0;0;1;1;0;0;0;0;512127,835300000384450;5290832,755999999120831;9,161865508000062;47,770745689000080;1
08250821425000514240;08;4;25;108;2025;08;21;5;3;6;7;2;0;0;1;1;0;0;0;554113,018600000068545;5357661,963300000876188;9,730658708000021;48,369806956000048;1
08250730317000278040;08;3;17;065;2025;07;22;4;3;5;1;2;0;1;1;0;0;0;0;413661,592799999751151;5353291,533900000154972;7,835191801000065;48,326910016000056;1
08250801426000330200;08;4;21;000;2025;08;13;6;3;6;4;0;0;1;0;1;0;0;0;573398,486100000329316;5361649,573400000110269;9,991721410000025;48,403728077000039;1
08250811222014362820;08;2;26;096;2025;08;17;2;3;5;3;0;0;1;0;0;0;0;1;473902,525999999605119;5487778,198000000789762;8,639265826000042;49,542049438000049;1
08250815222200369590;08;2;22;000;2025;08;22;6;3;6;4;2;0;1;0;1;0;0;0;461656,211500000208616;5482197,130200000479817;8,470538888000021;49,491199466000069;1
08250813118010349080;08;1;18;048;2025;08;06;4;2;3;6;0;0;1;0;0;0;0;1;519538,222400000318885;5417417,146700000390410;9,266642118000050;48,909387348000052;1
08250818128100349530;08;1;28;007;2025;08;17;2;3;4;6;0;0;1;0;0;0;0;0;555974,231499999761581;5482224,857499999925494;9,772891184000059;49,490078573000062;1
08250814222300387440;08;2;22;000;2025;08;05;5;3;3;6;0;0;1;0;0;0;0;0;463950,336400000378489;5483669,235899999737740;8,502081149000048;49,504580959000066;1
08250814212010408520;08;2;12;000;2025;08;18;5;3;5;3;0;0;1;0;0;0;0;1;455481,211400000378489;5428254,458200000226498;8,391272349000076;49,005578873000047;1
08250802415400319570;08;4;15;061;2025;08;11;7;3;5;3;0;1;1;0;0;0;0;0;513447,710799999535084;5372096,882500000298023;9,182047723000039;48,501847002000034;1
08250807212402379440;08;2;12;000;2025;08;11;5;3;5;3;0;0;1;1;0;0;0;0;456533,718899999745190;5427709,957100000232458;8,405721272000051;49,000756040000056;1
08250818416200375970;08;4;15;061;2025;08;11;2;2;5;3;0;0;1;1;0;0;0;0;509931,817699999548495;5371371,249700000509620;9,134434392000060;48,495384367000042;1
08250812117200390150;08;1;17;006;2025;08;16;3;2;0;7;0;0;1;0;0;0;0;0;551887,346099999733269;5381743,588999999687076;9,703598562000025;48,586626383000066;1
08250730311010303280;08;3;11;000;2025;07;19;4;3;5;3;0;0;1;0;0;0;0;1;402745,985000000335276;5317492,149800000712276;7,696152896000058;48,003324171000031;1
08250816136000354200;08;1;36;028;2025;08;09;7;3;1;5;0;0;1;1;0;0;0;0;568446,835599999874830;5404213,947200000286102;9,931842055000061;48,787154699000041;1
08250813435100345750;08;4;35;035;2025;08;15;4;3;0;1;0;1;1;0;0;0;0;0;539921,805200000293553;5280057,185100000351667;9,531822385000055;47,672672777000059;1
08250812311010386920;08;3;11;000;2025;08;14;3;3;3;2;0;0;1;1;0;0;0;0;413893,868999999947846;5317125,409399999305606;7,845648442000027;48,001624199000048;1
08250807119300321170;08;1;19;076;2025;08;07;5;3;5;3;0;0;1;1;0;0;0;0;541762,637000000104308;5406559,304999999701977;9,568823888000054;48,810616797000080;1
08250816119400341370;08;1;19;091;2025;08;17;7;3;0;7;0;0;1;0;0;0;0;0;529213,162899999879301;5406027,000700000673532;9,397862358000054;48,806545062000055;1
08250812119400374330;08;1;19;079;2025;08;13;3;3;7;7;0;0;1;0;1;0;0;0;524607,477800000458956;5409061,837899999693036;9,335319513000059;48,834045110000034;1
08250811212010341700;08;2;12;000;2025;08;21;2;3;5;2;2;0;1;0;0;1;0;0;458093,240000000223517;5428413,783999999985099;8,426969547000056;49,007194922000053;1
08250814231000370300;08;2;36;076;2025;08;17;5;3;3;6;0;0;1;1;0;0;0;0;474597,387299999594688;5423498,298100000247359;8,652947688000040;48,963877856000067;1
08250818437200350280;08;4;37;104;2025;08;12;2;3;0;1;0;0;1;0;0;0;0;0;515865,529199999757111;5326225,779600000008941;9,213054662000047;48,089103878000060;1
08250810415100328370;08;4;15;078;2025;08;17;1;3;8;7;0;0;1;0;0;0;0;0;527857,137000000104308;5372263,934000000357628;9,377122506000035;48,502876065000066;1
08250812426000331620;08;4;26;087;2025;08;12;3;3;0;1;0;0;1;0;0;0;0;0;570126,543399999849498;5324566,461899999529123;9,941378822000047;48,070516126000030;1
08250806212010319760;08;2;12;000;2025;08;16;4;3;0;1;0;0;1;0;0;0;0;0;460812,045599999837577;5427575,166300000622869;8,464225497000029;48,999830008000060;1
08250821221011398680;08;2;26;018;2025;08;07;5;3;5;2;0;0;1;1;0;0;0;0;472975,804800000041723;5472030,083200000226498;8,627532009000049;49,400359416000072;1
08250801212302344070;08;2;12;000;2025;08;16;6;3;2;7;0;0;1;1;0;0;0;0;455002,246399999596179;5428817,846799999475479;8,384661168000036;49,010611865000044;1
08250807226200328980;08;2;26;032;2025;08;20;5;2;0;7;0;0;1;0;0;0;0;0;466926,699300000444055;5462452,937200000509620;8,544956611000032;49,313916536000079;1
08250822222500626750;08;2;22;000;2025;08;21;6;2;4;6;2;0;1;0;0;0;0;0;466339,980000000447035;5474434,498999999836087;8,535871017000034;49,421655575000045;1
08250813335100346420;08;3;35;043;2025;08;15;4;3;0;1;0;0;1;0;0;0;0;0;514387,325899999588728;5282337,115299999713898;9,191741091000040;47,694259179000028;1
08250801311010355640;08;3;15;064;2025;08;15;6;3;4;6;0;0;1;0;0;0;0;0;422658,053000000305474;5313280,476999999955297;7,963813907000031;47,968156712000052;1
08250811222500373070;08;2;22;000;2025;08;13;2;3;5;2;0;0;1;1;0;0;0;0;463186,711600000038743;5478603,987400000914931;8,492005912000025;49,458975667000061;1
08250823212702374390;08;2;15;017;2025;08;12;7;3;3;6;0;0;1;0;0;0;0;0;455837,595300000160933;5420538,657400000840425;8,396982699000034;48,936199594000072;1
08250803121600329820;08;1;25;024;2025;08;20;1;3;0;1;0;0;1;0;0;0;0;0;523464,172000000253320;5443251,399000000208616;9,321714172000043;49,141641379000077;1
08250730119400300290;08;1;19;079;2025;07;16;4;3;1;5;0;0;1;1;0;0;0;0;525054,864099999889731;5407610,304800000041723;9,341327118000038;48,820969622000064;1
08250804335100317570;08;3;35;043;2025;08;16;2;3;2;7;0;0;1;1;0;0;0;0;512990,876600000075996;5278721,399399999529123;9,173022996000043;47,661755809000056;1
08250816336400371880;08;3;36;091;2025;08;09;7;3;3;6;0;0;1;1;0;0;0;0;396446,166799999773502;5272006,119999999180436;7,622577197000055;47,593193176000057;1
08250814116200362230;08;1;16;078;2025;08;19;5;2;0;7;0;0;1;0;0;0;0;0;513156,859899999573827;5390228,923200000077486;9,178684428000054;48,664973105000058;1
08250815119400339750;08;1;19;090;2025;08;07;6;3;7;7;0;0;1;0;0;0;0;0;532286,117800000123680;5405958,801100000739098;9,439707213000077;48,805779518000065;1
08250813437100393250;08;4;37;076;2025;08;17;4;3;0;7;0;0;1;0;0;0;0;0;521598,547299999743700;5319737,615599999204278;9,289713495000058;48,030561486000067;1
08250815435100395540;08;4;35;029;2025;08;13;6;3;0;1;0;0;1;0;0;0;0;0;545170,831600000150502;5271205,240599999204278;9,600830463000023;47,592684042000030;1
08250731311010284360;08;3;11;000;2025;07;14;5;3;0;7;0;0;1;0;0;0;0;0;414230,377600000239909;5316056,502399999648333;7,850372431000039;47,992054216000042;1
08250802435100320020;08;4;35;016;2025;08;13;7;3;6;4;0;1;0;1;1;0;0;0;531230,885999999940395;5281874,221000000834465;9,416179016000058;47,689499679000050;1
08250731221400307680;08;2;26;018;2025;07;06;5;3;1;5;0;1;1;1;0;0;0;0;473139,850700000301003;5472378,504200000315905;8,629769403000068;49,403500654000027;1
08250819436100401930;08;4;36;010;2025;08;20;3;2;5;3;0;0;1;0;0;0;0;1;565426,989799999631941;5305192,161499999463558;9,875347978000036;47,896721366000065;1
08250817226400398120;08;2;26;032;2025;08;21;1;3;5;3;2;0;1;1;0;0;0;0;466167,820799999870360;5465039,045600000768900;8,534296500000039;49,337136508000071;1
08250807118400344780;08;1;18;048;2025;08;17;5;3;5;3;0;0;1;1;0;0;0;0;514762,362999999895692;5415616,939699999988079;9,201400399000022;48,893325469000047;1
08250731121200294930;08;1;21;000;2025;07;14;5;3;3;6;0;0;1;0;0;0;0;0;516688,882000000216067;5444028,413000000640750;9,228852184000061;49,148852324000075;1
08250805316200340130;08;3;16;009;2025;08;13;3;3;1;3;0;0;1;1;0;0;0;0;416677,611899999901652;5324426,373299999162555;7,881539663000069;48,067668343000037;1
08250807117300379410;08;1;17;026;2025;08;18;5;3;5;3;0;0;1;1;0;0;0;0;548440,499699999578297;5394406,015000000596046;9,658343112000068;48,700808359000064;1
08250815116010364950;08;1;16;019;2025;08;18;6;3;6;4;0;0;0;1;1;0;0;0;523102,331100000068545;5398343,289799999445677;9,314207080000074;48,737680847000036;1
08250816212702346360;08;2;15;096;2025;08;16;7;3;5;3;0;0;1;1;0;0;0;0;463537,695199999958277;5418731,198899999260902;8,502281052000058;48,920442545000071;1
08250814415200350440;08;4;15;053;2025;08;07;5;2;0;1;0;0;1;0;0;0;0;0;538083,481999999843538;5362094,883799999952316;9,514633533000051;48,410857432000057;1
08250730117200298350;08;1;17;024;2025;07;20;4;2;0;7;0;0;1;0;0;0;0;0;562007,952300000004470;5386503,917999999597669;9,841532242000028;48,628526549000071;1
08250812136100331970;08;1;36;088;2025;08;14;3;3;2;6;0;0;1;0;0;0;0;0;580332,813000000081956;5410455,277000000700355;10,094852239000033;48,841869202000055;1
08250822435100359910;08;4;35;016;2025;08;12;6;3;0;1;0;0;1;0;0;0;0;0;535902,524899999611080;5277996,888499999418855;9,478111868000042;47,654371134000030;1
08250818231102376080;08;2;36;040;2025;08;06;2;2;5;3;0;0;1;0;0;0;0;1;489098,539300000295043;5422489,000299999490380;8,851089328000057;48,955224458000032;1
08250817317600343710;08;3;17;085;2025;08;20;1;3;2;1;0;0;1;0;0;0;0;0;432127,523699999786913;5361940,084300000220537;8,082885762000046;48,406960614000070;1
08250802222800316200;08;2;22;000;2025;08;14;7;3;0;5;0;1;1;1;0;0;0;0;463907,140999999828637;5486755,105699999257922;8,501202332000048;49,532334135000042;1
08250808128100351800;08;1;28;007;2025;08;15;6;3;8;6;0;0;1;1;0;0;0;0;554861,940700000151992;5482904,916799999773502;9,757628526000076;49,496296653000059;1
08250821436400357880;08;4;36;087;2025;08;16;5;3;1;5;0;1;1;1;0;0;0;0;547441,201799999922514;5302734,705199999734759;9,634464131000072;47,876194262000070;1
08250806235200319310;08;2;35;006;2025;08;14;4;3;0;7;0;0;1;0;0;0;0;0;471493,224100000225008;5383891,867200000211596;8,613286651000067;48,607453080000028;1
08250812215302333560;08;2;15;007;2025;08;16;3;2;0;1;0;0;1;0;0;0;0;0;478411,648199999704957;5431701,070000000298023;8,704621574000043;49,037810852000064;1
08250730116400307430;08;1;16;016;2025;07;12;4;3;5;3;0;1;1;1;0;0;0;0;533354,098899999633431;5384971,152000000700355;9,452555283000038;48,616922694000039;1
08250730222400283920;08;2;26;105;2025;07;12;4;3;5;3;0;0;1;1;0;0;0;0;471607,395600000396371;5477115,852299999445677;8,608308042000033;49,446042313000078;1
08250810316100380240;08;3;16;053;2025;08;18;1;3;0;2;0;0;1;1;0;0;0;0;404253,166899999603629;5342371,769200000911951;7,710766628000044;48,227337294000051;1
08250805311400318780;08;3;15;074;2025;08;19;3;2;6;4;0;0;0;1;1;0;0;0;396671,389299999922514;5296264,581100000068545;7,619823508000025;47,811435250000045;1
08250806128300320490;08;1;28;131;2025;08;18;4;3;2;2;0;0;1;1;0;0;0;0;536357,218899999745190;5514613,219799999147654;9,505037429000026;49,782880885000054;1
08250807212010343530;08;2;12;000;2025;08;23;5;2;5;3;2;0;1;1;0;0;0;0;455495,347000000067055;5428403,255899999290705;8,391449310000041;49,006918342000063;1
08250814316100366690;08;3;16;011;2025;08;14;5;3;4;6;0;0;1;0;0;0;0;0;414619,892500000074506;5329053,684100000187755;7,852998691000039;48,109019978000049;1
08250730115100299820;08;1;15;044;2025;07;14;4;3;5;2;0;0;1;1;0;0;0;0;504369,581799999810755;5389938,124700000509620;9,059340723000048;48,662480337000034;1
08250811119300377010;08;1;19;067;2025;08;22;2;3;5;3;2;0;1;1;0;0;0;0;538178,526700000278652;5405940,556800000369549;9,519951516000049;48,805281365000042;1
08250802222800364590;08;2;22;000;2025;08;09;7;3;5;3;0;0;1;1;0;0;0;0;461651,259999999776483;5482454,184200000017881;8,470445577000021;49,493511216000059;1
08250814426100340010;08;4;26;021;2025;08;19;5;3;8;1;0;0;1;0;0;0;0;0;558680,128999999724329;5326990,121200000867248;9,788071646000049;48,093475935000072;1
08250815421200379990;08;4;21;000;2025;08;13;6;3;0;1;0;0;1;0;0;0;0;0;573287,729700000025332;5360916,059200000017881;9,990097096000056;48,397142849000033;1
08250813311010332360;08;3;36;050;2025;08;08;4;3;6;7;0;0;1;0;1;0;0;0;399151,254200000315905;5273009,612199999392033;7,658317864000026;47,602646316000062;1
08250805335100318850;08;3;35;043;2025;08;19;3;3;0;7;0;0;1;0;0;0;0;0;513725,428199999965727;5279707,757500000298023;9,182837288000030;47,670615561000034;1
08250821128100382100;08;1;28;058;2025;08;11;5;2;0;7;0;0;1;0;0;0;0;0;559141,397800000384450;5482603,531799999997020;9,816675470000064;49,493183915000031;1
08250817435200346530;08;4;35;059;2025;08;17;1;3;5;3;0;0;1;1;0;0;0;0;514546,798799999989569;5288850,357400000095367;9,194083945000045;47,752858967000066;1
08250730115100292870;08;1;15;046;2025;07;17;4;3;0;7;0;0;1;1;0;0;0;0;508993,430999999865890;5389709,064999999478459;9,122129413000039;48,660370225000065;1
08250807212102322810;08;2;12;000;2025;08;18;5;3;6;6;0;0;0;1;1;0;0;0;458801,029299999587238;5429828,965199999511242;8,436503660000028;49,019972360000054;1
08250806415400341540;08;4;15;061;2025;08;22;4;3;0;1;2;0;1;0;0;0;0;0;515905,830000000074506;5370382,862999999895692;9,215258880000022;48,486369652000064;1
08250818311400371740;08;3;15;007;2025;08;07;2;2;4;6;0;0;1;0;0;0;0;0;400132,851800000295043;5295405,690600000321865;7,666243477000023;47,804256004000081;1
08250817121300343690;08;1;21;000;2025;08;18;1;3;0;7;0;0;1;0;0;0;0;0;512851,619800000451505;5443705,203900000080466;9,176222361000043;49,146037245000059;1
08250822336200384810;08;3;36;069;2025;08;09;6;3;5;3;0;0;1;1;0;0;0;0;406722,817999999970198;5267599,013100000098348;7,760173663000046;47,555107810000038;1
08250815111500338180;08;1;11;000;2025;08;10;6;3;2;2;0;0;1;1;0;0;0;0;518258,371799999848008;5401788,861700000241399;9,248479546000056;48,768837733000055;1
08250823311010375310;08;3;15;098;2025;08;16;7;2;0;7;0;0;1;0;0;0;0;0;405899,988900000229478;5312570,831100000068545;7,739504899000053;47,959528844000033;1
08250802121300323540;08;1;21;000;2025;08;15;7;3;5;3;0;0;1;1;0;0;0;0;513989,792999999597669;5443675,900599999353290;9,191827970000077;49,145748779000030;1
08250823237100433850;08;2;37;028;2025;08;21;7;3;1;5;2;0;1;1;0;0;0;0;460649,691800000146031;5366986,077899999916553;8,467788879000068;48,454781357000059;1
08250731111000290800;08;1;11;000;2025;07;20;5;3;0;7;1;0;1;0;0;0;0;0;514185,305100000463426;5405393,818499999120831;9,193173679000040;48,801373748000060;1
08250811111310355530;08;1;11;000;2025;08;18;2;3;0;7;0;0;1;0;0;0;0;0;518162,582499999552965;5406954,318800000473857;9,247404318000065;48,815308259000062;1
08250811326000332490;08;3;35;002;2025;08;08;2;3;5;3;0;0;1;0;0;0;0;0;505507,057699999772012;5284460,826400000602007;9,073420024000029;47,713504305000072;1
08250812335100390080;08;3;35;066;2025;08;10;3;3;5;3;0;0;1;1;0;0;0;0;509395,375500000081956;5281751,852499999105930;9,125200555000049;47,689085069000043;1
08250808222200350050;08;2;22;000;2025;08;18;6;3;5;3;0;0;1;1;0;0;0;0;461257,237700000405312;5481954,626900000497699;8,465053774000069;49,488992936000045;1
08250816435200393410;08;4;35;059;2025;08;11;7;3;0;7;0;0;1;0;0;0;0;0;514934,335099999792874;5292402,200500000268221;9,199376537000035;47,784807804000081;1
08250815311010350810;08;3;11;000;2025;08;19;6;2;5;2;0;0;1;0;0;0;0;1;413787,536700000055134;5315884,904600000008941;7,844472450000069;47,990451078000035;1
08250729435200278070;08;4;35;059;2025;07;21;3;3;0;1;1;0;1;0;0;0;0;0;512766,713700000196695;5289922,751299999654293;9,170365593000042;47,762545567000075;1
08250811311000354010;08;3;37;116;2025;08;09;2;3;0;7;0;0;1;0;0;0;0;0;418331,777999999932945;5271503,379000000655651;7,913721403000068;47,591796520000059;1
08250810436100325640;08;4;36;010;2025;08;20;1;3;0;1;0;0;1;0;0;0;0;0;561574,833999999798834;5298970,421000000089407;9,822929027000043;47,841128996000066;1
08250729336200296910;08;3;36;006;2025;07;17;3;3;1;7;0;0;0;1;1;0;0;0;391524,936800000257790;5287703,433199999853969;7,553241546000038;47,733583605000035;1
08250804216100316880;08;2;16;043;2025;08;13;2;3;6;6;0;0;0;0;1;0;0;1;441691,246000000275671;5412168,632999999448657;8,205032796000069;48,859740476000070;1
08250813221011400270;08;2;21;000;2025;08;08;4;3;6;7;0;0;0;1;1;0;0;0;474808,985000000335276;5471881,039999999105930;8,652807237000047;49,399097427000072;1
08250814426100340000;08;4;26;011;2025;08;19;5;2;4;1;0;0;1;0;0;0;0;1;552780,449000000022352;5333915,387000000104308;9,709703625000031;48,156293732000051;1
08250729415400297820;08;4;15;061;2025;07;16;3;3;6;7;0;0;1;0;1;0;0;0;516242,218399999663234;5372122,180199999362230;9,219878951000055;48,502008545000081;1
08250819226500372130;08;2;26;102;2025;08;07;3;3;5;3;0;0;1;1;0;0;0;0;484439,851900000125170;5452592,491900000721216;8,786294340000040;49,225918083000067;1
08250803226600315650;08;2;26;082;2025;08;17;1;3;5;3;0;0;1;1;0;0;0;0;476281,806200000457466;5480542,916300000622869;8,672587632000045;49,477068303000067;1
08250729326400288510;08;3;26;074;2025;07;14;3;3;0;1;0;0;1;0;0;0;0;0;459841,023599999956787;5322898,485400000587106;8,461037186000055;48,058101424000029;1
08250819111110375370;08;1;11;000;2025;08;09;3;3;4;2;0;0;1;0;0;0;0;1;513168,562199999578297;5402961,054099999368191;9,179249905000063;48,779511212000045;1