UIDENTSTLAE;ULAND;UREGBEZ;UKREIS;UGEMEINDE;UJAHR;UMONAT;USTUNDE;UWOCHENTAG;UKATEGORIE;UART;UTYP1;ULICHTVERH;IstStrassenzustand;IstRad;IstPKW;IstFuss;IstKrad;IstGkfz;IstSonstige;LINREFX;LINREFY;XGCSWGS84;YGCSWGS84;PLST
08250809335100335460;08;3;35;043;2025;08;09;7;3;0;7;0;0;1;0;0;0;0;0;512941,689699999988079;5279102,412299999967217;9,172379174000071;47,665185026000074;1
08250808116500363810;08;1;16;049;2025;08;14;6;3;5;3;0;0;1;1;0;0;0;0;525382,598199999891222;5386503,073599999770522;9,344492456000069;48,631078138000078;1
08250802311200404400;08;3;11;000;2025;08;01;7;3;0;7;2;0;1;0;0;0;0;0;413950,702999999746680;5316420,073999999091029;7,846551658000067;47,995287103000067;1
08250731311010282390;08;3;11;000;2025;07;14;5;3;4;6;0;0;1;1;0;0;0;0;411844,746700000017881;5318580,932800000533462;7,817884393000043;48,014437702000066;1
08250729311500298410;08;3;15;113;2025;07;10;3;3;6;4;0;0;0;1;1;0;0;0;441495,320199999958277;5306595,059800000861287;8,217065859000058;47,910011153000028;1
08250731311100282470;08;3;15;132;2025;07;17;5;3;4;6;0;0;1;1;0;0;0;0;410397,721099999733269;5324928,130999999120831;7,797156280000024;48,071330335000027;1
08250810119400325050;08;1;19;090;2025;08;13;1;2;0;7;0;0;1;0;0;0;0;0;530714,109899999573827;5406714,931399999186397;9,418355106000035;48,812661098000035;1
08250815415400364910;08;4;15;061;2025;08;09;6;3;5;3;0;0;1;1;0;0;0;0;511932,083899999968708;5371992,647800000384450;9,161527109000076;48,500939889000051;1
08250808111240324560;08;1;11;000;2025;08;16;6;3;0;1;0;0;1;0;0;0;0;0;516384,944199999794364;5400338,474099999293685;9,222926392000034;48,755842308000069;1
08250805212702342180;08;2;15;096;2025;08;15;3;3;6;7;0;0;0;1;1;0;0;0;463608,023299999535084;5418195,028400000184774;8,503288834000045;48,915623612000047;1
08250805118300352400;08;1;18;046;2025;08;16;3;3;2;6;0;0;1;1;0;0;0;0;513417,469399999827147;5412477,100099999457598;9,182949309000037;48,865110809000043;1
08250809335300365020;08;3;35;075;2025;08;13;7;3;0;7;0;0;1;1;0;0;0;0;487785,855999999679625;5289619,445499999448657;8,837016674000040;47,759827273000042;1
08250729212702299660;08;2;15;017;2025;07;13;3;3;2;6;0;1;1;1;0;0;0;0;456444,580000000074506;5421132,488900000229478;8,405206857000053;48,941584274000036;1
08250814111210362240;08;1;11;000;2025;08;09;5;3;5;3;0;0;1;1;0;0;0;0;511178,487999999895692;5395551,643999999389052;9,151960110000061;48,712895232000051;1
08250805118200348830;08;1;18;080;2025;08;09;3;3;0;6;0;1;1;0;0;0;0;1;509390,317999999970198;5410547,429600000381470;9,127994376000061;48,847825891000070;1
08250815118400340460;08;1;18;048;2025;08;15;6;3;5;2;0;0;1;1;0;0;0;0;514878,604399999603629;5417480,066999999806285;9,203054134000070;48,910082849000048;1
08250731117400307940;08;1;17;002;2025;07;16;5;3;4;2;0;0;1;1;0;0;0;0;541151,761300000362098;5387240,128200000151992;9,558576049000067;48,636869575000048;1
08250731311200279420;08;3;11;000;2025;07;09;5;3;0;1;0;0;1;0;0;0;0;0;414016,094200000166893;5316634,222699999809265;7,847385102000032;47,997222247000082;1
08250817121100344150;08;1;25;026;2025;08;08;1;2;3;6;0;0;1;0;0;0;0;0;497773,306499999947846;5437988,134899999946356;8,969498894000026;49,094740204000061;1
08250729212010301870;08;2;12;000;2025;07;13;3;3;0;1;0;1;1;0;0;0;0;0;455050,412100000306964;5429568,921299999579787;8,385236602000020;49,017371348000040;1
08250804311010325700;08;3;15;073;2025;08;14;2;3;0;7;0;0;1;1;0;0;0;0;412639,395700000226498;5313725,071900000795722;7,829526246000057;47,970866836000027;1
08250811121300367500;08;1;21;000;2025;08;19;2;2;5;3;0;0;1;1;0;0;0;0;513971,547000000253320;5443074,019999999552965;9,191556913000056;49,140335073000074;1
08250812435200359630;08;4;35;053;2025;08;15;3;3;0;1;0;0;1;0;0;0;0;0;507174,538900000043213;5293561,826799999922514;9,095801018000031;47,795374739000067;1
08250729121400277620;08;1;25;013;2025;07;17;3;3;0;1;0;0;1;0;0;0;0;0;506252,074300000444055;5434498,920800000429153;9,085586526000043;49,063325302000067;1
08250815311400341590;08;3;15;076;2025;08;18;6;3;5;3;0;0;1;1;0;0;0;0;392773,830500000156462;5297292,122800000011921;7,567525475000025;47,820040002000042;1
08250806436300344120;08;4;36;081;2025;08;17;4;3;5;3;0;0;1;0;0;0;0;0;561860,890999999828637;5281493,809000000357628;9,824264034000066;47,683870985000055;1
08250812327100361590;08;3;27;057;2025;08;12;3;3;5;3;0;0;1;1;0;0;0;0;489245,263000000268221;5309186,200999999418855;8,856004197000061;47,935903170000074;1
08250731116100301630;08;1;16;019;2025;07;18;5;3;0;1;0;0;1;0;0;0;0;0;522875,889800000004470;5398340,071399999782443;9,311127197000076;48,737660251000079;1
08250729231000290270;08;2;31;000;2025;07;10;3;3;1;5;0;0;1;1;0;0;0;0;479989,452200000174344;5415069,140599999576807;8,727027077000059;48,888250370000037;1
08250822337100373210;08;3;37;096;2025;08;09;6;3;6;4;0;0;0;1;1;0;0;0;420887,428000000305474;5267372,014399999752641;7,948452794000048;47,554946207000057;1
08250729119300302790;08;1;19;067;2025;07;20;3;3;0;7;0;0;1;0;0;0;0;0;538755,247100000269711;5407003,703900000080466;9,527905887000031;48,814809244000060;1
08250730311010279140;08;3;11;000;2025;07;13;4;2;0;1;0;0;1;0;0;0;0;0;416492,877000000327826;5314834,328999999910593;7,880929858000059;47,981359641000040;1
08250729119210296110;08;1;19;020;2025;07;18;3;3;1;5;0;0;1;1;0;0;0;0;520884,640599999576807;5406174,715099999681115;9,284443116000034;48,808209560000080;1
08250729126200280830;08;1;26;066;2025;07;17;3;3;5;3;0;0;1;1;0;0;0;0;537209,866999999620020;5451569,518699999898672;9,510942822000061;49,215783799000064;1
08250729126100277480;08;1;26;046;2025;07;14;3;3;2;6;0;0;1;1;0;0;0;0;549976,769999999552965;5458503,587500000372529;9,687103427000068;49,277244432000032;1
08250822311010364880;08;3;36;091;2025;08;17;6;3;0;7;0;0;1;0;0;0;0;0;396536,782800000160933;5271883,955000000074506;7,623810985000034;47,592108739000025;1
08250816111250343240;08;1;11;000;2025;08;23;7;3;0;6;2;0;1;1;0;0;0;0;519172,838000000454485;5402292,382799999788404;9,260947925000039;48,773339847000045;1
08250809216200324460;08;2;16;008;2025;08;19;7;3;5;3;0;0;1;1;0;0;0;0;439447,685399999842048;5393812,294399999082088;8,177151142000071;48,694409638000081;1
08250811116200342560;08;1;16;080;2025;08;16;2;2;6;1;0;0;1;0;1;0;0;0;519397,086000000126660;5395135,096999999135733;9,263662990000057;48,708946476000051;1
08250811116500351830;08;1;16;042;2025;08;19;2;3;2;6;0;0;1;1;0;0;0;0;516930,961000000126660;5380887,785399999469519;9,229559031000065;48,580848054000057;1
08250819116200351690;08;1;16;077;2025;08;13;3;3;0;1;0;0;1;0;0;0;0;0;515972,080500000156462;5391106,383799999952316;9,216951800000061;48,672801154000069;1
08250822336100400110;08;3;36;050;2025;08;13;6;3;8;1;0;0;1;0;0;0;0;0;400154,689899999648333;5272717,054300000891089;7,671730386000036;47,600169986000026;1
08250809118200324120;08;1;18;019;2025;08;10;7;3;1;5;0;0;1;1;0;0;0;0;503253,963899999856949;5404279,865499999374151;9,044303366000065;48,791506048000031;1
08250818325302399420;08;3;25;051;2025;08;18;2;3;4;1;0;0;1;1;0;0;0;0;452750,193500000052154;5348247,115700000897050;8,363060699000073;48,285661129000061;1
08250816115300379900;08;1;15;028;2025;08;03;7;3;0;7;2;0;1;0;0;0;0;0;501208,162499999627471;5405294,161599999293685;9,016452358000038;48,800637931000040;1
08250816119100383570;08;1;19;008;2025;08;23;7;3;5;3;2;0;1;1;0;0;0;0;531062,183799999766052;5421206,150800000876188;9,424196908000056;48,943000455000060;1
08250814336100400480;08;3;36;050;2025;08;11;5;3;7;1;0;0;1;0;0;0;0;1;401112,245099999941885;5276032,993599999696016;7,683717045000037;47,630145022000079;1
08250805116200345800;08;1;16;077;2025;08;16;3;3;6;4;0;0;0;1;1;0;0;0;515955,056599999777973;5391613,019999999552965;9,216740113000071;48,677359320000051;1
08250817336400392760;08;3;36;006;2025;08;14;1;3;4;6;0;0;1;1;0;0;0;0;394555,628800000064075;5287331,986300000920892;7,593739843000037;47,730744866000066;1
08250808311010329830;08;3;11;000;2025;08;06;6;2;5;3;0;0;1;1;0;0;0;0;411741,726999999955297;5321117,242000000551343;7,815980783000043;48,037238149000075;1
08250817417010368910;08;4;17;002;2025;08;19;1;2;6;6;0;0;1;0;1;0;0;0;491125,348899999633431;5342499,845899999141693;8,880484355000021;48,235655929000075;1
08250809121200348710;08;1;21;000;2025;08;13;7;3;6;7;0;0;0;0;1;0;0;1;515791,346400000154972;5442065,971899999305606;9,216467610000052;49,131223250000062;1
08250811325069350450;08;3;27;050;2025;08;19;2;2;5;3;0;0;1;1;0;0;0;0;487386,305100000463426;5314263,584699999541044;8,830965657000036;47,981551570000079;1
08250814118501337960;08;1;18;048;2025;08;14;5;3;1;6;0;0;1;1;0;0;0;0;516168,804899999871850;5417604,124399999156594;9,220666789000063;48,911166486000070;1
08250819118010389980;08;1;15;003;2025;08;13;3;3;6;7;0;0;0;0;1;0;0;1;501620,972199999727309;5393313,366800000891089;9,022026710000034;48,692857605000029;1
08250729118500275180;08;1;18;077;2025;07;20;3;3;0;7;0;0;1;0;0;0;0;0;513632,231599999591708;5422935,468299999833107;9,186226946000033;48,959186540000076;1
08250809311010348690;08;3;11;000;2025;08;15;7;3;5;3;0;0;1;0;0;0;0;0;411294,787299999967217;5315384,679500000551343;7,811172195000040;47,985610499000074;1
08250822212010409520;08;2;12;000;2025;08;10;6;3;5;7;0;0;1;0;0;0;0;1;453789,576999999582767;5431802,894899999722838;8,367739028000074;49,037372843000071;1
08250729118400297830;08;1;18;048;2025;07;18;3;3;0;1;0;0;1;1;0;0;0;0;514502,094299999997020;5416177,499500000849366;9,197869521000030;48,898374258000047;1
08250815435200352420;08;4;35;059;2025;08;14;6;3;0;1;0;0;1;0;0;0;0;0;512786,112300000153482;5290632,137000000104308;9,170645332000049;47,768927891000033;1
08250814415400364480;08;4;15;061;2025;08;13;5;3;0;1;0;0;1;0;0;0;0;0;513931,461299999617040;5370472,013499999418855;9,188542227000028;48,487218551000069;1
08250731335000303220;08;3;26;027;2025;07;11;5;3;5;2;0;0;1;0;0;0;1;0;463787,741399999707937;5308339,102900000289083;8,515231374000052;47,927348718000076;1
08250816226700342430;08;2;26;098;2025;08;15;7;3;6;4;0;0;0;1;1;0;0;0;477820,163399999961257;5459934,708499999716878;8,694972845000052;49,291757969000059;1
08250807222500320670;08;2;22;000;2025;08;21;5;3;0;7;1;0;1;0;0;0;0;0;463441,285000000149012;5477962,066999999806285;8,495577939000043;49,453217255000027;1
08250806437100320000;08;4;37;044;2025;08;15;4;3;0;7;0;0;1;0;0;0;0;0;533667,100200000219047;5322072,573100000619888;9,451775163000036;48,051046480000082;1
08250729222500298090;08;2;22;000;2025;07;14;3;3;5;3;0;0;1;1;0;0;0;0;462210,930700000375509;5478755,807399999350309;8,478527002000021;49,460281295000073;1
08250807311010329860;08;3;11;000;2025;08;13;5;3;5;3;0;0;1;1;0;0;0;0;411919,306699999608099;5315178,201999999582767;7,819582516000025;47,983839483000054;1
08250815216300390500;08;2;16;017;2025;08;15;6;3;5;3;0;0;1;1;0;0;0;0;451903,734899999573827;5402397,640599999576807;8,345402244000070;48,772723203000055;1
08250810436100325630;08;4;36;010;2025;08;20;1;3;0;1;0;0;1;0;0;0;0;0;561574,900500000454485;5298967,881899999454618;9,822929555000030;47,841106146000072;1
08250809436400325650;08;4;36;009;2025;08;18;7;2;0;1;0;0;1;0;0;0;0;0;554393,325199999846518;5305518,908800000324845;9,727783300000056;47,900691365000057;1
08250729118010292590;08;1;18;048;2025;07;08;3;3;0;2;0;0;1;0;0;0;1;0;515238,481999999843538;5414906,279200000688434;9,207869463000065;48,886921032000032;1
08250813222014354980;08;2;22;000;2025;08;09;4;2;5;3;0;0;1;0;0;0;0;1;462684,704499999992549;5481115,364399999380112;8,484842080000021;49,481533658000046;1
08250811116500328220;08;1;16;071;2025;08;19;2;3;5;3;0;0;1;1;0;0;0;0;528330,598899999633431;5391277,778500000014901;9,384828554000023;48,673904571000037;1
08250815436000346130;08;4;36;096;2025;08;14;6;3;0;1;0;0;1;0;0;0;0;0;540937,019399999640882;5304251,425300000235438;9,547627428000055;47,890287819000037;1
08250805119200317080;08;1;19;020;2025;08;13;3;3;0;7;0;0;1;0;0;0;0;0;520004,090200000442564;5407841,150699999183416;9,272531652000055;48,823229456000035;1
08250815121500366830;08;1;25;007;2025;08;22;6;2;0;1;2;0;1;0;0;0;0;0;512151,949900000356138;5452952,704099999740720;9,166908051000064;49,229235383000059;1
08250806121600321070;08;1;25;107;2025;08;14;4;3;0;7;0;0;1;0;0;0;0;0;533842,615899999625981;5436218,045700000599027;9,463417891000063;49,077891167000075;1
08250816435200356690;08;4;35;059;2025;08;12;7;3;0;1;0;0;1;0;0;0;0;0;516746,322800000198185;5294315,844799999147654;9,223640641000031;47,801981145000070;1
08250816435100357490;08;4;35;016;2025;08;19;7;3;0;1;0;0;1;0;0;0;0;0;535286,307599999941885;5277993,544800000265241;9,469905755000070;47,654374951000079;1
08250810435100328150;08;4;35;016;2025;08;15;1;3;6;7;0;0;0;1;1;0;0;0;534378,492100000381470;5277886,594900000840425;9,457808420000049;47,653461551000078;1
08250809335300322900;08;3;35;028;2025;08;01;7;3;0;7;2;0;1;0;0;0;0;0;483428,354700000025332;5286513,872999999672174;8,778989669000055;47,731787524000026;1
08250806335100625340;08;3;35;043;2025;08;17;4;3;5;3;0;0;1;0;0;0;0;0;513317,791799999773502;5279171,680900000035763;9,177390821000074;47,665800647000026;1
08250805416200338540;08;4;16;041;2025;08;13;3;3;3;6;0;0;1;1;0;0;0;0;503557,849700000137091;5374521,445000000298023;9,048185011000044;48,523793158000046;1
08250810216100325830;08;2;16;043;2025;08;19;1;3;9;1;0;0;1;0;0;0;0;0;440468,716199999675155;5413918,177600000053644;8,188112290000049;48,875361373000032;1
08250816117300343920;08;1;17;026;2025;08;16;7;3;0;7;0;0;1;0;0;0;0;0;546112,335900000296533;5392468,293099999427795;9,626487327000063;48,683553915000061;1
08250730111500298050;08;1;11;000;2025;07;17;4;2;0;7;0;0;1;0;0;0;0;1;513992,589999999850988;5403425,176000000908971;9,190482272000054;48,783668421000073;1
08250807311010343860;08;3;11;000;2025;08;07;5;3;5;2;0;0;1;0;0;1;0;0;413096,490899999625981;5316618,535199999809265;7,835063615000024;47,996956794000027;1
08250729115300305620;08;1;15;028;2025;07;00;3;3;9;1;2;0;1;0;0;0;0;0;501690,688900000415742;5407014,065400000661612;9,023030328000061;48,816108916000076;1
08250730415400285390;08;4;15;061;2025;07;07;4;3;5;3;0;0;1;1;0;0;0;0;515678,470800000242889;5369712,083200000226498;9,212156806000053;48,480340785000067;1
08250813121200334380;08;1;21;000;2025;08;11;4;3;5;3;0;0;1;1;0;0;0;0;516176,030600000172853;5441601,654999999329448;9,221722191000026;49,127036551000060;1
08250730135200322020;08;1;35;019;2025;07;11;4;3;6;4;0;0;0;1;1;0;0;0;583695,516300000250340;5392699,866200000047684;10,137062117000028;48,681729001000065;1
08250807221400382020;08;2;21;000;2025;08;16;5;3;0;7;0;0;1;0;0;0;0;0;474727,704900000244379;5472717,198400000110269;8,651633820000029;49,406615152000029;1
08250822436400361480;08;4;36;082;2025;08;18;6;3;0;1;0;0;1;0;0;0;0;0;547937,171799999661744;5295294,462099999189377;9,640272389000074;47,809218508000072;1
08250806222800356490;08;2;22;000;2025;08;07;4;3;5;3;0;0;1;1;0;0;0;0;461635,822399999946356;5486488,283700000494719;8,469840394000073;49,529794667000033;1
08250820421300377600;08;4;21;000;2025;08;10;4;3;6;4;0;0;0;1;1;0;0;0;572797,114199999719858;5361882,959799999371171;9,983637726000040;48,405897181000057;1
08250730225200299730;08;2;25;091;2025;07;11;4;3;6;4;0;0;0;1;1;0;0;0;524177,728900000452995;5477086,501299999654293;9,333544715000073;49,445960615000047;1
08250823135100376330;08;1;35;019;2025;08;14;7;3;3;6;0;0;1;0;0;0;0;0;585140,396800000220537;5388458,833699999377131;10,155815066000059;48,643388434000030;1
08250815436000348150;08;4;35;029;2025;08;14;6;2;0;1;0;0;1;0;0;0;0;0;545153,900799999944866;5271172,009099999442697;9,600601853000057;47,592386227000077;1
08250813325102334710;08;3;25;057;2025;08;14;4;3;0;1;0;0;1;0;0;0;0;0;473131,771499999798834;5357228,713899999856949;8,637229026000057;48,367657469000051;1
08250815212010347930;08;2;12;000;2025;08;15;6;3;5;3;0;0;1;1;0;0;0;0;459102,880199999548495;5429810,231799999251962;8,440633889000026;49,019823937000069;1
08250811222600343940;08;2;22;000;2025;08;09;2;3;6;7;0;0;0;0;1;0;0;1;461884,365399999544024;5482276,053300000727177;8,473681545000034;49,491923713000062;1
08250806119400318650;08;1;19;079;2025;08;19;4;3;5;3;0;0;1;1;0;0;0;0;523292,676500000059605;5410900,697799999266863;9,317507909000028;48,850637707000033;1
08250817317000345410;08;3;17;065;2025;08;12;1;2;5;3;0;0;1;1;0;0;0;0;416120,090800000354648;5354630,762900000438094;7,868086425000058;48,339287325000043;1
08250813311010362580;08;3;11;000;2025;08;15;4;3;6;4;0;0;0;0;1;0;0;1;413734,817400000058115;5316495,788599999621511;7,843643207000071;47,995939092000071;1
08250806421300320090;08;4;21;000;2025;08;16;4;2;5;3;0;0;1;1;0;0;0;0;571974,709499999880791;5361273,538499999791384;9,972422525000070;48,400509734000082;1
08250731222400302370;08;2;26;105;2025;07;11;5;3;1;5;0;0;1;1;0;0;0;0;471752,162200000137091;5476951,706700000911951;8,610316831000034;49,444572617000063;1
08250805226500339920;08;2;26;085;2025;08;20;3;3;0;1;1;0;1;0;0;0;0;0;490724,559700000099838;5455462,492499999701977;8,872542845000055;49,251861804000043;1
08250806337400332170;08;3;37;108;2025;08;15;4;2;6;7;0;0;0;1;1;0;0;0;425022,411999999545515;5287951,972599999979138;7,999876765000067;47,740581902000031;1
08250729111500275420;08;1;11;000;2025;07;08;3;3;0;7;0;0;1;0;0;0;0;0;510629,541899999603629;5405857,117900000885129;9,144763932000046;48,805612518000032;1
08250812119100360150;08;1;19;083;2025;08;18;3;3;6;7;0;0;1;0;1;0;0;0;534247,084999999962747;5419743,735500000417233;9,467566796000028;48,929677274000028;1
08250803235100330110;08;2;35;018;2025;08;12;1;2;6;4;0;0;0;1;1;0;0;0;463053,072100000455976;5404760,456399999558926;8,496927057000050;48,794740110000077;1
08250801326200344140;08;3;26;074;2025;08;14;6;3;5;3;0;0;1;1;0;0;0;0;465511,266699999570847;5323621,890300000086427;8,537074858000040;48,064941500000032;1
08250806231000345850;08;2;31;000;2025;08;13;4;3;1;5;0;0;1;1;0;0;0;0;479249,603400000371039;5415586,949500000104308;8,716908296000042;48,892884080000044;1
08250805119200343140;08;1;19;020;2025;08;07;3;3;0;7;0;0;1;0;0;0;0;0;520605,839700000360608;5407903,194800000637770;9,280732781000040;48,823767919000034;1
08250729111210277200;08;1;11;000;2025;07;15;3;3;3;6;0;0;1;1;0;0;0;0;508378,670500000007451;5397768,024100000038743;9,113944577000041;48,732877770000073;1
08250731222700297670;08;2;22;000;2025;07;00;5;2;0;7;2;0;1;0;0;0;0;0;462455,088600000366569;5480849,176899999380112;8,481697515000064;49,479125275000058;1
08250812436100341300;08;4;36;004;2025;08;11;3;3;0;1;0;0;1;0;0;0;0;0;581036,439000000245869;5313723,683800000697374;10,085757507000039;47,971686482000052;1
08250821118100369910;08;1;18;040;2025;08;10;5;3;5;3;0;0;1;1;0;0;0;0;510432,137799999676645;5432287,428400000557303;9,142751553000039;49,043375195000067;1
08250816136200365570;08;1;36;002;2025;08;00;7;2;6;6;2;0;0;1;1;0;0;0;571946,817400000058115;5421029,140399999916553;9,982440152000038;48,938004116000059;1
08250801116200361970;08;1;16;078;2025;08;18;6;3;6;4;0;0;0;1;1;0;0;0;512148,850599999539554;5390686,731300000101328;9,165008076000049;48,669112015000053;1
08250812416100333500;08;4;16;048;2025;08;17;3;3;8;1;0;0;1;0;0;0;0;0;492798,356999999843538;5378145,750000000000000;8,902403416000027;48,556367352000052;1
08250730436200277460;08;4;36;039;2025;07;12;4;3;6;4;0;0;0;1;1;0;0;0;549336,470999999903142;5289167,723500000312924;9,658264606000046;47,753990872000031;1
08250814116400362050;08;1;16;072;2025;08;20;5;3;7;7;1;0;1;0;1;0;0;0;531235,246000000275671;5393199,461300000548363;9,424427964000074;48,691053221000061;1
08250809116100344630;08;1;16;019;2025;08;00;7;3;9;1;2;0;1;0;0;0;0;0;523358,081500000320375;5398918,502299999818206;9,317718011000068;48,742845856000031;1
08250801317000318390;08;3;17;114;2025;08;19;6;3;6;4;0;1;0;1;1;0;0;0;405029,623499999754131;5347117,633199999108911;7,720154084000058;48,270140951000030;1
08250730335300276620;08;3;35;075;2025;07;13;4;3;0;1;0;1;1;0;0;0;0;0;490074,562599999830127;5288877,637599999085069;8,867573603000039;47,753192126000044;1
08250729226700303970;08;2;26;103;2025;07;11;3;3;0;7;0;0;1;0;0;0;0;0;472713,231399999931455;5457013,689200000837445;8,624940731000038;49,265276710000080;1
08250813118300334290;08;1;18;003;2025;08;19;4;3;3;2;0;0;1;1;0;0;0;0;510815,280600000172853;5417254,159700000658631;9,147594608000077;48,908134949000043;1
08250814335300336910;08;3;35;100;2025;08;09;5;3;0;1;0;0;1;0;0;0;0;0;488606,795199999585748;5286025,996700000017881;8,848065208000037;47,727510037000059;1
08250729121500298320;08;1;25;007;2025;07;11;3;3;6;7;0;0;0;0;1;0;1;0;511362,016300000250340;5453112,180400000885129;9,156062809000048;49,230685075000054;1
08250815416010339110;08;4;15;059;2025;08;13;6;2;5;3;0;0;1;1;0;0;0;0;516991,237999999895692;5369860,603099999949336;9,229926710000029;48,481642810000039;1
08250819136000349570;08;1;36;065;2025;08;20;3;3;0;7;1;0;1;0;0;0;0;0;558456,985399999655783;5404769,343699999153614;9,795933135000041;48,793169781000074;1
08250815337200395590;08;3;37;126;2025;08;15;6;3;4;6;0;0;1;0;0;0;0;1;442088,694099999964237;5273417,142500000074506;8,229426621000073;47,611571771000058;1
08250818226500399000;08;2;26;085;2025;08;10;2;3;5;3;0;0;1;1;0;0;0;0;491253,250500000081956;5455011,471000000834465;8,879817607000064;49,247812559000067;1
08250812421300359790;08;4;21;000;2025;08;18;3;3;6;4;0;0;0;1;1;0;0;0;572119,748999999836087;5362112,223600000143051;9,974525926000069;48,408037339000032;1
08250801221011361780;08;2;21;000;2025;08;09;6;2;0;5;0;0;1;0;0;0;0;0;476952,505800000391901;5470289,222699999809265;8,682441921000077;49,384864181000069;1
08250728435200306480;08;4;35;059;2025;07;07;2;3;5;3;0;1;1;1;0;0;0;0;511389,536000000312924;5291414,311000000685453;9,152027002000068;47,775991710000028;1
08250821222601384650;08;2;22;000;2025;08;19;5;3;6;7;0;0;0;1;1;0;0;0;461400,203200000338256;5483549,356599999591708;8,466871914000023;49,503345764000073;1
08250816222014341170;08;2;22;000;2025;08;14;7;3;5;3;0;0;1;1;0;0;0;0;462449,723699999973178;5487858,016200000420213;8,480956854000056;49,542165586000067;1
08250804215502316850;08;2;15;106;2025;08;11;2;3;5;3;0;0;1;1;0;0;0;0;464754,963000000454485;5452761,180999999865890;8,515931283000043;49,226618928000050;1
08250817337200354420;08;3;37;062;2025;08;21;1;3;0;7;2;0;1;0;0;0;0;0;456907,470800000242889;5278655,936300000175834;8,426078821000033;47,659861829000079;1
08250729222400307910;08;2;26;038;2025;07;18;3;3;3;5;0;0;1;1;0;0;0;0;471563,273699999786913;5479906,604399999603629;8,607498945000032;49,471142193000048;1
08250805116200337560;08;1;16;077;2025;08;19;3;3;0;1;1;0;1;0;0;0;0;0;516080,393000000156462;5391198,442999999970198;9,218426598000065;48,673626544000058;1
08250803118010321800;08;1;18;050;2025;08;15;1;2;0;7;0;1;1;0;0;0;0;0;504377,034300000406802;5420342,841700000688434;9,059766000000025;48,935998883000082;1
08250813111130362570;08;1;11;000;2025;08;14;4;3;6;4;0;0;1;0;1;0;0;0;512011,196899999864399;5402415,511399999260902;9,163480032000052;48,774626973000068;1
08250728426100312380;08;4;26;021;2025;07;14;2;3;0;1;0;0;1;1;0;0;0;0;558628,890999999828637;5326537,973600000143051;9,787321493000036;48,089413045000072;1
08250812221200331950;08;2;21;000;2025;08;12;3;3;0;6;0;0;1;1;0;0;0;0;476443,079400000162423;5472851,900699999183416;8,675271010000074;49,407895597000049;1
08250811116100354790;08;1;16;056;2025;08;10;2;3;0;2;0;0;1;1;0;0;0;0;530754,927099999971688;5395126,761600000783801;9,418045068000026;48,708414779000066;1
08250731226600280790;08;2;26;031;2025;07;21;5;3;0;7;2;1;1;0;0;0;0;0;474498,763899999670684;5493628,736199999228120;8,647128092000059;49,594697833000055;1
08250808126200333510;08;1;26;011;2025;08;07;6;2;5;3;0;0;1;1;0;0;0;0;531482,014700000174344;5446996,897800000384450;9,431935777000035;49,174973946000080;1
08250806215102331250;08;2;15;109;2025;08;12;4;3;0;7;0;0;1;0;0;0;0;0;461647,741299999877810;5438747,519799999892712;8,474592638000047;49,100379604000068;1
08250810437200328660;08;4;37;008;2025;08;19;1;3;0;1;0;0;1;0;0;0;0;0;521036,091000000014901;5329515,074999999254942;9,282650415000035;48,118547680000063;1
08250728426000279510;08;4;26;014;2025;07;12;2;3;0;7;0;0;0;1;1;0;0;0;548830,814100000075996;5316812,112400000914931;9,654644150000024;48,002740226000071;1
08250807415400358420;08;4;15;061;2025;08;14;5;3;1;1;0;0;1;1;0;0;0;0;514364,117999999783933;5370354,465199999511242;9,194393535000074;48,486151303000042;1
08250805115400335910;08;1;15;045;2025;08;19;3;3;3;2;0;0;1;0;0;0;0;1;498706,927000000141561;5397266,233799999579787;8,982416588000035;48,728418639000040;1
08250803121200315260;08;1;21;000;2025;08;21;1;3;0;1;0;0;1;0;0;0;0;0;518790,887000000104308;5442634,755000000819564;9,257611391000069;49,136255224000081;1
08250815111370410850;08;1;11;000;2025;08;07;6;3;5;3;0;0;1;1;0;0;0;0;512290,958200000226498;5407124,393799999728799;9,167428651000023;48,816982136000036;1
08250807111500410730;08;1;11;000;2025;08;15;5;3;3;5;0;0;1;1;0;0;0;0;515940,168300000019372;5408321,061200000345707;9,217184731000032;48,827664238000068;1
08250816311400358840;08;3;15;050;2025;08;16;7;3;0;1;0;0;1;0;0;0;0;0;400844,246700000017881;5304317,468599999323487;7,673699512000042;47,884527629000047;1
08250822421300359080;08;4;25;028;2025;08;20;6;3;5;3;1;0;1;1;0;0;0;0;579107,632199999876320;5341049,581100000068545;10,064983795000046;48,217737657000043;1
08250729118100283580;08;1;18;079;2025;07;06;3;3;0;3;0;1;1;0;0;0;0;0;510933,449199999682605;5422450,008999999612570;9,149346577000074;48,954873141000064;1
08250804335100350270;08;3;35;043;2025;08;20;2;2;5;2;0;0;1;1;0;0;0;0;513408,470800000242889;5279804,746099999174476;9,178618078000056;47,671494882000047;1
08250822311010372980;08;3;11;000;2025;08;11;6;3;6;7;0;0;0;0;1;0;0;1;413908,301699999719858;5316434,977800000458956;7,845980419000057;47,995415461000050;1
08250815435100367290;08;4;35;013;2025;08;20;6;3;6;4;1;0;0;0;1;1;0;0;540629,367499999701977;5274749,048000000417233;9,540754610000022;47,624869594000074;1