UIDENTSTLAE;ULAND;UREGBEZ;UKREIS;UGEMEINDE;UJAHR;UMONAT;USTUNDE;UWOCHENTAG;UKATEGORIE;UART;UTYP1;ULICHTVERH;IstStrassenzustand;IstRad;IstPKW;IstFuss;IstKrad;IstGkfz;IstSonstige;LINREFX;LINREFY;XGCSWGS84;YGCSWGS84;PLST
08250804421200316610;08;4;21;000;2025;08;15;2;3;0;7;0;0;1;0;0;0;0;0;572932,541000000201166;5360746,951999999582767;9,985269959000050;48,395662879000042;1
08250819336400352360;08;3;36;091;2025;08;17;3;2;0;7;0;0;1;0;0;0;0;0;395930,852400000207126;5271310,211999999359250;7,615889879000065;47,586850839000078;1
08250823311010360700;08;3;11;000;2025;08;11;7;3;4;2;0;0;1;1;0;0;0;0;413675,792000000365078;5320497,763000000268221;7,842046344000039;48,031930193000051;1
08250816317600342030;08;3;17;011;2025;08;23;7;3;0;1;2;0;1;0;0;0;0;0;428166,337700000032783;5354256,644899999722838;8,030681541000035;48,337406646000034;1
08250812231202359650;08;2;36;071;2025;08;15;3;3;5;3;0;0;1;1;0;0;0;0;468561,040199999697506;5421186,860200000926852;8,570659335000073;48,942807891000029;1
08250813231402337190;08;2;31;000;2025;08;19;4;3;0;7;0;0;1;0;0;0;0;0;477777,176300000399351;5414950,004399999976158;8,696855320000054;48,887103276000062;1
08250802212702334500;08;2;15;046;2025;08;18;7;3;5;3;0;0;1;1;0;0;0;0;449973,588999999687076;5414479,796000000089407;8,317660517000036;48,881253030000039;1
08250820335100352510;08;3;35;043;2025;08;17;4;3;0;1;0;1;1;0;0;0;0;0;513281,637099999934435;5278407,702099999412894;9,176886027000023;47,658927357000039;1
08250814435100336810;08;4;35;029;2025;08;23;5;3;0;1;2;0;1;0;0;0;0;0;544055,213200000114739;5272394,438400000333786;9,586111590000030;47,603460433000066;1
08250804237200352700;08;2;37;040;2025;08;15;2;3;5;3;0;0;1;1;0;0;0;0;472894,913399999961257;5362578,328900000080466;8,633685789000026;48,415774549000048;1
08250810222400350830;08;2;22;000;2025;08;09;1;3;0;4;0;0;1;0;1;0;0;0;468106,426799999549985;5479145,308599999174476;8,559848187000057;49,464122887000030;1
08250728335300273800;08;3;35;075;2025;07;16;2;3;5;2;0;1;1;1;0;0;0;0;489067,639100000262260;5288360,862700000405312;8,854152141000043;47,748526130000073;1
08250823212010367820;08;2;12;000;2025;08;11;7;3;0;3;0;0;1;1;0;0;0;0;461870,078599999658763;5428338,960999999195337;8,478618482000059;49,006766785000082;1
08250730127202301030;08;1;27;014;2025;07;17;4;3;5;3;0;0;1;1;0;0;0;0;578183,450699999928474;5443748,903599999845028;10,071969989000024;49,141588598000055;1
08250728335200300630;08;3;35;063;2025;07;10;2;3;0;1;0;1;1;0;0;0;0;0;499078,284900000318885;5286765,600700000301003;8,987706823000053;47,734264621000079;1
08250815121500375270;08;1;25;005;2025;08;19;6;3;4;6;0;0;1;0;0;0;0;1;515413,348500000312924;5451741,021900000050664;9,211656791000053;49,218262646000028;1
08250814426100337910;08;4;26;021;2025;08;17;5;3;8;1;0;0;1;0;0;0;0;0;559858,330900000408292;5327168,054999999701977;9,803918201000045;48,094967058000066;1
08250817116010365010;08;1;16;019;2025;08;12;1;3;0;1;0;0;1;0;0;0;0;0;523205,617100000381470;5397792,460899999365211;9,315580800000021;48,732721810000044;1
08250729111130278120;08;1;11;000;2025;07;16;3;3;2;6;0;0;1;1;0;0;0;0;511789,186300000175834;5403525,317500000819564;9,160490164000066;48,784614953000073;1
08250810436200328270;08;4;36;064;2025;08;18;1;3;0;1;0;0;1;0;0;0;0;0;544886,895499999634922;5291570,742000000551343;9,599148548000073;47,775936120000040;1
08250820127100356750;08;1;27;089;2025;08;16;4;3;0;7;0;0;1;0;0;0;0;0;563699,819199999794364;5437201,908700000494719;9,872379208000041;49,084375159000047;1
08250801435200512490;08;4;35;036;2025;08;11;6;2;0;7;0;1;1;0;0;0;0;0;521216,480999999679625;5282055,281899999827147;9,282739142000025;47,691535197000064;1
08250814119300362210;08;1;19;061;2025;08;08;5;2;0;7;0;0;1;0;0;0;0;0;538852,653900000266731;5413979,433000000193715;9,529894324000054;48,877553143000057;1
08250814335100365170;08;3;35;043;2025;08;15;5;3;0;7;0;0;1;1;0;0;0;0;511498,457899999804795;5280029,034399999305606;9,153180257000031;47,673549742000034;1
08250814311400337620;08;3;15;108;2025;08;14;5;2;8;7;0;0;1;0;0;0;0;0;405564,637900000438094;5302949,383899999782443;7,737122019000026;47,872933322000051;1
08250728335000295670;08;3;35;066;2025;07;11;2;1;6;4;0;0;0;0;1;0;0;1;509418,631699999794364;5281798,961500000208616;9,125511478000021;47,689508600000067;1
08250810311400327790;08;3;15;006;2025;08;18;1;3;5;7;0;0;1;1;0;0;0;0;402838,837199999950826;5308269,935100000351667;7,699481505000051;47,920385182000075;1
08250807212402322410;08;2;12;000;2025;08;14;5;3;3;6;0;0;1;1;0;0;0;0;456601,935399999842048;5424981,906700000166893;8,406945199000063;48,976221613000064;1
08250804421200315930;08;4;21;000;2025;08;15;2;3;0;7;0;0;1;0;0;0;0;0;572932,327800000086427;5360749,669700000435114;9,985267551000049;48,395687350000060;1
08250819127202380890;08;1;27;014;2025;08;17;3;3;5;3;0;0;1;1;0;0;0;0;579090,730499999597669;5443654,223500000312924;10,084388760000024;49,140620916000046;1
08250808311010337630;08;3;11;000;2025;08;10;6;3;5;2;0;0;1;1;0;0;0;0;410412,270499999634922;5315672,035499999299645;7,799287416000027;47,988072327000054;1
08250730118300304520;08;1;18;046;2025;07;18;4;3;0;7;0;0;1;0;0;0;0;0;513583,614400000311434;5411559,835100000724196;9,185184267000068;48,856855672000052;1
08250805111230325490;08;1;11;000;2025;08;08;3;3;5;3;0;0;1;1;0;0;0;0;507480,858799999579787;5397168,121999999508262;9,101724045000026;48,727492462000043;1
08250807117100327350;08;1;17;019;2025;08;11;5;3;0;7;0;0;1;0;0;0;0;0;552682,116999999620020;5394709,691500000655651;9,716024146000052;48,703196242000047;1
08250817115400344720;08;1;15;045;2025;08;15;1;3;0;7;0;0;1;0;0;0;0;0;498107,601300000213087;5396890,039100000634789;8,974268589000076;48,725032843000065;1
08250812226000389100;08;2;26;041;2025;08;18;3;3;0;6;0;0;1;1;0;0;0;0;482534,587500000372529;5465178,980000000447035;8,759577570000033;49,339083367000057;1
08250818111120355250;08;1;11;000;2025;08;07;2;3;5;3;0;0;1;0;0;0;0;0;513922,362599999643862;5404352,506100000813603;9,189557685000068;48,792012166000063;1
08250822212010411470;08;2;12;000;2025;08;18;6;3;5;3;0;0;1;1;0;0;0;0;456355,044999999925494;5428055,335999999195337;8,403241430000037;49,003850159000081;1
08250810136100350950;08;1;36;088;2025;08;20;1;3;0;7;0;0;1;0;0;0;0;0;580185,322700000368059;5409965,810200000181794;10,092746703000046;48,837485895000043;1
08250811121600327940;08;1;25;024;2025;08;21;2;3;0;1;1;0;1;0;0;0;0;0;522449,509999999776483;5443835,519999999552965;9,307835036000029;49,146933623000052;1
08250816415400393040;08;4;15;061;2025;08;16;7;2;0;1;0;0;1;0;0;0;0;0;517192,007000000216067;5371030,826300000771880;9,232691665000061;48,492165085000067;1
08250801335100361760;08;3;35;043;2025;08;08;6;3;5;3;0;0;1;1;0;0;0;0;512513,202999999746680;5278771,737999999895692;9,166662423000048;47,662218158000030;1
08250814335200362270;08;3;35;063;2025;08;19;5;3;7;1;1;0;1;0;0;0;0;0;497814,412399999797344;5287262,963800000026822;8,970847698000057;47,738736652000057;1
08250816317500376460;08;3;17;096;2025;08;13;7;3;5;3;0;0;1;1;0;0;0;0;421739,178799999877810;5370762,739700000733137;7,940889479000020;48,485115619000055;1
08250817119200344260;08;1;19;093;2025;08;11;1;3;0;7;0;0;1;0;0;0;0;0;525106,453300000168383;5404069,158999999985099;9,341813355000056;48,789112235000061;1
08250806336200330810;08;3;36;069;2025;08;19;4;3;5;3;0;0;1;1;0;0;0;0;406180,542999999597669;5269379,510999999940395;7,752587350000056;47,571046574000036;1
08250821416200357100;08;4;16;041;2025;08;12;5;3;0;1;0;1;1;0;0;0;0;0;504286,674700000323355;5373966,258300000801682;9,058049991000075;48,518793943000048;1
08250730415400288010;08;4;15;061;2025;07;21;4;3;0;1;1;0;1;0;0;0;0;0;509922,064600000157952;5369193,539599999785423;9,134250660000021;48,475792973000068;1
08250812325302341030;08;3;25;053;2025;08;06;3;3;5;3;0;0;1;1;0;0;0;0;456665,560899999924004;5340852,849600000306964;8,416595084000051;48,219420126000045;1
08250819311010388420;08;3;11;000;2025;08;10;3;3;4;3;0;0;1;1;0;0;0;0;410727,864699999801815;5314592,785299999639392;7,803740614000048;47,978408333000061;1
08250823237100362180;08;2;37;004;2025;08;13;7;3;0;1;0;0;1;0;0;0;0;0;452726,071700000204146;5372834,948699999600649;8,359967037000047;48,506851584000060;1
08250819426000348760;08;4;25;134;2025;08;12;3;3;5;7;0;0;1;0;0;0;0;1;546095,151999999769032;5374015,880300000309944;9,624205206000056;48,517562688000055;1
08250805212010373940;08;2;12;000;2025;08;20;3;3;5;3;0;0;1;1;0;0;0;0;452111,589300000108778;5428441,692399999126792;8,345178778000047;49,007010787000070;1
08250731326300282290;08;3;26;068;2025;07;17;5;3;5;3;0;0;1;1;0;0;0;0;448079,686999999918044;5321613,500000000000000;8,303358123000066;48,045692342000052;1
08250802435100332290;08;4;35;029;2025;08;10;7;3;5;2;0;1;1;1;0;0;0;0;544868,211600000038743;5270750,259199999272823;9,596758912000041;47,588611431000061;1
08250728316100305640;08;3;16;011;2025;07;12;2;3;5;3;0;1;1;1;0;0;0;0;414700,305499999783933;5329064,082800000905991;7,854076660000032;48,109124293000036;1
08250801111110318140;08;1;11;000;2025;08;16;6;2;6;2;0;0;1;0;1;0;0;0;513257,444000000134110;5402378,017000000923872;9,180440955000051;48,774264368000047;1
08250818119500406470;08;1;19;042;2025;08;14;2;3;0;7;0;0;1;0;0;0;0;0;528804,661399999633431;5414590,796099999919534;9,392901188000053;48,883601019000025;1
08250807222700347320;08;2;22;000;2025;08;18;5;3;3;2;0;0;1;1;0;0;0;0;462283,994300000369549;5481218,275000000372529;8,479300482000042;49,482434519000037;1
08250815222800368170;08;2;22;000;2025;08;08;6;3;6;6;0;0;1;0;1;0;0;0;459912,551199999637902;5487125,982400000095367;8,445962602000066;49,535418801000048;1
08250806121200376690;08;1;21;000;2025;08;13;4;3;6;7;0;0;0;0;1;0;0;1;515995,007799999788404;5442684,539499999955297;9,219283919000077;49,136782208000056;1
08250822435100398610;08;4;35;013;2025;08;12;6;3;0;2;0;0;1;1;0;0;0;0;539620,146200000308454;5275498,384199999272823;9,527390842000045;47,631674191000059;1
08250730116010307490;08;1;16;080;2025;07;18;4;3;0;1;0;0;1;0;0;0;0;0;517150,726200000382960;5396428,122300000861287;9,233182438000028;48,720644345000039;1
08250814417100394250;08;4;17;079;2025;08;19;5;2;8;1;0;0;1;0;0;0;0;0;497091,653199999593198;5342064,583300000056624;8,960836007000069;48,231795394000073;1
08250812115400353040;08;1;15;003;2025;08;07;3;3;6;6;0;0;1;0;1;0;0;0;506177,491399999707937;5395673,308800000697374;9,083978605000027;48,714059338000027;1
08250805111320338860;08;1;11;000;2025;08;13;3;3;5;3;0;0;1;0;0;0;0;0;516087,643000000156462;5405813,730499999597669;9,219095742000036;48,805104893000077;1
08250817226700386630;08;2;26;065;2025;08;13;1;3;0;7;0;0;1;0;0;0;0;0;478178,458599999547005;5458153,449200000613928;8,699997429000064;49,275748356000065;1
08250812222200342840;08;2;22;000;2025;08;21;3;3;3;2;2;0;1;1;0;0;0;0;461565,414900000207126;5481780,316099999472499;8,469325729000047;49,487444702000062;1
08250731119010294390;08;1;19;067;2025;07;15;5;3;5;3;0;0;1;1;0;0;0;0;538498,719200000166893;5406123,586600000038743;9,524329177000027;48,806908066000062;1
08250728311400306530;08;3;15;076;2025;07;10;2;3;5;7;0;1;1;1;0;0;0;0;392450,321299999952316;5296537,992300000041723;7,563392158000056;47,813202864000061;1
08250730221200299650;08;2;21;000;2025;07;20;4;3;3;2;1;0;1;1;0;0;0;0;477482,078999999910593;5472706,867000000551343;8,689601479000032;49,406630376000066;1
08250820118400354740;08;1;18;048;2025;08;16;4;3;5;3;0;0;1;1;0;0;0;0;514504,695500000379980;5415925,732499999925494;9,197896072000049;48,896109370000033;1
08250812136000333550;08;1;36;042;2025;08;15;3;3;0;7;0;0;1;0;0;0;0;0;551678,725999999791384;5404643,552999999374151;9,703634272000045;48,792638584000031;1
08250801118100313900;08;1;18;007;2025;08;17;6;3;0;7;0;0;1;0;0;0;0;0;510683,972900000400841;5427703,129499999806285;9,146076865000055;49,002132583000048;1
08250822111110358870;08;1;11;000;2025;08;20;6;3;6;7;1;0;0;1;1;0;0;0;512727,575000000186265;5402272,988700000569224;9,173225937000041;48,773330606000059;1
08250731311010299090;08;3;15;064;2025;07;06;5;3;1;5;0;0;1;1;0;0;0;0;423437,401300000026822;5312545,609500000253320;7,974384347000068;47,961639704000049;1
08250819311010349790;08;3;15;089;2025;08;19;3;3;6;4;0;0;0;1;1;0;0;0;407281,946100000292063;5309905,158399999141693;7,758586478000041;47,935752352000065;1
08250729222700307090;08;2;22;000;2025;07;16;3;3;4;6;0;1;1;0;0;0;0;0;465911,442999999970198;5480495,266000000759959;8,529440746000034;49,476145947000077;1
08250802222500322570;08;2;22;000;2025;08;12;7;2;0;7;0;0;1;0;0;0;0;0;464039,814199999906123;5478228,622999999672174;8,503811667000036;49,455650532000050;1
08250821215502372900;08;2;15;106;2025;08;15;5;3;4;6;0;0;1;1;0;0;0;0;465094,204800000414252;5455346,515499999746680;8,520365247000029;49,249893255000075;1
08250728311010273270;08;3;11;000;2025;07;14;2;3;6;3;0;0;0;0;1;0;0;1;411328,066899999976158;5316314,997999999672174;7,811425944000064;47,993983576000062;1
08250815216100340310;08;2;16;043;2025;08;14;6;3;5;3;0;0;1;1;0;0;0;0;441866,966799999587238;5412374,859899999573827;8,207398999000077;48,861611973000038;1
08250811136000327420;08;1;36;028;2025;08;13;2;3;0;7;0;0;1;0;0;0;0;0;567722,593700000084937;5404996,514799999073148;9,922112482000045;48,794273008000062;1
08250808311010346000;08;3;15;095;2025;08;13;6;2;3;6;0;0;1;1;0;0;0;0;429547,706899999640882;5319810,336999999359250;8,055032028000028;48,027694673000042;1
08250801216100327020;08;2;16;043;2025;08;13;6;3;4;3;0;0;1;1;0;0;0;0;441708,843000000342727;5412456,282199999317527;8,205231717000061;48,862329525000064;1
08250820337400374910;08;3;37;049;2025;08;16;4;3;0;7;0;1;0;1;1;0;0;0;422351,794400000013411;5278910,236300000920892;7,965869349000059;47,658924779000074;1
08250728311010270830;08;3;36;050;2025;07;19;2;3;5;3;0;0;1;1;0;0;0;0;399240,242899999953806;5272621,128599999472499;7,659590707000064;47,599165610000057;1
08250729311010288540;08;3;11;000;2025;07;08;3;3;5;3;0;0;1;0;0;0;0;0;410412,342799999751151;5314729,255699999630451;7,799485071000049;47,979591811000034;1
08250807317500338290;08;3;17;096;2025;08;23;5;3;0;1;2;0;1;0;0;0;0;0;422209,677400000393391;5363761,931800000369549;7,948556803000031;48,422202074000040;1
08250801311400339150;08;3;15;074;2025;08;12;6;3;0;6;0;0;1;1;0;0;0;0;397245,713800000026822;5295613,362700000405312;7,627646918000039;47,805669568000042;1
08250818116100350190;08;1;16;019;2025;08;16;2;3;5;3;0;0;1;1;0;0;0;0;523280,910000000149012;5398442,621899999678135;9,316641446000062;48,738567780000039;1
08250728435100295860;08;4;35;016;2025;07;07;2;3;0;6;0;1;1;0;0;0;0;1;537407,969200000166893;5277515,327899999916553;9,498117813000022;47,649953051000068;1
08250808212010322340;08;2;12;000;2025;08;16;6;3;0;1;0;0;1;0;0;0;0;0;451146,062300000339746;5428618,188699999824166;8,331955952000044;49,008522692000042;1
08250731126200304250;08;1;26;066;2025;07;09;5;3;5;3;0;0;1;1;0;0;0;0;536283,309600000269711;5450063,766899999231100;9,498084342000027;49,202295214000060;1
08250817119400358290;08;1;19;091;2025;08;14;1;3;0;7;0;0;1;0;0;0;0;0;525684,564000000245869;5406355,627599999308586;9,349826932000042;48,809657156000071;1
08250728226400306540;08;2;26;084;2025;07;12;2;3;5;3;0;0;1;1;0;0;0;0;469865,053999999538064;5469719,565199999138713;8,584833576000051;49,379430779000074;1
08250801311010326750;08;3;15;064;2025;08;18;6;3;6;7;0;1;0;1;1;0;0;0;421485,425800000317395;5312764,629100000485778;7,948200620000023;47,963373498000067;1
08250812115300342990;08;1;15;050;2025;08;13;3;3;3;6;0;0;1;1;0;0;0;0;490567,066999999806285;5400497,244000000879169;8,871655657000076;48,757414746000052;1
08250813335100363720;08;3;35;043;2025;08;18;4;3;5;3;0;0;1;0;0;0;0;0;513044,712199999950826;5280125,128100000321865;9,173781939000037;47,674385012000073;1
08250803335100329850;08;3;35;043;2025;08;21;1;3;0;7;2;1;1;0;0;0;0;0;513220,556400000117719;5279897,254399999976158;9,176117629000032;47,672331110000073;1
08250823311010386840;08;3;11;000;2025;08;22;7;3;4;6;2;0;1;0;0;0;0;1;411459,358000000007451;5322271,173000000417233;7,811954852000042;48,047578873000077;1
08250813121500363890;08;1;25;027;2025;08;14;4;3;6;6;0;0;0;1;1;0;0;0;519524,580900000408292;5446471,597899999469519;9,267855785000052;49,170745812000064;1
08250822311010374530;08;3;15;047;2025;08;18;6;3;5;3;0;0;1;0;0;0;0;0;415906,301699999719858;5322105,912599999457598;7,871644452000055;48,046693750000031;1
08250805222200319140;08;2;22;000;2025;08;11;3;3;6;4;0;0;1;0;1;0;0;0;461833,676199999637902;5481509,366299999877810;8,473055660000057;49,485024582000051;1
08250730136100298040;08;1;36;088;2025;07;19;4;3;6;4;0;0;0;1;1;0;0;0;580317,968000000342727;5410447,862999999895692;10,094648502000041;48,841804440000033;1
08250821127100384010;08;1;27;023;2025;08;20;5;2;0;7;0;0;1;0;0;0;0;0;552914,294700000435114;5426174,534600000828505;9,723243871000022;48,986207462000039;1
08250818128200372350;08;1;28;115;2025;08;12;2;2;1;7;0;0;1;1;0;0;0;0;547903,692699999548495;5496326,573899999260902;9,663176945000032;49,617602324000075;1
08250729212402275490;08;2;12;000;2025;07;17;3;3;8;6;0;0;1;0;0;0;0;0;457189,115600000135601;5427427,618200000375509;8,414711238000052;48,998262163000049;1
08250814216300339790;08;2;16;015;2025;08;15;5;3;0;1;0;0;1;0;0;0;0;0;450050,564399999566376;5406041,110099999234080;8,319739225000035;48,805351347000055;1
08250810212010346150;08;2;12;000;2025;08;01;1;2;5;3;2;0;1;1;0;0;0;0;455061,997000000439584;5427117,869000000879169;8,385666323000066;48,995324760000074;1
08250816216100382180;08;2;16;043;2025;08;07;7;3;0;7;1;1;1;0;0;0;0;0;443309,001500000245869;5412702,472200000658631;8,227012799000022;48,864692319000028;1
08250804436300352860;08;4;36;081;2025;08;17;2;2;8;7;0;0;1;0;0;0;0;0;559460,442900000140071;5280081,350199999287724;9,792090172000030;47,671388622000052;1
08250805118400351100;08;1;18;048;2025;08;07;3;3;5;3;0;0;1;1;0;0;0;0;514517,870699999853969;5415617,061400000005960;9,198064858000066;48,893332340000029;1
08250728327200835210;08;3;27;049;2025;07;11;2;3;6;7;0;0;0;0;1;0;1;0;472338,002500000409782;5324176,647199999541044;8,628668601000072;48,070265214000074;1
08250729311010298270;08;3;11;000;2025;07;08;3;3;5;3;0;0;1;0;0;0;0;0;412332,482800000347197;5314140,245899999514222;7,825330354000073;47,974559493000072;1
08250817126200361110;08;1;26;028;2025;08;18;1;3;5;3;0;0;1;1;0;0;0;0;534817,632500000298023;5458537,853099999949336;9,478700978000063;49,278604004000044;1
08250804118100373780;08;1;18;079;2025;08;19;2;3;5;3;0;0;1;1;0;0;0;0;507691,050999999977648;5421557,080000000074506;9,105039935000036;48,946889476000081;1
08250806336300328110;08;3;36;081;2025;08;19;4;2;0;7;0;0;1;0;0;0;0;0;412320,776999999769032;5277965,452999999746680;7,832491199000060;47,649143870000046;1
08250729311010288760;08;3;15;064;2025;07;09;3;3;4;6;0;0;1;0;0;0;0;0;423286,150700000114739;5312599,105100000277162;7,972349019000035;47,962102831000038;1
08250811415100368000;08;4;15;050;2025;08;19;2;3;6;7;0;0;0;1;1;0;0;0;521441,888000000268221;5375839,957000000402331;9,290459770000041;48,535298642000043;1
08250818316100386550;08;3;16;011;2025;08;00;2;2;0;1;2;0;1;0;0;0;0;0;414344,263399999588728;5330227,086200000718236;7,849060924000071;48,119537941000033;1
08250805128300324700;08;1;28;039;2025;08;07;3;3;5;3;0;0;1;1;0;0;0;0;523345,916299999691546;5511203,490000000223517;9,324097043000052;49,752859605000026;1
08250731436100292630;08;4;36;055;2025;07;18;5;2;1;5;0;0;1;1;0;0;0;0;577517,026200000196695;5297133,691500000655651;10,035630473000026;47,822881049000046;1
08250814136100337060;08;1;36;088;2025;08;10;5;3;1;5;0;0;1;1;0;0;0;0;580580,785899999551475;5410698,959799999371171;10,098279130000037;48,844028795000042;1
08250819126200348850;08;1;26;066;2025;08;15;3;3;0;7;0;0;1;0;0;0;0;0;535331,402800000272691;5449156,403899999335408;9,484937600000023;49,194189110000082;1
08250916226200502380;08;2;26;032;2025;09;11;3;3;5;3;0;0;1;0;0;0;0;1;466490,876000000163913;5463882,861199999228120;8,538840396000069;49,326754685000026;1
08250904212010427400;08;2;12;000;2025;09;17;5;3;0;7;0;1;1;0;0;0;0;0;456730,363199999555945;5428596,466399999335408;8,408315208000033;49,008744122000053;1
08250917212502476700;08;2;15;108;2025;09;16;4;3;5;3;0;0;1;0;0;0;0;1;450528,770700000226498;5425735,866599999368191;8,323866517000056;48,982547039000053;1
08250913128100433420;08;1;28;007;2025;09;16;7;2;0;1;0;0;1;0;0;0;0;0;555165,920500000007451;5483135,468900000676513;9,761858204000021;49,498342682000043;1
08250910416200467470;08;4;16;041;2025;09;22;4;3;5;3;2;0;1;1;0;0;0;0;504144,099999999627471;5373006,469000000506639;9,056109715000048;48,510160276000079;1
08250910111140448450;08;1;11;000;2025;09;20;4;3;6;2;2;1;0;1;1;0;0;0;511807,603199999779463;5402541,130300000309944;9,160712611000065;48,775760929000057;1
08250919118400480530;08;1;18;048;2025;09;19;6;3;1;5;0;0;1;1;0;0;0;0;515546,145600000396371;5415981,416899999603629;9,212107207000031;48,896585033000065;1
08250917326000440480;08;3;35;043;2025;09;11;4;3;8;1;0;0;1;0;0;0;0;0;510940,983000000007451;5282002,648199999704957;9,145803181000076;47,691317318000074;1
08250912417010494590;08;4;17;025;2025;09;17;6;3;4;6;0;0;1;1;0;0;0;0;487176,622399999760091;5353550,179300000891089;8,826971278000030;48,335004865000030;1
08250904212010415450;08;2;12;000;2025;09;13;5;3;5;3;0;1;1;1;0;0;0;0;455002,091799999587238;5428247,970399999991059;8,384722219000025;49,005485768000028;1
08250917225200470100;08;2;25;014;2025;09;07;4;3;3;2;0;0;1;1;0;0;0;0;523439,958499999716878;5486000,980000000447035;9,323895480000033;49,526172689000077;1
08250911212010434900;08;2;12;000;2025;09;12;5;3;5;3;0;0;1;1;0;0;0;0;455315,262500000186265;5427986,086100000888109;8,389032914000040;49,003152847000081;1
08250918128100457090;08;1;28;007;2025;09;20;5;3;0;7;2;0;1;0;0;0;0;0;555676,714999999850988;5482971,318299999460578;9,768888635000053;49,496819639000080;1
08250909212102445610;08;2;12;000;2025;09;07;3;3;5;2;0;0;1;1;0;0;0;0;458430,847799999639392;5428416,833100000396371;8,431585424000048;49,007245183000066;1
08250906435100426910;08;4;35;030;2025;09;10;7;3;0;7;0;0;1;0;0;0;0;0;541668,533999999985099;5271630,400000000372529;9,554288114000030;47,596743913000068;1
08250915222200436990;08;2;22;000;2025;09;15;2;3;6;4;0;0;1;0;1;0;0;0;461143,903099999763072;5482259,813999999314547;8,463458961000072;49,491730681000035;1
08250907115100418310;08;1;15;003;2025;09;12;1;3;0;7;0;0;1;0;0;0;0;0;500542,985199999995530;5389837,499299999326468;9,007373833000031;48,661590144000058;1
08250918111230516420;08;1;11;000;2025;09;16;5;3;3;2;0;0;1;1;0;0;0;0;508062,529400000348687;5396581,076500000432134;9,109622056000035;48,722204128000044;1
08250917212402469870;08;2;12;000;2025;09;10;4;3;0;6;0;0;1;1;0;0;0;0;455475,200000000186265;5428204,833000000566244;8,391195598000024;49,005132056000036;1
08250903336300421620;08;3;36;081;2025;09;17;4;3;5;3;0;0;1;1;0;0;0;0;411885,835400000214577;5278097,164699999615550;7,826674363000052;47,650269653000066;1
08250902216100413360;08;2;16;043;2025;09;16;3;3;0;1;0;0;1;0;0;0;0;0;442867,873599999584258;5411699,524700000882149;8,221138552000070;48,855630325000050;1
08250917212010443540;08;2;12;000;2025;09;16;4;2;0;1;0;0;1;1;0;0;0;0;457690,421600000001490;5428245,031400000676513;8,421479312000031;49,005649483000070;1
08250910311010424330;08;3;11;000;2025;09;08;4;3;3;2;0;0;1;0;0;0;0;0;414080,925099999643862;5317556,998900000005960;7,848069172000066;48,005531672000075;1
08250901212010439350;08;2;12;000;2025;09;07;2;3;6;4;0;0;0;1;1;0;0;0;456427,201100000180304;5427778,794700000435114;8,404257638000047;49,001367734000041;1
08250914115100463780;08;1;15;003;2025;09;20;1;3;5;3;2;0;1;1;0;0;0;0;501193,417299999855459;5392767,180600000545382;9,016215269000043;48,687945023000054;1
08250915325100609480;08;3;25;057;2025;09;20;2;3;5;2;1;0;1;1;0;0;0;0;473861,242200000211596;5356945,411900000646710;8,647095647000071;48,365139395000028;1
08250917436000443140;08;4;36;049;2025;09;12;4;2;3;6;0;0;1;1;0;0;0;0;579895,170699999667704;5280704,376499999314547;10,064378943000065;47,674791541000047;1
08250901416010411190;08;4;15;050;2025;09;20;2;3;6;4;2;0;0;1;1;0;0;0;520976,878700000233948;5376409,871700000017881;9,284189359000038;48,540441446000045;1
08250904116100474470;08;1;16;019;2025;09;12;5;2;0;1;0;1;1;0;0;0;0;0;526752,398000000044703;5396277,903999999165535;9,363715423000031;48,718954872000040;1
08250901118600411380;08;1;18;076;2025;09;12;2;3;5;3;0;0;1;1;0;0;0;0;505136,156399999745190;5424129,855399999767542;9,070179155000062;48,970059823000042;1
08250907111330444420;08;1;11;000;2025;09;17;1;2;0;7;0;0;1;1;0;0;0;0;516781,622899999842048;5409137,621799999848008;9,228682881000054;48,834987693000073;1
08250919311010514000;08;3;11;000;2025;09;22;6;3;4;6;2;0;1;0;0;0;0;0;412475,192499999888241;5318011,037499999627471;7,826452830000051;48,009398006000026;1
08250902311501427210;08;3;15;113;2025;09;15;3;3;6;6;0;0;1;0;1;0;0;0;441302,124800000339746;5306915,111899999901652;8,214437110000063;47,912872840000034;1
08250910311010423810;08;3;11;000;2025;09;06;4;3;0;7;0;0;0;0;1;0;1;0;414190,015200000256300;5316357,804400000721216;7,849771300000043;47,994759128000055;1
08250911335100468610;08;3;35;043;2025;09;09;5;3;5;3;0;0;1;1;0;0;0;0;512943,429899999871850;5279107,463999999687076;9,172402503000058;47,665230445000077;1
08250915111500500090;08;1;11;000;2025;09;17;2;3;2;3;0;1;1;1;0;0;0;0;519612,028500000014901;5401280,566600000485778;9,266877129000022;48,764223980000054;1
08250907231102484740;08;2;36;061;2025;09;18;1;3;4;6;0;0;1;1;0;0;0;0;489169,552299999631941;5432975,837200000882149;8,851779658000055;49,049560915000029;1
08250905311010416400;08;3;11;000;2025;09;14;6;2;0;7;0;1;1;0;0;0;0;0;410657,131599999964237;5315254,352099999785423;7,802655372000061;47,984349418000079;1
08250916436000438090;08;4;35;036;2025;09;14;3;2;2;6;0;0;1;0;0;0;0;0;520671,033900000154972;5282070,478000000119209;9,275471108000033;47,691689605000079;1