UIDENTSTLAE;ULAND;UREGBEZ;UKREIS;UGEMEINDE;UJAHR;UMONAT;USTUNDE;UWOCHENTAG;UKATEGORIE;UART;UTYP1;ULICHTVERH;IstStrassenzustand;IstRad;IstPKW;IstFuss;IstKrad;IstGkfz;IstSonstige;LINREFX;LINREFY;XGCSWGS84;YGCSWGS84;PLST
08250913118300432130;08;1;18;046;2025;09;15;7;3;5;3;0;0;1;1;0;0;0;0;516332,881699999794364;5412600,692500000819564;9,222706063000032;48,866152692000071;1
08250916225200504340;08;2;25;091;2025;09;18;3;3;0;1;0;0;1;0;0;0;0;0;520979,412499999627471;5476916,328199999406934;9,289413855000021;49,444548771000029;1
08250915117300435570;08;1;17;026;2025;09;06;2;3;5;3;1;0;1;1;0;0;0;0;548547,564500000327826;5394870,418299999088049;9,659852713000021;48,704977569000050;1
08250901426000411750;08;4;25;031;2025;09;13;2;3;5;3;0;0;1;1;0;0;0;0;567011,559399999678135;5369960,307299999520183;9,906766125000047;48,479197566000039;1
08250905316200429200;08;3;16;009;2025;09;19;6;3;5;3;1;0;1;1;0;0;0;0;415286,642300000414252;5324780,170199999585748;7,862801939000065;48,070667608000065;1
08250913435100440850;08;4;35;016;2025;09;19;7;3;0;7;1;0;1;0;1;0;0;0;536317,001699999906123;5281489,902300000190735;9,483921673000054;47,685775993000050;1
08250912111210494610;08;1;11;000;2025;09;14;6;3;0;7;0;0;1;0;0;0;0;0;512738,645800000056624;5399907,812699999660254;9,173303394000072;48,752053380000063;1
08250831416200392300;08;4;16;009;2025;08;11;1;3;0;1;0;0;1;0;0;0;0;0;507143,093899999745190;5383578,509600000455976;9,096896498000035;48,605242547000046;1
08250919335100467310;08;3;35;043;2025;09;20;6;3;5;3;0;0;1;1;0;0;0;0;513457,494800000451505;5279847,176100000739098;9,179272445000038;47,671875634000060;1
08250915119000437720;08;1;19;044;2025;09;14;2;3;0;1;0;1;1;0;0;0;0;0;544196,484899999573827;5424915,375900000333786;9,603957728000069;48,975566556000047;1
08250830416200381700;08;4;16;041;2025;08;16;7;3;0;1;0;0;1;0;0;0;0;0;503873,076399999670684;5373787,643500000238419;9,052447402000041;48,517189746000042;1
08250919116400467610;08;1;16;033;2025;09;18;6;3;5;3;0;0;1;0;0;0;0;0;534400,357599999755621;5387498,262599999085069;9,466960360000030;48,639599674000067;1
08250919121300458660;08;1;21;000;2025;09;19;6;3;5;3;2;0;1;0;0;0;0;0;514042,684700000099838;5442820,394500000402331;9,192523404000042;49,138052001000062;1
08250903136000413170;08;1;36;044;2025;09;20;4;3;5;3;2;0;1;1;0;0;0;0;558761,728000000119209;5408038,270999999716878;9,800549955000065;48,822545185000081;1
08250915317000435220;08;3;17;065;2025;09;13;2;3;6;4;0;0;0;1;1;0;0;0;417020,327499999664724;5354854,096899999305606;7,880188199000031;48,341415088000076;1
08250915111230468920;08;1;11;000;2025;09;09;2;3;5;3;0;0;1;1;0;0;0;0;510617,995099999941885;5396368,315700000151992;9,144361828000058;48,720251833000077;1
08250830127202381160;08;1;27;032;2025;08;19;7;3;0;7;0;0;1;0;0;0;0;0;567510,217500000260770;5455825,476199999451637;9,927680672000065;49,251472673000080;1
08250901416200438420;08;4;16;022;2025;09;20;2;3;5;3;2;1;1;0;0;1;0;0;510037,230000000447035;5375444,705000000074506;9,135959232000062;48,532028939000043;1
08250908111110515700;08;1;11;000;2025;09;08;2;3;1;5;0;0;1;1;0;0;0;0;512763,139499999582767;5402128,557299999520183;9,173705496000025;48,772030582000070;1
08250918326400474870;08;3;26;074;2025;09;21;5;3;6;6;2;0;1;0;1;0;0;0;459403,898000000044703;5324382,208000000566244;8,455030022000074;48,071422331000065;1
08250912225100451650;08;2;25;058;2025;09;20;6;3;0;1;2;0;1;0;0;0;0;0;509919,635999999940395;5466211,698400000110269;9,136576188000049;49,348542106000082;1
08250831435200393420;08;4;35;059;2025;08;16;1;3;0;1;0;0;1;0;0;0;0;0;511930,502399999648333;5290667,733799999579787;9,159227261000069;47,769264583000052;1
08250905417010415530;08;4;17;079;2025;09;13;6;3;5;3;0;0;1;1;0;0;0;0;499724,943199999630451;5339872,453099999576807;8,996297489000028;48,212079764000066;1
08250919421200506780;08;4;21;000;2025;09;11;6;3;3;2;0;0;1;1;0;0;0;0;573259,608599999919534;5361399,018500000238419;9,989801529000033;48,401490440000032;1
08250904311010434460;08;3;15;047;2025;09;18;5;3;5;3;0;1;1;1;0;0;0;0;415480,079800000414252;5321465,301999999210238;7,866053133000037;48,040874929000040;1
08250906325202438230;08;3;25;072;2025;09;15;7;3;4;6;0;0;1;1;0;0;0;0;472027,381000000052154;5330549,564500000327826;8,624081182000054;48,127587768000069;1
08250907116010422110;08;1;16;078;2025;09;17;1;3;3;6;0;0;1;1;0;0;0;0;510562,634999999776483;5390365,869999999180436;9,143455666000023;48,666254356000081;1
08250902121200428340;08;1;21;000;2025;09;16;3;3;3;2;0;0;1;1;0;0;0;0;516761,902700000442564;5443345,551400000229478;9,229825087000052;49,142707779000034;1
08250905221300415860;08;2;26;012;2025;09;20;6;3;0;7;2;0;1;0;0;0;0;0;475844,983699999749660;5478267,618300000205636;8,666696588000036;49,456585380000035;1
08250829136000397670;08;1;36;065;2025;08;08;6;2;0;6;0;1;1;1;0;0;0;0;561340,974000000394881;5404414,916999999433756;9,835143504000030;48,789703892000034;1
08250902222500429460;08;2;22;000;2025;09;08;3;3;5;3;0;0;1;1;0;0;0;0;462395,224899999797344;5478370,486899999901652;8,481106667000063;49,456826956000043;1
08250831436200395150;08;4;36;095;2025;08;16;1;3;4;6;0;0;1;1;0;0;0;0;534374,192300000227988;5292044,382400000467896;9,458868248000044;47,780844271000035;1
08250919136000449080;08;1;36;044;2025;09;17;6;3;6;7;0;0;0;1;1;0;0;0;558619,687199999578297;5408642,161100000143051;9,798701358000073;48,827990607000061;1
08250831415400384490;08;4;15;061;2025;08;16;1;3;6;1;0;0;0;0;1;0;0;1;515275,007799999788404;5369916,451199999079108;9,206704762000072;48,482189289000075;1
08250907436100437970;08;4;36;004;2025;09;10;1;2;4;6;0;0;1;1;0;0;0;0;581318,337000000290573;5311022,438100000843406;10,089022923000073;47,947351332000039;1
08250919211000485600;08;3;17;056;2025;09;16;6;2;6;7;0;0;0;1;1;0;0;0;434781,214700000360608;5382782,328500000759959;8,115482623000048;48,594723681000062;1
08250902119500448010;08;1;19;085;2025;09;18;3;3;4;6;0;0;1;0;0;0;0;1;529972,750000000000000;5413631,762000000104308;9,408763423000039;48,874918568000055;1
08250828335100394840;08;3;35;043;2025;08;07;5;3;5;3;0;1;1;0;0;0;0;0;511223,856800000183284;5280986,024000000208616;9,149546689000033;47,682165238000039;1
08250828222700396340;08;2;22;000;2025;08;23;5;3;4;6;2;0;1;0;0;0;0;1;461631,129999999888241;5480928,252399999648333;8,470315711000069;49,479784995000045;1
08250831126200400120;08;1;26;066;2025;08;10;1;2;6;7;0;0;0;1;1;0;0;0;535550,882600000128150;5451346,890499999746680;9,488143846000071;49,213879785000074;1
08250904212402414790;08;2;12;000;2025;09;19;5;3;0;7;1;1;1;0;0;0;0;0;456049,934100000187755;5427966,623400000855327;8,399079482000047;49,003030528000068;1
08250830111370410840;08;1;11;000;2025;08;12;7;3;5;3;0;0;1;1;0;0;0;0;508798,265599999576807;5406821,955600000917912;9,119844491000038;48,814320719000079;1
08250907425000429930;08;4;25;020;2025;09;17;1;3;9;1;0;0;1;0;0;0;0;0;559667,116600000299513;5357496,005799999460578;9,805621778000045;48,367813343000080;1
08250907337400434800;08;3;37;065;2025;09;14;1;3;0;7;0;0;1;0;0;0;0;0;449368,044999999925494;5274343,437999999150634;8,326171891000058;47,620515523000051;1
08250906311010418190;08;3;15;047;2025;09;12;7;3;5;3;0;0;1;1;0;0;0;0;415152,181900000199676;5321597,004399999976158;7,861628741000061;48,042016138000065;1
08250917311010459950;08;3;11;000;2025;09;12;4;3;1;6;0;0;1;1;0;0;0;0;413557,217199999839067;5316973,614499999210238;7,841166777000069;48,000213315000053;1
08250915135200461800;08;1;35;019;2025;09;22;2;3;1;5;2;1;1;1;0;0;0;0;583960,953700000420213;5392648,045499999076128;10,140656999000043;48,681227263000039;1
08250905117300426440;08;1;17;026;2025;09;17;6;3;6;4;0;1;1;0;1;0;0;0;548120,510499999858439;5394654,025499999523163;9,654023419000055;48,703064104000077;1
08250911415100494400;08;4;15;078;2025;09;17;5;3;6;4;0;0;1;0;1;0;0;0;529479,370500000193715;5371260,945599999278784;9,399012513000059;48,493778954000049;1
08250829311200397370;08;3;15;047;2025;08;15;6;2;3;6;0;0;1;1;0;0;0;0;415335,491600000299513;5321010,712200000882149;7,864203580000037;48,036766571000044;1
08250918221400506720;08;2;21;000;2025;09;17;5;3;5;3;0;0;1;1;0;0;0;0;474369,017199999652803;5473962,170800000429153;8,646609203000025;49,417798428000026;1
08250902212302418600;08;2;12;000;2025;09;19;3;3;6;4;1;0;0;1;1;0;0;0;456173,437500000000000;5428630,974799999967217;8,400696310000058;49,009015227000077;1
08250912317600430080;08;3;17;145;2025;09;17;6;3;8;1;0;0;1;0;0;0;0;0;442374,580199999734759;5349817,561799999326468;8,222992653000063;48,298929072000078;1
08250915436200449480;08;4;36;064;2025;09;13;2;3;6;4;0;0;0;1;1;0;0;0;545995,091000000014901;5292760,802600000053644;9,614065911000068;47,786564948000034;1
08250916311100455480;08;3;15;015;2025;09;14;3;3;5;3;0;0;1;1;0;0;0;0;393528,661600000225008;5321119,958599999547005;7,571716653000067;48,034485179000058;1
08250912116400494480;08;1;16;033;2025;09;12;6;3;2;6;0;0;1;1;0;0;0;0;533552,430200000293553;5388413,757999999448657;9,455524894000064;48,647881457000040;1
08250827417200372280;08;4;17;022;2025;08;15;4;3;8;1;0;1;1;0;0;0;0;0;482695,809500000439584;5347182,425000000745058;8,766772276000040;48,277609696000070;1
08250904116100419420;08;1;16;019;2025;09;09;5;3;0;1;0;1;1;0;0;0;0;0;522876,199000000022352;5399047,186000000685453;9,311170665000077;48,744021365000037;1
08250903325000414270;08;3;25;057;2025;09;18;4;2;5;3;0;0;1;1;0;0;0;0;471384,779600000008941;5353008,762599999085069;8,613928799000064;48,329616158000078;1
08250912436000434720;08;4;35;018;2025;09;15;6;3;0;1;0;0;1;0;0;0;0;0;523208,575299999676645;5280243,473999999463558;9,309189846000038;47,675164873000028;1
08250903119200413210;08;1;19;020;2025;09;11;4;3;5;2;0;0;1;0;0;0;1;0;519960,009700000286102;5407497,648000000044703;9,271914399000025;48,820140794000054;1
08250905212702438480;08;2;15;017;2025;09;17;6;3;6;2;0;0;0;1;1;0;0;0;456482,641200000420213;5421176,421800000593066;8,405721900000060;48,941982139000061;1
08250827317000383670;08;3;17;153;2025;08;16;4;3;8;1;0;0;1;0;0;0;0;0;422064,919900000095367;5390204,227800000458956;7,941653248000023;48,660027529000047;1
08250828111130410970;08;1;11;000;2025;08;14;5;2;0;7;0;0;1;0;0;0;0;0;510719,593200000002980;5402499,039499999955297;9,145902724000052;48,775401981000073;1
08250904335100415150;08;3;35;043;2025;09;14;5;3;0;1;0;0;1;0;0;0;0;0;511343,378999999724329;5280132,922000000253320;9,151117031000069;47,674487227000043;1
08250903311010413150;08;3;11;000;2025;09;20;4;3;2;6;1;0;1;1;0;0;0;0;414783,392599999904633;5319052,001199999824166;7,857188182000073;48,019073826000067;1
08250919121300478970;08;1;21;000;2025;09;14;6;2;6;4;0;0;0;1;1;0;0;0;513902,847799999639392;5442125,293700000271201;9,190582297000049;49,131802503000074;1
08250828435100378320;08;4;35;013;2025;08;15;5;3;0;4;0;1;0;0;1;0;0;1;539470,960400000214577;5275567,165799999609590;9,525411293000047;47,632302157000026;1
08250919235200479320;08;2;35;006;2025;09;11;6;3;6;7;0;0;0;1;1;0;0;0;470721,725300000049174;5381386,653200000524521;8,602997641000059;48,584880472000066;1
08250909435200421380;08;4;35;059;2025;09;13;3;3;0;1;0;0;1;0;0;0;0;0;510346,236100000329316;5290867,423299999907613;9,138088099000072;47,771088678000069;1
08250917221011530650;08;2;21;000;2025;09;17;4;3;4;6;0;0;1;0;0;0;0;0;476124,570000000298023;5471862,101999999955297;8,670939977000046;49,398980106000067;1
08250907317500427490;08;3;17;096;2025;09;10;1;3;3;6;0;0;1;1;0;0;0;0;420306,458300000056624;5367345,583699999377131;7,922155096000040;48,454198773000030;1
08250912119400437850;08;1;19;041;2025;09;12;6;3;6;2;0;0;0;0;1;0;1;0;526818,539300000295043;5409902,074899999424815;9,365503429000057;48,841512052000041;1
08250829421300404830;08;4;21;000;2025;08;13;6;3;3;2;0;0;1;1;0;0;0;0;570629,650200000032783;5361121,396099999547005;9,954226996000045;48,399293306000061;1
08250829119300405050;08;1;19;055;2025;08;23;6;2;0;7;2;1;1;0;0;0;0;0;543432,117999999783933;5404821,468900000676513;9,591377822000027;48,794869742000060;1
08250916326000464830;08;3;27;049;2025;09;13;3;3;5;3;0;0;1;1;0;0;0;0;473316,993300000205636;5324252,945199999958277;8,641805423000051;48,070993377000036;1
08250910327100442590;08;3;27;050;2025;09;15;4;3;4;6;0;0;1;1;0;0;0;0;486627,969200000166893;5313909,654899999499321;8,820814374000065;47,978351798000062;1
08250827222400395090;08;2;26;105;2025;08;08;4;2;1;7;0;0;1;1;0;0;0;0;470629,907899999991059;5479668,183800000697374;8,594634091000046;49,468953251000073;1
08250903336091428410;08;3;36;034;2025;09;10;4;3;0;7;0;0;1;0;0;0;0;0;417078,685100000351667;5278497,807399999350309;7,895732546000033;47,654560127000082;1
08250904116500414200;08;1;16;049;2025;09;13;5;3;0;1;0;1;1;0;0;0;0;0;524108,882000000216067;5385608,767999999225140;9,327153883000051;48,623083322000070;1
08250919335200448630;08;3;35;063;2025;09;14;6;3;0;1;0;0;1;0;0;0;0;0;498161,206000000238419;5287957,788000000640750;8,975470443000063;47,744989479000026;1
08250907335100420300;08;3;35;043;2025;09;18;1;3;8;1;0;1;1;0;0;0;0;0;515413,122600000351667;5281660,910499999299645;9,205387991000066;47,688151291000054;1
08250905316100417070;08;3;16;024;2025;09;14;6;3;6;6;0;0;1;0;1;0;0;0;408858,770499999634922;5334102,673100000247359;7,774540976000026;48,153636814000038;1
08250913317000473430;08;3;17;057;2025;09;17;7;3;6;7;0;0;0;0;1;0;0;1;412350,958700000308454;5380692,736899999901652;7,811776739000038;48,573191160000079;1
08250827222014374680;08;2;22;000;2025;08;08;4;2;5;3;0;0;1;1;0;0;0;0;468103,202899999916553;5479653,704099999740720;8,559762725000041;49,468695542000034;1
08250912121400429490;08;1;25;013;2025;09;21;6;3;0;1;2;0;1;0;0;0;0;0;504526,808000000193715;5436361,407999999821186;9,061989695000022;49,080094400000064;1
08250901326400416420;08;3;26;074;2025;09;09;2;3;0;1;0;0;1;0;0;0;0;0;458795,981599999591708;5324082,720000000670552;8,446898498000053;48,068688947000055;1
08250918327100473250;08;3;27;050;2025;09;00;5;3;8;1;2;1;1;0;0;0;0;0;486561,673100000247359;5314774,605200000107288;8,819898942000066;47,986132514000076;1
08250918216300505640;08;2;16;015;2025;09;12;5;3;5;3;0;0;1;1;0;0;0;0;449745,511800000444055;5405880,758799999952316;8,315604654000026;48,803884351000079;1
08250908435100430410;08;4;35;016;2025;09;17;2;3;5;3;0;0;1;1;0;0;0;0;535393,600999999791384;5282004,598999999463558;9,471659604000024;47,690458142000068;1
08250907121400418490;08;1;25;108;2025;09;10;1;2;0;7;0;0;1;0;0;0;0;0;492178,123300000093877;5434307,798299999907613;8,892927705000034;49,061588123000035;1
08250904416200432490;08;4;16;041;2025;09;12;5;3;0;7;0;1;1;0;0;0;0;0;504426,350100000388920;5374576,504599999636412;9,059947947000069;48,524282970000058;1
08250918111370505680;08;1;11;000;2025;09;14;5;3;6;7;0;0;0;1;1;0;0;0;508743,235199999995530;5406875,950799999758601;9,119096054000067;48,814807231000032;1
08250829111230378110;08;1;11;000;2025;08;13;6;3;0;7;0;0;1;0;0;0;0;0;506449,999800000339746;5398004,646999999880791;9,087719625000034;48,735029386000065;1
08250911118200435160;08;1;18;080;2025;09;19;5;3;9;3;0;0;1;1;0;0;0;0;509462,524199999868870;5408651,382699999958277;9,128934793000042;48,830768249000073;1
08250918212010482310;08;2;12;000;2025;09;17;5;3;5;3;0;0;1;1;0;0;0;0;459757,686300000175834;5427032,715800000354648;8,449864809000076;48,994882719000032;1
08250902115300413180;08;1;15;045;2025;09;17;3;3;0;7;0;1;1;0;0;0;0;0;500734,863699999637902;5394147,260500000789762;9,009987238000065;48,700361063000059;1
08250909336100421450;08;3;36;050;2025;09;14;3;3;0;7;0;0;1;0;0;0;0;0;399445,231700000353158;5273698,076099999248981;7,662069872000075;47,608884963000037;1
08250915222600468760;08;2;22;000;2025;09;16;2;3;6;7;0;0;1;0;1;0;0;0;462485,257399999536574;5484150,209200000390410;8,481800604000057;49,508818194000071;1
08250901415100424510;08;4;15;050;2025;09;10;2;2;6;4;0;0;0;1;1;0;0;0;520968,879800000227988;5376406,006899999454618;9,284080799000037;48,540406945000029;1
08250909121200435380;08;1;21;000;2025;09;18;3;3;5;3;0;0;1;1;0;0;0;0;514358,334200000390410;5443219,631400000303984;9,196865115000037;49,141635978000068;1
08250914436300457270;08;4;36;081;2025;09;00;1;3;0;1;2;0;1;0;0;0;0;0;562378,402800000272691;5281925,910399999469519;9,831220625000071;47,687708748000034;1
08250827136100373130;08;1;36;088;2025;08;21;4;3;0;7;2;0;1;0;0;0;0;0;581426,900999999605119;5409196,329199999570847;10,109510492000027;48,830403438000076;1
08250907221300472460;08;2;21;000;2025;09;18;1;3;0;7;0;0;1;0;0;0;0;0;476515,097500000149012;5474210,165699999779463;8,676183392000041;49,420115736000071;1
08250907119500510880;08;1;19;085;2025;09;20;1;3;6;7;1;0;0;1;1;0;0;0;528149,826100000180304;5412443,391499999910593;9,383821515000022;48,864313887000037;1
08250907116500434710;08;1;16;035;2025;09;00;1;2;3;6;2;0;1;0;0;0;0;0;527635,572200000286102;5393403,749399999156594;9,375530034000064;48,693060784000068;1
08250830316100398190;08;3;16;037;2025;08;11;7;3;5;3;0;0;1;1;0;0;0;0;404991,150999999605119;5334640,232000000774860;7,722431153000059;48,157905869000047;1
08250911119200425740;08;1;19;020;2025;09;12;5;3;0;7;0;0;1;0;0;0;0;0;520123,393199999816716;5406907,708699999377131;9,274111202000029;48,814828547000047;1
08250829222200404370;08;2;22;000;2025;08;16;6;3;6;6;0;0;1;0;1;0;0;0;461540,018899999558926;5481695,065400000661612;8,468983391000052;49,486676308000028;1
08250917311010485550;08;3;11;000;2025;09;19;4;3;6;4;0;0;1;0;1;0;0;0;411306,207299999892712;5319633,416099999099970;7,810446670000033;48,023830487000055;1
08250827116500396330;08;1;16;049;2025;08;14;4;3;2;6;0;0;1;1;0;0;0;0;525424,965800000354648;5383418,876099999994040;9,344878412000071;48,603330810000045;1
08250917121500442520;08;1;25;005;2025;09;21;4;3;7;7;2;0;1;0;0;0;0;0;515114,152800000272691;5451586,653599999845028;9,207542437000029;49,216881525000076;1
08250914316100436110;08;3;16;036;2025;09;18;1;2;6;4;0;0;0;0;1;1;0;0;412148,633999999612570;5326331,220599999651313;7,820367248000025;48,084194968000077;1
08250901135100417610;08;1;35;021;2025;09;12;2;3;0;1;0;0;1;0;0;0;0;0;592899,602400000207126;5383058,675699999555945;10,259914477000052;48,593714204000037;1
08250903216300416660;08;2;16;033;2025;09;12;4;3;5;3;0;0;1;1;0;0;0;0;447132,480999999679625;5413175,762000000104308;8,279080682000028;48,869287312000040;1
08250830221200398320;08;2;21;000;2025;08;23;7;3;0;7;2;0;1;0;0;0;0;0;477969,743400000035763;5472959,058499999344349;8,696309601000053;49,408916650000037;1
08250831117400385890;08;1;17;044;2025;08;14;1;3;0;5;0;0;1;0;0;0;0;0;537660,586000000126660;5391293,875000000000000;9,511559237000029;48,673556320000046;1
08250831212402383740;08;2;12;000;2025;08;19;1;3;1;5;0;0;1;1;0;0;0;0;455596,101099999621511;5427304,091800000518560;8,392947110000023;48,997038500000031;1
08250902317500412040;08;3;17;096;2025;09;09;3;3;9;1;0;0;1;0;0;0;0;0;420362,322200000286102;5368078,669500000774860;7,922770996000054;48,460799862000044;1
08250826436000372500;08;4;36;009;2025;08;15;3;3;6;3;0;0;0;1;1;0;0;0;556387,197300000116229;5307838,559900000691414;9,754762381000035;47,921388042000046;1
08250913421300452110;08;4;21;000;2025;09;03;7;3;1;5;2;0;1;1;0;0;0;0;570968,786999999545515;5362702,437200000509620;9,959075554000037;48,413477136000040;1
08250913325302526560;08;3;25;014;2025;09;17;7;3;0;7;0;0;1;0;0;0;0;1;462422,385300000198185;5343417,599700000137091;8,493867460000047;48,242860968000059;1
08250917118500445140;08;1;18;078;2025;09;18;4;3;6;4;0;0;0;1;1;0;0;0;515047,222000000067055;5420658,347100000828505;9,205472570000040;48,938669556000036;1
08250918311010462920;08;3;11;000;2025;09;10;5;3;6;2;0;0;0;1;1;0;0;0;413907,231200000271201;5317758,382500000298023;7,845700495000074;48,007319815000074;1
08250906115300477420;08;1;15;028;2025;09;19;7;3;0;7;0;0;0;0;1;1;0;0;501219,098000000230968;5405294,035000000149012;9,016601274000038;48,800636771000029;1
08250828118010398670;08;1;18;071;2025;08;16;5;3;6;6;0;0;0;1;1;0;0;0;508699,362700000405312;5418627,004799999296665;9,118748315000062;48,920518033000064;1
08250911231000454130;08;2;31;000;2025;09;08;5;3;0;1;0;1;1;0;0;0;0;0;478165,321000000461936;5416039,041999999433756;8,702091782000025;48,896913689000030;1
08250903317500413720;08;3;17;096;2025;09;16;4;3;0;1;0;0;1;0;0;0;0;0;421758,161700000055134;5369304,988600000739098;7,941419207000024;48,472005662000072;1
08250913111320461610;08;1;11;000;2025;09;14;7;3;0;7;0;0;1;0;0;0;0;0;515617,352500000037253;5405916,627399999648333;9,212694871000053;48,806042535000074;1
08250907335100418900;08;3;35;043;2025;09;15;1;3;8;1;0;0;1;0;0;0;0;0;513485,701999999582767;5281014,007999999448657;9,179684244000043;47,682373793000068;1
08250919136100491630;08;1;36;050;2025;09;22;6;3;0;7;2;0;1;0;0;0;0;0;581417,553700000047684;5403948,449300000444055;10,108342344000050;48,783204011000066;1
08250915116500439100;08;1;16;008;2025;09;18;2;3;5;2;0;1;1;1;0;0;0;0;520278,392699999734759;5379932,589999999850988;9,274898209000071;48,572155525000028;1
08250906317500499300;08;3;17;096;2025;09;14;7;3;4;6;0;0;1;0;0;0;0;0;422292,775100000202656;5370725,203800000250340;7,948387008000054;48,484846674000039;1
08250917118500463720;08;1;18;070;2025;09;07;4;3;1;3;0;0;1;1;0;0;0;0;520856,782700000330806;5425323,088400000706315;9,285041314000068;48,980462964000026;1
08250827215102375720;08;2;15;109;2025;08;15;4;3;1;5;0;0;1;0;0;0;0;1;460223,203200000338256;5434967,858200000599027;8,455449936000036;49,066290781000077;1
08250910222600455880;08;2;22;000;2025;09;18;4;3;6;7;0;0;0;1;1;0;0;0;461578,493499999865890;5482981,709100000560284;8,469389502000070;49,498251410000080;1
08250831118500405600;08;1;18;049;2025;08;19;1;3;0;7;0;0;1;0;0;0;0;0;517318,670300000347197;5419450,129899999126792;9,236438024000051;48,927741442000070;1
08250826335000377380;08;3;35;043;2025;08;10;3;2;6;4;0;0;0;1;1;0;0;0;512975,092799999751151;5278332,951099999248981;9,172801242000048;47,658260992000066;1
08250826311300368960;08;3;11;000;2025;08;12;3;3;5;3;0;0;1;1;0;0;0;0;412134,958300000056624;5315027,473500000312924;7,822502787000076;47,982513293000068;1
08250915311010468180;08;3;11;000;2025;09;11;2;3;5;3;0;0;1;1;0;0;0;0;411866,214300000108778;5317678,067700000479817;7,818357769000045;48,006319162000068;1
08250916121500502560;08;1;25;069;2025;09;18;3;2;2;6;0;0;1;0;0;0;0;0;524070,170699999667704;5454527,580099999904633;9,330698221000034;49,243049046000067;1
08250919326200481720;08;3;26;074;2025;09;18;6;3;3;6;0;0;1;0;0;0;0;1;466005,480999999679625;5323170,864000000059605;8,543744092000054;48,060910239000066;1
08250908121200420670;08;1;21;000;2025;09;14;2;3;0;1;0;1;1;0;0;0;0;0;516224,653099999763072;5443093,622500000521541;9,222448690000022;49,140456023000070;1
08250911421200492470;08;4;21;000;2025;09;14;5;3;6;4;0;0;0;0;1;0;0;1;573546,083700000308454;5360914,707499999552965;9,993586606000065;48,397100604000059;1
08250826311010370930;08;3;11;000;2025;08;18;3;3;0;1;0;0;1;0;0;0;0;0;405666,573499999940395;5308442,037000000476837;7,737283898000044;47,922355613000036;1
08250905212702436760;08;2;15;017;2025;09;12;6;3;5;3;0;0;1;1;0;0;0;0;455113,625199999660254;5420272,076500000432134;8,387127164000049;48,933749542000044;1
08250906117400425470;08;1;17;051;2025;09;14;7;3;5;3;0;0;1;1;0;0;0;0;543599,117999999783933;5395327,526000000536442;9,592646270000046;48,709455076000040;1
08250904311010434520;08;3;11;000;2025;09;16;5;3;0;1;0;0;1;0;0;0;0;0;412838,160500000230968;5316432,132999999448657;7,831639316000064;47,995244880000030;1
08250919415400446220;08;4;15;061;2025;09;07;6;3;9;7;0;0;1;0;0;0;0;0;517126,254999999888241;5379471,414999999105930;9,232148566000035;48,568100780000066;1
08250906335100418030;08;3;35;043;2025;09;15;7;3;0;1;0;0;1;0;0;0;0;0;513113,372100000269711;5279312,152599999681115;9,174672214000054;47,667068742000026;1
08250829116500402370;08;1;16;049;2025;08;14;6;3;8;1;0;0;1;0;0;0;0;0;525619,524199999868870;5387235,099300000816584;9,347753208000029;48,637653797000041;1
08250901222400416940;08;2;26;038;2025;09;11;2;3;0;7;0;1;1;0;0;0;0;0;471462,617999999783933;5480905,400000000372529;8,606037615000048;49,480121297000039;1
08250826226500382430;08;2;26;085;2025;08;07;3;3;5;3;0;0;1;1;0;0;0;0;491245,533800000324845;5455017,336100000888109;8,879711449000069;49,247865206000029;1
08250913212010496870;08;2;12;000;2025;09;10;7;3;5;3;0;0;1;1;0;0;0;0;456441,536299999803305;5424557,567500000819564;8,404798838000033;48,972393321000027;1
08250912116400430710;08;1;16;033;2025;09;18;6;3;3;2;0;0;1;1;0;0;0;0;533759,649299999698997;5387537,150299999862909;9,458266663000074;48,639984434000041;1
08250905436300416020;08;4;36;085;2025;09;23;6;3;6;6;2;0;0;1;1;0;0;0;559056,872399999760091;5298490,783099999651313;9,789215155000022;47,837050163000072;1
08250918335200443730;08;3;35;063;2025;09;15;5;3;0;7;0;0;1;0;0;0;0;0;497973,216300000436604;5287145,423399999737740;8,972966440000050;47,737679589000038;1
08250918225100447970;08;2;25;058;2025;09;17;5;3;5;3;0;0;1;0;0;0;0;0;509693,148000000044703;5466034,598999999463558;9,133453541000051;49,346952730000055;1
08250904118400421010;08;1;18;048;2025;09;08;5;2;0;3;1;1;1;0;0;1;0;0;517237,852099999785423;5415281,825400000438094;9,235158660000025;48,890246951000051;1
08250907311010440010;08;3;11;000;2025;09;19;1;3;0;3;0;0;1;0;0;0;0;1;414185,469100000336766;5318008,967000000178814;7,849380080000060;48,009611332000077;1
08250915212702452380;08;2;15;096;2025;09;15;2;3;6;4;0;1;0;1;1;0;0;0;463696,525299999862909;5418251,485500000417233;8,504491720000033;48,916136663000032;1
08250915436000437350;08;4;35;034;2025;09;14;2;2;8;1;0;0;1;0;0;0;0;0;525520,194000000134110;5283094,484699999913573;9,340151960000071;47,700729783000043;1
08250908111210445370;08;1;11;000;2025;09;08;2;3;4;6;0;0;1;1;0;0;0;0;511759,913599999621511;5399056,685399999842048;9,159963947000051;48,744415914000058;1
08250829416010404970;08;4;16;041;2025;08;19;6;3;5;2;0;0;1;1;0;0;0;0;505182,481900000013411;5373389,146700000390410;9,070173800000020;48,513595278000025;1