UIDENTSTLAE;ULAND;UREGBEZ;UKREIS;UGEMEINDE;UJAHR;UMONAT;USTUNDE;UWOCHENTAG;UKATEGORIE;UART;UTYP1;ULICHTVERH;IstStrassenzustand;IstRad;IstPKW;IstFuss;IstKrad;IstGkfz;IstSonstige;LINREFX;LINREFY;XGCSWGS84;YGCSWGS84;PLST
08250909226700422290;08;2;26;060;2025;09;08;3;3;0;7;0;1;1;0;0;0;0;0;477847,517900000326335;5463137,019300000742078;8,695171382000069;49,320563778000064;1
08250918325102510570;08;3;25;045;2025;09;16;5;3;5;3;0;0;1;1;0;0;0;0;470161,668600000441074;5349752,767500000074506;8,597657603000073;48,300267128000030;1
08250915335100435910;08;3;35;043;2025;09;07;2;3;5;3;0;0;1;0;0;0;0;0;513033,878999999724329;5279345,535000000149012;9,173614354000051;47,667370713000025;1
08250912421300452100;08;4;21;000;2025;09;08;6;3;6;7;0;0;1;0;1;0;0;0;572406,974899999797344;5360552,558000000193715;9,978137471000025;48,393974832000026;1
08250913435100455590;08;4;35;016;2025;09;16;7;3;2;6;0;0;1;1;0;0;0;0;533699,254700000397861;5278383,998999999836087;9,448801850000052;47,657972656000027;1
08250831326100385710;08;3;26;012;2025;08;15;1;2;2;6;0;0;1;0;0;0;0;0;463733,010099999606609;5313649,405099999159575;8,514051007000035;47,975122095000074;1
08250902326400452130;08;3;26;074;2025;09;11;3;3;6;7;0;0;0;1;1;0;0;0;459291,144399999640882;5323258,407500000670552;8,453623487000073;48,061304677000066;1
08250829311010377400;08;3;36;050;2025;08;08;6;3;5;3;0;0;1;1;0;0;0;0;399263,024000000208616;5273457,754000000655651;7,659701431000030;47,606694887000060;1
08250828117400377260;08;1;17;053;2025;08;16;5;3;0;1;0;1;1;0;0;0;0;0;550811,980499999597669;5400885,188200000673532;9,691369546000033;48,758902354000043;1
08250830216100382300;08;2;16;005;2025;08;17;7;3;8;7;0;0;1;0;0;0;0;0;445391,336299999617040;5418366,749099999666214;8,254646096000045;48,915829482000049;1
08250917226000464460;08;2;22;000;2025;09;08;4;3;5;3;0;0;1;1;0;0;0;0;466345,700299999676645;5474265,720499999821186;8,535964206000074;49,420137786000055;1
08250831435100394560;08;4;35;016;2025;08;13;1;3;0;1;0;0;1;0;0;0;0;0;534649,436700000427663;5281107,184499999508262;9,461671856000066;47,682424088000062;1
08250919421300483500;08;4;21;000;2025;09;15;6;3;3;6;0;0;1;0;0;0;0;0;572135,367300000041723;5361920,886700000613928;9,974704046000056;48,406314429000076;1
08250918415400501110;08;4;15;061;2025;09;10;5;3;3;2;0;0;1;1;0;0;0;0;515928,948599999770522;5371749,368499999865890;9,215623869000069;48,498662627000044;1
08250911436400437320;08;4;36;064;2025;09;13;5;3;5;3;0;0;1;1;0;0;0;0;546816,158499999903142;5293712,043700000271201;9,625129685000047;47,795064082000067;1
08250829311400401940;08;3;15;008;2025;08;16;6;3;5;3;0;0;1;1;0;0;0;0;401977,241600000299513;5300307,098300000652671;7,689759861000027;47,848628217000055;1
08250827336100373120;08;3;36;050;2025;08;20;4;3;0;7;0;0;1;0;0;0;0;0;399590,613599999807775;5274214,717399999499321;7,663885320000077;47,613554875000034;1
08250905121200477470;08;1;21;000;2025;09;11;6;3;6;7;0;0;0;1;1;0;0;0;515905,065700000151992;5441100,704299999400973;9,217988395000077;49,122537394000062;1
08250915215000438020;08;2;12;000;2025;09;08;2;3;0;5;0;1;1;0;0;0;0;1;456673,772800000384450;5428087,907199999317527;8,407595683000068;49,004165597000053;1
08250826216200369100;08;2;11;000;2025;08;16;3;2;0;1;0;0;1;0;0;0;0;0;439511,090800000354648;5398208,155400000512600;8,177368223000030;48,733957161000035;1
08250907115100430900;08;1;15;002;2025;09;13;1;3;0;7;0;0;1;0;0;0;0;0;499779,229000000283122;5385153,275299999862909;8,997004388000050;48,619450217000065;1
08250913415400455220;08;4;15;061;2025;09;22;7;3;0;1;2;0;1;0;0;0;0;0;514358,436800000257790;5371157,296800000593066;9,194344248000050;48,493373999000028;1
08250826215102385590;08;2;12;000;2025;08;17;3;3;5;3;0;0;1;1;0;0;0;0;454473,321299999952316;5433018,485999999567866;8,376957000000061;49,048357978000070;1
08250828436000402270;08;4;35;016;2025;08;07;5;3;6;7;0;0;0;0;1;0;0;1;535662,910899999551475;5277957,391599999740720;9,474917834000053;47,654029016000038;1
08250903226600468030;08;2;26;031;2025;09;11;4;3;6;7;0;0;0;0;1;0;0;1;475241,831699999980628;5492788,744400000199676;8,657462965000036;49,587173389000043;1
08250831436300383630;08;4;36;018;2025;08;10;1;3;5;3;0;0;1;1;0;0;0;0;551089,143000000156462;5284610,633999999612570;9,681112823000035;47,712854376000053;1
08250901222500460410;08;2;22;000;2025;09;06;2;3;5;3;1;1;1;1;0;0;0;0;462961,910299999639392;5479041,283600000664592;8,488863053000046;49,462895278000076;1
08250916336400726100;08;3;36;091;2025;09;20;3;3;6;4;2;0;0;1;1;0;0;0;395798,418999999761581;5274219,485999999567866;7,613437660000045;47,612999019000029;1
08250911135200425050;08;1;35;010;2025;09;05;5;3;0;1;2;1;1;0;0;0;0;0;599748,096400000154972;5395010,250900000333786;10,355646878000073;48,700149054000065;1
08250919317000485260;08;3;17;057;2025;09;16;6;2;5;3;0;0;1;0;0;0;0;1;414520,827100000344217;5382273,372700000181794;7,840861375000031;48,587707846000058;1
08250904436000413970;08;4;36;096;2025;09;09;5;3;8;1;0;0;1;0;0;0;0;0;544711,277099999599159;5300248,299699999392033;9,597699838000040;47,854020224000067;1
08250907416200420480;08;4;16;041;2025;09;17;1;3;0;1;0;0;1;0;0;0;0;0;501256,686499999836087;5376390,675000000745058;9,017025316000058;48,540618232000043;1
08250826212502369330;08;2;12;000;2025;08;06;3;3;7;7;1;0;1;0;0;0;0;0;453191,756299999542534;5430155,051699999719858;8,359750272000042;49,022505380000041;1
08250909317500423700;08;3;17;096;2025;09;12;3;3;0;1;0;1;1;0;0;0;0;0;421858,440999999642372;5368958,410099999979138;7,942840469000032;48,468900687000030;1
08250906212102425200;08;2;12;000;2025;09;09;7;3;5;3;0;0;1;1;0;0;0;0;459846,444799999706447;5424551,472500000149012;8,451323213000023;48,972569147000058;1
08250826127100381670;08;1;27;009;2025;08;11;3;3;0;7;0;0;1;0;0;0;0;0;557584,356999999843538;5449665,968200000002980;9,790416700000037;49,197086202000037;1
08250913212702432670;08;2;15;017;2025;09;12;7;3;6;3;0;0;1;0;1;0;0;0;455193,911000000312924;5421869,896999999880791;8,388047615000062;48,948128069000063;1
08250911215102429380;08;2;12;000;2025;09;09;5;3;5;2;0;0;1;1;0;0;0;0;458377,059100000187755;5430828,504399999976158;8,430602561000057;49,028934887000048;1
08250826119100383510;08;1;19;053;2025;08;20;3;3;0;7;0;0;1;0;0;0;0;0;533706,608699999749660;5424514,208000000566244;9,460582899000030;48,972619269000063;1
08250915212102439300;08;2;12;000;2025;09;13;2;3;1;5;0;0;1;1;0;0;0;0;462876,342299999669194;5428777,965700000524521;8,492337227000064;49,010777093000058;1
08250906127202438920;08;1;27;014;2025;09;12;7;3;6;4;0;0;0;1;1;0;0;0;576945,178399999625981;5443939,344699999317527;10,055031496000026;49,143457761000036;1
08250901316200428810;08;3;16;056;2025;09;16;2;3;3;6;0;0;1;0;0;0;0;1;423367,045099999755621;5326697,700400000438094;7,970910754000045;48,088939220000043;1
08250915222200470910;08;2;22;000;2025;09;17;2;3;6;6;0;0;1;1;1;0;0;0;461531,208100000396371;5481991,146099999547005;8,468832933000044;49,489338838000037;1
08250918119200443610;08;1;19;020;2025;09;13;5;3;0;7;0;0;1;0;0;0;0;0;519861,393799999728799;5407854,926599999889731;9,270588275000023;48,823357960000067;1
08250910215502451170;08;2;15;066;2025;09;14;4;3;1;5;0;0;1;1;0;0;0;0;460579,586500000208616;5453764,251299999654293;8,458489015000055;49,235386864000077;1
08250918116100463120;08;1;16;019;2025;09;17;5;3;5;3;0;0;1;1;0;0;0;0;520232,819099999964237;5399926,237400000914931;9,275258066000049;48,752020710000068;1
08250915435100464730;08;4;35;016;2025;09;10;2;3;0;7;0;0;1;0;0;0;0;0;534797,549499999731779;5277651,580000000074506;9,463369993000072;47,651324616000068;1
08250907311200459570;08;3;11;000;2025;09;14;1;2;0;1;0;0;1;0;0;0;0;0;415344,147900000214577;5315515,976600000634789;7,865404581000064;47,987340373000052;1
08250913121300475990;08;1;21;000;2025;09;16;7;3;5;3;0;0;1;1;0;0;0;0;513833,936999999918044;5442161,639799999073148;9,189638910000042;49,132131005000076;1
08250917435200445010;08;4;35;059;2025;09;13;4;3;0;7;0;0;1;0;0;0;0;0;514947,954400000162423;5292212,525800000876188;9,199551825000071;47,783100895000075;1
08250909311400436130;08;3;15;130;2025;09;15;3;3;0;1;0;0;1;0;0;0;0;0;408582,156100000254810;5300989,887399999424815;7,777879891000055;47,855743665000034;1
08250917117100511930;08;1;17;026;2025;09;14;4;3;0;3;0;0;1;1;0;0;0;0;548436,493099999614060;5394410,270899999886751;9,658289163000063;48,700846954000042;1
08250917111500504400;08;1;11;000;2025;09;15;4;3;1;5;0;0;1;1;0;0;0;0;511297,235399999655783;5395666,190700000151992;9,153577489000043;48,713923557000044;1
08250912212010453770;08;2;12;000;2025;09;14;6;3;0;7;0;0;1;0;0;0;0;0;461588,446299999952316;5427504,696699999272823;8,474846576000061;48,999244918000045;1
08250916111140438370;08;1;11;000;2025;09;15;3;3;1;5;0;0;1;1;0;0;0;0;512463,614099999889731;5401514,737400000914931;9,169610395000063;48,766514768000036;1
08250904116500474440;08;1;16;049;2025;09;17;5;3;6;4;0;0;0;1;1;0;0;0;524674,935999999754131;5386252,528999999165535;9,334873328000072;48,628852554000048;1
08250915417010468630;08;4;17;002;2025;09;14;2;2;3;3;0;0;1;1;0;0;0;0;488766,559100000187755;5344706,165799999609590;8,848659896000072;48,255468275000055;1
08250905119300438720;08;1;19;067;2025;09;15;6;3;5;2;0;1;1;1;0;0;0;0;538254,010599999688566;5405495,531999999657273;9,520938020000074;48,801273479000031;1
08250902118300428060;08;1;18;046;2025;09;18;3;3;6;4;0;0;0;1;1;0;0;0;513154,355899999849498;5411445,440400000661612;9,179328576000046;48,855835850000062;1
08250826326200384630;08;3;26;003;2025;08;16;3;3;2;6;0;0;1;0;0;0;0;0;466370,848299999721348;5317502,381400000303984;8,549092880000046;48,009931106000067;1
08250901121200411410;08;1;21;000;2025;09;17;2;3;5;3;0;0;1;1;0;0;0;0;515790,327300000004470;5445233,527799999341369;9,216577784000037;49,159716469000045;1
08250919311010493220;08;3;11;000;2025;09;18;6;3;0;1;0;0;1;0;0;0;0;0;411121,781000000424683;5318746,468000000342727;7,808157648000076;48,015826570000058;1
08250916111250440030;08;1;11;000;2025;09;15;3;3;6;4;0;0;0;1;1;0;0;0;514376,923999999649823;5404056,953999999910593;9,195736313000054;48,789343067000061;1
08250918337400460360;08;3;37;096;2025;09;14;5;3;0;7;0;0;1;0;0;0;0;0;421321,054299999959767;5267717,535800000652671;7,954153610000049;47,558107344000064;1
08250903118500432310;08;1;18;070;2025;09;10;4;3;6;7;0;0;0;1;1;0;0;0;519604,900999999605119;5424505,109999999403954;9,267893115000049;48,973145796000040;1
08250915416010457240;08;4;15;061;2025;09;17;2;3;5;3;0;0;1;0;0;0;0;0;515954,780399999581277;5370510,338999999687076;9,215926206000063;48,487515231000032;1
08250830222200382530;08;2;22;000;2025;08;18;7;3;6;4;0;0;0;0;1;0;0;1;461458,132199999876320;5482011,741900000721216;8,467821958000059;49,489519448000067;1
08250904436000441070;08;4;35;029;2025;09;11;5;2;0;7;0;0;1;0;0;0;0;0;547997,705400000326335;5272113,134800000116229;9,638528578000034;47,600649501000078;1
08250915436200435920;08;4;36;064;2025;09;22;2;3;7;1;2;1;1;0;0;0;0;0;545402,852599999867380;5289925,295199999585748;9,605863168000042;47,761095801000067;1
08250908415200420400;08;4;15;053;2025;09;10;2;2;2;6;0;0;1;1;0;0;0;0;536795,333100000396371;5362190,041699999943376;9,497235430000046;48,411790027000052;1
08250908216100420910;08;2;16;043;2025;09;18;2;3;9;1;0;1;1;0;0;0;0;0;438416,905799999833107;5412650,235200000926852;8,160323659000028;48,863756010000031;1
08250830212010381370;08;2;12;000;2025;08;20;7;2;0;7;0;0;1;0;0;0;0;0;454293,052899999544024;5430808,792500000447035;8,374739338000040;49,028468397000040;1
08250908437200507940;08;4;37;104;2025;09;17;2;3;6;7;0;0;1;0;1;0;0;0;516203,463800000026822;5325947,052300000563264;9,217582099000026;48,086587670000029;1
08250918416010488490;08;4;15;053;2025;09;18;5;3;5;3;0;0;1;0;0;0;0;0;536537,650100000202656;5362038,846200000494719;9,493740185000036;48,410444836000067;1
08250919417200475430;08;4;17;002;2025;09;21;6;2;0;7;2;0;1;0;0;0;0;0;488496,332600000314415;5345859,858799999579787;8,844987965000030;48,265842907000035;1
08250826111500393070;08;1;11;000;2025;08;14;3;3;5;3;0;0;1;0;0;1;0;0;513871,333800000138581;5402828,785299999639392;9,188811487000066;48,778306059000045;1
08250825436200389410;08;4;36;064;2025;08;11;2;3;0;3;0;0;1;1;0;0;0;0;540510,911999999545515;5289530,575999999418855;9,540550698000061;47,757870463000074;1
08250915221200467560;08;2;21;000;2025;09;19;2;3;5;2;1;0;1;1;0;0;0;0;476510,347799999639392;5472852,002699999138713;8,676198274000058;49,407899115000077;1
08250919336400470260;08;3;36;014;2025;09;16;6;3;5;2;0;0;1;1;0;0;0;0;393847,643600000068545;5277713,809900000691414;7,586640369000065;47,644113931000049;1
08250901221400415540;08;2;26;018;2025;09;09;2;3;0;7;0;1;1;0;0;0;0;0;473015,294300000183284;5472169,747999999672174;8,628066783000065;49,401617424000051;1
08250908111500421660;08;1;11;000;2025;09;15;2;2;6;4;0;1;0;0;1;1;0;0;511767,078399999998510;5403745,590600000694394;9,160195510000051;48,786596931000076;1
08250907135100439660;08;1;35;020;2025;09;20;1;3;0;1;0;0;1;0;0;0;0;0;588556,001799999736249;5385214,479599999263883;10,201479807000055;48,613733438000054;1
08250829225200389820;08;2;25;039;2025;08;07;6;2;6;7;0;1;0;1;1;0;0;0;530841,850599999539554;5494228,060699999332428;9,426817429000039;49,599839546000055;1
08250905119300415600;08;1;19;067;2025;09;12;6;3;5;2;0;0;1;1;0;0;0;0;538680,934000000357628;5406457,978000000119209;9,526842234000071;48,809904781000057;1
08250907115300444180;08;1;15;028;2025;09;14;1;3;0;7;0;0;1;0;0;0;0;0;500212,233799999579787;5404968,939600000157952;9,002889962000040;48,797713394000027;1
08250829311010397470;08;3;11;000;2025;08;12;6;2;8;1;0;0;1;0;0;0;0;0;418235,776999999769032;5315496,551000000908971;7,904155710000055;47,987541856000064;1
08250911335100429290;08;3;35;043;2025;09;12;5;3;5;2;0;0;1;1;0;0;0;0;512485,888899999670684;5279049,125399999320507;9,166306557000041;47,664714528000047;1
08250912226500469390;08;2;26;101;2025;09;08;6;3;0;1;0;1;1;0;0;0;0;0;487426,106300000101328;5460131,609300000593066;8,827071052000065;49,293802308000068;1
08250827421200403630;08;4;21;000;2025;08;12;4;2;6;4;0;0;0;1;1;0;0;0;572675,942999999970198;5360671,749099999666214;9,981791005000048;48,395016041000076;1
08250829118010397070;08;1;15;015;2025;08;13;6;2;5;3;0;0;1;1;0;0;0;0;492687,336799999698997;5387538,265000000596046;8,900733456000069;48,640863318000072;1
08250825436200379780;08;4;36;064;2025;08;10;2;3;0;1;0;0;1;0;0;0;0;0;545343,991100000217557;5293068,848699999973178;9,605405972000028;47,789382616000069;1
08250827216100399570;08;2;16;043;2025;08;16;4;3;2;6;0;0;1;1;0;0;0;0;441585,667600000277162;5410912,531300000846386;8,203772718000039;48,848431939000079;1
08250829121500398970;08;1;25;078;2025;08;17;6;3;5;1;0;0;1;1;0;0;0;0;520821,493599999696016;5455007,936000000685453;9,286090489000060;49,247489046000055;1
08250903121500421720;08;1;25;069;2025;09;17;4;3;8;7;0;0;1;0;0;0;0;0;519904,628700000233948;5456750,482300000265241;9,273579394000024;49,263193957000055;1
08250826311400368970;08;3;15;050;2025;08;14;3;3;8;1;0;0;1;0;0;0;0;0;398826,906399999745190;5303283,946399999782443;7,646965537000028;47,874916425000038;1
08250918335400477990;08;3;35;079;2025;09;18;5;3;6;7;0;0;0;1;1;0;0;0;500513,061999999918044;5299823,615199999883771;9,006858296000075;47,851754733000064;1
08250919121500449970;08;1;25;065;2025;09;13;6;3;1;5;0;0;1;1;0;0;0;0;516557,574900000356138;5448392,804899999871850;9,227231194000069;49,188114813000027;1
08250918116400493390;08;1;16;070;2025;09;16;5;3;0;6;0;0;1;1;0;0;0;0;537329,907300000078976;5386522,811200000345707;9,506637481000041;48,630656595000062;1
08250902226600429050;08;2;26;096;2025;09;07;3;3;3;5;0;0;1;1;0;0;0;0;473198,544999999925494;5488123,077999999746680;8,629511756000056;49,545120745000077;1
08250909215302464310;08;2;15;007;2025;09;15;3;3;0;3;0;0;1;1;0;0;0;0;477415,959900000132620;5432096,194299999624491;8,690976447000025;49,041329490000066;1
08250903136000419630;08;1;36;042;2025;09;18;4;2;0;7;0;0;1;0;0;0;0;0;550386,616299999877810;5405470,007999999448657;9,686144207000041;48,800178835000054;1
08250909111320424460;08;1;11;000;2025;09;12;3;2;0;1;0;1;1;0;0;0;0;0;515948,495099999941885;5405586,942299999296665;9,217191907000029;48,803068325000027;1
08250825425000370120;08;4;25;139;2025;08;18;2;2;0;1;0;0;1;0;0;0;0;0;549453,800499999895692;5366522,390399999916553;9,668796908000047;48,449897072000056;1
08250828336400389050;08;3;36;091;2025;08;22;5;3;0;7;2;1;1;0;0;0;0;0;397892,723699999973178;5271875,878299999982119;7,641843300000062;47,592251022000028;1
08250909111500434220;08;1;11;000;2025;09;15;3;2;6;4;0;0;0;1;1;0;0;0;516052,883999999612570;5403383,151200000196695;9,218527382000048;48,783240607000039;1
08250908127202488080;08;1;27;073;2025;09;17;2;3;0;7;0;0;1;0;0;0;0;1;577826,288700000382960;5448101,565700000151992;10,067915336000056;49,180780930000026;1
08250907336200425080;08;3;36;069;2025;09;04;1;2;0;1;2;0;1;0;0;0;0;0;407890,684799999929965;5269791,528699999675155;7,775233363000041;47,574998008000080;1
08250913115100480260;08;1;15;048;2025;09;12;7;3;5;3;0;0;1;1;0;0;0;0;510434,464599999599159;5387818,269099999219179;9,141650716000072;48,643337960000053;1
08250829435200398920;08;4;35;018;2025;08;16;6;3;0;1;0;0;1;0;0;0;0;0;523583,401899999938905;5280214,825500000268221;9,314181745000042;47,674893542000063;1
08250910111500449110;08;1;11;000;2025;09;18;4;2;6;7;0;0;1;0;1;0;0;0;512372,273799999617040;5401670,734699999913573;9,168372093000073;48,767919933000030;1
08250913215102433260;08;2;15;102;2025;09;13;7;3;5;3;0;0;1;1;0;0;0;0;454987,668399999849498;5435730,542300000786781;8,383693955000069;49,072790711000039;1
08250906317500434200;08;3;17;096;2025;09;01;7;3;0;7;2;0;1;0;0;0;0;0;422095,357099999673665;5369038,301500000059605;7,946030206000046;48,469648698000071;1
08250908336400436540;08;3;36;091;2025;09;13;2;2;0;7;0;1;1;0;0;0;0;0;397872,389299999922514;5271880,615800000727177;7,641571802000044;47,592290435000052;1
08250918231000478390;08;2;31;000;2025;09;08;5;3;6;4;0;0;0;1;1;0;0;0;478044,649000000208616;5415279,914999999105930;8,700486176000027;48,890080576000059;1
08250917421200471910;08;4;25;072;2025;09;06;4;3;5;3;1;0;1;1;0;0;0;0;576221,304200000129640;5367676,877699999138713;10,030951770000058;48,457608973000049;1
08250917115100444870;08;1;15;044;2025;09;18;4;3;5;3;0;0;1;1;0;0;0;0;505275,310499999672174;5390578,276000000536442;9,071649046000061;48,668232231000047;1
08250910311100449930;08;3;15;133;2025;09;09;4;2;5;1;0;0;1;0;0;0;0;1;397613,458700000308454;5324805,951899999752641;7,625614350000035;48,068306978000066;1
08250906311010442030;08;3;11;000;2025;09;13;7;3;0;7;0;0;1;0;0;0;0;0;418817,090699999593198;5313983,126399999484420;7,912231374000044;47,974001759000032;1
08250825335300368550;08;3;35;075;2025;08;15;2;3;1;5;0;0;1;1;0;0;0;0;487954,310100000351667;5290607,016699999570847;8,839237109000067;47,768716137000069;1
08250915435200447270;08;4;35;034;2025;09;16;2;3;6;3;0;0;0;1;1;0;0;0;529758,214900000020862;5284660,021299999207258;9,396745011000064;47,714634249000028;1
08250903111320414510;08;1;11;000;2025;09;16;4;3;0;7;0;0;1;0;0;0;0;0;516499,463999999687076;5406026,642300000414252;9,224712797000052;48,807009420000043;1
08250913337200463440;08;3;37;065;2025;09;13;7;2;0;1;0;0;1;0;0;0;0;0;449419,074500000104308;5274487,620600000023842;8,326834308000059;47,621816744000057;1
08250915221200502320;08;2;21;000;2025;09;16;2;3;3;2;0;0;1;1;0;0;0;0;476030,675099999643862;5472998,694199999794364;8,669577309000033;49,409199874000080;1
08250911311010451550;08;3;11;000;2025;09;15;5;2;5;3;0;0;1;1;0;0;0;0;411521,440999999642372;5319885,712400000542402;7,813280624000072;48,026129797000067;1
08250914415400496990;08;4;15;061;2025;09;03;1;3;1;6;2;0;1;1;0;0;0;0;515456,462199999950826;5370068,263900000602007;9,209165841000072;48,483550617000049;1
08250828436300387430;08;4;36;081;2025;08;11;5;3;0;1;0;1;1;0;0;0;0;0;562836,835599999874830;5281892,823499999940395;9,837324016000025;47,687366661000056;1
08250907226600427530;08;2;26;096;2025;09;10;1;3;0;7;0;0;1;0;0;0;0;0;475290,936400000005960;5486115,109200000762939;8,658561080000027;49,527148821000026;1
08250902212010412850;08;2;12;000;2025;09;17;3;3;2;6;0;0;1;1;0;0;0;0;455977,176099999807775;5428112,286399999633431;8,398068942000066;49,004335598000068;1
08250825311010375360;08;3;36;091;2025;08;15;2;3;5;2;0;0;1;1;0;0;0;0;397406,635800000280142;5271896,947300000116229;7,635374671000022;47,592363818000081;1
08250901136200426630;08;1;36;019;2025;09;21;2;3;0;7;2;1;1;0;0;0;0;0;582664,097900000400841;5425063,026000000536442;10,129576708000059;48,972945454000069;1
08250916111500469630;08;1;11;000;2025;09;17;3;2;5;2;0;0;1;1;0;0;0;0;514842,821399999782443;5403626,286699999123812;9,202063732000056;48,785457884000039;1
08250915215402439000;08;2;15;106;2025;09;18;2;3;0;7;0;1;1;0;0;0;0;0;464368,541000000201166;5455530,959000000730157;8,510377992000031;49,251510480000036;1
08250914435200496270;08;4;35;005;2025;09;19;1;3;0;7;0;0;1;0;0;0;0;0;526187,030000000260770;5286321,789699999615550;9,349233846000061;47,729740668000034;1
08250903226700430230;08;2;26;065;2025;09;10;4;3;2;2;0;0;1;0;0;0;0;0;478962,445100000128150;5457507,270700000226498;8,710809509000057;49,269963413000028;1
08250825221300383210;08;2;21;000;2025;08;17;2;3;0;7;0;0;1;0;0;0;0;0;477760,243200000375509;5473602,488399999216199;8,693385607000039;49,414696580000054;1
08250910215402437210;08;2;15;009;2025;09;16;4;3;5;3;0;0;1;1;0;0;0;0;469897,300999999977648;5442059,677999999374151;8,587357056000030;49,130632175000073;1
08250918118010501310;08;1;18;054;2025;09;20;5;3;6;4;2;0;0;1;1;0;0;0;518983,440700000151992;5423266,136199999600649;9,259343396000077;48,962019921000035;1
08250903425000443410;08;4;25;033;2025;09;19;4;3;0;1;0;0;1;0;0;0;0;0;554626,692999999970198;5345651,444199999794364;9,736038175000033;48,261716721000028;1
08250901222500460420;08;2;22;000;2025;09;08;2;3;3;2;0;0;1;1;0;0;0;0;463008,368700000457466;5478951,870799999684095;8,489512521000051;49,462093883000080;1
08250905119200423940;08;1;19;020;2025;09;13;6;3;0;2;0;0;1;0;0;0;0;1;520679,296799999661744;5406642,960100000724196;9,281670018000057;48,812428667000063;1
08250825216300377540;08;2;16;017;2025;08;15;2;2;9;1;0;0;1;0;0;0;0;0;451382,783800000324845;5402154,913100000470877;8,338341200000059;48,770499292000068;1
08250903311100467920;08;3;15;013;2025;09;09;4;3;6;4;0;0;0;0;1;0;0;1;404858,304499999620020;5324524,721799999475479;7,722902130000023;48,066899329000080;1
08250825215102409980;08;2;12;000;2025;08;08;2;2;0;6;0;0;1;0;0;0;0;1;454539,367100000381470;5433058,797299999743700;8,377856272000031;49,048725455000067;1
08250913435200431790;08;4;35;052;2025;09;15;7;3;0;1;0;0;1;0;0;0;0;0;519513,420699999667704;5290134,177400000393391;9,260405820000074;47,764278921000027;1
08250905221200461960;08;2;21;000;2025;09;19;6;3;3;2;1;0;1;1;0;0;0;0;476585,896999999880791;5472852,402300000190735;8,677239669000073;49,407905621000054;1
08250825416010403350;08;4;15;061;2025;08;16;2;3;6;1;0;0;1;0;1;0;0;0;515309,940499999560416;5371141,353800000622869;9,207222367000043;48,493208106000054;1
08250912311010472540;08;3;11;000;2025;09;15;6;2;2;6;0;0;1;0;0;0;0;0;412520,618499999865890;5317529,066600000485778;7,827160087000038;48,005068759000039;1
08250916311010453220;08;3;11;000;2025;09;06;3;2;5;2;2;0;1;0;0;0;1;0;414809,036299999803305;5316563,641300000250340;7,858026312000050;47,996693492000077;1
08250916221011443680;08;2;21;000;2025;09;16;3;3;6;7;0;0;0;1;1;0;0;0;477447,147599999792874;5470700,433299999684095;8,689233869000077;49,388581489000046;1
08250905316100415440;08;3;16;011;2025;09;12;6;3;5;3;0;1;0;1;1;0;0;0;414133,621000000275671;5330545,965500000864267;7,846166918000051;48,122377938000056;1
08250905212010418870;08;2;12;000;2025;09;08;6;3;5;3;0;0;1;1;0;0;0;0;451344,961199999786913;5427733,688599999994040;8,334781550000059;49,000582326000028;1
08250901222301429100;08;2;22;000;2025;09;18;2;3;1;5;0;0;1;1;0;0;0;0;464611,665599999949336;5484438,940500000491738;8,511146110000027;49,511543013000050;1
08250902222600412440;08;2;22;000;2025;09;20;3;2;6;4;1;0;0;1;1;0;0;0;461592,790199999697506;5482890,135999999940395;8,469595836000053;49,497428666000076;1
08250825212702378070;08;2;15;046;2025;08;20;2;3;0;7;0;0;1;0;0;0;0;0;451954,707899999804795;5414090,323999999091029;8,344726037000044;48,877906367000037;1
08250912222600459800;08;2;22;000;2025;09;18;6;3;1;5;0;0;1;1;0;0;0;0;462803,682699999772012;5482795,163699999451637;8,486326501000065;49,496649898000044;1
08250826335300371350;08;3;35;100;2025;08;17;3;3;0;3;0;0;1;0;0;0;0;1;489093,457999999634922;5286192,028999999165535;8,854550949000043;47,729012335000050;1
08250830326200400030;08;3;26;074;2025;08;15;7;3;0;1;0;0;1;0;0;0;0;0;466588,952499999664724;5323142,371099999174476;8,551577104000046;48,060684722000076;1
08250916211100465820;08;2;11;000;2025;09;11;3;3;5;3;0;0;1;1;0;0;0;0;438596,526200000196695;5401025,384500000625849;8,164511772000026;48,759208838000063;1
08250906316100429520;08;3;16;012;2025;09;19;7;3;4;2;0;0;1;1;0;0;0;0;403276,920900000259280;5333546,265000000596046;7,699634959000036;48,147807560000047;1
08250825136100369610;08;1;36;088;2025;08;16;2;3;0;7;0;0;1;0;0;0;0;0;576448,517900000326335;5410710,157800000160933;10,041970303000028;48,844652233000033;1
08250917325302469660;08;3;25;014;2025;09;05;4;3;5;2;2;0;1;1;0;0;0;0;462743,840499999932945;5341373,745799999684095;8,498376725000071;48,224492465000026;1
08250919212702447310;08;2;15;017;2025;09;07;6;3;0;7;0;0;1;0;0;0;0;0;456065,553899999707937;5420868,696000000461936;8,400059611000074;48,939184595000029;1
08250916221400484480;08;2;21;000;2025;09;08;3;3;6;7;0;0;0;1;1;0;0;0;476947,968200000002980;5470526,423000000417233;8,682365647000040;49,386997596000072;1
08250918226600458600;08;2;26;096;2025;09;17;5;3;6;7;0;0;0;0;1;0;0;1;476128,081799999810755;5488301,002299999818206;8,669996495000021;49,546843671000033;1