UIDENTSTLAE;ULAND;UREGBEZ;UKREIS;UGEMEINDE;UJAHR;UMONAT;USTUNDE;UWOCHENTAG;UKATEGORIE;UART;UTYP1;ULICHTVERH;IstStrassenzustand;IstRad;IstPKW;IstFuss;IstKrad;IstGkfz;IstSonstige;LINREFX;LINREFY;XGCSWGS84;YGCSWGS84;PLST
08250912111500517440;08;1;11;000;2025;09;17;6;3;5;3;0;0;1;1;0;0;0;0;515828,332299999892712;5405967,674399999901652;9,215570181000032;48,806496409000033;1
08250903316200445690;08;3;16;014;2025;09;19;4;3;0;6;0;0;1;0;0;0;0;1;426035,992100000381470;5330318,331900000572205;8,006118070000070;48,121824569000069;1
08250901311400414110;08;3;15;022;2025;09;04;2;3;0;7;2;0;1;0;0;0;0;0;400714,859000000171363;5300824,414400000125170;7,672771886000021;47,853087692000031;1
08250902435100417450;08;4;35;016;2025;09;11;3;3;2;6;0;0;1;0;0;0;0;0;535393,585599999874830;5277835,916200000792742;9,471321558000056;47,652950839000027;1
08250829316100378150;08;3;16;011;2025;08;17;6;3;0;7;0;1;1;0;0;0;0;0;414212,123999999836087;5329544,617100000381470;7,847423094000021;48,113381215000061;1
08250828421300377280;08;4;21;000;2025;08;13;5;3;0;7;0;1;1;0;0;0;0;0;569948,391800000332296;5361922,465299999341369;9,945157812000048;48,406575145000033;1
08250825437200391170;08;4;37;008;2025;08;16;2;3;9;1;0;0;1;0;0;0;0;0;521624,521099999547005;5331640,823799999430776;9,290664621000076;48,137653048000061;1
08250831226100399980;08;2;26;013;2025;08;11;1;2;5;7;0;0;1;1;0;0;0;0;499549,251799999736249;5479725,273000000044703;8,993778628000030;49,470176896000055;1
08250828317500376810;08;3;17;034;2025;08;18;5;3;0;3;0;0;1;0;0;0;0;1;427026,577899999916553;5361667,860099999234080;8,014017763000027;48,403941924000037;1
08250918436200480840;08;4;36;064;2025;09;16;5;3;0;1;0;0;1;0;0;0;0;0;545484,266400000080466;5292653,911000000312924;9,607235250000031;47,785639522000054;1
08250906311010418560;08;3;11;000;2025;09;14;7;3;0;7;0;0;1;0;0;0;0;0;412627,261599999852479;5318724,552699999883771;7,828345952000063;48,015837087000079;1
08250828121200380210;08;1;21;000;2025;08;14;5;2;0;7;0;0;1;0;0;0;0;0;516235,632299999706447;5443404,081700000911951;9,222611727000071;49,143248415000073;1
08250912111500452080;08;1;11;000;2025;09;12;6;3;5;3;0;0;1;1;0;0;0;0;519350,190999999642372;5401878,754000000655651;9,263342264000073;48,769613402000061;1
08250918111320477720;08;1;11;000;2025;09;07;5;3;6;4;0;0;0;1;1;0;0;0;515858,290699999779463;5405991,988199999555945;9,215979129000061;48,806714368000030;1
08250910212010453760;08;2;12;000;2025;09;08;4;3;3;2;0;0;1;1;0;0;0;0;456420,239299999549985;5427357,112600000575185;8,404207704000044;48,997574157000031;1
08250906116500425870;08;1;16;020;2025;09;09;7;3;0;1;0;0;1;0;0;0;0;0;527157,828200000338256;5381436,670199999585748;9,368253816000049;48,585425965000070;1
08250825126200368110;08;1;26;066;2025;08;14;2;3;5;3;0;0;1;1;0;0;0;0;536056,790400000289083;5449150,612400000914931;9,494892929000059;49,194094784000072;1
08250830311400391200;08;3;15;076;2025;08;15;7;3;3;2;0;0;1;1;0;0;0;0;392151,565700000151992;5296715,352900000289083;7,559358662000022;47,814748153000039;1
08250911222500492620;08;2;22;000;2025;09;16;5;3;5;3;0;0;1;1;0;0;0;0;462664,553999999538064;5479610,750000000000000;8,484705903000076;49,467999151000072;1
08250917326200459860;08;3;26;074;2025;09;18;4;3;0;1;0;0;1;0;0;0;0;0;465697,756000000052154;5324324,894300000742078;8,539521510000043;48,071276336000039;1
08250912118010443440;08;1;15;051;2025;09;15;6;1;5;3;0;0;1;1;0;0;0;0;503550,572999999858439;5386480,279999999329448;9,048188604000075;48,631378180000070;1
08250830317000396130;08;3;17;127;2025;08;10;7;3;8;1;0;0;1;0;0;0;0;0;421296,566300000064075;5351430,084000000730157;7,938524896000047;48,311162920000072;1
08250909337200439930;08;3;37;060;2025;09;11;3;3;0;7;0;0;1;1;0;0;0;0;467630,118999999947846;5277458,222500000149012;8,568970583000066;47,649710889000062;1
08250919111500478910;08;1;11;000;2025;09;18;6;3;6;4;0;0;0;1;1;0;0;0;516441,941999999806285;5405556,140000000596046;9,223910545000024;48,802778374000070;1
08250903221400421990;08;2;26;018;2025;09;17;4;3;6;4;0;0;1;0;1;0;0;0;472993,890499999746680;5472348,447300000116229;8,627759629000025;49,403223839000077;1
08250909415100464420;08;4;15;050;2025;09;16;3;3;0;7;0;0;1;0;0;0;0;0;521074,868900000117719;5377595,894200000911951;9,285576912000067;48,551107878000039;1
08250825116200391290;08;1;16;077;2025;08;09;2;3;5;7;0;0;1;1;0;0;0;0;516039,393299999646842;5391547,272299999371171;9,217883218000054;48,676765688000046;1
08250825226200403340;08;2;26;032;2025;08;12;2;3;5;2;0;0;1;0;0;0;0;0;467306,708300000056624;5462657,975700000301003;8,550168050000025;49,315781293000043;1
08250915212502465450;08;2;12;000;2025;09;16;2;3;0;7;0;0;1;0;0;0;0;0;453247,777400000020862;5430168,555199999362230;8,360514930000022;49,022631093000030;1
08250909325202421630;08;3;25;049;2025;09;20;3;3;0;1;1;0;1;0;0;0;0;0;473393,299200000241399;5334616,208799999207258;8,642182908000052;48,164233054000078;1
08250904118200436320;08;1;18;019;2025;09;17;5;3;4;6;0;0;1;1;0;0;0;0;503401,376400000415742;5404368,150100000202656;9,046311146000050;48,792299462000074;1
08250903336400439340;08;3;36;019;2025;09;14;4;3;0;6;0;0;1;1;0;0;0;0;394314,683199999853969;5275896,057900000363588;7,593295803000046;47,627839598000037;1
08250914335300500650;08;3;35;075;2025;09;18;1;3;0;1;0;0;1;0;0;0;0;0;488691,669499999843538;5289881,511399999260902;8,849096821000046;47,762201746000073;1
08250912119400513610;08;1;19;079;2025;09;17;6;3;5;2;0;0;1;1;0;0;0;0;522488,677000000141561;5407971,417999999597669;9,306387822000033;48,824316320000037;1
08250825115200390920;08;1;15;015;2025;08;17;2;3;5;3;0;0;1;1;0;0;0;0;492965,202899999916553;5388007,662100000306964;8,904497402000061;48,645089280000036;1
08250825118400391910;08;1;18;048;2025;08;17;2;2;0;7;0;0;1;0;0;0;0;0;516137,695700000040233;5418056,449699999764562;9,220260110000027;48,915236274000051;1
08250830128300399580;08;1;28;131;2025;08;19;7;3;5;3;0;0;1;1;0;0;0;0;536242,317999999970198;5514354,148099999874830;9,503417264000063;49,780557727000030;1
08250907212102484570;08;2;12;000;2025;09;22;1;3;1;5;2;0;1;1;0;0;0;0;460097,153300000354648;5426390,149900000542402;8,454568395000024;48,989124730000071;1
08250918421300505850;08;4;21;000;2025;09;15;5;3;5;3;0;0;1;1;0;0;0;0;570717,765899999998510;5361204,202800000086427;9,955431242000031;48,400028299000041;1
08250909436300467280;08;4;36;081;2025;09;18;3;3;4;6;0;0;1;1;0;0;0;0;561561,501699999906123;5282372,289699999615550;9,820399187000021;47,691803047000064;1
08250830336091400150;08;3;36;091;2025;08;19;7;3;0;7;0;0;1;0;0;0;0;0;395599,787200000137091;5274266,083900000900030;7,610784256000045;47,613386201000026;1
08250905311000455090;08;3;15;048;2025;09;17;6;3;6;3;0;0;0;1;1;0;0;0;397401,973000000230968;5310228,117000000551343;7,626262788000076;47,937151386000039;1
08250915336200464430;08;3;36;069;2025;09;16;2;3;2;6;0;0;1;1;0;0;0;0;409041,878899999894202;5268422,931900000199676;7,790820562000022;47,562848715000030;1
08250917336200472580;08;3;36;069;2025;09;16;4;3;5;3;0;0;1;1;0;0;0;0;410768,650600000284612;5270966,869699999690056;7,813253787000065;47,585973474000070;1
08250829231000397340;08;2;31;000;2025;08;17;6;3;5;3;0;0;1;1;0;0;0;0;480190,872200000099838;5414714,590199999511242;8,729791891000048;48,885067414000048;1
08250918126200463690;08;1;26;085;2025;09;15;5;3;2;2;0;0;1;1;0;0;0;0;547583,347400000318885;5449614,562999999150634;9,653144699000052;49,197481674000073;1
08250831317100494380;08;3;17;001;2025;08;17;1;2;7;1;0;0;1;0;0;0;0;0;431513,785000000149012;5387395,370999999344349;8,070413118000033;48,635869291000063;1
08250830221200393590;08;2;21;000;2025;08;18;7;3;0;7;0;0;1;0;0;0;0;0;477119,581399999558926;5472515,430700000375509;8,684615735000023;49,404894914000067;1
08250826212502410050;08;2;12;000;2025;08;10;3;3;5;2;0;0;1;1;0;0;0;0;454616,663599999621511;5429307,812999999150634;8,379333906000056;49,014990907000026;1
08250827212010371760;08;2;12;000;2025;08;11;4;3;5;3;0;0;1;0;0;0;0;1;453271,835500000044703;5429361,888000000268221;8,360936885000058;49,015376923000076;1
08250911335400451580;08;3;35;098;2025;09;18;5;2;5;7;0;0;1;1;0;0;0;0;503162,984400000423193;5293724,013599999248981;9,042236273000071;47,796866222000062;1
08250919222800510560;08;2;22;000;2025;09;19;6;3;5;3;2;0;1;1;0;0;0;0;462804,605200000107288;5485791,233400000259280;8,486056989000076;49,523597972000061;1
08250830121400381020;08;1;25;086;2025;08;09;7;2;0;1;0;0;1;0;0;0;0;0;505116,463399999774992;5443233,273299999535084;9,070151478000071;49,141905205000057;1
08250919335100466960;08;3;35;043;2025;09;19;6;3;0;1;0;0;1;0;0;0;0;0;511399,446000000461936;5282288,671800000593066;9,151920264000069;47,693882930000029;1
08250917116100473920;08;1;16;019;2025;09;10;4;3;5;3;0;0;1;1;0;0;0;0;522312,804800000041723;5400102,346599999815226;9,303564450000067;48,753533906000030;1
08250826127100373350;08;1;27;012;2025;08;14;3;3;6;4;0;0;0;0;1;0;1;0;566762,893099999986589;5432194,314899999648333;9,913497096000071;49,039010348000033;1
08250905222301468530;08;2;22;000;2025;09;16;6;3;2;6;0;1;1;1;0;0;0;0;466109,141400000080466;5481242,494300000369549;8,532105652000041;49,482878010000036;1
08250919426000478200;08;4;25;140;2025;09;15;6;2;6;4;0;0;0;1;1;0;0;0;580163,786600000225008;5336926,124900000169873;10,078420794000067;48,180513452000071;1
08250914222600481590;08;2;22;000;2025;09;14;1;3;6;4;0;0;0;1;1;0;0;0;461449,243099999614060;5483411,251599999144673;8,467562685000075;49,502106706000063;1
08250913335100441090;08;3;35;043;2025;09;21;7;3;0;7;2;0;1;0;0;0;0;0;513814,879300000146031;5280813,346499999985099;9,184063846000072;47,680561361000059;1
08250829437100393150;08;4;37;088;2025;08;20;6;3;5;3;2;0;1;1;0;0;0;0;518195,371100000105798;5308222,364199999719858;9,243577422000044;47,927063211000075;1
08250917311010459940;08;3;15;064;2025;09;16;4;3;5;3;0;0;1;0;0;0;0;0;422135,871000000275671;5312739,456100000068545;7,956917192000049;47,963226504000033;1
08250917119400455450;08;1;19;091;2025;09;19;4;3;5;3;1;0;1;1;0;0;0;0;528951,214599999599159;5405229,408399999141693;9,394238658000063;48,799382409000032;1
08250824437000363040;08;4;37;104;2025;08;14;1;1;0;1;0;0;1;0;0;0;0;0;510787,122000000439584;5326596,297000000253320;9,144867503000057;48,092543631000069;1
08250829115400378140;08;1;15;045;2025;08;16;6;3;5;2;0;0;1;1;0;0;0;0;500367,321000000461936;5395289,671000000089407;9,004993129000070;48,710638602000074;1
08250919311010464180;08;3;11;000;2025;09;15;6;2;6;4;0;0;0;1;1;0;0;0;412789,430800000205636;5316199,778000000864267;7,831033475000027;47,993148127000040;1
08250917435200454840;08;4;35;059;2025;09;10;4;3;3;6;0;0;1;0;0;0;0;0;516021,725399999879301;5288138,325600000098348;9,213736105000066;47,746417484000062;1
08250830135010388630;08;1;35;015;2025;08;03;7;3;0;1;2;1;1;0;0;0;0;0;578280,869900000281632;5383769,074699999764562;10,061826368000027;48,602102365000064;1
08250919116010458060;08;1;16;049;2025;09;22;6;1;0;1;2;0;1;0;0;0;0;0;525819,129800000227988;5384508,899900000542402;9,350292785000022;48,613120598000080;1
08250906415300426740;08;4;15;061;2025;09;10;7;3;0;1;0;0;1;0;0;0;0;0;515791,558100000023842;5371127,118499999865890;9,213740549000022;48,493068121000078;1
08250829117100398400;08;1;17;019;2025;08;17;6;3;8;1;0;0;1;0;0;0;0;0;551101,342899999581277;5394119,916300000622869;9,694467883000073;48,698022477000052;1
08250907417010418010;08;4;17;079;2025;09;16;1;3;6;4;0;0;1;0;1;0;0;0;501188,499200000427663;5339935,006400000303984;9,015998440000033;48,212641493000035;1
08250824435100380980;08;4;35;016;2025;08;18;1;3;0;3;0;0;1;1;0;0;0;0;534808,997999999672174;5277781,887000000104308;9,463532813000029;47,652496430000042;1
08250918231000488520;08;2;37;004;2025;09;14;5;3;6;7;0;0;1;0;1;0;0;0;453506,478699999861419;5372826,742499999701977;8,370533068000043;48,506836021000026;1
08250830336400405530;08;3;36;091;2025;08;16;7;3;6;4;0;0;0;1;1;0;0;0;394611,613499999977648;5271984,599199999123812;7,598187496000037;47,592704013000059;1
08250903316100422300;08;3;16;020;2025;09;16;4;3;0;7;0;0;1;0;0;0;0;0;408126,627000000327826;5339599,878799999132752;7,763510530000076;48,202977776000068;1
08250824426200386610;08;4;26;070;2025;08;02;1;3;0;1;2;0;1;0;0;0;0;0;566057,797600000165403;5341592,008999999612570;9,889409516000057;48,224110253000049;1
08250909118600422370;08;1;18;012;2025;09;17;3;3;6;7;0;0;0;1;1;0;0;0;499944,977400000207126;5415075,396999999880791;8,999249407000036;48,888629728000069;1
08250916128200468140;08;1;28;139;2025;09;07;3;3;0;2;0;0;1;0;1;0;0;0;552552,000900000333786;5488373,712999999523163;9,726459980000072;49,545687934000057;1
08250913115300461510;08;1;15;050;2025;09;14;7;3;5;3;0;0;1;1;0;0;0;0;492578,315299999900162;5396828,058199999853969;8,899086719000024;48,724433945000044;1
08250917226600445090;08;2;26;107;2025;09;12;4;3;0;7;0;0;1;0;0;0;0;0;475131,101599999703467;5482616,390300000086427;8,656572857000072;49,495672516000070;1
08250913311010460580;08;3;11;000;2025;09;12;7;2;6;7;0;0;0;0;1;0;0;1;412555,136300000362098;5314077,117699999362230;7,828325922000033;47,974022101000060;1
08250903111500414860;08;1;11;000;2025;09;16;4;3;5;3;0;0;1;1;0;0;0;0;512053,942599999718368;5410600,498700000345707;9,164302234000047;48,848257270000033;1
08250826215402403850;08;2;15;009;2025;08;14;3;3;5;3;0;0;1;1;0;0;0;0;470243,628899999894202;5441742,147600000724196;8,592127766000033;49,127792799000076;1
08250826212102383030;08;2;12;000;2025;08;16;3;2;0;1;0;1;1;0;0;0;0;0;461120,001799999736249;5427480,004100000485778;8,468444767000051;48,998993476000066;1
08250831415400405570;08;4;15;061;2025;08;17;1;3;6;6;0;0;1;0;1;0;0;0;514888,700000000186265;5371643,079299999400973;9,201538739000057;48,497731929000054;1
08250826116010388640;08;1;16;078;2025;08;10;3;2;6;7;0;0;0;1;1;0;0;0;509718,606700000353158;5394255,127000000327826;9,132084048000024;48,701256161000060;1
08250827111310394400;08;1;11;000;2025;08;20;4;3;3;6;1;0;1;0;0;0;0;0;516988,150999999605119;5406113,665999999269843;9,231371966000040;48,807779105000066;1
08250909128100432720;08;1;28;007;2025;09;20;3;3;1;5;2;1;1;1;0;0;0;0;556703,983000000007451;5482226,281999999657273;9,782966799000064;49,490023628000074;1
08250906311400417490;08;3;15;050;2025;09;14;7;3;4;6;0;0;1;1;0;0;0;0;398881,619400000199676;5303281,627800000831485;7,647697571000037;47,874904188000073;1
08250824335200366970;08;3;35;061;2025;08;19;1;3;0;1;0;0;1;0;0;0;0;0;491206,573599999770522;5278330,297499999403954;8,882889759000022;47,658307475000072;1
08250919415100449030;08;4;15;078;2025;09;12;6;3;0;6;0;0;1;1;0;0;0;0;534263,970999999903142;5372366,414999999105930;9,463862248000055;48,503481174000058;1
08250902335300430840;08;3;35;075;2025;09;16;3;3;2;6;0;0;1;0;0;0;0;1;490792,196800000034273;5288913,768400000408292;8,877147577000073;47,753527863000045;1
08250917311400476750;08;3;15;006;2025;09;12;4;3;5;3;0;0;1;1;0;0;0;0;402649,667999999597669;5307554,702500000596046;7,697111676000077;47,913922974000059;1
08250906116500474110;08;1;16;071;2025;09;17;7;2;1;7;0;0;1;1;0;0;0;0;527698,739099999889731;5390335,357200000435114;9,376182772000050;48,665454956000076;1
08250907136000417860;08;1;36;065;2025;09;14;1;3;0;7;0;0;1;0;0;0;0;0;555390,811999999918044;5404265,615000000223517;9,754120992000026;48,788919368000052;1
08250831135200404690;08;1;35;019;2025;08;17;1;3;2;6;0;0;1;1;0;0;0;0;585022,104899999685585;5392148,530899999663234;10,154967571000043;48,676590856000075;1
08250826226100392920;08;2;26;013;2025;08;18;3;3;0;2;0;0;1;0;0;1;0;0;499266,486299999989569;5479276,882500000298023;8,989876638000055;49,466143400000078;1
08250824327100363060;08;3;27;018;2025;08;14;1;3;8;7;0;0;1;0;0;0;0;0;473939,839499999769032;5308443,111400000751019;8,651126735000048;47,928777745000048;1
08250906325102431400;08;3;25;045;2025;09;13;7;3;5;3;0;0;1;1;0;0;0;0;471597,056599999777973;5349669,946599999442697;8,617017600000054;48,299588107000034;1
08250909316200424470;08;3;16;010;2025;09;15;3;2;5;3;0;0;1;0;0;0;0;1;430590,686300000175834;5335754,777200000360608;8,066425941000034;48,171242483000071;1
08250825111000389160;08;1;11;000;2025;08;20;2;3;0;7;1;0;1;0;0;0;0;0;513958,622600000351667;5404877,703099999576807;9,190069221000044;48,796735967000075;1
08250910326300492380;08;3;26;052;2025;09;18;4;3;6;4;0;0;0;1;1;0;0;0;450979,675400000065565;5330548,321399999782443;8,341240357000061;48,126303411000038;1
08250919121500448520;08;1;25;079;2025;09;15;6;3;5;3;0;0;1;1;0;0;0;0;512101,733099999837577;5454481,013699999079108;9,166264459000047;49,242983841000068;1
08250913136000431070;08;1;36;065;2025;09;21;7;3;0;7;1;0;1;0;0;0;0;0;558544,654400000348687;5405575,030799999833107;9,797241530000065;48,800408740000080;1
08250912221400496690;08;2;21;000;2025;09;12;6;3;5;3;0;0;1;1;0;0;0;0;476946,327100000344217;5469060,055700000375509;8,682428041000037;49,373807732000046;1
08250824316100391430;08;3;16;011;2025;08;16;1;3;2;6;0;0;1;0;0;0;0;0;412898,988400000147521;5330802,487800000235438;7,829527627000061;48,124517642000058;1
08250826317000376750;08;3;17;141;2025;08;14;3;3;2;6;0;0;1;1;0;0;0;0;417965,547000000253320;5377284,902000000700355;7,888547799000037;48,543299228000080;1
08250910222500455280;08;2;22;000;2025;09;17;4;3;4;6;0;0;1;0;0;0;0;0;462803,133100000210106;5479319,015699999406934;8,486645873000043;49,465383644000042;1
08250917116200504260;08;1;16;015;2025;09;07;4;3;5;3;0;0;1;1;0;0;0;0;523981,382199999876320;5393044,033900000154972;9,325854556000024;48,689975949000029;1
08250824222400390690;08;2;22;000;2025;08;15;1;3;5;3;0;0;1;1;0;0;0;0;468182,326200000010431;5478957,571799999102950;8,560910705000026;49,462438246000033;1
08250910212102426380;08;2;15;101;2025;09;18;4;3;0;7;0;0;1;0;0;0;0;0;466413,268000000156462;5426604,853000000119209;8,540882382000063;48,991431893000026;1
08250912311010449250;08;3;36;091;2025;09;14;6;3;5;3;0;0;1;1;0;0;0;0;394235,407700000330806;5273615,880400000140071;7,592791493000050;47,607316298000057;1
08250915317000456250;08;3;17;065;2025;09;08;2;3;4;6;0;0;1;0;0;0;0;1;414356,897499999962747;5354619,112800000235438;7,844300443000066;48,338945966000040;1
08250824212102413760;08;2;12;000;2025;08;16;1;2;0;7;0;0;1;0;0;0;0;0;461485,532300000078976;5427489,561899999156594;8,473441058000049;48,999102364000066;1
08250906437200417160;08;4;37;107;2025;09;04;7;3;1;5;2;0;1;1;0;0;0;0;506064,986299999989569;5329608,099600000306964;9,081493689000069;48,119703299000037;1
08250919221200491420;08;2;21;000;2025;09;19;6;3;4;6;0;0;1;0;0;0;0;0;477404,824300000444055;5472030,736800000071526;8,688575042000025;49,400545821000037;1
08250905118600439400;08;1;18;073;2025;09;12;6;3;6;7;0;0;0;1;1;0;0;0;498768,788499999791384;5418409,999199999496341;8,983194314000059;48,918625813000062;1
08250916436200482350;08;4;36;064;2025;09;08;3;3;5;3;0;0;1;0;0;0;0;0;546818,890999999828637;5293023,557000000029802;9,625091879000024;47,788869583000064;1
08250830119300380510;08;1;19;067;2025;08;16;7;3;8;7;0;0;1;0;0;0;0;0;538350,633799999952316;5405944,120600000023842;9,522295666000048;48,805302827000048;1
08250919127100462840;08;1;27;056;2025;09;12;6;3;5;2;0;0;1;1;0;0;0;0;556189,486700000241399;5435521,176200000569224;9,769300859000055;49,069988986000055;1
08250910316100451010;08;3;16;011;2025;09;18;4;3;0;1;0;0;1;0;0;0;0;0;413990,461099999956787;5330917,842199999839067;7,844168552000042;48,125703700000031;1
08250902212010422630;08;2;12;000;2025;09;13;3;3;5;2;0;1;1;0;0;0;0;1;456865,707999999634922;5428287,576999999582767;8,410198677000039;49,005975097000032;1
08250909337400428680;08;3;37;066;2025;09;06;3;2;5;3;1;1;1;1;0;0;0;0;430881,592899999581277;5268700,381699999794364;8,081065216000070;47,568038075000061;1
08250824212010409960;08;2;12;000;2025;08;13;1;3;5;3;0;0;1;1;0;0;0;0;457441,970099999569356;5428823,973600000143051;8,418021598000053;49,010840066000071;1
08250905119100435260;08;1;19;008;2025;09;13;6;3;5;2;0;0;1;1;0;0;0;0;530680,631000000052154;5421334,113500000908971;9,418996062000076;48,944170583000073;1
08250825416200380790;08;4;16;026;2025;08;21;2;3;7;1;2;0;1;0;0;0;0;0;505128,739500000141561;5364420,971699999645352;9,069336081000074;48,432914102000041;1
08250915231000466600;08;2;31;000;2025;09;09;2;3;0;1;0;0;1;0;0;0;0;0;478186,842600000090897;5416001,617100000381470;8,702387413000054;48,896577786000080;1
08250824128300389650;08;1;28;131;2025;08;21;1;3;8;7;2;0;1;0;0;0;0;0;541361,896499999798834;5510733,694800000637770;9,574141601000065;49,747664735000058;1
08250828435200376880;08;4;35;015;2025;08;15;5;3;0;1;0;1;1;0;0;0;0;0;520002,287600000388920;5295261,212300000712276;9,267165954000063;47,810394042000041;1
08250902116200438270;08;1;16;077;2025;09;06;3;3;5;3;0;0;1;1;0;0;0;0;514061,063799999654293;5389288,564600000157952;9,190932476000057;48,656493844000067;1
08250919311010449840;08;3;15;064;2025;09;17;6;3;2;6;0;0;1;1;0;0;0;0;424368,656700000166893;5312571,473699999973178;7,986852657000043;47,961983082000074;1
08250830212302389550;08;2;12;000;2025;08;23;7;3;0;1;2;0;1;0;0;0;0;0;455698,129999999888241;5428749,390000000596046;8,394184202000076;49,010046443000078;1
08250910416010490530;08;4;15;061;2025;09;11;4;2;6;4;0;1;1;0;1;0;0;0;514721,499200000427663;5369499,960899999365211;9,199199939000039;48,478455593000035;1
08250831436200383340;08;4;36;095;2025;08;12;1;3;0;7;0;0;1;0;0;0;0;0;535103,866399999707937;5293954,576199999079108;9,468763007000064;47,797991348000039;1
08250910116400439230;08;1;16;033;2025;09;07;4;3;1;7;1;1;1;1;0;0;0;0;533500,553999999538064;5387158,732999999076128;9,454719120000050;48,636594169000034;1
08250909111250421680;08;1;11;000;2025;09;19;3;3;5;3;1;0;1;1;0;0;0;0;515392,114699999801815;5403861,633700000122190;9,209550336000063;48,787561688000039;1
08250912311010454030;08;3;11;000;2025;09;14;6;3;6;4;0;0;1;0;1;0;0;0;413917,381199999712408;5316430,732499999925494;7,846102951000034;47,995378495000068;1
08250826212102410260;08;2;12;000;2025;08;17;3;3;4;7;0;0;1;0;0;1;0;0;458030,109299999661744;5428994,097400000318885;8,426046348000057;49,012410638000063;1
08250906435100416860;08;4;35;016;2025;09;19;7;3;0;7;0;0;1;0;0;0;0;0;529791,212000000290573;5282075,631300000473857;9,397008334000077;47,691379837000056;1
08250824121500395860;08;1;25;005;2025;08;09;1;3;6;4;0;0;0;1;1;0;0;0;514142,219499999657273;5453654,690099999308586;9,194269177000024;49,235507157000029;1
08250826311010403190;08;3;11;000;2025;08;18;3;3;3;6;0;0;1;0;0;0;0;0;415119,208200000226498;5317286,255499999970198;7,862040315000058;48,003234958000064;1
08250824136000364940;08;1;36;065;2025;08;14;1;3;0;7;0;0;1;0;0;0;0;0;558327,829699999652803;5405651,378799999132752;9,794300026000030;48,801115877000029;1
08250905426010434620;08;4;21;000;2025;09;17;6;3;5;2;0;0;1;1;0;0;0;0;572024,804800000041723;5361977,465900000184774;9,973220044000072;48,406836018000035;1
08250824437200367000;08;4;37;047;2025;08;17;1;2;3;6;0;0;1;0;0;0;0;0;517328,961500000208616;5340937,435900000855327;9,233305887000029;48,221424600000034;1
08250828317500385340;08;3;17;096;2025;08;09;5;2;0;1;0;1;1;0;0;0;0;0;422954,436099999584258;5369699,813100000843406;7,957528752000030;48,475704800000074;1
08250913222700494200;08;2;22;000;2025;09;18;7;3;6;4;0;0;0;0;1;0;0;1;461333,375199999660254;5481704,782800000160933;8,466129443000057;49,486750579000045;1
08250828421300374760;08;4;21;000;2025;08;05;5;3;0;1;2;0;1;0;0;0;0;0;572084,041899999603629;5361916,051999999210238;9,974009803000058;48,406276812000044;1
08250912222800496670;08;2;22;000;2025;09;15;6;3;5;5;0;0;1;1;0;0;0;0;463055,704599999822676;5485669,883400000631809;8,489537743000028;49,522521855000036;1
08250906415400439850;08;4;15;061;2025;09;15;7;3;5;3;0;0;1;1;0;0;0;0;512990,429999999701977;5373975,713999999687076;9,175915834000023;48,518759237000040;1
08250826335100383010;08;3;35;043;2025;08;16;3;3;7;1;0;0;1;0;0;0;0;0;513429,747000000439584;5279822,250199999660254;9,178902041000072;47,671651936000046;1
08250827212702404270;08;2;15;047;2025;08;18;4;3;3;6;0;0;1;0;0;0;0;0;459927,752700000070035;5408729,519500000402331;8,453986772000064;48,830250247000038;1
08250909335300445940;08;3;35;075;2025;09;07;3;3;5;3;0;1;1;1;0;0;0;0;488826,868300000205636;5287652,627000000327826;8,850958238000032;47,742149612000048;1
08250825111330368070;08;1;11;000;2025;08;15;2;3;0;7;0;0;1;0;0;0;0;0;510142,536899999715388;5409186,548399999737740;9,138213748000055;48,835571786000060;1
08250828436300378910;08;4;36;081;2025;08;14;5;3;4;2;0;1;1;1;0;0;0;0;562351,960900000296533;5283072,453700000420213;9,831032190000030;47,698026432000063;1
08250913212402476870;08;2;12;000;2025;09;11;7;3;5;2;0;0;1;0;0;0;0;1;456218,374800000339746;5427073,062000000849366;8,401478723000025;48,995004801000050;1
08250913221200444160;08;2;21;000;2025;09;20;7;3;6;4;2;0;1;0;1;0;0;0;478898,227300000376999;5473121,847400000318885;8,709100062000061;49,410413820000031;1
08250912111210431250;08;1;11;000;2025;09;14;6;3;0;7;0;0;1;1;0;0;0;0;510528,908800000324845;5397464,463700000196695;9,143178607000038;48,730114313000058;1
08250827136100375980;08;1;36;088;2025;08;15;4;3;0;7;0;0;1;0;0;0;0;0;580315,339900000020862;5408347,034099999815226;10,094201096000063;48,822909429000049;1
08250824119300364400;08;1;19;067;2025;08;11;1;3;5;3;0;0;1;1;0;0;0;0;538469,448800000362098;5407343,467499999329448;9,524044904000050;48,817883359000064;1
08250918116010444210;08;1;16;077;2025;09;10;5;2;5;3;0;0;1;1;0;0;0;0;514681,364199999719858;5389284,012000000104308;9,199355202000049;48,656438620000074;1
08250829212010387410;08;2;15;110;2025;08;14;6;3;5;3;0;0;1;1;0;0;0;0;460533,654299999587238;5420118,349400000646710;8,461142772000073;48,932736186000056;1
08250918111500459510;08;1;11;000;2025;09;09;5;3;0;7;0;0;1;1;0;0;0;0;516116,158599999733269;5405494,785399999469519;9,219471570000053;48,802234969000040;1
08250918335100443790;08;3;35;043;2025;09;16;5;3;8;1;0;0;1;0;0;0;0;0;513845,450600000098348;5280022,676999999210238;9,184446090000051;47,673446540000043;1