UIDENTSTLAE;ULAND;UREGBEZ;UKREIS;UGEMEINDE;UJAHR;UMONAT;USTUNDE;UWOCHENTAG;UKATEGORIE;UART;UTYP1;ULICHTVERH;IstStrassenzustand;IstRad;IstPKW;IstFuss;IstKrad;IstGkfz;IstSonstige;LINREFX;LINREFY;XGCSWGS84;YGCSWGS84;PLST
08250828118100402900;08;1;18;079;2025;08;12;5;3;5;3;0;0;1;1;0;0;0;0;507096,273000000044703;5421592,581000000238419;9,096917432000055;48,947215943000060;1
08250919118100480950;08;1;18;040;2025;09;18;6;3;0;7;0;0;1;0;1;0;0;0;510838,435999999754131;5432069,630999999120831;9,148305422000021;49,041408983000053;1
08250906118400518200;08;1;18;048;2025;09;15;7;3;2;6;0;0;1;1;0;0;0;0;517000,046500000171363;5415495,541500000283122;9,231923438000024;48,892176050000046;1
08250831335100393350;08;3;35;043;2025;08;16;1;3;0;1;0;1;1;0;0;0;0;0;515453,452200000174344;5281628,433299999684095;9,205924250000066;47,687858110000036;1
08250907316200445000;08;3;16;014;2025;09;18;1;3;5;3;0;0;1;0;0;0;0;1;426207,874499999918044;5330300,617399999871850;8,008430426000075;48,121685165000031;1
08250824136000378090;08;1;36;028;2025;08;14;1;3;6;7;0;0;0;1;1;0;0;0;568510,231100000441074;5404373,544099999591708;9,932731616000069;48,788583254000059;1
08250827222600396390;08;2;22;000;2025;08;14;4;3;5;3;0;0;1;1;0;0;0;0;462514,836000000126660;5484547,917799999937415;8,482171402000063;49,512397193000027;1
08250914226600435740;08;2;26;082;2025;09;18;1;3;6;6;0;0;0;1;1;0;0;0;475846,585699999704957;5480511,464500000700355;8,666581757000074;49,476768242000048;1
08250913118010460900;08;1;15;029;2025;09;12;7;3;4;2;0;0;1;0;0;0;0;0;496774,665599999949336;5399397,995600000023842;8,956124710000040;48,747589016000063;1
08250905115400433940;08;1;15;045;2025;09;09;6;3;2;6;0;0;1;1;0;0;0;0;499541,838800000026822;5395655,156500000506639;8,993771641000023;48,713926474000061;1
08250829215302378450;08;2;15;007;2025;08;10;6;3;6;7;0;0;0;1;1;0;0;0;478654,541500000283122;5431611,541500000283122;8,707949584000062;49,037013962000060;1
08250827212010383100;08;2;15;101;2025;08;00;4;3;1;5;2;0;1;1;0;0;0;0;466603,096900000236928;5426331,982799999415874;8,543499609000037;48,988987627000029;1
08250918136200469000;08;1;36;019;2025;09;13;5;3;0;7;0;0;1;0;0;0;0;0;579673,964900000020862;5425241,187400000169873;10,088760326000056;48,974940640000057;1
08250827417300385940;08;4;17;051;2025;08;09;4;3;0;1;0;1;1;0;0;0;0;0;491263,425900000147521;5358584,721599999815226;8,882010745000059;48,380368387000033;1
08250826117300405970;08;1;17;026;2025;08;19;3;3;5;3;0;0;1;0;0;0;0;0;550759,054999999701977;5392803,930600000545382;9,689654840000060;48,686212541000032;1
08250914421300489330;08;4;25;028;2025;09;17;1;3;5;3;0;0;1;0;0;0;0;1;579529,379900000058115;5340431,235799999907613;10,070544563000055;48,212122741000030;1
08250908436000423240;08;4;36;047;2025;09;12;2;3;0;1;0;0;1;0;0;0;0;0;533141,609000000171363;5309593,585000000894070;9,443760145000056;47,938801476000037;1
08250831416200400590;08;4;16;025;2025;08;16;1;3;0;1;0;0;1;0;0;0;0;0;502550,276899999938905;5360790,806600000709295;9,034455452000032;48,400270934000048;1
08250829211100405060;08;2;11;000;2025;08;17;6;3;1;5;0;0;1;1;0;0;0;0;443919,381500000134110;5401381,674900000914931;8,236881785000037;48,762916017000066;1
08250909226700445700;08;2;26;098;2025;09;19;3;3;5;2;0;0;1;1;0;0;0;0;477770,433500000275671;5459936,835200000554323;8,694288829000072;49,291775291000079;1
08250826337100382630;08;3;37;076;2025;08;12;3;3;0;7;0;0;1;0;0;0;0;0;426231,122700000181794;5266911,907500000670552;8,019546141000035;47,551435983000033;1
08250905111500451250;08;1;11;000;2025;09;14;6;2;5;3;0;1;1;1;0;0;0;0;516548,035400000400841;5405957,690099999308586;9,225371525000071;48,806387845000074;1
08250824111330412720;08;1;11;000;2025;08;14;1;3;1;5;0;0;1;0;0;0;0;1;511719,435399999842048;5409573,671900000423193;9,159713351000050;48,839026522000040;1
08250907335200444930;08;3;35;063;2025;09;18;1;3;0;1;0;0;1;0;0;0;0;0;498309,396599999628961;5287319,332399999722838;8,977449790000037;47,739245321000055;1
08250826119500372740;08;1;19;085;2025;08;18;3;3;0;7;0;0;1;0;0;0;0;0;529204,195799999870360;5413663,824999999254942;9,398284566000029;48,875243672000067;1
08250908225100421870;08;2;25;074;2025;09;19;2;2;0;7;0;0;1;0;0;0;0;0;505538,241999999620020;5466243,354499999433756;9,076252508000039;49,348882388000050;1
08250916415400456940;08;4;15;061;2025;09;16;3;3;5;3;0;0;1;1;0;0;0;0;516451,353500000201166;5370235,734600000083447;9,222635781000065;48,485031990000039;1
08250903222014415020;08;2;22;000;2025;09;07;4;2;6;4;0;0;0;1;1;0;0;0;461986,376099999994040;5481529,155400000512600;8,475161919000072;49,485212159000071;1
08250916119200437940;08;1;19;020;2025;09;13;3;3;5;3;0;0;1;0;0;0;0;1;519424,651600000448525;5408477,797800000756979;9,264667746000043;48,828974993000031;1
08250831435200393430;08;4;35;036;2025;08;17;1;3;0;1;0;0;1;0;0;0;0;0;520998,341000000014901;5281985,971499999985099;9,279828823000059;47,690918698000075;1
08250826119300383450;08;1;19;067;2025;08;11;3;3;0;7;0;0;1;0;0;0;0;0;538426,730000000447035;5406420,509999999776483;9,523376567000071;48,809583508000060;1
08250912225200459040;08;2;25;014;2025;09;21;6;3;0;1;2;0;1;0;0;0;0;0;524171,618599999696016;5486904,904799999669194;9,334060850000071;49,534274419000042;1
08250912116010459530;08;1;16;019;2025;09;09;6;3;6;7;0;0;0;0;1;0;0;1;522161,926199999637902;5398489,606799999251962;9,301425006000045;48,739031265000051;1
08250902136200420490;08;1;36;060;2025;09;15;3;3;6;4;0;0;0;1;1;0;0;0;574737,128299999982119;5429988,421299999579787;10,022182453000028;49,018255065000062;1
08250918136100472550;08;1;36;082;2025;09;19;5;3;0;7;2;0;1;0;0;0;0;0;588900,244400000199676;5414535,455900000408292;10,212477520000050;48,877397759000075;1
08250917116500472480;08;1;16;050;2025;09;18;4;3;1;7;0;0;1;1;0;0;0;0;526652,087600000202656;5388348,778000000864267;9,361840345000076;48,647629280000046;1
08250910337200434830;08;3;37;126;2025;09;18;4;3;6;4;0;0;0;1;1;0;0;0;445617,095900000073016;5275763,398000000044703;8,276080504000049;47,632986928000037;1
08250918426200454830;08;4;26;070;2025;09;14;5;3;6;4;0;0;0;1;1;0;0;0;565636,795800000429153;5342152,939699999988079;9,883828686000072;48,229199957000048;1
08250824111320366480;08;1;11;000;2025;08;15;1;3;0;7;0;0;1;0;0;0;0;0;516223,399899999611080;5404909,075300000607967;9,220908843000075;48,796963211000048;1
08250827222500395260;08;2;22;000;2025;08;08;4;3;5;3;0;0;1;1;0;0;0;0;462210,331000000238419;5478755,610899999737740;8,478518745000031;49,460279491000051;1
08250906111230428900;08;1;11;000;2025;09;15;7;3;5;3;0;0;1;1;0;0;0;0;510725,554299999959767;5396892,413300000131130;9,145837824000068;48,724964786000044;1
08250917226200504320;08;2;26;037;2025;09;10;4;3;5;3;0;0;1;1;0;0;0;0;466371,882399999536574;5468844,705099999904633;8,536783993000029;49,371378814000082;1
08250823436300377190;08;4;36;049;2025;08;14;7;3;0;1;0;0;1;0;0;0;0;0;579843,447100000455976;5281904,389399999752641;10,063909474000070;47,685593413000049;1
08250823436400362440;08;4;36;011;2025;08;16;7;3;1;7;0;0;1;1;0;0;0;0;548915,164699999615550;5297477,618100000545382;9,653580550000072;47,828786517000026;1
08250918327100473260;08;3;27;050;2025;09;00;5;3;0;1;2;1;1;0;0;0;0;0;486569,906999999657273;5314772,108999999240041;8,820009370000037;47,986110228000030;1
08250917118100530640;08;1;18;079;2025;09;13;4;3;3;3;0;0;1;1;0;0;0;0;510411,314199999906123;5421295,520500000566244;9,142184931000031;48,944496759000060;1
08250902311010411830;08;3;36;050;2025;09;14;3;3;4;2;0;0;1;1;0;0;0;0;399662,839999999850988;5274885,300000000745058;7,664692549000051;47,619598185000029;1
08250918136100447850;08;1;36;088;2025;09;16;5;3;0;1;0;0;1;0;0;0;0;0;581666,235799999907613;5410394,356000000610948;10,113009699000031;48,841147272000057;1
08250824116100399060;08;1;16;019;2025;08;16;1;3;3;6;0;0;1;1;0;0;0;0;523600,231999999843538;5399679,734699999913573;9,321055322000063;48,749684678000051;1
08250829115400396120;08;1;15;029;2025;08;09;6;3;5;2;0;0;1;0;0;0;0;1;497258,706600000150502;5398514,063100000843406;8,962715160000073;48,739639463000060;1
08250823436200363850;08;4;36;082;2025;08;16;7;3;5;3;0;0;1;1;0;0;0;0;546738,868099999614060;5295108,345300000160933;9,624248185000056;47,807632174000048;1
08250918235100448040;08;2;35;079;2025;09;16;5;2;6;7;0;0;1;0;1;0;0;0;466919,151800000108778;5399864,292500000447035;8,549960005000059;48,750913439000044;1
08250915212302470980;08;2;12;000;2025;09;14;2;3;0;7;0;1;1;0;0;0;0;0;455790,466599999926984;5428741,891200000420213;8,395447622000063;49,009985613000026;1
08250826421300370160;08;4;21;000;2025;08;08;3;3;4;6;0;0;1;0;0;0;0;0;573196,741000000387430;5361563,697000000625849;9,988980983000033;48,402979061000053;1
08250916415100488930;08;4;15;014;2025;09;16;3;3;5;3;0;0;1;1;0;0;0;0;526029,732200000435114;5374959,381300000473857;9,352552293000031;48,527203256000064;1
08250911226700435130;08;2;26;098;2025;09;07;5;3;0;4;0;1;0;1;1;0;0;0;477137,335099999792874;5459908,402000000700355;8,685583932000043;49,291496172000052;1
08250911118400456710;08;1;18;048;2025;09;16;5;3;5;2;0;0;1;1;0;0;0;0;512234,576999999582767;5415014,987999999895692;9,166896391000023;48,887965533000056;1
08250919421200492900;08;4;21;000;2025;09;22;6;3;5;3;2;0;1;1;0;0;0;0;573857,494300000369549;5361838,821599999442697;9,997955615000023;48,405376782000076;1
08250917222400504350;08;2;26;038;2025;09;12;4;3;3;6;0;0;1;0;0;0;0;0;471867,077200000174344;5479548,860999999567866;8,611717558000066;49,467938560000050;1
08250823436200363500;08;4;36;064;2025;08;16;7;3;5;3;0;0;1;1;0;0;0;0;545437,417600000277162;5292129,413200000301003;9,606554934000030;47,780923910000070;1
08250917436300473100;08;4;36;049;2025;09;19;4;2;1;5;0;0;1;1;0;0;0;0;577759,378899999894202;5282100,270600000396371;10,036179035000032;47,687609705000057;1
08250826436300385130;08;4;36;081;2025;08;15;3;2;5;3;0;0;1;1;0;0;0;0;562127,501699999906123;5280832,487600000575185;9,827721978000056;47,677895669000065;1
08250905231000434890;08;2;31;000;2025;09;16;6;3;1;7;0;0;1;1;0;0;0;0;479018,793200000189245;5415827,503799999132752;8,713747105000039;48,895040255000026;1
08250909425000488060;08;4;25;050;2025;09;20;3;3;0;1;2;0;1;0;0;0;0;0;557549,334800000302494;5345608,390599999576807;9,775408241000036;48,261070626000048;1
08250829117200397600;08;1;17;024;2025;08;19;6;3;6;4;1;0;0;1;1;0;0;0;561992,837299999780953;5384945,365900000557303;9,841094154000075;48,614508498000077;1
08250825415400399990;08;4;15;061;2025;08;19;2;3;0;7;0;0;1;0;0;0;0;0;515024,284699999727309;5369616,215800000354648;9,203301151000062;48,479494302000035;1
08250916215302453710;08;2;15;007;2025;09;12;3;3;0;7;0;0;1;0;0;0;0;0;476861,004200000315905;5432278,827700000256300;8,683372528000064;49,042951770000059;1
08250908326200448080;08;3;26;074;2025;09;17;2;2;9;1;0;1;1;0;0;0;0;0;467747,339300000108778;5324180,368100000545382;8,567045492000034;48,070083024000041;1
08250916221011443400;08;2;26;085;2025;09;15;3;3;6;7;0;0;1;0;1;0;0;0;491272,523599999956787;5455363,400699999183416;8,880074755000066;49,250978514000053;1
08250911326000458590;08;3;26;003;2025;09;18;5;3;6;4;0;0;0;1;1;0;0;0;464941,666000000201166;5319516,787000000476837;8,529765960000077;48,027977608000072;1
08250830336400405520;08;3;36;091;2025;08;16;7;3;6;4;0;0;0;1;1;0;0;0;394611,613499999977648;5271984,599199999123812;7,598187496000037;47,592704013000059;1
08250915335000500070;08;3;35;066;2025;09;08;2;2;6;4;0;0;1;0;1;0;0;0;509529,690999999642372;5281965,288000000640750;9,126995069000031;47,691003520000038;1
08250824335300363120;08;3;35;015;2025;08;15;1;3;0;1;0;0;1;0;0;0;0;0;477266,747800000011921;5282595,892400000244379;8,697019878000049;47,696347779000064;1
08250823421300385390;08;4;21;000;2025;08;13;7;3;5;3;0;0;1;0;1;0;0;0;571829,258600000292063;5360551,813999999314547;9,970334209000043;48,394034218000058;1
08250826212302385330;08;2;12;000;2025;08;10;3;3;6;4;0;0;0;1;1;0;0;0;454900,207299999892712;5428824,608100000768900;8,383265129000051;49,010665234000044;1
08250910337400422860;08;3;37;096;2025;09;06;4;2;6;4;2;0;0;0;1;0;0;1;419311,804800000041723;5266848,972300000488758;7,927609705000066;47,550046851000047;1
08250912225200496700;08;2;25;114;2025;09;13;6;3;4;2;0;0;1;1;0;0;0;0;536787,141200000420213;5472102,073999999091029;9,507030191000069;49,400495201000069;1
08250911222014440260;08;2;22;000;2025;09;19;5;1;6;4;1;0;1;0;1;0;0;0;461138,028500000014901;5482162,646099999547005;8,463387399000055;49,490856332000078;1
08250918326200501250;08;3;26;074;2025;09;16;5;3;5;3;0;0;1;1;0;0;0;0;459338,028099999763072;5324163,675699999555945;8,454166605000069;48,069452072000047;1
08250910311010446200;08;3;11;000;2025;09;16;4;3;1;6;0;0;1;1;0;0;0;0;411766,516999999992549;5323763,161000000312924;7,815767684000036;48,061042110000074;1
08250829221300404900;08;2;21;000;2025;08;14;6;3;6;7;0;0;0;1;1;0;0;0;476643,638700000010431;5473610,137399999424815;8,677991038000073;49,414723538000032;1
08250825221400390770;08;2;21;000;2025;08;16;2;3;5;3;0;0;1;0;0;0;0;0;475654,658099999651313;5469679,322699999436736;8,664597283000035;49,379327715000045;1
08250918436200448170;08;4;36;064;2025;09;18;5;3;5;3;0;0;1;1;0;0;0;0;546392,385999999940395;5293352,183000000193715;9,619432973000073;47,791857096000058;1
08250825116400390870;08;1;16;054;2025;08;14;2;3;0;7;0;0;1;0;0;0;0;0;533235,864199999719858;5381185,001700000837445;9,450648024000031;48,582868909000069;1
08250913226600474790;08;2;26;082;2025;09;21;7;3;0;7;1;0;1;0;0;0;0;0;474252,803500000387430;5480446,995300000533462;8,644585518000042;49,476122855000028;1
08250916127202442320;08;1;27;014;2025;09;18;3;3;0;7;0;0;1;0;0;0;0;0;577102,367999999783933;5443912,437000000849366;10,057181264000064;49,143196045000082;1
08250907426200432920;08;4;26;070;2025;09;13;1;3;6;6;0;0;0;1;1;0;0;0;567023,577999999746680;5341954,075999999418855;9,902468490000047;48,227265986000077;1
08250906316200467050;08;3;16;055;2025;09;21;7;3;8;1;2;0;1;0;0;0;0;0;428120,979700000025332;5332773,943800000473857;8,033716241000036;48,144153364000033;1
08250919317000447140;08;3;17;113;2025;09;17;6;3;5;3;0;0;1;1;0;0;0;0;409409,998999999836087;5344712,776000000536442;7,779685936000021;48,249151668000081;1
08250919119200517160;08;1;19;020;2025;09;13;6;3;1;5;0;0;1;1;0;0;0;0;519737,664599999785423;5409694,461300000548363;9,268991199000027;48,839909956000042;1
08250823335100360720;08;3;35;043;2025;08;10;7;3;0;7;0;0;1;0;0;0;0;0;513363,941200000233948;5279027,127299999818206;9,178001099000028;47,664499049000028;1
08250904335100471640;08;3;35;043;2025;09;17;5;3;6;2;0;0;0;1;1;0;0;0;511911,668899999931455;5280393,175899999216199;9,158694887000024;47,676818684000068;1
08250824316200389150;08;3;16;010;2025;08;14;1;3;3;6;0;0;1;1;0;0;0;0;432119,619099999777973;5341156,094399999827147;8,086124026000050;48,219996464000076;1
08250914116100435400;08;1;16;019;2025;09;19;1;3;8;1;0;0;1;0;0;0;0;0;523363,626199999824166;5399934,953900000080466;9,317851092000069;48,751989519000063;1
08250826221011396820;08;2;21;000;2025;08;11;3;3;6;7;0;0;0;0;1;0;0;1;478218,147199999541044;5473150,828700000420213;8,699723315000028;49,410650537000038;1
08250917115400442790;08;1;15;045;2025;09;15;4;3;5;3;0;0;1;1;0;0;0;0;500069,350899999961257;5395171,643200000748038;9,000942692000024;48,709576920000075;1
08250904436000415260;08;4;37;047;2025;09;14;5;3;4;6;0;1;1;1;0;0;0;0;516016,986999999731779;5339609,047000000253320;9,215592270000059;48,209507857000062;1
08250826435100370560;08;4;35;016;2025;08;13;3;3;0;7;0;0;1;0;0;0;0;0;535130,988699999637902;5278070,095799999311566;9,467843606000031;47,655072166000082;1
08250906226600416780;08;2;26;096;2025;09;13;7;3;0;7;0;0;1;0;0;0;0;0;475794,021800000220537;5488503,414899999275804;8,665366123000069;49,548651031000077;1
08250826222200395310;08;2;22;000;2025;08;17;3;3;5;3;0;0;1;1;0;0;0;0;461024,258200000040233;5482598,514299999922514;8,461773527000048;49,494769429000030;1
08250910116200450720;08;1;16;080;2025;09;08;4;2;0;1;0;1;1;0;0;0;0;0;519988,746199999935925;5396583,762900000438094;9,271775473000048;48,721959934000040;1
08250916311000469050;08;3;37;116;2025;09;08;3;3;4;6;0;0;1;0;0;0;0;0;417959,417999999597669;5274291,913100000470877;7,908247619000065;47,616835657000081;1
08250903421200457940;08;4;21;000;2025;09;07;4;3;3;2;0;0;1;1;0;0;0;0;573554,549800000153482;5361896,575400000438094;9,993873021000070;48,405931716000055;1
08250912116100430110;08;1;16;019;2025;09;17;6;3;5;3;0;0;1;1;0;0;0;1;524194,268199999816716;5397796,119500000029802;9,329025779000062;48,732717117000050;1
08250910416010460660;08;4;15;091;2025;09;15;4;3;5;4;0;0;0;1;1;0;0;0;513282,918200000189245;5360128,954700000584126;9,179437152000048;48,394181782000032;1
08250919212702464650;08;2;15;017;2025;09;15;6;3;0;7;0;0;1;0;0;0;0;0;456052,086600000038743;5420899,040500000119209;8,399872449000043;48,939456593000045;1
08250907237100528550;08;2;37;004;2025;09;14;1;2;0;1;0;0;1;0;0;0;0;0;452811,293999999761581;5371585,418500000610948;8,361262019000037;48,495617420000031;1
08250824435200365220;08;4;35;018;2025;08;16;1;3;8;1;0;0;1;0;0;0;0;0;524680,470700000412762;5279840,430099999532104;9,328775664000034;47,671483950000038;1
08250905121500423400;08;1;25;005;2025;09;15;6;3;8;1;0;1;1;0;0;0;0;0;514789,942099999636412;5453100,901799999177456;9,203146343000071;49,230510418000051;1
08250907335300454950;08;3;35;100;2025;09;19;1;3;0;1;1;0;1;0;0;0;0;0;489094,686300000175834;5286099,094900000840425;8,854569657000070;47,728176173000065;1
08250827121100376000;08;1;25;034;2025;08;13;4;3;6;7;0;0;0;1;1;0;0;0;497576,543999999761581;5443898,768999999389052;8,966768148000028;49,147908126000061;1
08250919326000461760;08;3;35;043;2025;09;14;6;2;8;1;0;0;1;0;0;0;0;0;511096,463700000196695;5281855,049300000071526;9,147871407000025;47,689986625000074;1
08250916221300528590;08;2;21;000;2025;09;14;3;3;6;5;0;0;0;1;1;0;0;0;476714,730299999937415;5474241,168199999257922;8,678934121000054;49,420402273000036;1
08250904415100448860;08;4;15;050;2025;09;18;5;3;0;1;1;0;1;0;0;0;0;0;521386,317099999636412;5375515,279600000008941;9,289690332000021;48,532379665000065;1
08250902111250412430;08;1;11;000;2025;09;20;3;3;6;6;2;1;1;0;1;0;0;0;519364,453200000338256;5401829,134800000116229;9,263534025000070;48,769166590000054;1
08250913225100431840;08;2;25;002;2025;09;21;7;3;7;1;2;1;1;0;0;0;0;0;499330,831199999898672;5466636,962700000032783;8,990785978000076;49,352447703000053;1
08250919215102481100;08;2;15;109;2025;09;16;6;3;5;3;0;0;1;0;0;0;0;0;460746,213200000114739;5435007,480499999597669;8,462605843000063;49,066680746000031;1
08250826119200387670;08;1;19;020;2025;08;19;3;3;5;3;0;0;1;1;0;0;0;0;520951,730700000189245;5407257,125000000000000;9,285412118000067;48,817944442000055;1
08251010311010600920;08;3;36;008;2025;10;16;6;3;5;3;0;0;1;0;0;0;0;1;395985,562099999748170;5276355,114299999549985;7,615419888000076;47,632239388000073;1
08251009118500531050;08;1;18;021;2025;10;17;5;3;6;2;0;0;0;1;1;0;0;0;522067,514700000174344;5428117,081499999389052;9,301739420000047;49,005554270000061;1
08251004119200521720;08;1;19;093;2025;10;06;7;3;0;7;1;1;1;0;0;0;0;0;524946,635099999606609;5404698,623500000685453;9,339675763000059;48,794781194000052;1
08251004311010540630;08;3;11;000;2025;10;16;7;3;6;4;0;1;0;0;1;0;0;1;414131,410899999551475;5316403,050799999386072;7,848976857000025;47,995158268000068;1
08250929221300494040;08;2;21;000;2025;09;19;2;3;6;4;2;0;1;0;1;0;0;0;477317,990100000053644;5474845,267699999734759;8,687217420000025;49,425858834000053;1
08251001221011571000;08;2;21;000;2025;10;07;4;3;4;5;0;0;1;0;0;0;0;0;476526,422799999825656;5473662,580099999904633;8,676371934000031;49,415190740000071;1
08251016118400584050;08;1;18;048;2025;10;08;5;3;0;1;0;0;1;0;0;0;0;0;515856,229000000283122;5415889,167999999597669;9,216334285000073;48,895747329000073;1
08251009415400741110;08;4;15;061;2025;10;17;5;3;6;4;0;0;1;0;1;0;0;0;515398,970300000160933;5371331,880499999970198;9,208434416000046;48,494919976000062;1
08251011337200536320;08;3;37;060;2025;10;18;7;3;5;3;0;0;1;1;0;0;0;0;470321,758999999612570;5278403,308000000193715;8,604746720000037;47,658343362000039;1
08251001327100546450;08;3;27;050;2025;10;14;4;2;9;1;0;0;1;0;0;0;0;0;486620,367100000381470;5313683,350299999117851;8,820719555000039;47,976315536000072;1
08250928116400512650;08;1;16;072;2025;09;16;1;3;5;3;0;0;1;1;0;0;0;0;531220,405100000090897;5392832,792099999263883;9,424198602000047;48,687755460000062;1
08251015119400547710;08;1;19;041;2025;10;18;4;3;5;2;0;0;1;1;0;0;0;0;527688,983400000259280;5410897,054199999198318;9,377433496000037;48,850424331000056;1
08251008311010527730;08;3;11;000;2025;10;08;4;2;0;1;0;0;1;0;0;0;0;0;413324,633399999700487;5315149,601299999281764;7,838417799000069;47,983774189000030;1
08250928311010501520;08;3;11;000;2025;09;14;1;3;6;7;0;0;0;1;1;0;0;0;408006,907200000248849;5315329,514299999922514;7,767130199000064;47,984649836000074;1
08250929311010502650;08;3;15;131;2025;09;11;2;2;1;5;0;0;1;0;0;0;0;1;406050,850599999539554;5308796,330099999904633;7,742349160000060;47,925598965000063;1
08251006212010547470;08;2;12;000;2025;10;15;2;2;5;3;0;1;1;0;0;0;0;1;458750,188099999912083;5429346,206499999389052;8,435857397000063;49,015626475000033;1
08251016115200562100;08;1;15;021;2025;10;16;5;3;1;5;0;0;1;1;0;0;0;0;489881,896999999880791;5382906,256500000134110;8,862763812000026;48,599153789000070;1
08250928436300476590;08;4;36;049;2025;09;12;1;3;0;7;0;0;1;0;0;0;0;0;580400,895100000314415;5281127,339800000190735;10,071192975000031;47,678533880000032;1
08251009222014557530;08;2;22;000;2025;10;12;5;2;5;3;0;0;1;1;0;0;0;0;462864,244599999859929;5479228,114099999889731;8,487497766000047;49,464569767000057;1
08251001231000571130;08;2;31;000;2025;10;12;4;3;0;7;0;0;0;1;1;0;0;0;478079,281999999657273;5414827,246200000867248;8,700982912000029;48,886009743000045;1
08251002128200525960;08;1;28;061;2025;10;20;5;3;5;2;2;0;1;1;0;0;0;0;543410,119400000199676;5496492,173800000920892;9,600990195000065;49,619431395000049;1
08251002311010529550;08;3;36;050;2025;10;11;5;2;6;4;0;0;0;1;1;0;0;0;399432,012099999934435;5273998,517599999904633;7,661825078000049;47,611585487000070;1
08251001311010534550;08;3;11;000;2025;10;07;4;3;6;7;1;0;0;1;1;0;0;0;414254,155000000260770;5318584,472100000828505;7,850185750000037;48,014797424000051;1
08251009118300577220;08;1;18;003;2025;10;14;5;2;0;7;0;0;1;0;0;0;0;0;509983,325799999758601;5417487,646299999207258;9,136246784000036;48,910249303000057;1
08251016215102615610;08;2;15;105;2025;10;16;5;3;5;3;0;0;1;0;0;0;0;0;456913,770700000226498;5440934,572799999266863;8,409509520000029;49,119738698000049;1
08251012118400553290;08;1;18;048;2025;10;18;1;3;6;4;2;0;0;1;1;0;0;0;515491,163999999873340;5415350,862900000065565;9,211333150000030;48,890914122000027;1
08251002222500519720;08;2;22;000;2025;10;09;5;3;5;3;0;0;1;1;0;0;0;0;463685,079699999652803;5478022,991299999877810;8,498935996000057;49,453779863000079;1
08251009311010549800;08;3;36;091;2025;10;14;5;3;5;3;0;0;1;1;0;0;0;0;396294,585199999623001;5271968,271199999377131;7,620570483000051;47,592828491000034;1
08251002231000536060;08;2;31;000;2025;10;23;5;3;8;1;2;0;1;0;0;0;0;0;478547,778300000354648;5415121,480399999767542;8,707358064000061;48,888672972000052;1
08251008436300542150;08;4;36;081;2025;10;18;4;3;4;6;1;0;1;0;0;0;0;0;556944,335900000296533;5276150,711400000378489;9,758063455000070;47,636251369000036;1
08250926435100487630;08;4;35;016;2025;09;20;6;3;6;4;2;1;0;1;1;0;0;0;534724,703499999828637;5281114,432299999520183;9,462675260000026;47,682485260000078;1
08251001226700571240;08;2;26;095;2025;10;19;4;3;5;5;2;0;1;1;0;0;0;0;474037,035000000149012;5460411,048000000417233;8,642915585000026;49,295893592000027;1
08251007426200527260;08;4;26;070;2025;10;17;3;3;1;5;0;0;1;1;0;0;0;0;565584,508100000210106;5342178,205600000917912;9,883128606000071;48,229432653000060;1
08251008311010527880;08;3;16;056;2025;10;10;4;3;4;6;0;0;1;0;0;0;0;0;420201,773199999704957;5325689,189200000837445;7,928600914000071;48,079478695000034;1
08251002311400537030;08;3;15;074;2025;10;16;5;3;6;4;0;0;1;0;1;0;0;0;397286,910000000149012;5295478,208100000396371;7,628228973000034;47,804460439000081;1
08250926336400497440;08;3;36;045;2025;09;13;6;3;5;3;0;0;1;1;0;0;0;0;399631,612800000235438;5285522,355799999088049;7,661833229000024;47,715276412000037;1
08251003415100521760;08;4;15;014;2025;10;15;6;3;4;1;0;0;1;1;0;0;0;0;524877,667000000365078;5375266,951099999248981;9,336967119000064;48,530016942000032;1
08251002119500526330;08;1;19;085;2025;10;07;5;2;0;1;1;0;1;0;0;0;0;0;530552,871600000187755;5413553,200799999758601;9,416668940000022;48,874183548000076;1
08251005116000571470;08;4;15;089;2025;10;20;1;3;3;6;2;0;1;1;0;0;0;0;520738,425599999725819;5356456,577299999073148;9,279970359000060;48,360942143000045;1
08250928415400491290;08;4;15;061;2025;09;18;1;3;7;7;1;0;0;0;1;0;0;1;513700,834400000050664;5371788,335300000384450;9,185464226000022;48,499065732000076;1
08251001317100538810;08;3;17;001;2025;10;07;4;3;5;3;1;0;1;1;0;0;0;0;431011,072999999858439;5386606,171000000089407;8,063721946000044;48,628715175000082;1
08251014335010574230;08;3;35;043;2025;10;19;3;3;6;4;2;0;0;1;1;0;0;0;512012,358000000007451;5280804,345000000670552;9,160047640000073;47,680516380000029;1
08251013117300556900;08;1;17;026;2025;10;18;2;3;5;3;1;0;1;1;0;0;0;0;548560,524500000290573;5394447,479299999773502;9,659979104000058;48,701172019000069;1
08251013116200581890;08;1;16;077;2025;10;12;2;2;5;3;0;0;1;1;0;0;0;0;515247,458599999547005;5389081,361800000071526;9,207034564000026;48,654601999000079;1
08251014226600572070;08;2;26;096;2025;10;18;3;2;0;7;2;0;1;0;0;0;0;0;475489,318699999712408;5485922,280300000682473;8,661314331000028;49,525422452000043;1
08251009316100594220;08;3;16;011;2025;10;15;5;3;0;7;0;0;1;0;0;0;0;0;413931,093500000424683;5330616,670700000599027;7,843431741000074;48,122986590000039;1