UIDENTSTLAE;ULAND;UREGBEZ;UKREIS;UGEMEINDE;UJAHR;UMONAT;USTUNDE;UWOCHENTAG;UKATEGORIE;UART;UTYP1;ULICHTVERH;IstStrassenzustand;IstRad;IstPKW;IstFuss;IstKrad;IstGkfz;IstSonstige;LINREFX;LINREFY;XGCSWGS84;YGCSWGS84;PLST
08251006221300523790;08;2;21;000;2025;10;13;2;3;6;7;0;0;1;0;1;0;0;0;476550,782399999909103;5473861,078099999576807;8,676696045000028;49,416977133000046;1
08251002111500523690;08;1;11;000;2025;10;17;5;3;1;1;0;0;0;1;1;0;0;0;512882,466099999845028;5398563,659700000658631;9,175217951000036;48,739958458000046;1
08251016111500561220;08;1;11;000;2025;10;14;5;1;0;1;0;1;1;0;0;0;0;0;519469,559700000099838;5401952,126900000497699;9,264970242000061;48,770269732000031;1
08251007335300537570;08;3;35;075;2025;10;15;3;3;5;3;0;0;1;1;0;0;0;0;488701,223399999551475;5288340,996999999508262;8,849264348000077;47,748341072000073;1
08251002317500520770;08;3;17;047;2025;10;16;5;3;5;2;0;0;1;1;0;0;0;0;418786,824000000022352;5364263,914000000804663;7,902203637000071;48,426285338000071;1
08251008436200527840;08;4;36;064;2025;10;11;4;3;5;3;0;0;1;1;0;0;0;0;545510,593000000342727;5291050,800400000065565;9,607418677000055;47,771214429000054;1
08251004426100522210;08;4;26;021;2025;10;10;7;3;6;2;0;0;0;1;1;0;0;0;558663,661000000312924;5327490,210999999195337;9,787919240000065;48,097976352000046;1
08251012222301606100;08;2;22;000;2025;10;09;1;3;5;3;0;0;1;1;0;0;0;0;464699,411899999715388;5481903,431700000539422;8,512584759000049;49,488742474000048;1
08251015119000557420;08;1;19;044;2025;10;16;4;3;0;6;0;0;1;0;0;0;0;1;542787,138700000010431;5425553,672900000587106;9,584766836000028;48,981407366000042;1
08251007311010526650;08;3;15;073;2025;10;15;3;3;3;6;0;0;1;1;0;0;0;0;412525,813500000163913;5313161,598400000482798;7,828119464000054;47,965782677000050;1
08251006235100524260;08;2;35;085;2025;10;09;2;3;0;1;0;1;1;0;0;0;0;0;480397,258799999952316;5397265,515200000256300;8,733440345000076;48,728105203000041;1
08250925212010482130;08;2;12;000;2025;09;08;5;3;5;3;0;1;1;1;0;0;0;0;454811,376400000415742;5429094,496500000357628;8,382020403000070;49,013086402000056;1
08251006425000563320;08;4;25;020;2025;10;06;2;3;5;3;1;1;1;1;0;0;0;0;558327,851200000382960;5362128,382899999618530;9,788184174000037;48,409610130000033;1
08250929436200491390;08;4;36;064;2025;09;08;2;3;6;6;0;0;1;0;1;0;0;0;545510,958200000226498;5293233,486500000581145;9,607652355000027;47,790852086000029;1
08251011116200603420;08;1;16;077;2025;10;14;7;3;6;4;0;0;0;1;1;0;0;0;515065,995000000111759;5391579,034600000828505;9,204661575000046;48,677075673000047;1
08251009311010597970;08;3;11;000;2025;10;07;5;3;5;3;0;1;1;1;0;0;0;0;411416,507299999706447;5316317,096899999305606;7,812610717000041;47,994014715000048;1
08251002336400520360;08;3;36;014;2025;10;17;5;3;0;1;0;0;1;0;0;0;0;0;391184,651100000366569;5280988,384400000795722;7,550380419000021;47,673126005000029;1
08250928136000477840;08;1;36;042;2025;09;15;1;2;6;7;0;0;0;1;1;0;0;0;550266,511099999770522;5405592,092399999499321;9,684523730000024;48,801286742000059;1
08251002317100528620;08;3;17;110;2025;10;00;5;3;0;7;2;0;1;0;0;0;0;0;430200,559399999678135;5381482,326400000602007;8,053585309000027;48,582536228000038;1
08250930111500506190;08;1;11;000;2025;09;16;3;3;4;6;0;0;1;1;0;0;0;1;510938,428299999795854;5397152,604299999773502;9,148739213000056;48,727301768000075;1
08250925311010479330;08;3;11;000;2025;09;10;5;3;1;5;0;1;1;1;0;0;0;0;413109,541199999861419;5316611,913399999961257;7,835239857000033;47,996899002000077;1
08251009111370598140;08;1;11;000;2025;10;19;5;3;5;3;1;0;1;1;0;0;0;0;511715,162999999709427;5406413,637000000104308;9,159564853000063;48,810599382000078;1
08250930435100495780;08;4;35;013;2025;09;17;3;3;4;3;0;1;1;1;0;0;0;0;540685,849000000394881;5274894,053799999877810;9,541519788000073;47,626170720000061;1
08250929136000493350;08;1;36;028;2025;09;18;2;3;0;1;0;0;1;0;0;0;0;0;569127,484699999913573;5404166,418099999427795;9,941099186000031;48,786651905000042;1
08251013118010549760;08;1;18;048;2025;10;18;2;2;6;4;2;0;0;1;1;0;0;0;514209,758999999612570;5415928,354000000283122;9,193872196000029;48,896139787000038;1
08251001225200529250;08;2;25;109;2025;10;22;4;3;0;1;2;0;1;0;0;0;0;0;526472,745400000363588;5492169,030400000512600;9,366216530000031;49,581526729000075;1
08250925436000478270;08;4;37;078;2025;09;17;5;3;5;3;0;1;1;1;0;0;0;0;508544,413999999873340;5315608,175000000745058;9,114529386000072;47,993716405000043;1
08251009311010530930;08;3;11;000;2025;10;17;5;3;5;3;0;0;1;1;0;0;0;0;414037,709999999962747;5317942,722899999469519;7,847412588000054;48,008995585000036;1
08250928212302488450;08;2;12;000;2025;09;00;1;3;0;7;2;0;1;0;0;0;0;0;456649,456000000238419;5428572,855000000447035;8,407211436000068;49,008526056000051;1
08251016118300598530;08;1;18;003;2025;10;15;5;3;6;4;0;0;0;1;1;0;0;0;510490,781399999745190;5417128,494500000029802;9,143162999000026;48,907010080000077;1
08250923436000464620;08;4;35;015;2025;09;07;3;3;0;7;1;0;1;0;0;0;0;0;519427,245400000363588;5298798,045199999585748;9,259643985000025;47,842233849000081;1
08251006115300547580;08;1;15;028;2025;10;18;2;3;0;7;2;1;1;0;0;0;0;0;501396,398199999704957;5403565,817800000309944;9,019009815000061;48,785089458000073;1
08251015135100576490;08;1;35;015;2025;10;10;4;3;0;1;0;0;1;0;0;0;0;0;574431,999200000427663;5386270,365100000053644;10,010076479000077;48,625070529000027;1
08251010126200570920;08;1;26;069;2025;10;07;6;3;6;7;1;0;0;1;1;0;0;0;536616,410899999551475;5447399,910700000822544;9,502414155000054;49,178314093000040;1
08251007226200549400;08;2;26;032;2025;10;12;3;2;5;3;0;0;1;0;0;0;0;1;467619,558100000023842;5463463,441400000825524;8,554407099000059;49,323043006000034;1
08250923311400509960;08;3;15;050;2025;09;13;3;3;6;6;0;1;0;1;1;0;0;0;399608,947200000286102;5303188,661299999803305;7,657443292000039;47,874182096000027;1
08251011211000543620;08;2;16;043;2025;10;02;7;3;6;7;2;0;0;1;1;0;0;0;443540,900000000372529;5412432,278999999165535;8,230211736000058;48,862283080000054;1
08251009221200543510;08;2;21;000;2025;10;16;5;3;0;7;0;0;1;0;0;0;0;0;477723,339900000020862;5473068,251099999994040;8,692906817000051;49,409889850000070;1
08251001118010533360;08;1;15;045;2025;10;08;4;1;8;6;0;0;0;1;1;0;0;0;502015,989400000311434;5394376,373099999502301;9,027399622000075;48,702419354000028;1
08251008119200554200;08;1;19;020;2025;10;10;4;3;5;3;0;0;1;1;0;0;0;0;520511,902300000190735;5408162,635199999436736;9,279465975000051;48,826104898000040;1
08251013115100591290;08;1;15;024;2025;10;15;2;3;0;3;0;0;1;1;0;0;0;0;500229,682000000029802;5387980,100999999791384;9,003118091000033;48,644880885000077;1
08250930118300510410;08;1;18;046;2025;09;13;3;3;5;3;0;0;1;1;0;0;0;0;516269,930999999865890;5413800,713999999687076;9,221895441000072;48,876949441000079;1
08251013436200555010;08;4;36;064;2025;10;15;2;3;5;2;0;0;1;1;0;0;0;0;545900,958899999968708;5293177,369899999350309;9,612853317000031;47,790319522000061;1
08251002117100528090;08;1;17;019;2025;10;17;5;3;0;2;0;0;1;1;0;0;0;0;550664,914699999615550;5393958,535800000652671;9,688517469000033;48,696606384000063;1
08251008421300556400;08;4;21;000;2025;10;13;4;3;5;3;0;0;1;0;0;0;0;0;570705,428999999538064;5360500,319000000134110;9,955146050000053;48,393698029000063;1
08251011212502536160;08;2;12;000;2025;10;16;7;3;2;6;0;0;1;0;0;0;0;1;453842,692300000227988;5428914,059900000691414;8,368794461000050;49,011391660000072;1
08251015311300563200;08;3;11;000;2025;10;14;4;3;6;4;0;0;0;0;1;0;0;1;411604,778900000266731;5316049,655500000342727;7,815188864000049;47,991635062000057;1
08250925111000466620;08;1;11;000;2025;09;08;5;3;2;6;0;1;1;1;0;0;0;0;513304,468000000342727;5401893,900000000372529;9,181065313000033;48,769908282000074;1
08251011421300566410;08;4;25;141;2025;10;17;7;3;5;3;0;0;1;0;0;0;0;0;567254,172600000165403;5363361,979599999263883;9,908988598000064;48,419817420000072;1
08250928121600563800;08;1;25;094;2025;09;16;1;3;3;2;0;0;1;1;0;0;0;0;514430,230999999679625;5437550,187999999150634;9,197648146000063;49,090635489000078;1
08251009111210544750;08;1;11;000;2025;10;13;5;3;6;7;0;0;0;1;1;0;0;0;514886,230499999597669;5397065,158800000324845;9,202417412000045;48,726433313000030;1
08251001212010518250;08;2;12;000;2025;10;14;4;3;6;4;0;0;0;1;1;0;0;0;455333,012900000438094;5428723,361099999397993;8,389194487000054;49,009785990000069;1
08251008426000537280;08;4;26;014;2025;10;13;4;2;8;6;0;0;1;1;0;0;0;0;545799,269399999640882;5316205,435200000181794;9,613939861000063;47,997506562000069;1
08251008221200595260;08;2;21;000;2025;10;20;4;3;3;2;2;0;1;1;0;0;0;0;477135,397800000384450;5472629,829500000923872;8,684827159000065;49,405924508000055;1
08251008119400598210;08;1;19;091;2025;10;13;4;3;6;4;0;0;0;1;1;0;0;0;526962,565600000321865;5406774,995400000363588;9,367260659000067;48,813375537000070;1
08250922311010499600;08;3;11;000;2025;09;07;2;3;5;2;0;1;1;1;0;0;0;0;414623,837600000202656;5317620,328099999576807;7,855333972000039;48,006174095000063;1
08250929436400483860;08;4;36;082;2025;09;17;2;3;1;7;0;0;1;1;0;0;0;0;548056,756799999624491;5295179,393999999389052;9,641856765000057;47,808174330000043;1
08251002226700536920;08;2;26;095;2025;10;12;5;3;5;3;0;0;1;1;0;0;0;0;474018,484899999573827;5460711,645600000396371;8,642640911000058;49,298596672000031;1
08250929135200509330;08;1;35;019;2025;09;15;2;3;6;4;0;0;0;1;1;0;0;0;585150,992300000041723;5392988,466600000858307;10,156891062000057;48,684127910000029;1
08251002311400534080;08;3;15;006;2025;10;18;5;3;5;3;0;0;1;0;0;0;0;0;402647,282300000078976;5307872,255999999120831;7,697008032000042;47,916779003000045;1
08250922231000458620;08;2;36;074;2025;09;15;2;3;6;7;0;0;0;1;1;0;0;0;472485,081299999728799;5421476,320599999278784;8,624226476000047;48,945598744000051;1
08251002311010519870;08;3;11;000;2025;10;08;5;3;5;2;0;0;1;1;0;0;0;0;413773,848000000230968;5315866,734999999403954;7,844292665000069;47,990285790000030;1
08251015222500548570;08;2;22;000;2025;10;16;4;3;5;3;0;0;1;1;0;0;0;0;463685,748999999836087;5478022,142000000923872;8,498945308000032;49,453772264000065;1
08250928119200503800;08;1;19;020;2025;09;15;1;3;0;6;0;0;1;1;0;0;0;0;521031,518799999728799;5405003,783999999985099;9,286383552000075;48,797671129000037;1
08251001215102548820;08;2;15;109;2025;10;07;4;3;5;3;0;0;1;1;0;0;0;0;461776,486100000329316;5439217,843100000172853;8,476311788000032;49,104618213000037;1
08251004216100522440;08;2;16;043;2025;10;05;7;3;6;4;2;1;0;1;1;0;0;0;441332,337500000372529;5412230,505799999460578;8,200131154000076;48,860263179000071;1
08250924118300494270;08;1;18;046;2025;09;14;4;3;6;4;0;1;0;1;1;0;0;0;514599,446200000122190;5411885,877699999138713;9,199044560000061;48,859765607000043;1
08250922226400481360;08;2;26;037;2025;09;16;2;3;5;5;0;1;1;1;0;0;0;0;465987,428199999965727;5468505,618000000715256;8,531517434000023;49,368307475000051;1
08251015118400548100;08;1;18;048;2025;10;15;4;3;0;1;0;0;1;0;0;0;0;0;514473,841599999926984;5415609,429800000041723;9,197463910000067;48,893264719000058;1
08251007421200526720;08;4;21;000;2025;10;18;3;3;0;1;0;0;1;0;0;0;0;0;572836,911299999803305;5360467,339299999177456;9,983929762000059;48,393158751000044;1
08250926416200511860;08;4;16;041;2025;09;21;6;3;0;1;2;1;1;0;0;0;0;0;504055,910699999891222;5373389,522399999201298;9,054919386000051;48,513606946000039;1
08250922222014470210;08;2;22;000;2025;09;15;2;3;5;3;0;0;1;1;0;0;0;0;461958,521499999798834;5480136,196200000122190;8,474911338000027;49,472681458000068;1
08251008115200594990;08;1;15;021;2025;10;12;4;2;5;3;0;0;1;1;0;0;0;0;489600,359899999573827;5382511,210200000554323;8,858955109000021;48,595595251000077;1
08251015415100576060;08;4;15;050;2025;10;18;4;3;5;3;1;0;1;1;0;0;0;0;521970,280399999581277;5375817,795600000768900;9,297616301000062;48,535080992000076;1
08250926435100471780;08;4;35;030;2025;09;18;6;3;5;3;1;1;1;0;0;0;0;0;540976,644399999640882;5271461,485999999567866;9,545069028000057;47,595268226000030;1
08251007127100527890;08;1;27;076;2025;10;16;3;3;5;3;0;0;1;1;0;0;0;0;556475,658200000412762;5439645,693299999460578;9,773794835000047;49,107061423000061;1
08251010326200547980;08;3;26;074;2025;10;13;6;3;5;2;0;0;1;1;0;0;0;0;463596,537899999879301;5323213,017699999734759;8,511410160000025;48,061156557000061;1
08251006436000596110;08;4;37;078;2025;10;06;2;3;6;7;2;0;0;1;1;0;0;0;508263,460099999792874;5315716,037000000476837;9,110765562000040;47,994690552000066;1
08251002221400535990;08;2;26;084;2025;10;09;5;3;5;2;0;0;1;1;0;0;0;0;468871,296299999579787;5470391,773499999195337;8,571090440000035;49,385427161000052;1
08251007222800564810;08;2;22;000;2025;10;13;3;3;5;3;0;1;1;1;0;0;0;0;462820,371199999935925;5486104,881799999624491;8,486245265000036;49,526420029000064;1
08251011327100555570;08;3;27;050;2025;10;22;7;3;7;1;2;0;1;0;0;0;0;0;486573,920800000429153;5314902,433499999344349;8,820059088000050;47,987282863000075;1
08251015212702615510;08;2;15;096;2025;10;11;4;3;2;6;0;0;1;0;0;0;0;1;463588,962399999611080;5417402,115199999883771;8,503099423000037;48,908489907000046;1
08251003317500520920;08;3;17;096;2025;10;23;6;3;0;1;2;0;1;0;0;0;0;0;423031,755199999548495;5368776,537900000810623;7,958744694000075;48,467409449000058;1
08251002311010529010;08;3;11;000;2025;10;10;5;3;5;2;0;0;1;0;0;0;0;1;410568,651300000026822;5316601,163200000301003;7,801189269000076;47,996451929000045;1
08251012435100537660;08;4;35;024;2025;10;15;1;3;5;3;0;0;1;1;0;0;0;0;527886,816700000315905;5279843,876099999994040;9,371487670000022;47,671384619000037;1
08251001221300523750;08;2;21;000;2025;10;15;4;3;4;6;0;0;1;1;0;0;0;0;476720,712100000120699;5475708,067900000140071;8,678930508000064;49,433596981000051;1
08251015128100545780;08;1;28;007;2025;10;16;4;3;6;4;0;0;0;1;1;0;0;0;555772,702499999664724;5482449,549200000241399;9,770140446000028;49,492118015000074;1
08251014212010576630;08;2;12;000;2025;10;11;3;3;5;3;0;0;1;0;0;0;0;0;461160,875699999742210;5426998,328999999910593;8,469049611000059;48,994663268000068;1
08250926212010497270;08;2;12;000;2025;09;18;6;2;0;7;1;0;0;0;1;0;0;1;456883,772499999962747;5427706,825699999928474;8,410507333000055;49,000752423000051;1
08251008311010542000;08;3;11;000;2025;10;15;4;2;5;2;0;0;1;0;0;0;1;0;413112,876099999994040;5320137,581000000238419;7,834570060000033;48,028613910000047;1
08251001128100531280;08;1;28;007;2025;10;11;4;3;0;1;0;0;1;0;0;0;0;0;555665,208499999716878;5481553,589900000020862;9,768530088000034;49,484069591000036;1
08250921436400488150;08;4;36;009;2025;09;16;1;3;0;7;0;0;1;0;0;0;0;0;556194,780700000002980;5307826,044600000604987;9,752185415000042;47,921292346000030;1
08251015215502562830;08;2;15;106;2025;10;13;4;3;6;7;0;0;1;0;1;0;0;0;467650,994699999690056;5454243,399499999359250;8,555585580000070;49,240111279000075;1
08250923215102503700;08;2;15;109;2025;09;15;3;3;0;7;0;1;1;0;0;0;0;0;462125,646900000050664;5435060,953700000420213;8,481484805000036;49,067248125000049;1
08250929126200508630;08;1;26;069;2025;09;06;2;3;5;3;2;0;1;1;0;0;0;0;538890,772900000214577;5445728,584799999371171;9,533457767000073;49,163140613000053;1
08251015317000568610;08;3;17;089;2025;10;12;4;3;6;7;0;0;0;1;1;0;0;0;431878,379200000315905;5375816,904400000348687;8,077259186000049;48,531759670000042;1
08251005111500529460;08;1;11;000;2025;10;10;1;3;6;4;0;1;0;1;1;0;0;0;515972,298200000077486;5407559,131200000643730;9,217592822000029;48,820809222000037;1
08251009119400530450;08;1;19;041;2025;10;07;5;2;5;3;1;1;1;1;0;0;0;0;526646,697499999776483;5409542,043500000610948;9,363138075000052;48,838280723000025;1
08251009121600557820;08;1;25;102;2025;10;15;5;3;5;3;0;0;1;1;0;0;0;0;521393,809600000269711;5444044,632300000637770;9,293370235000054;49,148852329000078;1
08251004436400521690;08;4;36;082;2025;10;10;7;3;5;2;0;0;1;1;0;0;0;0;547459,605600000359118;5295682,084000000730157;9,633936627000026;47,812741315000039;1
08251012119300567580;08;1;19;067;2025;10;15;1;3;1;5;0;0;1;1;0;0;0;0;538678,526200000196695;5406119,847799999639392;9,526777579000054;48,806863269000075;1
08250921421200499510;08;4;25;072;2025;09;16;1;3;0;6;0;0;1;1;0;0;0;0;582394,831799999810755;5372692,919299999251962;10,115426485000057;48,501948682000034;1
08250925311010466300;08;3;11;000;2025;09;10;5;3;6;2;0;1;0;1;1;0;0;0;414575,810200000181794;5318499,820199999958277;7,854514979000044;48,014079035000066;1
08251010326200592530;08;3;26;074;2025;10;17;6;3;5;2;0;0;1;1;0;0;0;0;464495,778099999763072;5322404,763599999248981;8,523545991000049;48,053935555000066;1
08251005226200533190;08;2;26;032;2025;10;15;1;3;5;3;0;0;1;1;0;0;0;0;466979,220800000242889;5463239,397800000384450;8,545614137000030;49,320993464000026;1
08251014211000613820;08;3;17;001;2025;10;11;3;3;6;4;0;0;0;1;1;0;0;0;431634,412800000049174;5386972,669600000604987;8,072119946000043;48,632080289000044;1
08250921336300469310;08;3;36;081;2025;09;10;1;3;2;6;0;0;1;0;0;0;0;0;409885,231499999761581;5277728,873999999836087;7,800116233000040;47,646681090000072;1
08251015226700578080;08;2;26;065;2025;10;13;4;3;5;3;0;0;1;0;0;0;0;1;478068,100700000301003;5457847,626399999484420;8,698497018000069;49,272993512000028;1
08250925111240498990;08;1;11;000;2025;09;15;5;2;6;4;0;0;1;0;1;0;0;0;518936,162999999709427;5400382,006200000643730;9,257638821000057;48,756161549000069;1
08250924436200478550;08;4;36;064;2025;09;06;4;3;5;2;1;1;1;1;0;0;0;0;544768,798000000417233;5292255,482100000604987;9,597642877000055;47,782104975000038;1
08251010215302594510;08;2;15;007;2025;10;20;6;3;5;7;2;0;1;1;0;0;0;0;478376,398500000126660;5431015,308800000697374;8,704175865000025;49,031640892000041;1
08250923222014461580;08;2;21;000;2025;09;09;3;1;6;4;0;0;0;1;1;0;0;0;478496,450500000268221;5468855,486099999397993;8,703792249000060;49,372024331000034;1
08251007216300526700;08;2;16;017;2025;10;15;3;3;0;1;0;0;1;0;0;0;0;0;452170,415799999609590;5398628,680199999362230;8,349469476000024;48,738840384000071;1
08250921128200486530;08;1;28;139;2025;09;01;1;2;1;5;2;0;1;0;0;0;1;0;552522,964900000020862;5488270,167500000447035;9,726044830000035;49,544759161000059;1
08251010437100565040;08;4;37;100;2025;10;13;6;3;6;7;0;0;1;0;1;0;0;0;537225,906000000424683;5318271,721000000834465;9,499198198000045;48,016653312000074;1
08251016435100584140;08;4;35;016;2025;10;16;5;3;6;7;0;0;0;0;1;0;0;1;535586,110199999995530;5277798,657600000500679;9,473882205000052;47,652605047000065;1
08251015311010613840;08;3;11;000;2025;10;13;4;3;5;3;0;0;1;1;0;0;0;0;410266,169200000353158;5315740,963899999856949;7,797315312000023;47,988671870000076;1
08251002221200549170;08;2;21;000;2025;10;21;5;3;6;2;2;0;0;1;1;0;0;0;477844,969399999827147;5473241,956700000911951;8,694573812000044;49,411456746000056;1
08251013212302558310;08;2;12;000;2025;10;11;2;3;0;7;0;0;1;0;0;0;0;0;456581,314100000075996;5428436,237099999561906;8,406294307000053;49,007292371000062;1
08250925435100497090;08;4;35;030;2025;09;08;5;3;5;3;0;1;1;1;0;0;0;0;541253,139499999582767;5272053,672000000253320;9,548802491000060;47,600578830000075;1
08251009118400568810;08;1;18;048;2025;10;11;5;3;4;6;0;0;1;1;0;0;0;0;513858,071299999952316;5416343,859200000762939;9,189088037000033;48,899885526000048;1
08251013222500562210;08;2;26;009;2025;10;17;2;3;6;4;0;0;0;1;1;0;0;0;466063,408400000073016;5473027,646400000900030;8,532177867000030;49,408986037000034;1
08251006317500524030;08;3;17;009;2025;10;09;2;3;0;1;0;1;1;0;0;0;0;0;426134,059000000357628;5361587,994500000029802;8,001974419000021;48,403119556000036;1
08251004435200539740;08;4;35;059;2025;10;08;7;3;1;6;0;1;1;1;0;0;0;0;512054,348100000061095;5290598,913699999451637;9,160878218000050;47,768643068000074;1
08250922221200494080;08;2;21;000;2025;09;10;2;3;0;2;0;1;1;1;0;0;0;0;476377,776800000108778;5472952,826999999582767;8,674364834000073;49,408800880000058;1
08250930221011567390;08;2;21;000;2025;09;17;3;2;5;5;0;0;1;1;0;0;0;0;473939,365399999544024;5472318,763000000268221;8,640793314000064;49,402998053000033;1
08251007111500527310;08;1;11;000;2025;10;09;3;3;6;4;0;1;0;1;1;0;0;0;512372,400399999693036;5408832,044999999925494;9,168589580000059;48,832342298000071;1
08250921119400452580;08;1;19;091;2025;09;09;1;3;0;7;0;0;1;0;0;0;0;0;525648,361100000329316;5406335,482400000095367;9,349332594000032;48,809477430000072;1
08251016121200580910;08;1;21;000;2025;10;15;5;3;5;3;0;0;1;1;0;0;0;0;514732,750000000000000;5442827,735999999567866;9,201984319000076;49,138101878000043;1
08250921119100489730;08;1;19;008;2025;09;13;1;3;4;2;0;0;1;0;0;0;0;0;532612,229799999855459;5421639,007300000637770;9,445398919000070;48,946814400000051;1
08250922118400457190;08;1;18;048;2025;09;13;2;3;0;1;0;1;1;0;0;0;0;0;515948,592000000178814;5415755,220000000670552;9,217589200000077;48,894540001000053;1
08250925436200471340;08;4;36;064;2025;09;14;5;3;0;7;0;1;1;0;0;0;0;0;545739,010999999940395;5291236,373500000685453;9,610486679000076;47,772867863000045;1
08251005435200524410;08;4;35;059;2025;10;13;1;3;0;1;0;0;1;0;0;0;0;0;514046,707100000232458;5289178,816500000655651;9,187422352000056;47,755825375000029;1
08251012335300570350;08;3;35;026;2025;10;16;1;3;2;6;0;0;1;0;0;0;0;0;482976,305200000293553;5281351,147500000894070;8,773162535000040;47,685323743000026;1
08250924212010497500;08;2;12;000;2025;09;09;4;3;4;2;0;1;1;0;0;0;0;0;455975,678600000217557;5428593,208100000396371;8,397996320000061;49,008661435000079;1
08251013115400539250;08;1;15;045;2025;10;07;2;3;5;2;0;0;1;1;0;0;0;0;500729,935200000181794;5396266,856699999421835;9,009924006000062;48,719429107000053;1
08251003128200520570;08;1;28;139;2025;10;09;6;3;5;3;0;0;1;1;0;0;0;0;551106,371100000105798;5490824,212899999693036;9,706795753000051;49,567851602000076;1
08250921317600489650;08;3;17;039;2025;09;14;1;3;4;6;0;1;1;1;0;0;0;0;440819,056699999608099;5344084,087799999862909;8,202823168000066;48,247207793000030;1
08251007317000543210;08;3;17;113;2025;10;14;3;3;3;6;0;0;1;0;0;0;0;0;409541,544700000435114;5344652,365800000727177;7,781470448000050;48,248627083000031;1
08250926311010497740;08;3;11;000;2025;09;16;6;3;5;3;0;1;1;0;0;0;0;0;412476,904000000096858;5314449,542099999263883;7,827202042000067;47,977361488000042;1
08250924221200483950;08;2;21;000;2025;09;09;4;3;5;7;0;1;1;1;0;0;0;0;477318,797500000335276;5472885,796700000762939;8,687340538000058;49,408233757000062;1
08250922226700509250;08;2;26;095;2025;09;19;2;3;5;3;2;1;1;1;0;0;0;0;474017,221300000324845;5460712,885500000789762;8,642623451000077;49,298607771000036;1
08250923337400486390;08;3;37;096;2025;09;19;3;2;6;6;0;1;0;0;1;0;1;0;421989,487300000153482;5267845,252299999818206;7,963014631000021;47,559337003000053;1
08251014436300594280;08;4;36;049;2025;10;16;3;3;0;1;0;0;1;1;0;0;0;0;577767,954800000414252;5283355,576600000262260;10,036517077000042;47,698901653000064;1
08250920437200461530;08;4;37;107;2025;09;02;7;3;0;1;2;0;1;0;0;0;0;0;507376,263399999588728;5329280,825500000268221;9,099107300000071;48,116744974000028;1
08251015111250576560;08;1;11;000;2025;10;09;4;3;0;4;0;0;0;1;1;0;0;0;515418,606800000183284;5403720,483999999240041;9,209905705000040;48,786291264000056;1
08250930326400503180;08;3;26;074;2025;09;07;3;3;5;3;0;0;1;1;0;0;0;0;457567,860999999567866;5323055,951899999752641;8,430515578000040;48,059370948000037;1
08250922436200487710;08;4;36;064;2025;09;06;2;3;6;6;1;1;1;0;1;0;0;0;545825,813699999824166;5291768,082499999552965;9,611701287000074;47,777645496000048;1
08250926111230510830;08;1;11;000;2025;09;13;6;3;4;6;0;0;1;0;0;0;0;0;511586,282200000248849;5397891,065300000831485;9,157569361000071;48,733933259000025;1
08250929111140484360;08;1;11;000;2025;09;15;2;3;6;2;0;0;0;1;1;0;0;0;512217,229299999773502;5403610,131300000473857;9,166319754000028;48,785369670000080;1
08251004311010544430;08;3;11;000;2025;10;12;7;2;1;5;0;0;1;1;0;0;0;0;414177,342100000008941;5315695,847400000318885;7,849733814000047;47,988802869000040;1
08251016212010581240;08;2;12;000;2025;10;16;5;3;5;3;0;0;1;1;0;0;0;0;453484,898099999874830;5430699,278200000524521;8,363697233000039;49,027422886000068;1
08251012335100570800;08;3;35;043;2025;10;16;1;3;3;6;0;0;1;0;0;0;0;0;513320,453900000080466;5279169,148199999704957;9,177426203000039;47,665777804000072;1
08251009121200537800;08;1;21;000;2025;10;09;5;2;0;7;0;1;1;0;0;0;0;0;513853,980299999937415;5440791,184200000017881;9,189866593000033;49,119802798000080;1
08251007317000527140;08;3;17;059;2025;10;17;3;3;5;3;0;0;1;0;0;0;0;1;415443,679899999871850;5347968,788799999281764;7,860295770000050;48,279273251000063;1
08251001226400532860;08;2;26;084;2025;10;16;4;3;5;3;0;0;1;1;0;0;0;0;469864,730100000277162;5469677,718399999663234;8,584832285000061;49,379054360000055;1
08251007311010526740;08;3;36;091;2025;10;08;3;3;5;3;0;0;1;1;0;0;0;0;396466,712299999780953;5271923,912599999457598;7,622869806000040;47,592456982000044;1
08251002436200521010;08;4;36;064;2025;10;16;5;3;0;6;0;0;1;0;0;0;0;1;542722,736499999649823;5291952,631300000473857;9,570300526000040;47,779519162000042;1
08250929221300482910;08;2;21;000;2025;09;13;2;3;1;7;0;0;1;1;0;0;0;0;477529,560800000093877;5474716,438100000843406;8,690142211000023;49,424707890000036;1
08250920435200485920;08;4;35;036;2025;09;19;7;3;6;6;1;0;1;0;1;0;0;0;520422,010499999858439;5282169,416400000452995;9,272157185000026;47,692587729000081;1
08250924226600463640;08;2;26;031;2025;09;08;4;3;3;5;0;1;1;1;0;0;0;0;474206,426500000059605;5493244,174499999731779;8,643108211000026;49,591226485000050;1
08250929415100504090;08;4;15;078;2025;09;15;2;2;0;1;0;0;1;0;0;0;0;0;529332,660000000149012;5371000,595899999141693;9,397008505000031;48,491443663000041;1
08250923117010475240;08;1;17;019;2025;09;10;3;3;2;6;0;0;1;1;0;0;0;0;552248,636300000362098;5393969,045900000259280;9,710039291000044;48,696570304000034;1
08251015111230547840;08;1;11;000;2025;10;16;4;3;5;2;0;0;1;1;0;0;0;0;510896,273500000126660;5397037,572599999606609;9,148162960000036;48,726267680000035;1