UIDENTSTLAE;ULAND;UREGBEZ;UKREIS;UGEMEINDE;UJAHR;UMONAT;USTUNDE;UWOCHENTAG;UKATEGORIE;UART;UTYP1;ULICHTVERH;IstStrassenzustand;IstRad;IstPKW;IstFuss;IstKrad;IstGkfz;IstSonstige;LINREFX;LINREFY;XGCSWGS84;YGCSWGS84;PLST
08250924212102478890;08;2;12;000;2025;09;08;4;3;6;7;0;1;0;1;1;0;0;0;458139,134700000286102;5428597,814799999818206;8,427578100000062;49,008853423000062;1
08251016127100566190;08;1;27;076;2025;10;16;5;2;0;7;0;0;1;0;0;0;0;0;553084,036999999545515;5438894,481899999082088;9,727230224000039;49,100606592000076;1
08250920436000480280;08;4;37;118;2025;09;18;7;3;0;1;0;0;1;0;0;0;0;0;511656,731700000353158;5310992,439699999988079;9,156121546000065;47,952138560000037;1
08251003136000520500;08;1;36;065;2025;10;14;6;3;6;4;0;0;1;0;1;0;0;0;556624,647300000302494;5404286,449300000444055;9,770920404000037;48,788995653000029;1
08251010116200593330;08;1;16;077;2025;10;17;6;2;5;3;0;0;1;1;0;0;0;0;515737,817699999548495;5392054,687599999830127;9,213805886000046;48,681338101000051;1
08250921421200487340;08;4;21;000;2025;09;11;1;3;4;6;0;0;1;0;0;0;0;0;572917,734699999913573;5360811,182800000533462;9,985081121000064;48,396242363000056;1
08250920435200450920;08;4;35;036;2025;09;16;7;3;0;7;0;0;1;1;0;0;0;0;520833,733199999667704;5281954,731899999082088;9,277633756000057;47,690642946000025;1
08251010436400532990;08;4;36;047;2025;10;19;6;3;2;6;0;0;1;0;0;0;0;0;534251,301599999889731;5308479,432800000533462;9,458529613000053;47,928719074000071;1
08251016311010578800;08;3;11;000;2025;10;16;5;3;0;4;0;0;0;0;1;1;0;0;412686,662499999627471;5314721,532500000670552;7,829956883000023;47,979836796000029;1
08251008119100626270;08;1;19;075;2025;10;11;4;3;0;7;0;0;1;0;0;0;0;0;536223,000400000251830;5427460,701300000771880;9,495229337000069;48,998981470000047;1
08250920435100484940;08;4;35;016;2025;09;17;7;3;5;3;0;0;1;0;0;0;0;0;537029,652300000190735;5280364,720100000500679;9,493321887000036;47,675611888000049;1
08250930436000482700;08;4;35;024;2025;09;14;3;3;0;1;0;0;1;0;0;0;0;0;527635,624099999666214;5279228,128599999472499;9,368102581000073;47,665855201000056;1
08250929317000479720;08;3;17;065;2025;09;20;2;3;3;3;2;0;1;0;0;0;0;1;414013,367999999783933;5355280,547800000756979;7,839530661000026;48,344848779000074;1
08251015421200563100;08;4;21;000;2025;10;18;4;3;4;2;1;0;1;1;0;0;0;0;572089,185600000433624;5361926,869100000709295;9,974081153000043;48,406373526000039;1
08251008311100555860;08;3;15;132;2025;10;18;4;3;0;7;0;0;1;0;0;0;0;0;409074,866000000387430;5324205,030600000172853;7,779555893000065;48,064638771000034;1
08250920421300484190;08;4;21;000;2025;09;10;7;3;1;7;0;0;1;1;0;0;0;0;572606,887000000104308;5360267,123999999836087;9,980788299000039;48,391384293000044;1
08251002311010520650;08;3;11;000;2025;10;18;5;3;5;2;0;0;1;1;0;0;0;0;415218,286799999885261;5319489,074500000104308;7,862932744000034;48,023063330000070;1
08250924212010493640;08;2;12;000;2025;09;23;4;3;3;5;2;1;1;1;0;0;0;0;455750,220800000242889;5428298,644999999552965;8,394945617000076;49,005995684000027;1
08251014116500542660;08;1;16;008;2025;10;17;3;3;4;2;0;0;1;1;0;0;0;0;519521,738599999807775;5379912,607000000774860;9,264640023000027;48,571999785000060;1
08250928121200500610;08;1;21;000;2025;09;12;1;3;5;3;0;0;1;0;0;0;0;1;516532,595999999903142;5443365,603000000119209;9,226681876000043;49,142894365000075;1
08250920421201458160;08;4;21;000;2025;09;20;7;3;0;7;2;0;1;0;0;0;0;0;573665,033900000154972;5361345,930500000715256;9,995269006000058;48,400965655000050;1
08250922335000475820;08;3;35;075;2025;09;06;2;2;6;4;2;1;0;0;1;0;0;1;489893,858000000007451;5289185,865000000223517;8,865155462000075;47,755962610000040;1
08251002435100520160;08;4;35;016;2025;10;15;5;3;0;7;0;0;1;0;0;0;0;0;535813,060700000263751;5281470,056099999696016;9,477205305000041;47,685625552000033;1
08250929425000505240;08;4;25;020;2025;09;15;2;3;2;6;0;0;1;0;0;0;0;1;560316,103000000119209;5360650,643999999389052;9,814836271000047;48,396129754000071;1
08251006436000530850;08;4;35;036;2025;10;12;2;3;5;3;0;0;1;1;0;0;0;0;521607,809799999929965;5282505,288599999621511;9,287976367000056;47,695571189000077;1
08251010335400563820;08;3;35;079;2025;10;06;6;3;0;4;2;0;0;0;1;0;0;1;501093,072200000286102;5300026,848799999803305;9,014612028000045;47,853582586000073;1
08251012136000564920;08;1;36;065;2025;10;15;1;3;6;1;0;0;1;0;1;0;0;0;558015,176099999807775;5405730,116100000217557;9,790053902000068;48,801853384000026;1
08250923222700509890;08;2;22;000;2025;09;09;3;3;4;7;0;1;1;1;0;0;0;0;464122,759200000204146;5480505,612600000575185;8,504749721000053;49,476135935000059;1
08251007221400550760;08;2;21;000;2025;10;19;3;3;0;7;2;0;1;0;0;0;0;0;478398,824400000274181;5469813,371799999848008;8,702395466000041;49,380636969000079;1
08250930226600506630;08;2;26;096;2025;09;18;3;3;0;3;0;0;1;0;0;0;0;0;473676,902599999681115;5488121,039300000295043;8,636124297000038;49,545123389000025;1
08251016111230548730;08;1;11;000;2025;10;07;5;3;5;3;0;0;1;0;0;0;0;1;508210,293100000359118;5398327,545299999415874;9,111665903000073;48,737913473000049;1
08251014327100572710;08;3;27;050;2025;10;19;3;3;5;3;1;0;1;1;0;0;0;0;486482,523400000296533;5314532,380300000309944;8,818845805000024;47,983951508000075;1
08251011212010578310;08;2;12;000;2025;10;10;7;3;6;4;0;0;1;0;1;0;0;0;456607,770499999634922;5428702,241299999877810;8,406627618000073;49,009686971000065;1
08251009336200556910;08;3;36;069;2025;10;09;5;3;1;7;0;1;0;1;1;0;0;0;408689,951000000350177;5268486,517899999395013;7,786129966000033;47,563371313000061;1
08250925118100511150;08;1;18;071;2025;09;13;5;3;0;1;0;1;1;0;0;0;0;0;510368,650200000032783;5419002,505799999460578;9,141543954000042;48,923870221000072;1
08251015326200567110;08;3;26;003;2025;10;17;4;3;6;4;0;0;0;1;1;0;0;0;464920,534799999557436;5319064,241599999368191;8,529519595000068;48,023904968000068;1
08250921119200495490;08;1;19;020;2025;09;21;1;2;0;1;2;1;1;0;0;0;0;0;520855,945799999870360;5406864,093800000846386;9,284087339000052;48,814412037000068;1
08251009116010549580;08;1;16;027;2025;10;17;5;3;1;5;0;0;1;1;0;0;0;0;534588,116899999789894;5393278,483999999240041;9,469992237000042;48,691587251000044;1
08251002136100539220;08;1;36;088;2025;10;07;5;3;4;2;0;0;1;1;0;0;0;0;579456,729299999773502;5410047,181900000199676;10,082835242000044;48,838311450000049;1
08251011115200578680;08;1;15;015;2025;10;15;7;2;0;7;0;0;1;0;0;0;0;0;493381,854500000365078;5387146,440199999138713;8,910167509000075;48,637346134000040;1
08250920415300450890;08;4;15;073;2025;09;14;7;3;7;1;0;0;1;0;0;0;0;0;515952,287600000388920;5348218,788799999281764;9,215045904000021;48,286969039000041;1
08250922326200472260;08;3;26;074;2025;09;07;2;2;5;2;1;1;1;1;0;0;0;0;466599,860500000417233;5323147,148499999195337;8,551723127000059;48,060728275000031;1
08251009121200544670;08;1;21;000;2025;10;11;5;3;5;3;0;1;1;1;0;0;0;0;512166,917700000107288;5440508,434699999168515;9,166737253000065;49,117295063000029;1
08251009425000545320;08;4;25;033;2025;10;14;5;3;0;1;0;1;1;0;0;0;0;0;553837,337399999611080;5348094,916300000622869;9,725714532000040;48,283765865000078;1
08251006335200524560;08;3;35;063;2025;10;17;2;3;1;5;0;0;1;1;0;0;0;0;496803,392699999734759;5287256,170600000768900;8,957362339000042;47,738671312000065;1
08250920317500508550;08;3;17;034;2025;09;17;7;3;8;1;0;0;1;0;0;0;0;0;427135,949500000104308;5362134,789300000295043;8,015414238000062;48,408154708000041;1
08251016116100620590;08;1;16;019;2025;10;06;5;3;5;3;0;0;1;1;0;0;0;0;522528,597000000067055;5399003,000399999320507;9,306440107000071;48,743636546000062;1
08251001121500571110;08;1;25;065;2025;10;17;4;2;3;6;0;0;1;0;0;0;0;1;518116,533999999985099;5450060,644999999552965;9,248700883000026;49,203073336000045;1
08250924311400466140;08;3;15;074;2025;09;12;4;3;5;3;0;1;1;1;0;0;0;0;395840,455400000326335;5296429,376099999994040;7,608688362000066;47,812783590000038;1
08250921111340461700;08;1;11;000;2025;09;20;1;3;0;7;2;1;1;0;0;0;0;0;508190,139700000174344;5406753,079199999570847;9,111559622000073;48,813709428000038;1
08251006212010540580;08;2;12;000;2025;10;09;2;3;0;1;0;1;1;0;0;0;0;0;460718,000400000251830;5427628,928099999204278;8,462934578000045;49,000307630000066;1
08251008121300542130;08;1;21;000;2025;10;16;4;3;0;2;0;0;1;1;0;0;0;0;514056,878999999724329;5448062,200999999418855;9,192901054000060;49,185203363000028;1
08251001226600536700;08;2;26;031;2025;10;17;4;3;5;3;0;0;1;1;0;0;0;0;474413,782300000078976;5493308,293400000780821;8,645973050000066;49,591812014000027;1
08250920317000508420;08;3;17;065;2025;09;18;7;3;5;3;0;0;1;1;0;0;0;0;416120,356499999761581;5354631,528699999675155;7,868089857000029;48,339294249000034;1
08251014317000557830;08;3;17;096;2025;10;07;3;3;6;6;0;0;1;0;1;0;0;0;422854,848799999803305;5369991,098200000822544;7,956127754000022;48,478312682000080;1
08251001435200518100;08;4;35;034;2025;10;10;4;3;5;3;0;0;1;1;0;0;0;0;529029,086000000126660;5285004,413000000640750;9,387047235000068;47,717766085000051;1
08251013327100538530;08;3;27;050;2025;10;18;2;3;4;2;1;0;1;1;0;0;0;0;486440,687099999748170;5314080,535199999809265;8,818299407000040;47,979885295000031;1
08250925111110629360;08;1;11;000;2025;09;15;5;3;6;7;0;0;0;1;1;0;0;0;511013,717000000178814;5400633,831700000911951;9,149856049000050;48,758617525000034;1
08250925116100513950;08;1;16;019;2025;09;21;5;3;7;1;2;1;1;0;0;0;0;0;523188,941999999806285;5399409,669800000265241;9,315445054000065;48,747270660000027;1
08251002421300574720;08;4;21;000;2025;10;07;5;3;5;3;0;0;1;1;0;0;0;0;570733,875400000251830;5360848,705600000917912;9,955588960000057;48,396828685000060;1
08251015435100546340;08;4;35;016;2025;10;16;4;3;0;1;0;0;1;0;0;0;0;0;534206,395299999974668;5282288,740900000557303;9,455861556000059;47,693078615000047;1
08251008221011595010;08;2;21;000;2025;10;08;4;2;5;5;0;0;1;0;0;0;0;1;474694,648299999535084;5471706,546499999240041;8,651242547000038;49,397523146000026;1
08250920317000450580;08;3;17;065;2025;09;12;7;3;5;3;0;0;1;1;0;0;0;0;414713,373999999836087;5354633,951999999582767;7,849106853000023;48,339127667000071;1
08251015222200578540;08;2;22;000;2025;10;16;4;3;3;6;0;0;1;1;0;0;0;0;461157,706100000068545;5482251,666099999099970;8,463650350000023;49,491658279000035;1
08250920426300452550;08;4;26;045;2025;09;18;7;3;0;1;0;0;1;0;0;0;0;0;531480,339399999938905;5328236,895400000736117;9,422886379000033;48,106617397000036;1
08251010337400557080;08;3;37;126;2025;10;12;6;2;6;7;0;0;0;1;1;0;0;0;440574,119900000281632;5274693,092399999499321;8,209102400000063;47,622914270000081;1
08251015118010559830;08;1;15;045;2025;10;19;4;3;6;2;2;0;0;0;1;0;1;0;500506,337299999780953;5394522,459799999371171;9,006881888000066;48,703736614000036;1
08250924127202480740;08;1;27;043;2025;09;06;4;3;0;6;2;1;1;1;0;0;0;0;566674,847199999727309;5446847,330099999904633;9,914711962000069;49,170813602000067;1
08251001222500571070;08;2;22;000;2025;10;07;4;3;6;6;0;0;1;0;1;0;0;0;463149,324099999852479;5477963,919600000604987;8,491549577000058;49,453216280000049;1
08250925336400470390;08;3;36;078;2025;09;16;5;3;0;3;0;0;1;1;0;0;0;0;393564,591699999757111;5289839,079199999570847;7,579913753000028;47,753133038000044;1
08250925119500495860;08;1;19;085;2025;09;06;5;3;6;4;1;0;0;1;1;0;0;0;528798,304600000381470;5414099,479800000786781;9,392779872000062;48,879181634000076;1
08250929118400504660;08;1;18;048;2025;09;16;2;3;0;6;0;0;1;1;0;0;0;0;513397,358099999837577;5415667,084799999371171;9,182779619000030;48,893807580000043;1
08251010435200531760;08;4;35;059;2025;10;11;6;3;0;7;0;0;1;1;0;0;0;0;512071,333100000396371;5290598,016400000080466;9,161104876000024;47,768634677000080;1
08251008215402527390;08;2;15;009;2025;10;11;4;3;0;7;0;0;0;1;1;0;0;0;471033,988699999637902;5441437,773900000378489;8,602982855000050;49,125092658000028;1
08251002416200538720;08;4;16;041;2025;10;18;5;3;0;6;0;0;1;0;0;0;0;0;504370,446800000034273;5374481,412799999117851;9,059189828000058;48,523427882000078;1
08250920316200465970;08;3;16;056;2025;09;09;7;3;3;3;0;0;1;0;0;0;0;1;421617,557000000029802;5326343,469799999147654;7,947486301000026;48,085539951000044;1
08250928116200504000;08;1;16;077;2025;09;14;1;3;5;3;0;0;1;1;0;0;0;0;516275,429700000211596;5388832,502699999138713;9,220982775000039;48,652337307000039;1
08250920335100470860;08;3;35;043;2025;09;14;7;3;0;1;0;0;1;0;0;0;0;0;513170,566899999976158;5281026,651799999177456;9,175485768000044;47,682494056000053;1
08250926212010500580;08;2;12;000;2025;09;18;6;3;6;6;0;0;1;0;1;0;0;0;455765,627299999818206;5428589,022600000724196;8,395124630000055;49,008608765000076;1
08250921135100456300;08;1;35;016;2025;09;16;1;3;1;5;0;0;1;0;0;0;0;1;592343,612599999643862;5385618,271700000390410;10,252945385000032;48,616817665000042;1
08250921436300453140;08;4;36;049;2025;09;09;1;3;0;1;0;0;1;0;0;0;0;0;577851,658200000412762;5281887,665699999779463;10,037370562000035;47,685685958000079;1
08251015116200606770;08;1;16;080;2025;10;22;4;3;8;1;2;0;1;0;0;0;0;0;516642,384999999776483;5396771,294500000774860;9,226284902000032;48,723745295000072;1
08251010226000531430;08;2;22;000;2025;10;10;6;3;5;3;0;0;1;1;0;0;0;0;466922,145200000144541;5483154,804700000211596;8,543169490000025;49,500123257000041;1
08250926335300497460;08;3;35;035;2025;09;12;6;3;5;2;0;0;1;1;0;0;0;0;482445,465699999593198;5290203,565400000661612;8,765732399000058;47,764959570000030;1
08250922317000487840;08;3;17;057;2025;09;07;2;3;4;6;1;1;1;0;0;0;0;1;414497,655700000002980;5379592,966900000348687;7,841098452000040;48,563595937000059;1
08250926111250472320;08;1;11;000;2025;09;19;6;3;0;7;1;1;1;0;0;0;0;0;519340,593799999915063;5401877,538699999451637;9,263211598000055;48,769602768000027;1
08251001337100534860;08;3;37;116;2025;10;19;4;2;0;7;2;0;1;0;0;0;0;0;417435,729799999855459;5274822,970100000500679;7,901179864000028;47,621546587000068;1
08251008221200530100;08;2;21;000;2025;10;16;4;3;1;7;0;0;1;1;0;0;0;0;476982,139000000432134;5472310,950400000438094;8,682733107000047;49,403050463000056;1
08250920316100449790;08;3;16;056;2025;09;11;7;3;5;3;0;0;1;1;0;0;0;0;423085,460400000214577;5327323,237400000914931;7,967017340000041;48,094532364000031;1
08251014212302596750;08;2;15;110;2025;10;06;3;2;5;3;2;0;1;1;0;0;0;0;461338,804999999701977;5419822,523000000044703;8,472163528000067;48,930125959000065;1
08251012119200587200;08;1;19;020;2025;10;14;1;3;5;2;0;0;1;1;0;0;0;0;520758,992200000211596;5406179,315500000491738;9,282732073000034;48,808255154000051;1
08250924317500462300;08;3;17;096;2025;09;17;4;3;0;1;0;1;1;0;0;0;0;0;424779,137000000104308;5369350,536000000312924;7,982276753000065;48,472784000000047;1
08251014337400565450;08;3;37;096;2025;10;10;3;3;6;4;0;0;0;0;1;0;1;0;420886,085599999874830;5267371,203800000250340;7,948435100000040;47,554938751000066;1
08250921335200456460;08;3;35;063;2025;09;12;1;3;0;1;0;0;1;0;0;0;0;0;496603,622800000011921;5287438,267599999904633;8,954696305000027;47,740308726000080;1
08251007118600551900;08;1;18;068;2025;10;11;3;3;6;4;0;0;0;0;1;0;0;1;500988,491200000047684;5423060,913799999281764;9,013503905000050;48,960464532000060;1
08251002115400533280;08;1;15;045;2025;10;08;5;3;2;6;0;0;1;1;0;0;0;0;499934,733000000007451;5395708,324799999594688;8,999112735000040;48,714404944000080;1
08250930111500510470;08;1;11;000;2025;09;16;3;3;6;4;0;0;0;0;1;0;0;1;512861,324000000022352;5407440,914999999105930;9,175208117000068;48,819817970000031;1
08250920311010485680;08;3;36;050;2025;09;11;7;2;0;1;0;0;1;0;0;0;0;0;400748,026999999769032;5276341,080000000074506;7,678800450000040;47,632860654000069;1
08251009119000558760;08;1;19;044;2025;10;12;5;2;0;7;0;0;1;0;1;0;0;0;542390,742100000381470;5425107,341600000858307;9,579303090000053;48,977419863000080;1
08250922221200494130;08;2;21;000;2025;09;07;2;3;4;2;0;1;1;0;0;0;0;0;478529,305599999614060;5473021,257099999114871;8,704019777000042;49,409496119000039;1
08250922435100456160;08;4;35;057;2025;09;20;2;3;6;2;2;1;0;1;1;0;0;0;544322,630499999970198;5279789,622099999338388;9,590418220000061;47,669978752000077;1
08251009226100598040;08;2;26;013;2025;10;09;5;2;0;7;0;0;1;0;0;0;0;0;499621,141900000162423;5480202,018500000238419;8,994770422000045;49,474465212000041;1
08251002335200519060;08;3;35;063;2025;10;06;5;3;0;1;2;2;1;0;0;0;0;0;498132,585500000044703;5287898,016400000080466;8,975088901000049;47,744451597000079;1
08250928212010508150;08;2;12;000;2025;09;20;1;2;1;5;2;0;1;1;0;0;0;0;453584,615699999965727;5430862,108699999749660;8,365042594000045;49,028895063000050;1
08251014111500558290;08;1;11;000;2025;10;16;3;3;6;4;0;0;0;0;1;1;0;0;515492,814600000157952;5406061,623600000515580;9,211004257000070;48,807350017000033;1
08251015435200609820;08;4;35;034;2025;10;15;4;3;5;7;0;0;1;1;0;0;0;0;529527,035400000400841;5284801,190600000321865;9,393672502000072;47,715915023000036;1
08250920235200470540;08;2;35;046;2025;09;17;7;3;6;7;0;0;0;1;1;0;0;0;480105,724499999545515;5376901,062100000679493;8,730453835000048;48,544895579000070;1
08250921337200495190;08;3;37;126;2025;09;05;1;3;0;7;2;1;1;0;0;0;0;0;439543,785000000149012;5274619,448999999091029;8,195401248000053;47,622156356000062;1
08251004136000530860;08;1;19;001;2025;10;19;7;3;5;3;1;0;1;1;0;0;0;0;552763,884999999776483;5410731,459000000730157;9,719191178000074;48,847309318000043;1
08251008121200553910;08;1;21;000;2025;10;09;4;3;0;7;0;0;1;0;0;0;0;0;515652,610999999567866;5443017,850999999791384;9,214602802000059;49,139789277000034;1
08250926222014511810;08;2;22;000;2025;09;18;6;3;6;6;1;1;1;0;1;0;0;0;462343,595800000242889;5481801,769200000911951;8,480067720000022;49,487686450000069;1
08251012222600602980;08;2;22;000;2025;10;16;1;3;5;3;0;0;1;1;0;0;0;0;462616,029299999587238;5482873,794800000265241;8,483727717000022;49,497345608000046;1
08251003421200520410;08;4;21;000;2025;10;06;6;3;0;1;2;0;1;0;0;0;0;0;572834,979700000025332;5361217,759099999442697;9,984033852000039;48,399909177000040;1
08251003226700569690;08;2;26;095;2025;10;10;6;3;5;3;0;0;1;1;0;0;0;0;473886,601599999703467;5462133,141699999570847;8,640734027000065;49,311377351000033;1
08251007116100528300;08;1;16;019;2025;10;14;3;3;3;2;0;0;1;1;0;0;0;0;524730,422100000083447;5397734,662599999457598;9,336313294000036;48,732143209000071;1
08250927222500508160;08;2;22;000;2025;09;14;7;3;5;3;0;0;1;1;0;0;0;0;461925,023000000044703;5480138,707499999552965;8,474448735000067;49,472701946000029;1
08250929235200480130;08;2;35;020;2025;09;09;2;3;5;3;0;0;1;1;0;0;0;0;476303,855800000019372;5381250,810799999162555;8,678695584000025;48,583894490000034;1
08251009226600557590;08;2;26;096;2025;10;15;5;3;5;3;0;0;1;1;0;0;0;0;475852,834999999962747;5489053,575099999085069;8,666145443000062;49,553601851000053;1
08250927311010501060;08;3;11;000;2025;09;18;7;3;4;6;0;0;1;0;0;0;0;0;414586,605800000019372;5318516,501499999314547;7,854656388000024;48,014230533000045;1
08250924212010462200;08;2;12;000;2025;09;12;4;3;0;7;0;1;1;0;0;0;0;0;459227,205299999564886;5429214,004899999126792;8,442394159000060;49,014469009000038;1
08250921116400457560;08;1;16;070;2025;09;16;1;3;0;1;0;0;1;1;0;0;0;0;539307,163900000043213;5385153,762000000104308;9,533341627000027;48,618219718000034;1
08251016415100564470;08;4;15;050;2025;10;15;5;3;9;1;0;0;1;1;0;0;0;0;522115,322999999858439;5375869,216000000014901;9,299583795000046;48,535538486000064;1
08251016231000598900;08;2;31;000;2025;10;13;5;2;6;7;0;0;0;0;1;0;0;1;477842,988400000147521;5415461,343100000172853;8,697725333000051;48,891705464000040;1
08250922336200497750;08;3;36;069;2025;09;13;2;3;6;6;0;1;1;0;1;0;0;0;408746,986700000241399;5267998,387299999594688;7,786989400000039;47,558988180000028;1
08251015335100592930;08;3;35;043;2025;10;18;4;3;6;4;0;0;0;1;1;0;0;0;513664,582399999722838;5280959,530999999493361;9,182065938000051;47,681879872000081;1
08251008118400551870;08;1;18;048;2025;10;08;4;3;5;3;0;0;1;1;0;0;0;0;514239,222900000400841;5415927,474999999627471;9,194274156000063;48,896131204000028;1
08251007212010570050;08;2;15;017;2025;10;17;3;3;1;5;0;0;1;1;0;0;0;0;454173,264499999582767;5419000,865700000897050;8,374431255000047;48,922245822000036;1
08251001436000537270;08;4;35;059;2025;10;11;4;3;5;3;0;0;1;0;0;0;0;0;516360,118300000205636;5290495,179500000551343;9,218339064000077;47,767614792000074;1
08251008212010550470;08;2;12;000;2025;10;13;4;3;0;7;0;0;1;1;0;1;0;0;456863,913999999873340;5428115,783999999985099;8,410192399000039;49,004429671000025;1
08250920226700514530;08;2;26;098;2025;09;12;7;3;6;7;0;0;1;0;1;0;0;0;476545,644799999892712;5459897,557499999180436;8,677447552000046;49,291376200000059;1
08251002317500522630;08;3;17;096;2025;10;15;5;2;6;7;0;0;0;0;1;0;0;1;420143,267500000074506;5368314,238700000569224;7,919763507000027;48,462891004000028;1
08250920226700495330;08;2;26;095;2025;09;15;7;3;5;3;0;0;1;1;0;0;0;0;473709,505900000222027;5461959,453800000250340;8,638309048000053;49,309807438000064;1
08251015111500558780;08;1;11;000;2025;10;17;4;3;3;6;0;0;1;1;0;0;0;0;515635,460400000214577;5407149,673200000077486;9,212988462000055;48,817134374000034;1
08251006231000550120;08;2;31;000;2025;10;09;2;2;6;7;0;0;0;1;1;0;0;0;474725,328900000080466;5414682,710400000214577;8,655241908000050;48,884581847000049;1
08250926311010470190;08;3;36;050;2025;09;18;6;3;5;3;1;1;1;1;0;0;0;0;401183,673000000417233;5277016,317999999970198;7,684445525000058;47,639001311000072;1
08250920317000461050;08;3;17;065;2025;09;21;7;3;0;1;2;0;1;0;0;0;0;0;420746,308100000023842;5353571,494799999520183;7,930702344000053;48,330356431000041;1
08250924215502462150;08;2;15;106;2025;09;12;4;3;6;4;0;1;0;1;1;0;0;0;464814,268600000068545;5455344,424799999222159;8,516519017000064;49,249858417000041;1
08251014118400557310;08;1;18;048;2025;10;12;3;3;3;5;0;0;1;1;0;0;0;0;513034,162499999627471;5415615,568199999630451;9,177822938000077;48,893351897000059;1
08251007117400553860;08;1;17;018;2025;10;12;3;3;6;4;0;0;0;1;1;0;0;0;538604,509999999776483;5395777,286000000312924;9,524799408000035;48,713830179000070;1
08251014118300544260;08;1;18;081;2025;10;18;3;3;0;7;0;0;1;0;0;0;0;0;517876,957899999804795;5412172,437400000169873;9,243741324000041;48,862257631000034;1
08251013118010558930;08;1;18;019;2025;10;15;2;3;5;3;0;0;1;1;0;0;0;0;505993,219999999739230;5406123,973999999463558;9,081625765000069;48,808075134000035;1
08251014111140589750;08;1;11;000;2025;10;16;3;3;3;6;0;0;1;1;0;0;0;0;511316,361100000329316;5403265,595599999651313;9,154046310000069;48,782287298000028;1
08250930212010503540;08;2;12;000;2025;09;16;3;3;0;5;0;0;1;0;0;0;1;0;457243,051300000399351;5428501,207800000905991;8,415335540000058;49,007922993000079;1
08251006311010585850;08;3;36;105;2025;10;14;2;3;5;3;0;0;1;0;0;0;0;1;401022,871100000105798;5266506,081399999558926;7,684676856000067;47,544432417000053;1
08251001121600519710;08;1;25;046;2025;10;17;4;3;0;7;0;0;1;0;0;0;0;0;516437,393299999646842;5434849,649399999529123;9,225029891000077;49,066292655000041;1
08251002221011524840;08;2;21;000;2025;10;17;5;3;5;4;0;0;1;0;1;0;0;0;476839,069099999964237;5470052,898000000044703;8,680892734000054;49,382734166000034;1
08250920222301453030;08;2;22;000;2025;09;12;7;3;5;3;0;0;1;0;0;0;0;1;464802,151899999938905;5481479,046900000423193;8,514041078000048;49,484931301000074;1
08251010426300558990;08;4;26;124;2025;10;18;6;3;4;6;0;0;1;0;0;1;0;0;545702,304200000129640;5332994,381500000134110;9,614435706000052;48,148556195000026;1
08250920221200464750;08;2;21;000;2025;09;15;7;3;3;6;0;0;1;0;0;0;0;0;475045,767699999734759;5473512,919600000604987;8,655968062000056;49,413785640000071;1
08251011222500536820;08;2;22;000;2025;10;12;7;3;5;2;0;0;1;0;0;0;0;1;463815,341500000096858;5478115,745400000363588;8,500724769000044;49,454621918000043;1
08251008311010535170;08;3;36;069;2025;10;14;4;3;5;3;0;0;1;1;0;0;0;0;408499,807500000111759;5268212,359799999743700;7,783659894000039;47,560878252000066;1
08250929121400505370;08;1;25;074;2025;09;13;2;2;0;1;0;0;1;0;0;0;0;0;509197,807900000363588;5439342,809200000017881;9,126021688000037;49,106861367000079;1
08250929212010479260;08;2;12;000;2025;09;15;2;3;5;3;0;0;1;1;0;0;0;0;457214,485999999567866;5428074,735999999567866;8,414989896000066;49,004084841000065;1
08251003127100543000;08;1;27;079;2025;10;15;6;3;6;4;0;0;0;1;1;0;0;0;561800,477500000037253;5424088,574899999424815;9,844372311000029;48,966619663000074;1
08251007436100526950;08;4;36;055;2025;10;17;3;3;5;3;0;0;1;1;0;0;0;0;576465,634499999694526;5297489,509500000625849;10,021648978000030;47,826207848000081;1
08250929226000612210;08;2;26;082;2025;09;22;2;3;0;7;2;0;1;0;0;0;0;0;476134,723600000143051;5480552,629399999976158;8,670556713000053;49,477149905000033;1
08250927317000502270;08;3;17;065;2025;09;07;7;3;5;3;1;1;1;1;0;0;0;0;415099,304299999959767;5354669,852399999275804;7,854306435000069;48,339502569000047;1
08251002118500574860;08;1;18;070;2025;10;14;5;3;3;6;0;0;1;1;0;0;0;0;519936,376600000075996;5423780,771900000050664;9,272387047000052;48,966619361000028;1
08251012226600570440;08;2;26;096;2025;10;14;1;3;4;3;0;0;1;1;0;0;0;0;474487,495099999941885;5490046,754799999296665;8,647204507000026;49,562479081000049;1
08250926316200499850;08;3;16;056;2025;09;13;6;3;1;5;0;0;1;1;0;0;0;0;423114,074699999764562;5328015,084100000560284;7,967276930000025;48,100759374000063;1
08250920215502467760;08;2;15;106;2025;09;12;7;3;0;7;0;0;1;0;0;0;0;0;466814,169800000265241;5454248,370400000363588;8,544089147000022;49,240111195000054;1
08251010436000558730;08;4;36;008;2025;10;17;6;3;4;6;0;0;1;1;0;0;0;0;547375,741700000129640;5310932,017799999564886;9,634489680000058;47,949948453000047;1
08250929212010502970;08;2;12;000;2025;09;10;2;3;6;3;0;0;0;1;1;0;0;0;453040,570100000128150;5430584,102700000628829;8,357632788000046;49,026353207000056;1
08251006221200548430;08;2;21;000;2025;10;11;2;3;2;6;0;0;1;0;0;0;0;0;476817,549999999813735;5472214,870999999344349;8,680470138000032;49,402179996000029;1