UIDENTSTLAE;ULAND;UREGBEZ;UKREIS;UGEMEINDE;UJAHR;UMONAT;USTUNDE;UWOCHENTAG;UKATEGORIE;UART;UTYP1;ULICHTVERH;IstStrassenzustand;IstRad;IstPKW;IstFuss;IstKrad;IstGkfz;IstSonstige;LINREFX;LINREFY;XGCSWGS84;YGCSWGS84;PLST
08251016121200549200;08;1;21;000;2025;10;18;5;3;5;3;0;0;1;1;0;0;0;0;514521,724000000394881;5440976,420299999415874;9,199024525000027;49,121453654000049;1
08250920212010482830;08;2;12;000;2025;09;11;7;3;0;7;0;0;1;1;0;0;0;0;456374,120000000111759;5428386,667999999597669;8,403466628000047;49,006831879000060;1
08250925231000488160;08;2;31;000;2025;09;12;5;3;6;2;0;1;0;0;1;0;1;0;476466,055200000293553;5415313,374700000509620;8,678949491000026;48,890323625000065;1
08250921212702501640;08;2;15;017;2025;09;10;1;3;5;2;0;0;1;1;0;0;0;0;456787,810600000433624;5421371,289000000804663;8,409868429000028;48,943756409000059;1
08251003426100521930;08;4;26;120;2025;10;14;6;3;0;1;0;0;1;0;0;0;0;0;561207,276999999769032;5323677,702999999746680;9,821533008000074;48,063439216000063;1
08251005435100555230;08;4;35;016;2025;10;22;1;3;0;7;2;0;1;0;0;0;0;0;536604,649500000290573;5278636,790500000119209;9,487515267000049;47,660089245000052;1
08251015416010573310;08;4;15;061;2025;10;15;4;3;5;3;0;0;1;1;0;0;0;0;514712,310999999754131;5372788,835000000894070;9,199191474000031;48,508043694000037;1
08250929118400503130;08;1;18;048;2025;09;14;2;3;0;7;0;0;1;0;0;0;0;0;515994,212000000290573;5414061,509999999776483;9,218145312000047;48,879302669000026;1
08250929121200481240;08;1;21;000;2025;09;16;2;3;0;7;0;0;1;1;0;0;0;0;516170,930399999953806;5443275,060900000855327;9,221719409000059;49,142089538000050;1
08250920136100453150;08;1;36;033;2025;09;19;7;3;0;7;0;0;1;0;0;0;0;0;581223,591900000348687;5419145,121700000017881;10,108716638000033;48,919910786000059;1
08251012212702623220;08;2;15;108;2025;10;15;1;3;5;3;0;0;1;0;0;0;0;0;448165,870500000193715;5423329,570699999108911;8,291881411000077;48,960708700000055;1
08250920216200490830;08;2;16;007;2025;09;12;7;3;0;7;0;0;1;0;0;0;0;0;434651,077999999746680;5393986,885800000280142;8,111950019000062;48,695496151000043;1
08250930317000482750;08;3;17;065;2025;09;14;3;3;0;7;0;0;1;0;0;0;0;0;415108,470099999569356;5354830,446399999782443;7,854397727000048;48,340948320000052;1
08250920136100451390;08;1;36;088;2025;09;15;7;3;5;3;0;0;1;1;0;0;0;0;580251,776300000026822;5410426,736600000411272;10,093742414000076;48,841622986000061;1
08251007222301533570;08;2;22;000;2025;10;08;3;3;5;5;0;1;1;1;0;0;0;0;464564,879200000315905;5485117,060499999672174;8,510438952000072;49,517639619000079;1
08250923116500501210;08;1;16;049;2025;09;12;3;3;6;6;0;0;0;0;1;0;0;1;525148,415000000037253;5386241,130100000649691;9,341298290000054;48,628731147000053;1
08250920212010498870;08;2;12;000;2025;09;12;7;2;6;4;0;0;0;1;1;0;0;0;454033,873999999836087;5430567,357999999076128;8,371221418000061;49,026277422000078;1
08250929335300501600;08;3;35;075;2025;09;09;2;3;5;3;0;0;1;1;0;0;0;0;487914,938000000081956;5289445,950099999085069;8,838743937000061;47,758268675000068;1
08251001212702529200;08;2;15;096;2025;10;10;4;3;6;7;0;0;0;1;1;0;0;0;465797,989000000059605;5418472,258999999612570;8,533155190000059;48,918242281000062;1
08250930118010504170;08;1;15;041;2025;09;13;3;2;5;3;0;0;1;1;0;0;0;0;494237,530799999833107;5402411,230000000447035;8,921569059000035;48,774677712000027;1
08250923216100458710;08;2;16;009;2025;09;15;3;3;5;7;0;0;1;1;0;0;0;0;446633,625599999912083;5420549,187599999830127;8,271315071000060;48,935568856000032;1
08250930111320483080;08;1;11;000;2025;09;08;3;3;2;7;0;0;1;1;0;0;0;0;516838,786000000312924;5405670,936300000175834;9,229319531000044;48,803800441000078;1
08251002111250519940;08;1;11;000;2025;10;11;5;3;6;4;0;0;0;0;1;0;0;1;518397,975300000049174;5403107,233799999579787;9,250438385000052;48,780693544000030;1
08251015212010546350;08;2;12;000;2025;10;17;4;3;6;7;0;0;0;1;1;0;0;0;453353,038999999873340;5426966,416999999433756;8,362322558000074;48,993835684000032;1
08251002215202520590;08;2;15;084;2025;10;13;5;3;0;7;0;0;1;0;0;0;0;0;472097,406000000424683;5446752,346999999135733;8,617189902000064;49,172947411000052;1
08250920136010461500;08;1;36;065;2025;09;17;7;2;4;1;0;0;1;0;0;1;0;0;564403,247999999672174;5405773,835999999195337;9,877043757000024;48,801617604000057;1
08250926215202470950;08;2;15;100;2025;09;18;6;3;0;6;0;1;1;1;0;0;0;0;475283,275700000114739;5451531,882999999448657;8,660603627000057;49,216076686000065;1
08250921417100459630;08;4;17;079;2025;09;19;1;3;5;2;1;1;1;1;0;0;0;0;501616,809700000099838;5339972,044800000265241;9,021764087000065;48,212973775000080;1
08251002311010551230;08;3;11;000;2025;10;07;5;3;5;3;0;0;1;0;0;0;0;0;415058,151899999938905;5317636,474899999797344;7,861152573000027;48,006377211000029;1
08251002311010574940;08;3;11;000;2025;10;19;5;3;5;2;1;0;1;1;0;0;0;0;414547,878700000233948;5316143,144200000911951;7,854609979000031;47,992876102000025;1
08251008118400570980;08;1;18;048;2025;10;18;4;3;6;7;0;0;0;1;1;0;0;0;513945,352300000376999;5416053,255000000819564;9,190269023000042;48,897269371000050;1
08251008116100538290;08;1;16;056;2025;10;14;4;2;6;4;0;0;0;1;1;0;0;0;530528,279400000348687;5395501,405600000172853;9,414992093000023;48,711796151000044;1
08251009311010841750;08;3;11;000;2025;10;17;5;3;6;6;0;0;1;0;1;0;0;0;415264,037299999967217;5315896,097200000658631;7,864256092000062;47,990749114000039;1
08251016116100610820;08;1;16;019;2025;10;20;5;3;6;4;2;0;0;1;1;0;0;0;520160,874900000169873;5398619,531199999153614;9,274215348000041;48,740268030000038;1
08251005212302522980;08;2;12;000;2025;10;18;1;3;0;7;0;1;1;0;0;0;0;0;456047,423100000247359;5428557,949300000444055;8,398981140000046;49,008349392000071;1
08251007226700570460;08;2;26;054;2025;10;17;3;3;1;7;0;0;1;1;0;0;0;0;477589,477500000037253;5455068,746799999848008;8,692072930000052;49,247979915000030;1
08250923226300510100;08;2;26;056;2025;09;20;3;2;0;7;2;0;1;0;0;0;0;0;484318,117700000293553;5470907,777200000360608;8,783903084000031;49,390662250000048;1
08251007216200537460;08;2;16;007;2025;10;09;3;3;5;7;0;1;1;1;0;0;0;0;438070,351099999621511;5394164,870300000533462;8,158383685000047;48,697445913000081;1
08251009417010598130;08;4;17;002;2025;10;17;5;3;5;2;0;0;1;1;0;0;0;0;489928,179600000381470;5346304,027300000190735;8,864271476000056;48,269863365000049;1
08251009437100540250;08;4;37;100;2025;10;09;5;3;6;4;0;0;0;1;1;0;0;0;537394,180999999865890;5318183,903000000864267;9,501447010000049;48,015853402000062;1
08251001222500549320;08;2;22;000;2025;10;16;4;2;5;2;0;0;1;1;0;0;0;0;461942,190999999642372;5477803,496099999174476;8,474910191000049;49,451698929000031;1
08250920135100450750;08;1;35;020;2025;09;17;7;3;0;1;0;0;1;0;0;0;0;0;587496,394100000150502;5383600,573699999600649;10,186766645000034;48,599366550000070;1
08251015311010575880;08;3;15;109;2025;10;15;4;3;0;6;0;0;1;0;0;0;0;0;421275,467600000090897;5315764,052300000563264;7,944838791000052;47,990329611000050;1
08250920426200452620;08;4;26;070;2025;09;16;7;3;0;1;0;0;1;0;0;0;0;0;565301,919999999925494;5342834,129799999296665;9,879424989000029;48,235362352000038;1
08250928226700493590;08;2;26;041;2025;09;15;1;2;0;7;0;0;1;0;0;0;0;0;475867,910400000400841;5464372,577400000765920;8,667856759000074;49,331602512000075;1
08251014222600611500;08;2;22;000;2025;10;09;3;3;6;7;0;0;1;0;1;0;0;0;463049,378399999812245;5484529,781500000506639;8,489557079000065;49,512266881000073;1
08250920128200482450;08;1;28;014;2025;09;17;7;3;5;3;0;0;1;0;0;0;0;0;548352,232499999925494;5482567,727199999615550;9,667696821000050;49,493817677000038;1
08250926311010499660;08;3;11;000;2025;09;11;6;3;5;2;0;1;1;1;0;0;0;0;413040,604700000025332;5316506,651100000366569;7,834337297000047;47,995942760000048;1
08251012118200567140;08;1;18;019;2025;10;11;1;3;5;3;0;0;1;0;0;0;0;0;505685,552600000053644;5405070,804400000721216;9,077420852000046;48,798603799000034;1
08251015316200546040;08;3;16;011;2025;10;17;4;3;2;6;0;0;1;1;0;0;0;0;414734,242899999953806;5330123,688599999994040;7,854320594000058;48,118660211000076;1
08250920128100451040;08;1;28;058;2025;09;14;7;3;1;3;0;0;1;1;0;0;0;0;558766,513199999928474;5483215,642799999564886;9,811590323000075;49,498725630000081;1
08250929212010497360;08;2;12;000;2025;09;14;2;3;0;1;0;0;1;0;0;0;0;0;454187,757699999958277;5428611,117300000041723;8,373547156000029;49,008692388000043;1
08251015436200557810;08;4;36;064;2025;10;07;4;3;5;3;1;0;1;1;0;0;0;0;546597,204499999992549;5292235,768500000238419;9,622047691000034;47,781797934000053;1
08250920335200482330;08;3;35;063;2025;09;18;7;3;8;1;0;0;1;0;0;0;0;0;498414,067200000397861;5287201,481200000271201;8,978846374000057;47,738185209000051;1
08251012415400565000;08;4;15;061;2025;10;13;1;3;4;6;0;0;1;1;0;0;0;0;513915,779000000096858;5371820,614000000059605;9,188374928000030;48,499351398000044;1
08251008119500528080;08;1;19;085;2025;10;08;4;3;4;6;0;0;1;1;0;0;0;0;529399,350300000049174;5413923,405799999833107;9,400964662000035;48,877569531000063;1
08251007416200591610;08;4;16;041;2025;10;17;3;3;5;3;0;0;1;0;0;0;0;0;504715,504300000146031;5375058,998099999502301;9,063869541000031;48,528621547000057;1
08251015426010547480;08;4;21;000;2025;10;17;4;3;5;3;0;0;1;0;0;0;0;1;572665,168600000441074;5360710,902899999171495;9,981652250000025;48,395369481000046;1
08250923231000509840;08;2;31;000;2025;09;07;3;3;5;2;1;1;1;0;0;0;0;1;477037,561099999584258;5415186,134999999776483;8,686753012000054;48,889200463000066;1
08251009222400541800;08;2;22;000;2025;10;08;5;3;2;6;0;0;1;1;0;0;0;0;467788,638000000268221;5479023,292999999597669;8,555472565000059;49,463008631000037;1
08251008435100539350;08;4;35;057;2025;10;21;4;2;5;3;2;0;1;1;0;0;0;0;544285,424100000411272;5280270,548499999567866;9,589971392000052;47,674308305000068;1
08250924335100501320;08;3;35;043;2025;09;11;4;3;0;7;0;0;0;0;1;0;0;1;511056,265200000256300;5281140,156899999827147;9,147317611000062;47,683554961000027;1
08251010426010533030;08;4;26;021;2025;10;12;6;2;6;4;0;0;0;1;1;0;0;0;559323,869900000281632;5326545,184100000187755;9,796654367000031;48,089413593000074;1
08250920311500452870;08;3;15;037;2025;09;17;7;3;0;1;0;0;1;0;0;0;0;0;433656,507000000216067;5300837,469000000506639;8,113060540000049;47,857451122000043;1
08250923421300479530;08;4;21;000;2025;09;12;3;3;3;6;0;0;1;1;0;0;0;0;571685,336500000208616;5359739,307000000029802;9,968251591000069;48,386741863000054;1
08250920335300471180;08;3;35;100;2025;09;17;7;3;0;1;0;0;1;0;0;0;0;0;488297,021900000050664;5285640,899599999189377;8,843944572000055;47,724039549000054;1
08251012215102565440;08;2;15;102;2025;10;00;1;3;1;5;2;0;1;1;0;0;0;0;455970,763799999840558;5436023,229399999603629;8,397121787000060;49,075494517000038;1
08251016326000571920;08;3;35;043;2025;10;14;5;3;0;1;0;0;1;0;0;0;0;0;511076,469399999827147;5281263,886399999260902;9,147589958000026;47,684667891000061;1
08250920119500449880;08;1;19;085;2025;09;21;7;3;0;1;2;0;1;0;0;0;0;0;530705,920500000007451;5415185,927899999544024;9,418878741000071;48,888863285000070;1
08250924212010509440;08;2;12;000;2025;09;16;4;3;3;2;0;1;1;1;0;0;0;0;457895,698599999770522;5428013,959300000220537;8,424309982000068;49,003584992000071;1
08250930415400487510;08;4;15;061;2025;09;18;3;3;0;1;0;0;1;1;0;0;0;0;513922,492300000041723;5370509,545900000259280;9,188422096000068;48,487556406000067;1
08250920119400618280;08;1;19;079;2025;09;21;7;3;0;7;2;1;1;0;0;0;0;0;522437,912299999967217;5407427,272600000724196;9,305666441000028;48,819423150000034;1
08251001119300533130;08;1;19;055;2025;10;20;4;3;0;7;2;0;1;0;0;0;0;0;544181,804299999959767;5404580,731799999251962;9,601559181000027;48,792651382000031;1
08251013119400542460;08;1;19;079;2025;10;17;2;3;0;7;0;0;1;0;0;0;0;0;525874,569099999964237;5407925,323200000450015;9,352513769000041;48,823769837000043;1
08250926212502498210;08;2;12;000;2025;09;13;6;3;6;4;0;0;1;0;1;0;0;0;453602,522300000302494;5428770,072799999266863;8,365526782000074;49,010078477000036;1
08251011212010560830;08;2;12;000;2025;10;20;7;3;8;1;2;0;1;1;0;0;0;0;454396,112800000235438;5428548,892899999395013;8,376403090000053;49,008148108000057;1
08251012118500606140;08;1;18;078;2025;10;13;1;3;0;1;0;0;1;0;0;0;0;0;513146,189399999566376;5419783,039000000804663;9,179485535000026;48,930838890000075;1
08251015311010546570;08;3;11;000;2025;10;16;4;3;5;3;0;0;1;0;0;0;0;0;416725,075000000186265;5315253,741000000387430;7,883959575000063;47,985162734000028;1
08251008222200528360;08;2;22;000;2025;10;21;4;3;5;3;2;0;1;1;0;0;0;0;461138,043800000101328;5482026,609600000083447;8,463400986000067;49,489632759000074;1
08251013226600623960;08;2;26;096;2025;10;21;2;3;0;7;2;1;1;0;0;0;0;0;475240,911999999545515;5486405,310000000521541;8,657851621000077;49,529757028000063;1
08251004226600580740;08;2;26;107;2025;10;09;7;3;5;2;0;0;1;1;0;0;0;0;474516,031000000424683;5483200,469499999657273;8,648041529000068;49,500900588000036;1
08251007317000555100;08;3;17;057;2025;10;17;3;3;0;1;0;0;1;0;0;0;0;0;412546,792399999685585;5379652,769999999552965;7,814649648000056;48,563864680000052;1
08251002116200574740;08;1;16;080;2025;10;08;5;3;0;1;0;0;1;0;0;0;0;0;521868,286899999715388;5395792,630799999460578;9,297288220000041;48,714779852000049;1
08250920119300467220;08;1;19;086;2025;09;20;7;3;0;1;2;0;1;0;0;0;0;0;535652,811900000087917;5405259,897600000724196;9,485496162000061;48,799308445000065;1
08251011415300543630;08;4;15;092;2025;10;12;7;3;5;3;0;0;1;1;0;0;0;0;520621,754999999888241;5363678,722999999299645;9,278749993000076;48,425919725000028;1
08251001335200523730;08;3;35;063;2025;10;14;4;3;5;3;0;0;1;1;0;0;0;0;497062,408800000324845;5288229,193299999460578;8,960810631000072;47,747427403000074;1
08250922327200509040;08;3;27;049;2025;09;05;2;3;5;3;2;1;1;1;0;0;0;0;472432,931599999777973;5325119,132300000637770;8,629882084000030;48,078748753000070;1
08250926311010481250;08;3;11;000;2025;09;05;6;2;2;3;2;0;1;1;0;0;0;0;414305,244199999608099;5319385,092000000178814;7,850710619000040;48,022006132000058;1
08251008119400627840;08;1;19;041;2025;10;17;4;3;5;3;0;0;1;0;0;0;0;1;527295,309500000439584;5408197,151399999856949;9,371887539000056;48,826154311000039;1
08251015326100602360;08;3;26;012;2025;10;07;4;3;5;3;0;0;1;1;0;0;0;0;462513,921000000089407;5310444,292099999263883;8,497996266000030;47,946215736000056;1
08251008425000536770;08;4;25;033;2025;10;12;4;3;6;4;0;0;0;1;1;0;0;0;553444,984899999573827;5347418,815199999138713;9,720340627000041;48,277716888000043;1
08251002317500526770;08;3;17;096;2025;10;15;5;3;5;3;0;0;1;1;0;0;0;0;423190,084999999962747;5368717,439999999478459;7,960897125000031;48,466897222000057;1
08251006416200543550;08;4;16;041;2025;10;07;2;3;5;3;0;1;1;1;0;0;0;0;504139,082000000402331;5372325,322000000625849;9,056035017000056;48,504032448000032;1
08251011415400558040;08;4;15;061;2025;10;12;7;2;0;1;0;0;1;0;0;0;0;0;516293,694699999876320;5372373,900499999523163;9,220585632000052;48,504271770000059;1
08251008327200556180;08;3;27;046;2025;10;15;4;2;6;6;0;0;1;0;1;0;0;0;479853,577800000086427;5324643,496300000697374;8,729533407000076;48,074747181000077;1
08251008421300605080;08;4;21;000;2025;10;07;4;3;5;3;0;0;1;1;0;0;0;0;570255,107300000265241;5363800,264799999073148;9,949616159000072;48,423432395000077;1
08251015336100548080;08;3;36;050;2025;10;13;4;3;6;4;0;0;0;1;1;0;0;0;399430,723399999551475;5273682,561899999156594;7,661880446000055;47,608743156000060;1
08250920119200487360;08;1;19;020;2025;09;16;7;3;7;7;0;0;1;1;0;0;0;0;520747,784699999727309;5406248,313300000503659;9,282582920000038;48,808876219000069;1
08251009111130556620;08;1;11;000;2025;10;21;5;3;6;4;2;0;0;1;1;0;0;0;510989,143600000068545;5400577,631999999284744;9,149520197000072;48,758112389000075;1
08251002415400523250;08;4;15;061;2025;10;19;5;3;5;3;2;0;1;1;0;0;0;0;516594,449000000022352;5373405,930500000715256;9,224698284000056;48,513548366000066;1
08251014222500544830;08;2;22;000;2025;10;15;3;3;5;2;0;0;1;1;0;0;0;0;462397,213800000026822;5478434,877399999648333;8,481127996000055;49,457406242000047;1
08251007119200539340;08;1;19;020;2025;10;14;3;3;6;2;0;0;0;0;1;0;0;1;520593,374300000257790;5407350,766699999570847;9,280535219000058;48,818798806000075;1
08250925121200468260;08;1;21;000;2025;09;14;5;3;0;7;0;1;0;0;1;0;0;1;513946,194000000134110;5443004,625000000000000;9,191206912000041;49,139711417000058;1
08250928231102480250;08;2;36;025;2025;09;16;1;3;2;2;0;0;1;1;0;0;0;0;490162,149199999868870;5406425,733899999409914;8,866004464000071;48,810740763000069;1
08251001311400526480;08;3;15;076;2025;10;16;4;3;5;3;0;0;1;1;0;0;0;0;391656,274500000290573;5295154,307499999180436;7,553134823000050;47,800623939000047;1
08251004222600580590;08;2;22;000;2025;10;08;7;3;5;3;0;0;1;1;0;0;0;0;462429,702200000174344;5484186,818900000303984;8,481029757000044;49,509144039000034;1
08251001226200546840;08;2;26;032;2025;10;16;4;3;0;7;0;0;1;0;0;0;0;0;467986,838000000454485;5462332,998099999502301;8,559551829000043;49,312894210000081;1
08250920117300450820;08;1;17;026;2025;09;13;7;3;5;3;0;0;1;1;0;0;0;0;549844,820700000040233;5394877,366100000217557;9,677484433000075;48,704937743000073;1
08251009415100541770;08;4;15;078;2025;10;07;5;3;6;4;1;1;0;1;1;0;0;0;527991,325699999928474;5371943,348899999633431;9,378917579000074;48,499986051000064;1
08250930316100494970;08;3;16;011;2025;09;12;3;3;5;3;0;0;1;1;0;0;0;0;412814,398199999704957;5330973,779699999839067;7,828356095000061;48,126046850000080;1
08251007117400564560;08;1;17;051;2025;10;19;3;3;8;1;2;0;1;0;0;0;0;0;543004,838000000454485;5395329,435000000521541;9,584568816000058;48,709513515000026;1
08250920316100452510;08;3;16;020;2025;09;19;7;3;6;7;1;0;0;0;1;0;0;1;408378,402400000020862;5338247,535099999979138;7,767190168000070;48,190850118000071;1
08250926437100482870;08;4;37;100;2025;09;07;6;3;5;3;0;1;1;0;0;1;0;0;537141,920500000007451;5318018,835500000044703;9,498050088000070;48,014383034000048;1
08250930317100488260;08;3;17;001;2025;09;14;3;3;1;5;0;0;1;1;0;0;0;0;431498,254900000058115;5386538,724500000476837;8,070343933000061;48,628162047000046;1
08251004136100536930;08;1;36;088;2025;10;03;7;3;0;7;2;0;1;0;0;0;0;0;581263,301500000059605;5408958,632500000298023;10,107234635000054;48,828286977000062;1
08250929231000481910;08;2;37;054;2025;09;18;2;3;9;1;0;0;1;0;0;0;0;0;467970,902999999932945;5374802,433000000193715;8,566205277000051;48,525513825000075;1
08250920118200485450;08;1;18;011;2025;09;14;7;3;5;3;0;0;1;1;0;0;0;0;501843,891499999910593;5410422,497099999338388;9,025132563000057;48,846770323000044;1
08251002111500519880;08;1;11;000;2025;10;07;5;3;6;4;0;0;0;1;1;0;0;0;511728,759100000374019;5406065,567299999296665;9,159740089000024;48,807467932000066;1
08251007127100525290;08;1;27;052;2025;10;12;3;3;5;3;0;1;1;1;0;0;0;0;538027,098000000230968;5437169,084000000730157;9,520804463000047;49,086201606000031;1
08250927116400499880;08;1;16;079;2025;09;19;7;3;6;4;2;0;0;1;1;0;0;0;533685,449900000356138;5379144,507799999788404;9,456578484000033;48,564488610000069;1
08251006118400547180;08;1;18;048;2025;10;14;2;3;5;3;0;1;1;1;0;0;0;0;515895,523299999535084;5418205,642200000584126;9,216960585000038;48,916584627000077;1
08250920111340465480;08;1;11;000;2025;09;16;7;3;0;1;0;0;1;0;0;0;0;0;513541,632699999958277;5406362,004899999126792;9,184440216000041;48,810097788000064;1
08251002212502537590;08;2;12;000;2025;10;15;5;2;0;7;0;0;1;0;0;0;0;0;454499,358500000089407;5429468,847699999809265;8,377711675000057;49,016430783000033;1
08250929311010479250;08;3;11;000;2025;09;13;2;3;3;2;0;0;1;0;0;0;0;1;410845,045900000259280;5316473,416099999099970;7,804919991000077;47,995341417000077;1
08251014116100574120;08;1;16;019;2025;10;11;3;3;1;5;0;0;1;1;0;0;0;0;523113,617899999953806;5398397,044399999082088;9,314363601000025;48,738163999000051;1
08250929115400505340;08;1;15;054;2025;09;18;2;3;0;7;0;0;1;0;0;0;0;0;493109,716699999757111;5395698,376000000163913;8,906331090000037;48,714277374000062;1
08250924311010466570;08;3;11;000;2025;09;15;4;3;5;3;0;0;1;1;0;0;0;0;413592,753499999642372;5318433,411800000816584;7,841348963000030;48,013349485000049;1
08251015317500545250;08;3;17;096;2025;10;11;4;3;5;3;0;0;1;1;0;0;0;0;422589,172899999655783;5368903,888599999248981;7,952734741000029;48,468500642000038;1
08250925136000497100;08;1;36;065;2025;09;16;5;3;6;7;0;0;1;0;1;0;0;0;559945,735700000077486;5405730,495100000873208;9,816341682000029;48,801673611000069;1
08251016326000582060;08;3;35;043;2025;10;15;5;3;3;6;0;0;1;0;0;0;0;1;508299,145999999716878;5285520,504000000655651;9,110664239000073;47,723009022000042;1
08251014111500571860;08;1;11;000;2025;10;11;3;3;6;4;0;0;0;1;1;0;0;0;508315,857800000347197;5406740,445100000128150;9,113271795000060;48,813594104000060;1
08250920136000457960;08;1;19;001;2025;09;12;7;2;0;7;0;0;1;0;0;0;0;0;552757,285000000149012;5410348,554999999701977;9,719051910000076;48,843865600000072;1
08250926212702502230;08;2;15;017;2025;09;09;6;3;5;3;0;0;1;1;0;0;0;0;456472,392599999904633;5420919,530099999159575;8,405609393000077;48,939670619000026;1
08251003415400733850;08;4;15;061;2025;10;01;6;3;1;5;2;0;1;1;0;0;0;0;515350,091799999587238;5371438,727700000628829;9,207776748000072;48,495882406000078;1
08250930121600506460;08;1;25;046;2025;09;16;3;3;1;7;0;0;1;1;0;0;0;0;518889,881799999624491;5433649,729599999263883;9,258548422000047;49,055428519000031;1
08250926117300496520;08;1;17;026;2025;09;10;6;2;6;2;0;0;0;1;1;0;0;0;547733,087600000202656;5394821,778300000354648;9,648777563000067;48,704602894000061;1
08250926316100506240;08;3;16;024;2025;09;05;6;3;5;3;2;1;1;0;0;0;0;1;408836,103500000201166;5334083,111300000920892;7,774240466000037;48,153457608000053;1
08250922111000514360;08;1;11;000;2025;09;11;2;3;6;4;0;0;0;1;1;0;0;0;511810,260099999606609;5400898,007200000807643;9,160701600000039;48,760979435000081;1
08250925335100495170;08;3;35;043;2025;09;08;5;3;6;2;0;0;0;1;1;0;0;0;513050,373100000433624;5279087,636700000613928;9,173826354000028;47,665049896000028;1
08250928426000498280;08;4;21;000;2025;09;00;1;3;6;4;2;0;0;1;1;0;0;0;567947,804999999701977;5356404,303999999538064;9,917236788000025;48,357155767000052;1
08251001326200629500;08;3;26;074;2025;10;08;4;3;5;3;0;0;1;1;0;0;0;0;465643,502799999900162;5323530,774700000882149;8,538857060000055;48,064128889000074;1
08251016115200629810;08;1;15;021;2025;10;17;5;3;5;3;0;0;1;1;0;0;0;0;490606,049700000323355;5382423,613500000908971;8,872596699000042;48,594823109000060;1
08251008126100537500;08;1;26;028;2025;10;11;4;3;1;7;0;0;0;1;1;0;0;0;541245,182000000029802;5459843,971000000834465;9,567202675000033;49,289952295000035;1
08251008118300527620;08;1;18;046;2025;10;15;4;3;6;4;0;0;0;1;1;0;0;0;516351,368499999865890;5413369,046900000423193;9,222988849000046;48,873064131000035;1
08251001326100531060;08;3;26;012;2025;10;07;4;3;5;3;1;0;1;1;0;0;0;0;463437,126199999824166;5311463,302999999374151;8,510272502000021;47,955437084000039;1
08251007231000591680;08;2;37;028;2025;10;11;3;3;0;7;0;0;1;0;0;0;0;0;455983,512400000356138;5367293,526000000536442;8,404650036000021;48,457238016000076;1
08251004119400522140;08;1;19;079;2025;10;13;7;3;0;7;0;1;1;0;0;0;0;0;524692,813599999994040;5411537,364800000563264;9,336631566000051;48,856310829000051;1
08251016435100615670;08;4;35;035;2025;10;23;5;3;0;7;2;0;1;0;0;0;0;0;542745,663099999539554;5283302,934200000017881;9,569756789000053;47,701695022000081;1
08251002226100537290;08;2;26;013;2025;10;12;5;3;6;2;0;0;0;1;1;0;0;0;498796,584099999628961;5479131,843699999153614;8,983391870000048;49,464838043000043;1
08251002126100519380;08;1;26;028;2025;10;08;5;2;6;4;0;0;0;1;1;0;0;0;540889,619599999859929;5459834,632500000298023;9,562312284000029;49,289892195000050;1
08250920311010464210;08;3;11;000;2025;09;11;7;3;3;6;0;0;1;0;0;0;0;0;414642,518099999986589;5315908,759600000455976;7,855924862000052;47,990780358000052;1
08251015111140593780;08;1;11;000;2025;10;12;4;3;5;3;0;0;1;1;0;0;0;0;511650,090900000184774;5402851,270400000736117;9,158577516000037;48,778553897000052;1
08251007311010526790;08;3;15;098;2025;10;18;3;3;3;6;0;0;1;0;0;0;0;0;408095,472000000067055;5312760,941999999806285;7,768866241000069;47,961557877000075;1
08250923212102501930;08;2;15;101;2025;09;07;3;3;4;6;1;1;1;0;0;0;0;1;466501,758000000379980;5426877,429500000551343;8,542069493000042;48,993888618000028;1
08250919436200448830;08;4;36;064;2025;09;15;6;3;0;1;0;0;1;0;0;0;0;0;545695,515599999576807;5291458,928600000217557;9,609929587000067;47,774873285000069;1
08250924119400508270;08;1;19;079;2025;09;06;4;3;0;7;1;1;1;0;0;0;0;0;524576,299800000153482;5408015,470699999481440;9,334831943000040;48,824633508000034;1
08251013415400579330;08;4;15;061;2025;10;17;2;3;6;4;0;0;1;0;1;0;0;0;513738,022300000302494;5371994,651499999687076;9,185974414000043;48,500921014000028;1
08250926235100488290;08;2;35;085;2025;09;13;6;3;6;7;0;0;0;0;1;0;0;1;480803,138299999758601;5395680,767699999734759;8,739033228000039;48,713861512000051;1
08251014335100743050;08;3;35;043;2025;10;16;3;3;1;7;0;0;1;0;0;0;0;1;513592,491899999789894;5279932,708100000396371;9,181073446000028;47,672642398000050;1
08250930222500624530;08;2;22;000;2025;09;13;3;3;0;7;0;0;1;0;0;0;0;0;462522,793200000189245;5478068,418400000780821;8,482895441000039;49,454117874000076;1
08251010317500568540;08;3;17;096;2025;10;06;6;3;5;2;2;0;1;1;0;0;0;0;422259,564799999818206;5370392,193399999290705;7,947999604000074;48,481847169000048;1
08250920436400455580;08;4;36;009;2025;09;14;7;3;0;1;0;0;1;0;0;0;0;0;556665,688500000163913;5308350,152899999171495;9,758557037000060;47,925966039000059;1
08251001415300533490;08;4;15;061;2025;10;13;4;3;6;4;0;0;1;0;1;0;0;0;516592,728500000201166;5370972,752299999818206;9,224578265000048;48,491658743000073;1
08251001425000524570;08;4;25;020;2025;10;18;4;3;6;2;1;0;0;1;1;0;0;0;558778,506699999794364;5361457,660599999129772;9,794179323000037;48,403534652000076;1