UIDENTSTLAE;ULAND;UREGBEZ;UKREIS;UGEMEINDE;UJAHR;UMONAT;USTUNDE;UWOCHENTAG;UKATEGORIE;UART;UTYP1;ULICHTVERH;IstStrassenzustand;IstRad;IstPKW;IstFuss;IstKrad;IstGkfz;IstSonstige;LINREFX;LINREFY;XGCSWGS84;YGCSWGS84;PLST
08251023311010601310;08;3;11;000;2025;10;09;5;3;6;4;0;1;0;1;1;0;0;0;413829,982699999585748;5317014,661100000143051;7,844814397000050;48,000619370000038;1
08251114225200689420;08;2;25;014;2025;11;13;6;2;0;1;0;0;1;0;0;0;0;0;523053,768000000156462;5486389,144999999552965;9,318581840000036;49,529678912000065;1
08251105311010636500;08;3;11;000;2025;11;16;4;3;5;3;0;0;1;1;0;0;0;0;413132,308699999935925;5317837,753499999642372;7,835296762000041;48,007928923000065;1
08251107337400662670;08;3;37;126;2025;11;14;6;3;6;7;0;0;0;1;1;0;0;0;441513,944199999794364;5274660,073699999600649;8,221613709000053;47,622702749000041;1
08251021111140566040;08;1;11;000;2025;10;15;3;2;1;5;0;1;1;1;0;0;0;0;509061,394399999640882;5398636,700899999588728;9,123248267000065;48,740682840000034;1
08251113415400724840;08;4;15;061;2025;11;14;5;3;6;3;0;0;0;1;1;0;0;0;515905,718799999915063;5372135,149100000038743;9,215324117000023;48,502133828000069;1
08251104222500644040;08;2;22;000;2025;11;15;3;3;1;2;0;0;1;1;0;0;0;0;462996,561400000005960;5478774,930800000205636;8,489366124000071;49,460501671000031;1
08251029421200606970;08;4;25;072;2025;10;19;4;3;5;3;2;0;1;1;0;0;0;0;582641,659500000067055;5371631,759299999102950;10,118557251000027;48,492371454000079;1
08251107222014642560;08;2;22;000;2025;11;17;6;3;5;3;2;0;1;1;0;0;0;0;462707,827999999746680;5478099,516000000759959;8,485445485000071;49,454408968000052;1
08251112222200722990;08;2;22;000;2025;11;15;4;3;5;2;0;0;1;1;0;0;0;0;467822,709699999541044;5483094,487600000575185;8,555611489000057;49,499629174000063;1
08251114235200683860;08;2;35;006;2025;11;07;6;3;5;3;0;0;1;1;0;0;0;0;471766,436800000257790;5381579,076999999582767;8,617150124000034;48,586659495000049;1
08251107415400711620;08;4;15;061;2025;11;17;6;3;6;2;0;0;1;0;1;0;0;0;514886,383000000379980;5370067,128000000491738;9,201451208000037;48,483554158000061;1
08251021311010597380;08;3;11;000;2025;10;08;3;3;3;6;1;1;1;1;0;0;0;0;414270,831600000150502;5318219,228900000452995;7,850482363000026;48,011514170000055;1
08251024118200593670;08;1;18;019;2025;10;16;6;3;5;3;0;0;1;1;0;0;0;0;504386,849499999545515;5405133,867000000551343;9,059736941000040;48,799181627000053;1
08251024115100605800;08;1;15;003;2025;10;10;6;3;5;3;0;0;1;1;0;0;0;0;500768,619800000451505;5391133,193099999800324;9,010440397000025;48,673246147000043;1
08251020415400591860;08;4;15;061;2025;10;11;2;3;0;1;0;0;1;0;0;0;0;0;516415,861700000241399;5370874,650800000876188;9,222180582000021;48,490780833000031;1
08251021311010622550;08;3;11;000;2025;10;06;3;3;5;3;2;1;1;1;0;0;0;0;411706,892300000414252;5321233,620699999853969;7,815489567000043;48,038280182000051;1
08251114115400688930;08;1;15;045;2025;11;09;6;3;0;3;0;0;1;1;0;0;0;0;497923,825000000186265;5396615,474600000306964;8,971771120000028;48,722562262000054;1
08251107222800667790;08;2;22;000;2025;11;11;6;3;0;5;0;0;1;1;0;0;0;0;461474,130800000391901;5481828,321699999272823;8,468060729000058;49,487870698000052;1
08251104421200636750;08;4;21;000;2025;11;08;3;3;0;4;0;0;0;0;1;0;0;1;573720,801199999637902;5360968,880300000309944;9,995956131000071;48,397567494000043;1
08251029136200616760;08;1;36;019;2025;10;12;4;3;0;7;0;0;1;0;0;0;0;0;582366,400999999605119;5424922,122999999672174;10,125481075000039;48,971717939000030;1
08251112222200722890;08;2;22;000;2025;11;13;4;3;5;3;0;0;1;1;0;0;0;0;464431,923700000159442;5483585,301599999889731;8,508740144000058;49,503854448000027;1
08251020325202559380;08;3;25;049;2025;10;10;2;2;5;3;0;1;1;1;0;0;0;0;472721,439299999736249;5334486,859999999403954;8,633155967000050;48,163040855000077;1
08251112327100680880;08;3;27;050;2025;11;16;4;3;6;4;0;0;1;0;1;0;0;0;486088,239900000393391;5314327,505499999970198;8,813568489000033;47,982099761000029;1
08251026111120592830;08;1;11;000;2025;10;20;1;2;6;7;2;0;0;1;1;0;0;0;511684,300499999895692;5400779,796099999919534;9,158984324000073;48,759918390000053;1
08251023317500590810;08;3;17;096;2025;10;16;5;3;0;1;0;1;1;0;0;0;0;0;422574,999300000257790;5368909,222899999469519;7,952542037000057;48,468546879000030;1
08251111317100677750;08;3;17;001;2025;11;14;3;2;5;3;0;0;1;1;0;0;0;0;431527,921199999749660;5386899,506500000134110;8,070686892000026;48,631410535000043;1
08251023135200573790;08;1;35;019;2025;10;17;5;3;6;4;0;1;0;1;1;0;0;0;583506,819000000134110;5392478,572499999776483;10,134454353000024;48,679763880000053;1
08251020317500559230;08;3;17;096;2025;10;16;2;3;0;1;0;0;1;0;0;0;0;0;423443,345800000242889;5369024,273600000888109;7,964266547000022;48,469688063000035;1
08251110231000681350;08;2;31;000;2025;11;08;2;3;0;7;0;1;1;0;0;0;0;0;477960,178000000305474;5416047,825300000607967;8,699292416000048;48,896985437000069;1
08251030116500627610;08;1;16;049;2025;10;16;5;3;5;3;0;0;1;0;0;0;0;1;525479,024100000038743;5384684,104499999433756;9,345689357000026;48,614710690000038;1
08251030317500608060;08;3;17;096;2025;10;09;5;3;5;3;0;0;1;0;0;0;0;1;422589,468000000342727;5368912,589900000020862;7,952737122000030;48,468578946000036;1
08251022317100568340;08;3;17;001;2025;10;14;4;3;0;1;0;0;1;0;0;0;0;0;431002,518299999646842;5386605,738299999386072;8,063605935000055;48,628710339000065;1
08251028436200603180;08;4;36;064;2025;10;18;3;3;6;4;2;0;1;0;1;0;0;0;546798,724299999885261;5292245,288100000470877;9,624738733000072;47,781868971000051;1
08251024117100573220;08;1;17;015;2025;10;16;6;3;1;5;0;0;1;1;0;0;0;0;558584,165699999779463;5395560,986999999731779;9,796354442000052;48,710327405000044;1
08251110116000644730;08;4;17;057;2025;11;12;2;3;5;3;0;0;1;1;0;0;0;0;482314,272599999792874;5339715,186100000515580;8,761941873000069;48,210418453000045;1
08251106311010679080;08;3;11;000;2025;11;21;5;3;0;3;2;0;1;0;0;0;0;1;417179,956299999728799;5315330,110799999907613;7,890039921000039;47,985908784000060;1
08251110212010643040;08;2;12;000;2025;11;13;2;3;5;3;0;0;1;1;0;0;0;0;455021,796600000001490;5429578,499900000169873;8,384844197000064;49,017455423000058;1
08251104316100654710;08;3;16;020;2025;11;18;3;3;0;3;2;0;1;1;0;0;0;0;408428,953800000250340;5338266,858300000429153;7,767866029000061;48,191031217000045;1
08251020311300563150;08;3;11;000;2025;10;13;2;3;5;3;0;0;1;1;0;0;0;0;410641,176900000311434;5315499,821399999782443;7,802390516000060;47,986555245000034;1
08251106119400680630;08;1;19;091;2025;11;15;5;3;5;2;0;0;1;1;0;0;0;0;526813,482099999673665;5406663,921800000593066;9,365222758000073;48,812382801000069;1
08251105116000635590;08;4;16;011;2025;11;14;4;3;6;3;0;0;0;1;1;0;0;0;504381,356300000101328;5366587,108300000429153;9,059254781000050;48,452407365000056;1
08251114119200658410;08;1;19;020;2025;11;16;6;3;5;3;2;0;1;1;0;0;0;0;520666,273400000296533;5405507,725099999457598;9,281435475000023;48,802216742000041;1
08251029115200616660;08;1;15;021;2025;10;12;4;3;2;6;0;0;1;1;0;0;0;0;490252,955699999816716;5382630,003399999812245;8,867803111000057;48,596674442000051;1
08251106231102637160;08;2;36;068;2025;11;20;5;3;6;4;2;0;0;1;1;0;0;0;486605,188000000081956;5412965,312000000849366;8,817343642000026;48,869503145000067;1
08251021317500562490;08;3;17;096;2025;10;11;3;3;0;1;0;1;1;0;0;0;0;0;422364,377999999560416;5368859,708000000566244;7,949702299000023;48,468075530000078;1
08251029235100594560;08;2;35;085;2025;10;15;4;2;1;5;0;0;1;1;0;0;0;0;480586,751899999566376;5396189,927400000393391;8,736067692000063;48,718435196000030;1
08251020311010597780;08;3;11;000;2025;10;16;2;3;2;6;0;0;1;0;0;0;0;0;413752,121700000017881;5316030,122999999672174;7,843968696000047;47,991752595000037;1
08251020311010585880;08;3;36;091;2025;10;15;2;3;6;6;0;0;0;0;1;0;0;1;395654,362099999561906;5271977,623999999836087;7,612054949000026;47,592809911000074;1
08251112215202649710;08;2;15;100;2025;11;08;4;3;0;3;1;0;1;1;0;0;0;0;473785,423999999649823;5450084,085999999195337;8,640130907000071;49,202991329000042;1
08251114136100708270;08;1;36;088;2025;11;07;6;3;2;6;1;0;1;0;0;0;0;0;580595,502999999560416;5414019,368400000035763;10,099133439000070;48,873891241000081;1
08251027212010595650;08;2;12;000;2025;10;12;2;3;5;2;0;1;1;1;0;0;0;0;455522,372100000269711;5428764,122999999672174;8,391779289000056;49,010166325000057;1
08251029222014611770;08;2;22;000;2025;10;17;4;3;5;3;2;0;1;1;0;0;0;0;464076,318199999630451;5478367,998299999162555;8,504302696000025;49,456906312000058;1
08251110212010678230;08;2;12;000;2025;11;16;2;3;5;3;1;0;1;1;0;0;0;0;455121,677000000141561;5430679,937999999150634;8,386088299000050;49,027370204000079;1
08251107311010649380;08;3;11;000;2025;11;21;6;3;1;1;2;0;1;0;0;0;0;1;415083,771200000308454;5318343,990399999544024;7,861355885000023;48,012744995000048;1
08251024416200603820;08;4;16;041;2025;10;08;6;3;0;3;0;1;1;1;0;0;0;0;504477,521700000390410;5373855,509800000116229;9,060633243000041;48,517796276000070;1
08251113436200651740;08;4;36;064;2025;11;16;5;3;0;1;0;0;1;0;0;0;0;0;545203,819899999536574;5291993,526900000870228;9,603422614000067;47,779717772000026;1
08251112215402724680;08;2;15;103;2025;11;17;4;3;2;2;2;0;1;1;0;0;0;0;467161,320600000210106;5443346,133799999952316;8,549749040000052;49,142063879000034;1
08251114436100655260;08;4;36;055;2025;11;14;6;3;4;6;0;0;1;0;0;0;0;0;576681,889000000432134;5297027,089999999850988;10,024455991000025;47,822022164000032;1
08251022118200601480;08;1;18;011;2025;10;08;4;3;0;7;0;0;1;1;0;0;0;0;504658,174999999813735;5408994,678999999538064;9,063475488000051;48,833911126000032;1
08251106119100647480;08;1;19;008;2025;11;14;5;3;3;6;0;0;1;0;0;0;0;1;531571,583499999716878;5423287,031999999657273;9,431314589000067;48,961693097000079;1
08251031121600617790;08;1;25;046;2025;10;09;6;3;1;5;0;0;1;1;0;0;0;0;517701,923999999649823;5433495,876000000163913;9,242282111000065;49,054079816000069;1
08251029222500608300;08;2;22;000;2025;10;18;4;3;5;2;1;0;1;1;0;0;0;0;462213,492600000463426;5478762,052200000733137;8,478561757000023;49,460337624000033;1
08251114115100676370;08;1;15;003;2025;11;16;6;3;6;7;0;0;0;1;1;0;0;0;500434,436999999918044;5392008,359500000253320;9,005902010000057;48,681119574000036;1
08251114111340657270;08;1;11;000;2025;11;16;6;3;6;4;1;0;0;1;1;0;0;0;511653,181900000199676;5405853,127199999988079;9,158704737000050;48,805558267000038;1
08251023111330708560;08;1;11;000;2025;10;14;5;3;6;4;0;0;0;1;1;0;0;0;514341,361299999989569;5408881,489000000059605;9,195420736000074;48,832744732000037;1
08251103311010631750;08;3;36;091;2025;11;13;2;3;5;7;0;0;1;1;0;0;0;0;395599,527999999932945;5274253,080000000074506;7,610783906000052;47,613269187000071;1
08251031316100623820;08;3;16;011;2025;10;21;6;2;0;7;2;0;1;0;0;0;0;0;415032,301500000059605;5329735,084699999541044;7,858402104000049;48,115204486000039;1
08251021416010588170;08;4;16;041;2025;10;16;3;2;4;2;0;0;1;1;0;0;0;0;505829,173000000417233;5375359,980000000447035;9,078957915000046;48,531319927000027;1
08251107115400639710;08;1;15;003;2025;11;16;6;3;5;3;0;0;1;1;0;0;0;0;500569,951999999582767;5391847,301699999719858;9,007742816000075;48,679670570000042;1
08251024121400575540;08;1;25;056;2025;10;13;6;3;0;1;0;1;1;0;0;0;0;0;509762,125500000081956;5435224,377800000831485;9,133654062000062;49,069805509000048;1
08251025117300577430;08;1;17;026;2025;10;19;7;3;5;3;2;0;1;1;0;0;0;0;548025,749800000339746;5394711,980100000277162;9,652742321000062;48,703592738000054;1
08251101118500649730;08;1;18;063;2025;11;16;7;3;6;7;1;0;0;1;1;0;0;0;515027,373999999836087;5423170,358999999240041;9,205294232000028;48,961267186000043;1
08251104336300697370;08;3;36;057;2025;11;05;3;3;5;3;2;0;1;1;0;0;0;0;408205,932599999941885;5277686,127199999988079;7,777770436000026;47,646060549000026;1
08251029311010606460;08;3;36;091;2025;10;15;4;3;5;3;0;0;1;1;0;0;0;0;395704,667999999597669;5274855,760800000280142;7,612039057000061;47,618707322000034;1
08251029436200590270;08;4;36;064;2025;10;06;4;3;5;3;1;0;1;1;0;0;0;0;545330,316599999554455;5289525,134800000116229;9,604853559000048;47,757500637000078;1
08251020115100598250;08;1;15;003;2025;10;19;2;3;6;2;2;1;0;1;1;0;0;0;500768,111899999901652;5392879,396099999547005;9,010436743000071;48,688955194000073;1
08251022222500597910;08;2;22;000;2025;10;10;4;3;5;3;0;0;1;1;0;0;0;0;462734,905500000342727;5479463,971400000154972;8,485690655000042;49,466683269000043;1
08251021317100561860;08;3;17;001;2025;10;13;3;3;0;1;0;1;1;0;0;0;0;0;431569,493999999947846;5386754,248500000685453;8,071275028000059;48,630108488000076;1
08251114118200691620;08;1;18;011;2025;11;13;6;3;0;7;0;0;1;0;0;0;0;0;504934,163999999873340;5408116,460999999195337;9,067225731000065;48,826008653000031;1
08251103311010631500;08;3;11;000;2025;11;07;2;3;0;1;0;1;1;0;0;0;0;0;418790,973000000230968;5314286,992000000551343;7,911824049000074;47,976731899000072;1
08251030119400610690;08;1;19;079;2025;10;18;5;3;4;6;2;0;1;0;0;0;0;0;522598,116100000217557;5408053,348300000652671;9,307883323000055;48,825049373000070;1
08251028426000614100;08;4;26;070;2025;10;17;3;3;6;4;2;0;1;0;1;0;0;0;566004,223500000312924;5342846,492200000211596;9,888883704000023;48,235400838000032;1
08251106215202661960;08;2;15;009;2025;11;14;5;3;5;3;0;0;1;1;0;0;0;0;468136,701200000010431;5442943,399900000542402;8,563153905000036;49,138492606000057;1
08251110426000650770;08;4;25;008;2025;11;08;2;3;4;6;0;0;1;1;0;0;0;0;564409,411999999545515;5381138,427999999374151;9,873286904000054;48,580020223000076;1
08251111426300648900;08;4;26;097;2025;11;14;3;3;1;5;0;0;1;1;0;0;0;0;535596,067200000397861;5334351,989099999889731;9,478683588000024;48,161416090000046;1
08251029212010612490;08;2;12;000;2025;10;16;4;3;5;3;0;0;1;1;0;0;0;0;455040,067699999548495;5429892,679999999701977;8,385059256000034;49,020282826000027;1
08251023128200574060;08;1;28;115;2025;10;12;5;3;1;5;0;1;1;1;0;0;0;0;547576,523299999535084;5496812,839999999850988;9,658706894000034;49,622001683000065;1
08251106426000635620;08;4;25;072;2025;11;07;5;3;0;1;1;1;1;0;0;0;0;0;582967,170699999667704;5371536,707200000062585;10,122943294000038;48,491473596000048;1
08251023222600601500;08;2;22;000;2025;10;20;5;3;5;3;2;0;1;1;0;0;0;0;463081,537200000137091;5482414,192399999126792;8,490199047000033;49,493240230000026;1
08251024212302576950;08;2;12;000;2025;10;07;6;3;4;6;1;1;1;0;0;0;0;0;455220,213399999774992;5429522,507099999114871;8,387563911000029;49,016966198000034;1
08251101231202631290;08;2;36;004;2025;11;13;7;3;1;5;0;0;1;1;0;0;0;0;473122,514000000432134;5413079,604199999943376;8,633484605000035;48,870093470000029;1
08251111136100647190;08;1;36;050;2025;11;18;3;3;6;2;2;0;0;1;1;0;0;0;580777,768199999816716;5403987,276699999347329;10,099642216000063;48,783636651000052;1
08251104222800633920;08;2;22;000;2025;11;16;3;3;5;3;0;0;1;0;0;0;0;1;462482,368999999947846;5486266,879000000655651;8,481559483000069;49,527856268000050;1
08251105117400637070;08;1;17;051;2025;11;13;4;3;6;4;0;0;0;1;1;0;0;0;542906,188400000333786;5395345,906500000506639;9,583229647000053;48,709668481000051;1
08251102316100645500;08;3;16;017;2025;11;08;1;3;6;7;0;1;0;1;1;0;0;0;413249,569000000134110;5340023,479000000283122;7,832356384000036;48,207508875000030;1
08251024118200607740;08;1;18;027;2025;10;12;6;3;5;4;0;0;0;1;1;0;0;0;501932,509300000034273;5412552,021500000730157;9,026350491000073;48,865926916000035;1
08251110136000683960;08;1;36;028;2025;11;12;2;3;6;6;0;0;0;1;1;0;0;0;571484,593200000002980;5405698,166799999773502;9,973450556000046;48,800162977000070;1
08251105421300658850;08;4;25;064;2025;11;07;4;3;5;7;0;0;1;1;0;0;0;0;570258,785400000400841;5347417,250099999830127;9,946931332000077;48,276060159000053;1
08251022119200564500;08;1;19;020;2025;10;09;4;2;5;3;0;1;1;1;0;0;0;0;520104,070399999618530;5406555,358400000259280;9,273830737000026;48,811659497000051;1
08251112119500681310;08;1;19;085;2025;11;17;4;2;2;6;2;0;1;1;0;0;0;0;529013,225499999709427;5413789,127499999478459;9,395689083000036;48,876379809000071;1
08251020136100607430;08;1;36;021;2025;10;16;2;3;0;7;0;1;1;0;0;0;0;0;577234,525299999862909;5407668,161399999633431;10,052108385000054;48,817194105000056;1
08251019311010576850;08;3;15;064;2025;10;13;1;3;0;7;0;0;1;0;0;0;0;0;423529,005199999548495;5312125,578700000420213;7,975685952000049;47,957872136000049;1
08251112212702688330;08;2;15;108;2025;11;15;4;3;5;3;0;0;1;1;0;0;0;0;449777,818400000222027;5424891,752199999988079;8,313708117000033;48,974893624000060;1
08251031136100620210;08;1;36;088;2025;10;23;6;3;0;7;2;0;1;0;0;0;0;0;580913,948599999770522;5412859,005300000309944;10,103245958000059;48,863413284000046;1
08251101121200661080;08;1;21;000;2025;11;22;7;3;6;4;2;1;0;0;1;1;0;0;516206,744400000199676;5443401,774100000038743;9,222215547000076;49,143228420000071;1
08251025337200837700;08;3;37;116;2025;10;14;7;3;5;3;0;0;1;1;0;0;0;0;417691,817599999718368;5275101,786000000312924;7,904535001000056;47,624087443000064;1
08251028212102640850;08;2;12;000;2025;10;13;3;3;6;2;0;0;0;1;1;0;0;0;457838,630499999970198;5428821,285399999469519;8,423445894000054;49,010843115000057;1
08251030118300607230;08;1;18;046;2025;10;16;5;3;5;3;0;0;1;1;0;0;0;0;514539,623999999836087;5411940,862999999895692;9,198230920000071;48,860261647000073;1
08251114116100657890;08;1;16;019;2025;11;15;6;3;0;1;0;0;1;0;0;0;0;0;522389,775100000202656;5398819,664999999105930;9,304541877000077;48,741992287000073;1
08251103121500632370;08;1;25;078;2025;11;15;2;3;0;1;0;0;1;0;0;0;0;0;518723,581799999810755;5454100,033800000324845;9,257222762000026;49,239390119000063;1
08251110311010657420;08;3;11;000;2025;11;12;2;3;2;6;0;0;1;1;0;0;0;0;414256,548000000417233;5317823,770099999383092;7,850369952000051;48,007954960000063;1
08251106116500637530;08;1;16;071;2025;11;16;5;3;0;7;0;0;0;0;1;0;0;1;527870,519000000320375;5391064,855900000780821;9,378564854000047;48,672009840000044;1
08251105317600679460;08;3;17;011;2025;11;14;4;3;2;6;0;0;1;1;0;0;0;0;428172,069799999706447;5354405,779799999669194;8,030733446000056;48,338748821000081;1
08251019212010620630;08;2;12;000;2025;10;13;1;3;5;3;0;0;1;1;0;0;0;0;456233,251400000415742;5425817,934000000357628;8,401817256000072;48,983715801000073;1
08251031335100620120;08;3;35;043;2025;10;10;6;3;3;6;0;0;1;0;0;0;0;1;512726,158599999733269;5279890,580700000748038;9,169531345000053;47,672280982000075;1
08251023311010603890;08;3;11;000;2025;10;14;5;3;4;6;0;1;1;1;0;0;0;0;412173,702600000426173;5317084,612999999895692;7,822600981000051;48,001023199000031;1
08251111421300646560;08;4;25;141;2025;11;21;3;3;0;1;2;1;1;0;0;0;0;0;566282,622899999842048;5363298,883600000292063;9,895849113000054;48,419352819000039;1
08251023212010592820;08;2;12;000;2025;10;11;5;3;4;6;0;1;1;0;0;0;0;0;455568,100999999791384;5432962,756999999284744;8,391944528000067;49,047936602000050;1
08251027212702669080;08;2;15;017;2025;10;17;2;3;0;3;1;1;1;1;0;0;0;0;455577,291799999773502;5421538,968100000172853;8,393319532000021;48,945178958000042;1
08251028115200628120;08;1;15;016;2025;10;11;3;3;0;7;0;0;0;1;1;0;0;0;486875,584400000050664;5377470,052200000733137;8,822159685000031;48,550192578000065;1
08251021212010565570;08;2;12;000;2025;10;13;3;3;0;3;0;1;1;0;0;0;0;0;455516,550099999643862;5429238,724099999293685;8,391647663000072;49,014434984000047;1
08251029215302594400;08;2;15;007;2025;10;14;4;3;6;4;0;0;1;0;1;0;0;0;478994,839999999850988;5431607,657999999821186;8,712605717000031;49,036990717000037;1
08251029426100591910;08;4;26;021;2025;10;11;4;3;5;3;0;0;1;1;0;0;0;0;559094,207000000402331;5328378,492300000041723;9,793824418000042;48,105927682000072;1
08251105415400701330;08;4;15;061;2025;11;17;4;3;5;3;1;0;1;1;0;0;0;0;516973,558899999596179;5374047,998800000175834;9,229857734000063;48,519314472000076;1
08251021211000594760;08;2;16;043;2025;10;15;3;2;5;3;0;0;1;1;0;0;0;0;441381,344399999827147;5412023,552999999374151;8,200828879000028;48,858406280000054;1
08251027421200583800;08;4;21;000;2025;10;19;2;3;6;4;2;0;1;0;1;0;0;0;573082,545599999837577;5360928,905500000342727;9,987327780000044;48,397282222000058;1
08251022416200583360;08;4;16;041;2025;10;08;4;3;0;5;1;1;1;1;0;0;0;0;506012,763799999840558;5374617,115700000897050;9,081433990000050;48,524635129000046;1
08251020222400604720;08;2;26;038;2025;10;08;2;3;3;6;0;1;1;1;0;0;0;0;471618,692099999636412;5480959,793500000610948;8,608188282000071;49,480617865000056;1
08251022317000569090;08;3;17;065;2025;10;07;4;3;5;3;1;1;1;1;0;0;0;0;416160,027999999932945;5354880,667999999597669;7,868575497000052;48,341540497000040;1
08251107111500662970;08;1;11;000;2025;11;17;6;3;4;2;2;0;1;1;0;0;0;0;511481,955799999646842;5400869,498500000685453;9,156233602000043;48,760729114000071;1
08251114118500673850;08;1;18;049;2025;11;15;6;2;0;3;0;0;1;1;0;0;0;0;523760,822399999946356;5423197,832299999892712;9,324604904000068;48,961240304000057;1
08251113311010690600;08;3;11;000;2025;11;14;5;3;0;3;0;0;1;0;0;0;0;1;413173,500900000333786;5316759,748400000855327;7,836067135000064;47,998237516000074;1
08251104226400708430;08;2;26;062;2025;11;14;3;3;6;7;0;0;0;1;1;0;0;0;469877,582200000062585;5468484,453600000590086;8,585099691000039;49,368321823000031;1
08251018415300623240;08;4;15;092;2025;10;17;7;3;1;5;0;0;1;1;0;0;0;0;518897,633700000122190;5363931,966800000518560;9,255456236000043;48,428252108000038;1
08251031426200610860;08;4;26;070;2025;10;09;6;3;5;3;0;0;1;1;0;0;0;0;565890,557400000281632;5342064,782199999317527;9,887231565000036;48,228380599000047;1
08251103111330651090;08;1;11;000;2025;11;18;2;3;6;7;2;0;0;1;1;0;0;0;512506,490399999544024;5409037,027499999850988;9,170422971000050;48,834183601000063;1
08251103136000640490;08;1;36;065;2025;11;19;2;3;6;4;2;0;0;1;1;0;0;0;558334,918100000359118;5405655,981699999421835;9,794397199000059;48,801156616000071;1
08251029116500626220;08;1;16;049;2025;10;13;4;3;5;3;0;0;1;1;0;0;0;0;525302,152099999599159;5385343,004799999296665;9,343329866000033;48,620645371000080;1
08251018336100553410;08;3;36;050;2025;10;20;7;3;0;1;2;0;1;0;0;0;0;0;399226,016200000420213;5273216,072000000625849;7,659264748000055;47,604515121000077;1
08251020311400589770;08;3;15;050;2025;10;07;2;3;6;2;2;1;0;1;1;0;0;0;399458,126000000163913;5303294,877000000327826;7,655402172000038;47,875113897000062;1
08251105311010636390;08;3;11;000;2025;11;16;4;3;6;4;0;0;0;1;1;0;0;0;410447,841400000266731;5315026,809299999848008;7,799898618000043;47,982273348000035;1
08251113215402703290;08;2;15;009;2025;11;17;5;3;5;3;2;0;1;1;0;0;0;0;468858,647699999623001;5441518,626900000497699;8,573161551000055;49,125713569000027;1
08251106111230661320;08;1;11;000;2025;11;10;5;3;6;7;0;0;0;0;1;0;0;1;511512,633000000379980;5395267,392999999225140;9,156494521000070;48,710332019000077;1
08251018325302576390;08;3;25;053;2025;10;10;7;3;5;2;0;0;1;1;0;0;0;0;454007,314399999566376;5342319,899900000542402;8,380650408000065;48,232431000000076;1
08251031212702599810;08;2;15;017;2025;10;16;6;3;6;7;0;1;0;0;1;0;0;1;456418,955900000408292;5421051,877100000157952;8,404865576000077;48,940857348000065;1
08251107215402699550;08;2;15;009;2025;11;12;6;3;5;3;0;0;1;1;0;0;0;0;468714,563199999742210;5440284,750199999660254;8,571282395000026;49,114607313000079;1
08251108212010711740;08;2;12;000;2025;11;20;7;3;1;7;2;0;1;1;0;0;0;0;454919,518899999558926;5427504,185000000521541;8,383675794000055;48,998789324000029;1
08251111116100646040;08;1;16;072;2025;11;08;3;3;5;3;0;0;1;1;0;0;0;0;531443,865000000223517;5392070,118000000715256;9,427176686000053;48,680883330000029;1
08251018435200554750;08;4;35;034;2025;10;15;7;3;5;2;0;0;1;1;0;0;0;0;529140,264700000174344;5284852,968399999663234;9,388519425000027;47,716398464000065;1
08251109335100672150;08;3;35;043;2025;11;11;1;3;3;6;0;0;1;1;0;0;0;0;511819,186800000257790;5280435,606300000101328;9,157463935000067;47,677202156000078;1
08251023311010601330;08;3;11;000;2025;10;20;5;3;5;2;2;1;1;0;0;0;0;1;414410,771999999880791;5317399,245500000193715;7,852522040000053;48,004156877000071;1
08251021111500562200;08;1;11;000;2025;10;08;3;3;5;2;0;1;1;1;0;0;0;0;512888,026300000026822;5405092,414000000804663;9,175498133000076;48,798690599000054;1
08251022111500586590;08;1;11;000;2025;10;17;4;2;6;4;0;1;1;0;1;0;0;0;512567,377999999560416;5401706,602700000628829;9,171028315000058;48,768238690000032;1
08251111211000663660;08;2;16;015;2025;11;12;3;3;5;5;0;0;1;1;0;0;0;0;449656,797699999995530;5406042,831199999898672;8,314376709000044;48,805335058000026;1
08251022212010564650;08;2;12;000;2025;10;08;4;3;5;2;0;1;1;1;0;0;0;0;458374,642099999822676;5430829,492599999532104;8,430569397000056;49,028943613000081;1
08251112116200704820;08;1;16;078;2025;11;15;4;3;5;3;0;0;1;1;0;0;0;0;512452,563500000163913;5392279,066099999472499;9,169181104000074;48,683430811000051;1
08251023311010601420;08;3;11;000;2025;10;20;5;3;0;3;2;1;1;0;0;0;0;1;410050,500900000333786;5316575,929700000211596;7,794250436000027;47,996152261000077;1
08251113212702692700;08;2;15;108;2025;11;12;5;3;5;3;0;0;1;1;0;0;0;0;450186,827399999834597;5425435,485999999567866;8,319230254000047;48,979817630000070;1
08251030311400606760;08;3;15;006;2025;10;10;5;3;0;1;0;0;1;0;0;0;0;0;403830,076000000350177;5307920,933000000193715;7,712823804000038;47,917395365000061;1
08251027215402600490;08;2;15;009;2025;10;10;2;3;1;5;0;1;1;0;0;0;1;0;471854,365799999795854;5438778,497999999672174;8,614412368000046;49,101209963000031;1
08251103311010693590;08;3;36;057;2025;11;15;2;3;5;3;0;0;1;1;0;0;0;0;408093,470300000160933;5277647,569199999794364;7,776281466000057;47,645697732000031;1
08251113317010666670;08;3;17;146;2025;11;14;5;3;5;2;0;0;1;1;0;0;0;0;429877,972500000149012;5354568,040300000458956;8,053723064000053;48,340400078000073;1
08251023117300624220;08;1;17;026;2025;10;12;5;3;6;2;0;1;0;1;1;0;0;0;547575,863699999637902;5397150,864499999210238;9,646909327000060;48,725566177000076;1