UIDENTSTLAE;ULAND;UREGBEZ;UKREIS;UGEMEINDE;UJAHR;UMONAT;USTUNDE;UWOCHENTAG;UKATEGORIE;UART;UTYP1;ULICHTVERH;IstStrassenzustand;IstRad;IstPKW;IstFuss;IstKrad;IstGkfz;IstSonstige;LINREFX;LINREFY;XGCSWGS84;YGCSWGS84;PLST
08251101311010650490;08;3;11;000;2025;11;07;7;3;0;3;1;0;1;1;0;0;0;0;410136,175800000317395;5316692,797700000926852;7,795374149000054;47,997215560000029;1
08251103212102632220;08;2;15;101;2025;11;07;2;3;0;7;0;1;1;0;0;0;0;0;468055,038399999961257;5428520,642000000923872;8,563173364000022;49,008752214000026;1
08251020426010560660;08;4;21;000;2025;10;15;2;3;3;6;0;1;1;1;0;0;0;0;574544,190999999642372;5363937,876800000667572;10,007605761000036;48,424177240000063;1
08251112311010723250;08;3;15;047;2025;11;18;4;2;0;7;2;0;1;0;0;0;0;1;415137,802899999544024;5321303,750499999150634;7,861493995000046;48,039376307000055;1
08251024212010632880;08;2;12;000;2025;10;06;6;3;5;2;2;1;1;0;0;0;0;1;452847,274000000208616;5428696,462400000542402;8,355208191000031;49,009359100000040;1
08251028436400586110;08;4;36;082;2025;10;15;3;3;0;1;0;0;1;0;0;0;0;0;547178,206100000068545;5295786,190199999138713;9,630189432000066;47,813698647000081;1
08251020212010596790;08;2;12;000;2025;10;17;2;2;0;3;0;1;1;0;0;0;0;0;455907,036500000394881;5423874,995699999853969;8,397569605000058;48,966215562000059;1
08251030118400682470;08;1;18;048;2025;10;18;5;3;5;3;2;0;1;1;0;0;0;0;515944,452899999916553;5415765,945800000801682;9,217533149000076;48,894636593000030;1
08251106117300657620;08;1;17;026;2025;11;07;5;3;5;3;0;0;1;1;0;0;0;0;548528,404000000096858;5394366,915599999949336;9,659533121000038;48,700449809000077;1
08251030336400595680;08;3;36;008;2025;10;15;5;3;2;6;0;0;1;1;0;0;0;0;396663,322599999606609;5276270,973400000482798;7,624459018000039;47,631591043000071;1
08251025111500610590;08;1;11;000;2025;10;17;7;3;0;4;0;0;0;0;1;0;0;1;516061,600399999879301;5405444,473600000143051;9,218726628000070;48,801783784000065;1
08251020222600838280;08;2;22;000;2025;10;11;2;3;4;6;0;0;1;1;0;0;0;0;461679,268400000408292;5481835,663599999621511;8,470892292000030;49,487949724000032;1
08251104416010659070;08;4;16;023;2025;11;16;3;2;5;2;0;0;1;0;0;0;1;0;510997,185600000433624;5371325,274399999529123;9,148853664000058;48,494953011000064;1
08251113415300716000;08;4;15;059;2025;11;09;5;3;0;1;0;0;1;0;0;0;0;0;516482,230600000359118;5369317,466800000518560;9,223017420000076;48,476770110000075;1
08251020311010559100;08;3;11;000;2025;10;14;2;3;0;1;0;1;1;0;0;0;0;0;413923,174100000411272;5315400,532099999487400;7,846387166000056;47,986112235000064;1
08251024118400603630;08;1;18;048;2025;10;08;6;3;3;6;0;1;1;0;0;0;0;1;515077,561200000345707;5416262,987700000405312;9,205724413000041;48,899129546000040;1
08251111335100677040;08;3;35;043;2025;11;07;3;3;9;7;0;0;1;0;0;0;0;0;512823,730800000019372;5278307,454299999400973;9,170784677000029;47,658034598000029;1
08251108111320711660;08;1;11;000;2025;11;12;7;3;1;7;0;0;1;1;0;0;0;0;517542,662800000049174;5408329,150100000202656;9,239018869000063;48,827693804000035;1
08251019311010593790;08;3;15;131;2025;10;18;1;2;6;7;0;0;0;1;1;0;0;0;405301,986200000159442;5308096,321299999952316;7,732480864000024;47,919192105000036;1
08251103335100632230;08;3;35;043;2025;11;08;2;3;0;1;0;0;1;0;0;0;0;0;510984,495799999684095;5280682,592499999329448;9,146349818000033;47,679439177000063;1
08251030127202618300;08;1;27;014;2025;10;05;5;3;5;3;2;1;1;0;0;0;0;0;577130,369199999608099;5443727,312599999830127;10,057529698000053;49,141527547000067;1
08251105116010668950;08;1;16;037;2025;11;17;4;2;6;4;2;0;1;0;1;0;0;0;535544,475300000049174;5400090,836899999529123;9,483574137000062;48,752815606000070;1
08251107311010666800;08;3;11;000;2025;11;18;6;3;3;6;2;0;1;0;0;0;0;0;413006,657100000418723;5316442,707699999213219;7,833895300000052;47,995362950000072;1
08251020325202592110;08;3;25;069;2025;10;07;2;3;5;3;2;1;1;0;0;0;0;1;468850,953900000080466;5335041,987500000745058;8,581066087000067;48,167857268000034;1
08251018222600618880;08;2;22;000;2025;10;14;7;2;6;4;0;0;0;1;1;0;0;0;461198,150799999944866;5483288,375499999150634;8,464106995000066;49,500985493000030;1
08251111212010645980;08;2;12;000;2025;11;14;3;3;0;7;0;0;1;1;0;0;0;0;453971,412399999797344;5429703,251499999314547;8,370465097000022;49,018500093000057;1
08251029436300617380;08;4;36;081;2025;10;14;4;2;0;7;0;0;1;0;0;0;0;0;561652,855399999767542;5281269,534399999305606;9,821460683000055;47,681873118000055;1
08251026311010589940;08;3;11;000;2025;10;03;1;3;0;7;2;0;1;0;0;0;0;0;414871,219299999997020;5317005,588999999687076;7,858772013000021;48,000677272000075;1
08251105136000651990;08;1;36;038;2025;11;15;4;3;0;7;0;0;1;0;0;0;0;0;590976,669300000183284;5413951,279400000348687;10,240660301000048;48,871842629000071;1
08251020325202597350;08;3;25;049;2025;10;12;2;3;5;3;0;1;1;1;0;0;0;0;472117,027999999932945;5335277,347999999299645;8,624976136000043;48,170126437000079;1
08251031421300619850;08;4;21;000;2025;10;07;6;3;5;3;1;0;1;1;0;0;0;0;571847,839599999599159;5356213,723099999129772;9,969843721000075;48,355009642000027;1
08251105221011662540;08;2;26;041;2025;11;10;4;2;6;6;0;0;0;1;1;0;0;0;476300,271999999880791;5464377,430700000375509;8,673807199000066;49,331663114000037;1
08251026111310625650;08;1;11;000;2025;10;02;1;3;6;4;2;0;0;1;1;0;0;0;515539,825000000186265;5405618,387499999254942;9,211627732000068;48,803361553000059;1
08251029435100588340;08;4;35;016;2025;10;06;4;3;0;1;0;1;1;0;0;0;0;0;537522,035799999721348;5278456,329500000923872;9,499717415000021;47,658413004000067;1
08251112335200648490;08;3;35;063;2025;11;15;4;3;0;7;0;0;1;0;0;0;0;0;497680,907700000330806;5287862,848899999633431;8,969063758000061;47,744133708000049;1
08251018212010570380;08;2;12;000;2025;10;19;7;3;5;3;2;0;1;1;0;0;0;0;455331,252799999900162;5428744,554300000891089;8,389168087000030;49,009976497000025;1
08251111417010669850;08;4;17;002;2025;11;17;3;3;0;1;2;0;1;0;0;0;0;0;488942,885900000110269;5346676,641699999570847;8,850983891000055;48,273199238000075;1
08251104118500642350;08;1;18;049;2025;11;14;3;3;0;7;0;0;1;0;0;0;0;0;517033,511199999600649;5419453,953700000420213;9,232545167000069;48,927783754000075;1
08251112222600723030;08;2;22;000;2025;11;18;4;3;6;3;2;0;0;1;1;0;0;0;463328,701000000350177;5482710,043400000780821;8,493584496000040;49,495916249000061;1
08251023121300586980;08;1;21;000;2025;10;07;5;3;5;3;2;1;1;1;0;0;0;0;515192,299800000153482;5441454,563999999314547;9,208232911000039;49,125738522000063;1
08251022118400581410;08;1;18;048;2025;10;19;4;3;6;4;2;1;0;1;1;0;0;0;515354,274600000120699;5415913,372899999842048;9,209486835000064;48,895977713000036;1
08251022111130586700;08;1;11;000;2025;10;17;4;3;1;5;0;1;1;1;0;0;0;0;509696,674399999901652;5402701,223699999973178;9,131984743000032;48,777237602000071;1
08251104335100654030;08;3;35;043;2025;11;08;3;3;0;1;0;1;1;0;0;0;0;0;513268,001299999654293;5278953,451899999752641;9,176720996000029;47,663838117000068;1
08251027216100586930;08;2;16;043;2025;10;14;2;3;0;1;0;1;1;0;0;0;0;0;442815,304499999620020;5411737,764699999243021;8,220416625000041;48,855969452000068;1
08251028222014614180;08;2;22;000;2025;10;14;3;2;6;4;0;0;0;0;1;0;0;1;461626,561999999918044;5483791,947000000625849;8,469974598000022;49,505542094000077;1
08251111222700646430;08;2;22;000;2025;11;10;3;3;4;2;0;0;1;1;0;0;0;0;461356,486499999649823;5481546,190300000831485;8,466464028000075;49,485325597000042;1
08251026212010607630;08;2;12;000;2025;10;10;1;3;5;3;0;0;1;1;0;0;0;0;456406,491399999707937;5427358,092399999499321;8,404019658000038;48,997581999000033;1
08251104115300649820;08;1;15;028;2025;11;06;3;3;0;7;2;0;1;1;0;0;0;0;500403,721099999733269;5404364,457100000232458;9,005496827000059;48,792275412000038;1
08251112121600664490;08;1;25;102;2025;11;08;4;3;5;3;0;0;1;1;0;0;0;0;520987,813000000081956;5444045,333000000566244;9,287802973000055;49,148872642000072;1
08251025128200605340;08;1;28;115;2025;10;00;7;3;0;1;2;1;1;0;0;0;0;0;546813,950299999676645;5498293,160199999809265;9,648326312000052;49,635375355000065;1
08251103111500637860;08;1;11;000;2025;11;12;2;3;4;6;0;0;1;0;0;0;0;0;513743,546400000341237;5404135,702500000596046;9,187115803000040;48,790065801000026;1
08251018117200556730;08;1;17;006;2025;10;16;7;2;0;7;0;0;1;0;0;0;0;0;550233,876400000415742;5380951,899599999189377;9,681083299000022;48,579639442000030;1
08251022212702607100;08;2;15;017;2025;10;10;4;3;5;3;0;1;1;1;0;0;0;0;457142,691999999806285;5420674,411000000312924;8,414787931000035;48,937512516000027;1
08251103222800652390;08;2;22;000;2025;11;07;2;3;5;3;1;0;1;1;0;0;0;0;461355,862999999895692;5486611,134099999442697;8,465959737000048;49,530881842000042;1
08251107415100680700;08;4;15;050;2025;11;21;6;3;0;1;2;0;1;0;0;0;0;0;520891,006400000303984;5376811,516200000420213;9,283046144000025;48,544057596000073;1
08251103215102648150;08;2;15;109;2025;11;18;2;2;5;3;2;0;1;1;0;0;0;0;464388,396099999547005;5439823,584599999710917;8,512041898000064;49,110223714000028;1
08251106121200636620;08;1;21;000;2025;11;10;5;2;6;7;0;0;0;0;1;0;0;1;516222,047100000083447;5443269,367200000211596;9,222420035000027;49,142036973000074;1
08251021136000593210;08;1;36;088;2025;10;15;3;3;5;3;0;0;1;1;0;0;0;0;581427,645899999886751;5413059,199699999764562;10,110288586000024;48,865146636000077;1
08251022121500601490;08;1;25;065;2025;10;14;4;3;0;6;0;0;1;1;0;0;0;0;516068,452300000004470;5447266,626099999994040;9,220473666000032;49,177997550000043;1
08251103336400672710;08;3;36;091;2025;11;17;2;3;0;7;2;0;0;0;1;1;0;0;396055,368800000287592;5274381,912599999457598;7,616817209000033;47,614501344000075;1
08251031436000619550;08;4;36;009;2025;10;09;6;2;0;1;0;0;1;0;0;0;0;0;555110,110700000077486;5307484,192099999636412;9,737624291000031;47,918311019000043;1
08251019111310554040;08;1;11;000;2025;10;00;1;3;6;4;2;0;0;0;1;0;0;1;516984,517300000414252;5406641,133799999952316;9,231344306000040;48,812524221000047;1
08251023226200600750;08;2;26;068;2025;10;20;5;3;0;7;2;0;1;0;0;0;0;0;469061,680100000463426;5460282,116100000217557;8,574498316000074;49,294502158000057;1
08251028119500587840;08;1;19;068;2025;10;17;3;3;0;7;2;1;1;0;0;0;0;0;526028,040300000458956;5412856,740800000727177;9,354917967000063;48,868124906000048;1
08251113111130650860;08;1;11;000;2025;11;06;5;3;5;3;1;0;1;1;0;0;0;0;512035,305100000463426;5403126,110500000417233;9,163828959000057;48,781019005000076;1
08251114435100689740;08;4;35;016;2025;11;18;6;3;0;4;2;0;1;0;1;0;0;0;535926,126199999824166;5278003,439699999988079;9,478426693000074;47,654428768000059;1
08251018111230556350;08;1;11;000;2025;10;14;7;3;0;1;0;0;1;0;0;0;0;0;512567,301199999637902;5400430,548399999737740;9,170988299000044;48,756759372000033;1
08251110326000644950;08;3;35;043;2025;11;14;2;3;2;2;0;0;1;0;0;1;0;0;513113,053000000305474;5278306,137000000104308;9,174637772000040;47,658016945000043;1
08251024136000572350;08;1;19;084;2025;10;08;6;3;1;7;0;1;1;1;0;0;0;0;546420,374900000169873;5413918,480100000277162;9,633094183000026;48,876484389000041;1
08251024118500592260;08;1;18;054;2025;10;16;6;3;0;7;0;1;1;0;0;0;0;0;517573,130699999630451;5422452,643400000408292;9,240041429000030;48,954743768000071;1
08251022127100602640;08;1;27;043;2025;10;15;4;3;6;7;0;0;0;1;1;0;0;0;568138,618700000457466;5445238,609600000083447;9,934518331000049;49,156183712000029;1
08251031119300604350;08;1;19;055;2025;10;14;6;3;5;3;0;0;1;1;0;0;0;0;543648,599499999545515;5404933,067700000479817;9,594337158000030;48,795858463000059;1
08251024212010581340;08;2;12;000;2025;10;07;6;3;5;3;2;1;1;1;0;0;0;0;460695,721699999645352;5427776,798399999737740;8,462615686000049;49,001636337000036;1
08251104212302773020;08;2;12;000;2025;11;13;3;3;0;6;0;1;1;0;0;0;0;0;457465,483599999919534;5429152,604000000283122;8,418308687000035;49,013797761000035;1
08251023212102616780;08;2;12;000;2025;10;16;5;3;6;7;0;1;0;1;1;0;0;0;458508,379099999554455;5428618,555900000035763;8,432624912000051;49,009064929000033;1
08251113121500652910;08;1;25;005;2025;11;21;5;3;6;4;2;0;0;1;1;0;0;0;514526,982300000265241;5453875,888800000771880;9,199562579000030;49,237487872000031;1
08251025311010576410;08;3;11;000;2025;10;18;7;3;0;1;0;0;1;0;0;0;0;0;413095,128299999982119;5316311,783399999141693;7,835107472000061;47,994197274000044;1
08251105335100711290;08;3;35;043;2025;11;09;4;3;5;3;0;0;1;0;0;0;0;0;513724,937500000000000;5279905,918600000441074;9,182836979000058;47,672398557000065;1
08251107415100666330;08;4;15;078;2025;11;16;6;3;0;1;0;0;1;0;0;0;0;0;528160,382899999618530;5372231,470200000330806;9,381225484000026;48,502570492000075;1
08251024212010601870;08;2;12;000;2025;10;21;6;3;1;5;2;0;1;1;0;0;0;0;456555,757799999788404;5424536,321000000461936;8,406361790000062;48,972210246000031;1
08251106212010650280;08;2;15;017;2025;11;16;5;3;6;7;0;0;0;0;1;0;0;1;459017,978099999949336;5420248,066800000146031;8,440436327000043;48,933804499000075;1
08251104119100641190;08;1;19;083;2025;11;06;3;3;0;7;2;1;1;0;0;0;0;0;535865,441300000064075;5419528,607499999925494;9,489642058000072;48,927650430000028;1
08251112335100648360;08;3;35;043;2025;11;14;4;3;0;6;0;0;1;0;0;0;0;0;513876,419999999925494;5280020,461999999359250;9,184858585000029;47,673425946000066;1
08251022421300567220;08;4;21;000;2025;10;05;4;3;5;3;2;1;1;1;0;0;0;0;571591,822700000368059;5360238,414899999275804;9,967073760000062;48,391242107000039;1
08251027335100581670;08;3;35;043;2025;10;06;2;3;0;7;1;1;1;0;0;0;0;0;511524,308000000193715;5280328,100400000810623;9,153532519000066;47,676240178000057;1
08251110335100644930;08;3;35;043;2025;11;14;2;3;0;7;0;0;1;0;0;0;0;0;512054,061400000005960;5279913,653899999335408;9,160578686000065;47,672501467000075;1
08251029415400616040;08;4;15;061;2025;10;10;4;3;5;3;0;0;1;1;0;0;0;0;515170,994900000281632;5370076,341900000348687;9,205303051000044;48,483630244000040;1
08251104111500633580;08;1;11;000;2025;11;05;3;3;5;3;2;0;1;1;0;0;0;0;519255,743800000287592;5404651,555999999865890;9,262186811000049;48,794560081000043;1
08251110111340743290;08;1;11;000;2025;11;12;2;3;0;7;0;0;1;0;0;0;0;0;509337,494599999859929;5406825,619400000199676;9,127189598000029;48,814345808000041;1
08251022136000586470;08;1;36;042;2025;10;16;4;3;5;3;0;0;1;1;0;0;0;0;551225,505599999800324;5405150,467800000682473;9,697527122000054;48,797235923000073;1
08251029226600617990;08;2;26;082;2025;10;12;4;3;6;2;0;0;0;1;1;0;0;0;475500,746000000275671;5480422,346999999135733;8,661813327000061;49,475952797000048;1
08251111116200660910;08;1;16;078;2025;11;07;3;3;6;4;0;0;0;1;1;0;0;0;510290,049899999983609;5394308,823799999430776;9,139851757000031;48,701730056000031;1
08251018212502644460;08;2;12;000;2025;10;17;7;3;5;3;0;0;1;1;0;0;0;0;454687,529799999669194;5427243,120100000873208;8,380533438000043;48,996424035000075;1
08251019221011621740;08;2;21;000;2025;10;18;1;3;7;7;2;0;1;0;0;0;0;0;477757,065899999812245;5473519,499700000509620;8,693346454000050;49,413949994000063;1
08251101436400631280;08;4;36;011;2025;11;14;7;3;5;3;0;0;1;1;0;0;0;0;548923,668999999761581;5296918,994400000199676;9,653631068000038;47,823760002000029;1
08251103335100631660;08;3;35;043;2025;11;13;2;3;0;7;0;0;1;0;0;0;0;0;511556,069400000385940;5280563,096599999815226;9,153961878000075;47,678354027000069;1
08251023415100571970;08;4;15;050;2025;10;12;5;3;6;4;0;1;0;1;1;0;0;0;521596,249599999748170;5376017,939500000327826;9,292560007000077;48,536894519000043;1
08251017335100570530;08;3;35;066;2025;10;22;6;3;0;7;2;0;1;0;0;0;0;0;509730,759200000204146;5281738,951400000602007;9,129669499000045;47,688964025000075;1
08251112316100662660;08;3;16;043;2025;11;12;4;3;6;7;0;0;0;1;1;0;0;0;412081,346400000154972;5330975,806700000539422;7,818506722000052;48,125964244000045;1
08251024436100605140;08;4;36;010;2025;10;22;6;3;5;3;2;0;1;1;0;0;0;0;565993,862999999895692;5306641,241000000387430;9,883152978000055;47,909699615000079;1
08251114435200654390;08;4;35;059;2025;11;09;6;3;6;4;0;0;0;1;1;0;0;0;512598,128800000064075;5290612,490800000727177;9,168135918000075;47,768754827000066;1
08251111421200647630;08;4;25;072;2025;11;17;3;3;1;5;2;0;1;1;0;0;0;0;582347,179200000129640;5372159,518799999728799;10,114676305000046;48,497157155000082;1
08251020337100561340;08;3;37;066;2025;10;16;2;3;1;3;0;1;1;1;0;0;0;0;429995,972000000067055;5268518,624099999666214;8,069321375000072;47,566307930000050;1
08251114121600688550;08;1;25;030;2025;11;19;6;3;6;4;2;0;0;1;1;0;0;0;515456,363099999725819;5438486,522199999541044;9,211738607000029;49,099033276000057;1
08251025317500578410;08;3;17;096;2025;10;16;7;3;6;6;0;0;0;1;1;0;0;0;422561,297699999995530;5374374,721400000154972;7,951343310000027;48,517706829000076;1
08251023416200571370;08;4;16;041;2025;10;15;5;3;0;1;0;0;1;0;0;0;0;0;503777,191599999554455;5372476,147299999371171;9,051137101000052;48,505391612000039;1
08251018235200588210;08;2;35;046;2025;10;13;7;3;6;6;0;0;0;1;1;0;0;0;479408,385200000368059;5378183,065799999982119;8,720942337000054;48,556406252000045;1
08251030311400627570;08;3;15;074;2025;10;18;5;3;1;3;2;0;1;1;0;0;0;0;395990,438099999912083;5296343,604399999603629;7,610711729000059;47,812036348000049;1
08251017311010618640;08;3;11;000;2025;10;12;6;3;0;7;0;0;1;1;0;0;0;0;414042,396800000220537;5316786,244799999520183;7,847707161000073;47,998593279000033;1
08251112226200723080;08;2;26;068;2025;11;15;4;3;5;2;0;0;1;1;0;0;0;0;467719,065899999812245;5460718,992499999701977;8,555998313000032;49,298362345000044;1
08251018111340628300;08;1;11;000;2025;10;09;7;3;1;7;0;0;1;1;0;0;0;0;507113,209200000390410;5407826,490299999713898;9,096909160000052;48,823378977000061;1
08251111337100664780;08;3;37;116;2025;11;17;3;3;0;7;2;0;1;0;0;0;0;0;418351,070899999700487;5271563,497400000691414;7,913966781000056;47,592339788000061;1
08251112421200668740;08;4;21;000;2025;11;17;4;3;5;3;2;0;1;1;0;0;0;0;574333,496199999935925;5362450,417500000447035;10,004494631000057;48,410822227000040;1
08251112119200684460;08;1;19;020;2025;11;17;4;3;5;3;2;0;1;0;0;0;0;1;520784,547399999573827;5407206,537799999117851;9,283132153000054;48,817494986000042;1
08251017231102567420;08;2;36;067;2025;10;17;6;3;5;3;0;0;1;1;0;0;0;0;486838,857200000435114;5411095,402899999171495;8,820590153000069;48,852686839000057;1
08251106118400648850;08;1;18;048;2025;11;17;5;3;7;7;1;0;1;0;0;0;0;0;515772,355000000447035;5415372,448999999091029;9,215170011000055;48,891101211000034;1
08251030317600611270;08;3;17;088;2025;10;17;5;3;0;7;1;0;1;0;0;0;0;0;435462,150399999693036;5358255,877499999478459;8,128504854000028;48,374169519000077;1
08251020326000558800;08;3;35;043;2025;10;09;2;3;5;3;0;1;1;1;0;0;0;0;511888,084499999880791;5280845,033299999311566;9,158392987000070;47,680884777000074;1
08251023311010624080;08;3;11;000;2025;10;11;5;2;5;2;0;1;1;0;0;0;1;0;412894,810200000181794;5318055,158900000154972;7,832068958000036;48,009852224000042;1
08251021316100589660;08;3;16;011;2025;10;18;3;2;0;1;0;0;1;0;0;0;0;0;414646,281000000424683;5329547,532999999821186;7,853254279000055;48,113465789000031;1
08251020116100595870;08;1;16;056;2025;10;14;2;2;6;7;0;0;0;0;1;0;1;0;531728,829300000332296;5396311,866699999198318;9,431373857000040;48,719026969000026;1
08251018335100618820;08;3;35;043;2025;10;08;7;2;5;3;0;0;1;1;0;0;0;0;511598,435200000181794;5287376,805500000715256;9,154707640000026;47,739660383000057;1
08251105118100644610;08;1;18;018;2025;11;14;4;3;6;4;0;0;0;1;1;0;0;0;511509,649899999611080;5430749,522800000384450;9,157452315000057;49,029521746000057;1
08251017222600551020;08;2;22;000;2025;10;09;6;3;5;2;0;0;1;1;0;0;0;0;462828,436999999918044;5486096,883799999952316;8,486357469000041;49,526348586000040;1
08251111119200657730;08;1;19;020;2025;11;20;3;3;5;3;2;0;1;0;0;0;0;1;520700,057000000029802;5406794,073000000789762;9,281960409000021;48,813787358000070;1
08251025111210630120;08;1;11;000;2025;10;09;7;3;0;7;0;0;0;0;1;0;0;1;507404,571800000034273;5397563,749700000509620;9,100693809000063;48,731052451000039;1
08251025317000623950;08;3;17;057;2025;10;07;7;3;8;1;1;1;1;0;0;0;0;0;412722,073699999600649;5379625,595699999481440;7,817030603000035;48,563644695000050;1
08251021212010594630;08;2;12;000;2025;10;16;3;3;6;7;0;0;0;1;1;0;0;0;453555,573400000110269;5428925,790699999779463;8,364866992000032;49,011475635000068;1
08251106335100637600;08;3;35;043;2025;11;18;5;3;5;3;2;0;1;1;0;0;0;0;512887,642900000326335;5278646,474500000476837;9,171645843000022;47,661083724000036;1
08251017222500591120;08;2;22;000;2025;10;14;6;3;5;3;0;0;1;1;0;0;0;0;462209,278800000436604;5478755,266200000420213;8,478504259000033;49,460276325000052;1
08251030216300617530;08;2;16;015;2025;10;19;5;3;5;3;2;0;1;0;0;0;0;1;450042,697499999776483;5405817,558000000193715;8,319659295000065;48,803339799000071;1
08251114111500674740;08;1;11;000;2025;11;17;6;3;6;4;2;0;0;0;1;1;0;0;513237,536700000055134;5403399,394200000911951;9,180202894000047;48,783453018000046;1
08251017222500552600;08;2;26;084;2025;10;13;6;3;0;7;0;0;1;0;0;0;0;0;466705,446299999952316;5472928,635500000789762;8,541036478000024;49,408130933000052;1
08251019221200623250;08;2;21;000;2025;10;14;1;3;0;7;0;0;1;0;0;0;0;0;477165,515800000168383;5472153,904799999669194;8,685269671000071;49,401644769000029;1
08251114326000666200;08;3;35;022;2025;11;15;6;3;4;6;0;0;1;0;0;0;0;1;482654,087600000202656;5297979,741599999368191;8,768205454000054;47,834930809000070;1
08251114311010675400;08;3;11;000;2025;11;12;6;3;5;3;0;0;1;1;0;0;0;0;410421,265200000256300;5315668,492200000211596;7,799408681000045;47,988041714000076;1
08251105337400634410;08;3;37;106;2025;11;15;4;3;5;3;0;0;1;1;0;0;0;0;458171,447499999776483;5287124,544800000265241;8,442099813000027;47,736138870000048;1
08251024425000607930;08;4;25;033;2025;10;15;6;3;5;3;0;0;1;1;0;0;0;0;554599,084999999962747;5348238,515300000086427;9,736000395000076;48,284992430000045;1
08251023119200574090;08;1;19;020;2025;10;15;5;3;1;7;0;0;1;1;0;0;0;0;520251,428899999707937;5406064,518899999558926;9,275813614000072;48,807239213000059;1
08251112216300647670;08;2;16;059;2025;11;07;4;3;0;1;0;0;1;0;0;0;0;0;452859,720999999903142;5397397,596000000834465;8,358984906000046;48,727818744000047;1
08251019111320555890;08;1;11;000;2025;10;11;1;3;5;3;0;0;1;1;0;0;0;0;516261,784900000318885;5406400,794199999421835;9,221490599000049;48,810381499000073;1
08251104436100652010;08;4;36;055;2025;11;08;3;2;6;4;0;0;0;1;1;0;0;0;568900,450000000186265;5301524,096999999135733;9,921228112000051;47,863359053000067;1
08251017221200599380;08;2;21;000;2025;10;19;6;3;5;3;1;0;1;0;0;0;0;0;476539,760499999858439;5472971,556500000879169;8,676596654000036;49,408975616000077;1
08251113417100682710;08;4;17;079;2025;11;10;5;3;6;7;0;0;0;0;1;0;0;1;502004,267699999734759;5339954,617900000885129;9,026979628000049;48,212815882000029;1
08251106337400662050;08;3;37;126;2025;11;12;5;3;0;7;0;0;1;0;0;0;0;0;438947,260300000198185;5274113,128200000151992;8,187533630000075;47,617545096000072;1
08251019111250589780;08;1;11;000;2025;10;16;1;3;6;6;0;0;0;0;1;0;0;1;515114,372999999672174;5404025,300000000745058;9,205775169000049;48,789040824000040;1
08251107421200663600;08;4;21;000;2025;11;12;6;3;6;4;0;0;0;1;1;0;0;0;573660,571399999782443;5360955,040899999439716;9,995140136000032;48,397450046000074;1
08251103416010693620;08;4;16;025;2025;11;16;2;1;6;2;0;0;0;1;1;0;0;0;504298,661999999545515;5360934,393999999389052;9,058078426000066;48,401553228000068;1
08251111317000659970;08;3;17;034;2025;11;05;3;2;3;2;2;1;1;1;0;0;0;0;425588,885599999688566;5362961,752900000661612;7,994365949000041;48,415412605000029;1
08251024335100616960;08;3;35;043;2025;10;18;6;3;7;7;2;0;1;0;0;0;0;0;511188,210300000384450;5281168,059000000357628;9,149076403000038;47,683803744000045;1
08251103116000647720;08;4;17;036;2025;11;16;2;3;5;3;0;0;1;1;0;0;0;0;502610,089700000360608;5353197,872300000861287;9,035216426000034;48,331960023000079;1
08251109435100644080;08;4;35;016;2025;11;16;1;3;6;7;0;1;1;0;1;0;0;0;538391,329300000332296;5279443,137399999424815;9,511380876000032;47,667240663000030;1
08251114119500658040;08;1;19;085;2025;11;15;6;3;0;7;0;0;1;0;0;0;0;0;529357,044200000353158;5413616,580900000408292;9,400365656000076;48,874811465000050;1
08251023128300602340;08;1;28;131;2025;10;06;5;3;1;5;2;1;1;1;0;0;0;0;535880,242100000381470;5514862,600899999961257;9,498435032000032;49,785152517000029;1
08251114311010686440;08;3;15;064;2025;11;16;6;3;5;3;1;0;1;1;0;0;0;0;422488,588000000454485;5312874,281799999997020;7,961617142000023;47,964482174000068;1
08251107311010662510;08;3;11;000;2025;11;08;6;3;5;2;0;0;1;1;0;0;0;0;414929,558299999684095;5317193,728900000452995;7,859516632000066;48,002377432000060;1
08251020336300563370;08;3;36;081;2025;10;07;2;3;5;3;0;1;1;1;0;0;0;0;412181,416600000113249;5278685,676699999719858;7,830491253000048;47,655604003000064;1
08251017136100581650;08;1;36;088;2025;10;20;6;3;5;3;2;0;1;1;0;0;0;0;580331,958899999968708;5409702,222200000658631;10,094692982000026;48,835096168000064;1
08251023311010569180;08;3;11;000;2025;10;17;5;3;5;3;0;0;1;1;0;0;0;0;412478,175300000235438;5318007,848600000143051;7,826493466000045;48,009369730000060;1
08251110335300668850;08;3;35;075;2025;11;12;2;3;6;4;0;1;0;1;1;0;0;0;488231,029900000430644;5288792,227700000628829;8,842979364000030;47,752392631000077;1
08251110111140673400;08;1;11;000;2025;11;17;2;3;6;4;2;0;0;1;1;0;0;0;509344,110199999995530;5402913,745799999684095;9,127190714000051;48,779154834000053;1
08251017121500600040;08;1;25;065;2025;10;07;6;3;6;4;0;0;0;0;1;0;0;1;516808,248200000263751;5449660,004300000146031;9,230724337000026;49,199506757000051;1
08251113311010654840;08;3;36;050;2025;11;13;5;3;5;3;0;0;1;1;0;0;0;0;399238,397599999792874;5274640,805800000205636;7,659101818000067;47,617333001000077;1
08251103226700641090;08;2;26;098;2025;11;14;2;3;6;4;0;0;0;1;1;0;0;0;477999,938400000333786;5460017,462999999523163;8,697440600000050;49,292508848000068;1