UIDENTSTLAE;ULAND;UREGBEZ;UKREIS;UGEMEINDE;UJAHR;UMONAT;USTUNDE;UWOCHENTAG;UKATEGORIE;UART;UTYP1;ULICHTVERH;IstStrassenzustand;IstRad;IstPKW;IstFuss;IstKrad;IstGkfz;IstSonstige;LINREFX;LINREFY;XGCSWGS84;YGCSWGS84;PLST
08251203118200746350;08;1;18;067;2025;12;14;4;3;2;6;0;0;1;1;0;0;0;0;506087,964999999850988;5413445,694000000134110;9,083024952000073;48,873939355000061;1
08251218437100813220;08;4;37;100;2025;12;14;5;2;6;7;0;0;0;1;1;0;0;0;536948,918999999761581;5318734,585000000894070;9,495523860000048;48,020833696000068;1
08251119212702706020;08;2;15;108;2025;11;10;4;3;6;2;0;0;0;1;1;0;0;0;449705,635599999688566;5424915,670600000768900;8,312718847000042;48,975102898000046;1
08251120421300725690;08;4;21;000;2025;11;18;5;3;4;6;2;0;1;0;0;0;0;0;571933,177799999713898;5360408,552799999713898;9,971713293000050;48,392733697000040;1
08251209121600784280;08;1;25;098;2025;12;09;3;3;6;2;0;0;0;1;1;0;0;0;520206,496000000275671;5437342,130000000819564;9,276753324000026;49,088601357000073;1
08251127119400719130;08;1;19;079;2025;11;15;5;3;6;4;0;0;0;1;1;0;0;0;523066,645399999804795;5408693,631200000643730;9,314302624000049;48,830791974000078;1
08251202222400779830;08;2;26;038;2025;12;19;3;3;5;3;2;0;1;1;0;0;0;0;471480,619599999859929;5480365,241200000047684;8,606325070000025;49,475263600000062;1
08251212317010821910;08;3;17;096;2025;12;21;6;1;6;4;2;1;0;1;1;0;0;0;420999,536999999545515;5369322,210400000214577;7,931153915000039;48,472065718000067;1
08251204117300767110;08;1;17;026;2025;12;08;5;3;6;2;1;0;0;1;1;0;0;0;548205,563599999994040;5394801,896400000900030;9,655196594000074;48,704387708000070;1
08251125222700724360;08;2;22;000;2025;11;08;3;3;5;3;0;1;1;1;0;0;0;0;463071,972799999639392;5480778,712600000202656;8,490219740000043;49,478529326000057;1
08251211111500760600;08;1;11;000;2025;12;07;5;3;5;3;1;1;1;1;0;0;0;0;513237,604500000365078;5403399,350800000131130;9,180203816000073;48,783452627000031;1
08251119121200706280;08;1;21;000;2025;11;16;4;3;6;7;1;0;0;1;1;0;0;0;515969,661000000312924;5443530,346300000324845;9,218969946000072;49,144391179000081;1
08251203316100765440;08;3;16;011;2025;12;07;4;3;5;7;1;0;1;1;0;0;0;0;414265,106999999843538;5330501,216700000688434;7,847942397000054;48,121993137000061;1
08251125111230697210;08;1;11;000;2025;11;17;3;3;2;6;2;1;1;1;0;0;0;0;507359,570100000128150;5398241,968100000172853;9,100093948000051;48,737154250000060;1
08251119119400686660;08;1;19;079;2025;11;13;4;3;6;6;0;0;1;0;1;0;0;0;523907,138899999670684;5409231,107899999246001;9,325786219000065;48,835595179000052;1
08251219222500805660;08;2;22;000;2025;12;16;6;3;0;3;2;1;1;1;0;0;0;0;462209,823300000280142;5478755,444599999114871;8,478511755000056;49,460277963000067;1
08251215212402775220;08;2;12;000;2025;12;16;2;3;2;7;0;0;1;1;0;0;0;0;456015,565999999642372;5425659,245999999344349;8,398859377000065;48,982272915000067;1
08251126117300727630;08;1;17;026;2025;11;18;4;3;6;4;2;1;0;1;1;0;0;0;548451,544900000095367;5394029,388299999758601;9,658449024000049;48,697419559000082;1
08251119111500692660;08;1;11;000;2025;11;12;4;3;6;4;0;0;0;1;1;0;0;0;515283,706399999558926;5407708,558000000193715;9,208217675000071;48,822170766000056;1
08251119311010722520;08;3;15;084;2025;11;07;4;3;4;3;2;0;1;1;0;0;0;0;422008,182000000029802;5309641,412000000476837;7,955768562000060;47,935341666000056;1
08251218317600795240;08;3;17;051;2025;12;09;5;3;0;1;0;2;1;0;0;0;0;0;443292,642500000074506;5340601,411699999123812;8,236605798000028;48,216103720000035;1
08251128216200707780;08;2;16;007;2025;11;17;6;3;6;4;2;0;0;1;1;0;0;0;436135,916600000113249;5394316,298499999567866;8,132074641000031;48,698612994000030;1
08251202212010763370;08;2;12;000;2025;12;16;3;3;4;6;0;0;1;0;0;0;0;1;456250,434000000357628;5425701,285099999979138;8,402064639000059;48,982667744000025;1
08251130421200734680;08;4;21;000;2025;11;17;1;3;0;7;2;0;1;0;0;0;0;0;573473,655799999833107;5361988,806600000709295;9,992796297000041;48,406770789000063;1
08251212426100795250;08;4;26;021;2025;12;12;6;3;5;3;0;0;0;1;1;0;0;1;558940,201600000262260;5327413,279300000518560;9,791622501000063;48,097258735000025;1
08251124436400686150;08;4;36;082;2025;11;06;2;3;6;4;2;1;0;1;1;0;0;0;548185,940299999900162;5295753,829800000414252;9,643645915000036;47,813332821000074;1
08251209311010756920;08;3;36;050;2025;12;07;3;2;0;7;1;1;1;0;0;0;0;0;401018,610000000335276;5275885,093000000342727;7,682504461000065;47,628800294000030;1
08251216118300777250;08;1;18;003;2025;12;13;3;3;3;6;0;0;1;1;0;0;0;0;510861,784300000406802;5416422,487999999895692;9,148207110000044;48,900652635000029;1
08251219111500802750;08;1;11;000;2025;12;20;6;3;6;4;2;1;0;1;1;0;0;0;516539,692900000140071;5405951,822499999776483;9,225257672000055;48,806335283000067;1
08251205317100776550;08;3;17;001;2025;12;08;6;3;6;4;0;1;0;1;1;0;0;0;430116,427199999801815;5385916,769099999219179;8,051698248000037;48,622414692000063;1
08251125215402709750;08;2;15;009;2025;11;16;3;3;0;7;1;1;1;0;0;0;0;0;471271,900700000114739;5441346,459799999371171;8,606250174000024;49,124282436000044;1
08251120118400711470;08;1;18;048;2025;11;12;5;3;5;3;0;0;1;1;0;0;0;0;513564,496399999596179;5415627,069599999114871;9,185058539000067;48,893443977000061;1
08251119415300710230;08;4;15;092;2025;11;17;4;1;6;7;2;0;0;1;1;0;0;0;518874,442499999888241;5364011,841800000518560;9,255146341000057;48,428971393000040;1
08251127118010723780;08;1;18;003;2025;11;09;5;1;6;4;0;0;0;0;1;0;0;1;510783,190600000321865;5417138,533999999985099;9,147153628000069;48,907095371000025;1
08251118421300671750;08;4;21;000;2025;11;14;3;3;0;1;0;0;1;0;0;0;0;0;571322,674800000153482;5360789,354100000113249;9,963532179000026;48,396228467000071;1
08251217311010840950;08;3;11;000;2025;12;11;4;3;0;7;0;0;1;0;0;0;0;0;413070,732699999585748;5315564,396900000050664;7,834931892000043;47,987470963000078;1
08251123212102803330;08;2;12;000;2025;11;19;1;3;6;6;2;1;1;0;1;0;0;0;458070,134399999864399;5429710,045900000259280;8,426519701000075;49,018853417000059;1
08251125116100721240;08;1;16;019;2025;11;05;3;3;0;1;2;2;1;0;0;0;0;0;524145,435700000263751;5399041,160800000652671;9,328434659000038;48,743919252000069;1
08251205311400770860;08;3;15;048;2025;12;13;6;2;6;7;0;0;0;1;1;0;0;0;397093,896399999968708;5307916,540300000458956;7,622691241000041;47,916310041000031;1
08251212111500826900;08;1;11;000;2025;12;06;6;3;6;2;2;0;0;1;1;0;0;0;516524,569299999624491;5403348,939899999648333;9,224946992000071;48,782920494000052;1
08251126121500739630;08;1;25;005;2025;11;17;4;2;6;2;2;0;0;1;1;0;0;0;515690,088000000454485;5452127,255100000649691;9,215472066000075;49,221729868000068;1
08251128335100702140;08;3;35;043;2025;11;07;6;2;6;4;1;0;0;1;1;0;0;0;511058,033699999563396;5281218,124099999666214;9,147343150000040;47,684256453000046;1
08251207121500763380;08;1;25;005;2025;12;18;1;3;0;1;2;1;1;0;0;0;0;0;515707,871000000275671;5451642,462999999523163;9,215697300000045;49,217368606000036;1
08251209118300787950;08;1;18;046;2025;12;16;3;3;6;4;0;0;0;1;1;0;0;0;516346,754800000227988;5413678,063100000843406;9,222938282000030;48,875844084000050;1
08251208436400753430;08;4;36;011;2025;12;16;2;3;0;1;0;1;1;0;0;0;0;0;550318,314199999906123;5297653,376700000837445;9,672347857000034;47,830259526000077;1
08251120119400691670;08;1;19;079;2025;11;06;5;3;5;2;2;1;1;1;0;0;0;0;524039,873499999754131;5409506,515900000929832;9,327611138000066;48,838067549000073;1
08251210212010777630;08;2;12;000;2025;12;16;4;3;4;6;2;1;1;1;0;0;0;0;454614,290799999609590;5429006,767300000414252;8,379335123000033;49,012282806000030;1
08251217416200809490;08;4;16;041;2025;12;11;4;2;6;7;0;0;0;0;1;0;0;1;504343,957399999722838;5373915,907099999487400;9,058825186000036;48,518340571000067;1
08251124231000738350;08;2;31;000;2025;11;17;2;3;6;2;2;1;0;1;1;0;0;0;477943,802400000393391;5415591,896099999547005;8,699093610000034;48,892883471000061;1
08251219121200802290;08;1;21;000;2025;12;13;6;3;0;7;0;0;1;0;0;0;0;0;515840,237399999983609;5443287,283900000154972;9,217185797000070;49,142208105000066;1
08251125337100722040;08;3;37;116;2025;11;05;3;3;8;7;2;1;1;0;0;0;0;0;417762,358000000007451;5274513,151000000536442;7,905584205000025;47,618800961000034;1
08251124111330724060;08;1;11;000;2025;11;09;2;3;6;7;0;0;0;0;1;0;0;1;514435,919200000353158;5407994,542799999937415;9,196677981000050;48,824763721000068;1
08251118311010680770;08;3;11;000;2025;11;09;3;2;0;1;0;2;1;0;0;0;0;0;414744,568300000391901;5315252,197200000286102;7,857422773000053;47,984887921000052;1
08251213337400828350;08;3;37;116;2025;12;00;7;3;1;3;2;0;1;1;0;0;0;0;417764,813199999742210;5276323,826799999922514;7,905276765000053;47,635090349000052;1
08251210325302823140;08;3;25;051;2025;12;05;4;3;5;2;2;0;1;1;0;0;0;0;449875,686599999666214;5348857,635199999436736;8,324241883000070;48,290932302000044;1
08251201335100803270;08;3;35;043;2025;12;13;2;3;5;2;0;1;1;0;0;0;0;1;513047,780399999581277;5279081,011299999430776;9,173791623000056;47,664990335000027;1
08251127111230728920;08;1;11;000;2025;11;17;5;3;6;2;2;0;0;1;1;0;0;0;507878,082999999634922;5396910,475999999791384;9,107120531000021;48,725169776000030;1
08251126115200734890;08;1;15;021;2025;11;12;4;3;0;7;0;1;1;0;0;0;0;0;490052,416299999691546;5381730,667400000616908;8,865104789000043;48,588580653000065;1
08251201127100752040;08;1;27;076;2025;12;12;2;3;5;3;0;0;1;1;0;0;0;0;553547,457799999974668;5438832,002000000327826;9,733570079000060;49,100004436000063;1
08251206311010763410;08;3;11;000;2025;12;12;7;3;6;4;0;1;1;0;1;0;0;0;414332,440499999560416;5315791,665799999609590;7,851793018000023;47,989685589000032;1
08251118311010668830;08;3;11;000;2025;11;07;3;3;0;1;0;2;1;0;0;0;0;0;410564,394700000062585;5316604,109899999573827;7,801131609000038;47,996477840000068;1
08251127119100727540;08;1;19;008;2025;11;07;5;3;6;2;0;0;0;1;1;0;0;0;531518,808799999766052;5421298,320499999448657;9,430439699000033;48,943806463000044;1
08251210111500823130;08;1;11;000;2025;12;16;4;3;5;3;1;0;1;0;0;1;0;0;512848,678000000305474;5403379,187999999150634;9,174908746000028;48,783279400000026;1
08251213311010783690;08;3;11;000;2025;12;08;7;3;5;3;1;0;1;1;0;0;0;0;417503,726999999955297;5314854,426000000908971;7,894469665000031;47,981671588000040;1
08251209119500754680;08;1;19;085;2025;12;06;3;3;5;3;2;1;1;1;0;0;0;0;529459,735999999567866;5413575,567900000140071;9,401763156000072;48,874437658000033;1
08251129311010706910;08;3;11;000;2025;11;14;7;3;1;5;0;0;1;1;0;0;0;0;410157,843700000084937;5314955,745500000193715;7,796028071000023;47,981593448000069;1
08251127221400712920;08;2;21;000;2025;11;21;5;3;5;3;2;0;1;1;0;0;0;0;477299,411199999973178;5469763,279300000518560;8,687251680000031;49,380146411000055;1
08251216231000802070;08;2;31;000;2025;12;12;3;2;6;7;0;0;0;1;1;0;0;0;477360,281600000336766;5411931,026000000536442;8,691335602000038;48,859930410000061;1
08251207222301816300;08;2;22;000;2025;12;12;1;3;5;3;0;0;1;1;0;0;0;0;465545,629300000146031;5484198,028200000524521;8,524068418000070;49,509429918000080;1
08251205136100763740;08;1;36;088;2025;12;00;6;3;9;7;2;1;1;0;0;0;0;0;579300,256099999882281;5409919,192800000309944;10,080678459000069;48,837180288000070;1
08251125326300710030;08;3;26;052;2025;11;16;3;3;6;4;2;1;0;1;1;0;0;0;450184,286199999973178;5330388,914499999955297;8,330570906000048;48,124807566000072;1
08251209326400789310;08;3;26;074;2025;12;07;3;2;6;4;1;0;0;1;1;0;0;0;458861,735600000247359;5323739,955099999904633;8,447814091000055;48,065609452000047;1
08251124415400707100;08;4;15;061;2025;11;05;2;3;5;2;1;1;1;1;0;0;0;0;514313,435999999754131;5371174,107000000774860;9,193735733000040;48,493526257000042;1
08251215118010816880;08;1;15;045;2025;12;07;2;3;1;5;1;0;1;1;0;0;0;0;500442,952100000344217;5394843,502699999138713;9,006020732000025;48,706624790000035;1
08251219121100813060;08;1;25;006;2025;12;11;6;3;0;1;0;0;1;0;0;0;0;0;506251,840200000442564;5451022,463199999183416;9,085839613000076;49,211961026000040;1
08251212325202826980;08;3;25;049;2025;12;22;6;3;6;2;2;0;0;1;1;0;0;0;472522,430100000463426;5334046,657299999147654;8,630508176000035;48,159071891000053;1
08251118212010695620;08;2;12;000;2025;11;08;3;3;5;3;0;0;1;1;0;0;0;0;458983,202999999746680;5429171,864000000059605;8,439061627000058;49,014073771000028;1
08251212231102826750;08;2;36;040;2025;12;15;6;3;2;6;0;0;1;0;0;0;0;1;488725,712100000120699;5422200,727900000289083;8,846004621000077;48,952624572000047;1
08251119235200674030;08;2;35;046;2025;11;04;4;3;0;1;2;0;1;0;0;0;0;0;481665,047399999573827;5375951,056099999696016;8,751622594000025;48,536396608000075;1
08251130111500733140;08;1;11;000;2025;11;16;1;3;6;4;2;1;0;1;1;0;0;0;513599,768799999728799;5399712,199100000783801;9,185012053000037;48,750275436000038;1
08251118116010687940;08;1;16;033;2025;11;19;3;2;6;4;2;0;0;1;1;0;0;0;533440,959200000390410;5388462,606899999082088;9,454015502000061;48,648326871000052;1
08251210311010794880;08;3;11;000;2025;12;08;4;3;3;6;0;0;1;0;0;0;0;0;414714,145999999716878;5316382,631400000303984;7,856790556000021;47,995052584000064;1
08251210222500785550;08;2;22;000;2025;12;07;4;3;6;4;2;1;0;1;1;0;0;0;465837,019399999640882;5475513,613700000569224;8,528843134000056;49,431333786000039;1
08251215212502842250;08;2;12;000;2025;12;20;2;3;0;7;2;0;1;0;0;0;0;0;453470,482499999925494;5428693,064600000157952;8,363730116000056;49,009375842000054;1
08251218226300806120;08;2;26;056;2025;12;07;5;3;6;2;1;0;0;0;1;0;0;1;485920,817900000140071;5470503,590099999681115;8,806002527000032;49,387065773000074;1
08251208436000752960;08;4;35;057;2025;12;08;2;3;5;3;1;1;1;1;0;0;0;0;544522,959400000050664;5279803,256100000813603;9,593088028000068;47,670087658000057;1
08251124221011728410;08;2;26;085;2025;11;11;2;3;6;7;0;0;0;1;1;0;0;0;491136,028300000354648;5454994,226099999621511;8,878207331000056;49,247655751000082;1
08251120416200692230;08;4;16;041;2025;11;19;5;3;0;1;2;0;1;0;0;0;0;0;504290,643000000156462;5374342,428200000897050;9,058107600000028;48,522178077000035;1
08251212326200764980;08;3;26;074;2025;12;19;6;3;6;2;2;0;0;1;1;0;0;0;464861,504599999636412;5322331,130200000479817;8,528459786000042;48,053293337000071;1
08251217117300786200;08;1;17;026;2025;12;10;4;3;5;3;0;0;1;1;0;0;0;0;548542,080000000074506;5394868,857999999076128;9,659777990000066;48,704963960000043;1
08251119212302688150;08;2;12;000;2025;11;11;4;3;6;7;0;0;0;0;1;1;0;0;457315,933899999596179;5428564,809299999848008;8,416325405000066;49,008500143000049;1
08251218311100812390;08;3;15;013;2025;12;21;5;3;5;3;2;0;1;1;0;0;0;0;405078,449400000274181;5325661,021099999547005;7,725604023000074;48,077152968000064;1
08251215119400789630;08;1;19;079;2025;12;07;2;3;0;7;2;0;1;0;0;0;0;0;522730,901999999769032;5408064,967000000178814;9,309693053000046;48,825149046000035;1
08251125212010692490;08;2;12;000;2025;11;20;3;3;2;2;2;1;1;1;0;0;0;0;453565,223500000312924;5431368,339700000360608;8,364719351000076;49,033447158000058;1
08251117435100666110;08;4;35;016;2025;11;12;2;3;5;3;0;1;1;1;0;0;0;0;535317,953099999576807;5278043,153300000354648;9,470331170000065;47,654819573000054;1
08251215116400776530;08;1;16;033;2025;12;15;2;3;0;1;0;1;1;0;0;0;0;0;533337,494400000199676;5388640,231599999591708;9,452625145000070;48,649930291000032;1
08251218119500781270;08;1;19;068;2025;12;09;5;3;0;1;0;2;1;0;0;0;0;0;525805,408499999903142;5413217,837300000712276;9,351905002000024;48,871382508000067;1
08251125436000717570;08;4;36;013;2025;11;00;3;1;9;1;2;0;1;0;0;0;0;0;544971,288499999791384;5297372,456100000068545;9,600876608000021;47,828128280000044;1
08251202115400753790;08;1;15;045;2025;12;12;3;3;1;5;0;0;1;1;0;0;0;0;499997,995600000023842;5395563,327800000086427;8,999972752000076;48,713100545000032;1
08251209111130788540;08;1;11;000;2025;12;16;3;3;5;3;1;0;1;1;0;0;0;0;511654,946800000034273;5400942,890499999746680;9,158589539000047;48,761386130000062;1
08251117335100717940;08;3;35;043;2025;11;15;2;3;0;1;0;0;1;0;0;0;0;0;513172,451299999840558;5279195,664400000125170;9,175455642000031;47,666019419000065;1
08251205119300758030;08;1;19;076;2025;12;11;6;3;5;3;0;1;1;1;0;0;0;0;542385,511300000362098;5407096,593200000002980;9,577362735000065;48,815407773000061;1
08251211111210764150;08;1;11;000;2025;12;17;5;3;5;2;2;0;1;1;0;0;0;0;515153,571299999952316;5395677,218800000846386;9,206001596000021;48,713940966000052;1
08251201111320750560;08;1;11;000;2025;12;08;2;3;0;7;0;2;1;0;0;0;0;0;516884,844999999739230;5407031,763000000268221;9,230002765000052;48,816040973000042;1
08251117317500704740;08;3;17;096;2025;11;17;2;3;0;1;2;0;1;0;0;0;0;0;422644,178999999538064;5369152,351199999451637;7,953432810000038;48,470742318000077;1
08251212121400764020;08;1;25;056;2025;12;07;6;2;4;2;1;0;1;1;0;0;0;0;509849,579599999822676;5435337,307700000703335;9,134854150000024;49,070819975000063;1
08251205226000762780;08;2;22;000;2025;12;10;6;3;0;7;0;0;1;0;1;0;0;0;466571,969800000078976;5481614,687899999320507;8,538463736000040;49,486251398000036;1
08251129119100708000;08;1;19;008;2025;11;11;7;3;6;4;0;1;0;1;1;0;0;0;532043,639600000344217;5420655,894999999552965;9,437556366000024;48,938000590000058;1
08251203111000747250;08;1;11;000;2025;12;07;4;3;5;3;0;1;1;1;0;0;0;0;515189,612999999895692;5395104,340900000184774;9,206470466000042;48,708786473000032;1
08251209421300801590;08;4;21;000;2025;12;07;3;3;6;2;0;1;0;1;1;0;0;0;570768,989199999719858;5360586,556299999356270;9,956019082000068;48,394466630000068;1
08251209311010786350;08;3;15;098;2025;12;08;3;3;5;3;0;0;1;1;0;0;0;0;407928,601499999873340;5312617,844499999657273;7,766662057000076;47,960246713000060;1
08251214222600784420;08;2;22;000;2025;12;20;1;2;0;7;2;0;1;0;0;0;0;0;464101,980399999767542;5482939,930999999865890;8,504241853000053;49,498030225000036;1
08251217316100794840;08;3;16;011;2025;12;13;4;3;1;6;0;0;1;1;0;0;0;0;414720,878700000233948;5329931,396299999207258;7,854179529000021;48,116928714000039;1
08251205426100749740;08;4;26;021;2025;12;07;6;3;8;1;1;1;1;0;0;0;0;0;559831,950100000016391;5327103,963899999856949;9,803554950000034;48,094392963000075;1
08251130311010733290;08;3;11;000;2025;11;22;1;3;0;7;2;1;1;0;0;0;0;0;413214,967899999581277;5317761,287599999457598;7,836420275000023;48,007252318000042;1
08251215311010827250;08;3;11;000;2025;12;07;2;2;5;3;0;0;1;1;0;0;0;0;414738,661999999545515;5315534,486999999731779;7,857287579000058;47,987426448000065;1
08251214215502769730;08;2;15;066;2025;12;11;1;3;0;6;0;1;1;1;0;0;0;0;458903,299100000411272;5454893,631200000643730;8,435347506000028;49,245435183000041;1
08251214311010790480;08;3;11;000;2025;12;12;1;3;3;3;0;0;1;1;0;0;0;0;414325,504999999888241;5319382,176999999210238;7,850982872000031;48,021982628000046;1
08251202222014744740;08;2;22;000;2025;12;08;3;3;5;2;0;0;1;1;0;0;0;0;465133,878999999724329;5484298,489000000059605;8,518372090000071;49,510309977000077;1
08251209215102755790;08;2;15;105;2025;12;10;3;3;0;7;0;0;1;0;0;0;0;0;456853,708599999547005;5441476,386700000613928;8,408628475000057;49,124608072000058;1
08251209118010782170;08;1;15;015;2025;12;06;3;2;5;3;1;1;1;1;0;0;0;0;492778,461199999786913;5387663,646999999880791;8,901968247000070;48,641992334000065;1
08251217325202808730;08;3;25;049;2025;12;10;4;3;6;7;0;0;0;1;1;0;0;0;472378,258500000461936;5335119,741499999538064;8,628499830000067;48,168719903000067;1
08251117317500664160;08;3;17;096;2025;11;19;2;3;5;3;2;1;1;1;0;0;0;0;419860,295900000259280;5371934,156199999153614;7,915242342000056;48,495415524000066;1
08251125311010838090;08;3;11;000;2025;11;18;3;3;5;3;0;0;1;0;0;0;0;0;413289,122000000439584;5316515,401499999687076;7,837666112000022;47,996055226000067;1
08251214221011798480;08;2;21;000;2025;12;00;1;3;6;7;2;1;0;1;1;0;0;0;474432,093500000424683;5471705,280999999493361;8,647624179000047;49,397500792000073;1
08251117316200700030;08;3;16;056;2025;11;08;2;3;0;7;0;1;1;0;0;0;0;0;423469,735000000335276;5328656,649000000208616;7,971938232000070;48,106573446000027;1
08251128118400731850;08;1;18;048;2025;11;15;6;3;6;7;0;0;0;1;1;0;0;0;512181,505400000140071;5415873,661900000646710;9,166198026000075;48,895690992000027;1
08251201121200744460;08;1;21;000;2025;12;15;2;3;6;4;0;0;0;1;1;0;0;0;516609,019799999892712;5444764,756799999624491;9,227787421000073;49,155478127000038;1
08251118311010698820;08;3;11;000;2025;11;15;3;3;3;6;0;0;1;1;0;0;0;0;412882,815999999642372;5316227,198100000619888;7,832279371000027;47,993407510000054;1
08251205416010810420;08;4;16;041;2025;12;23;6;3;0;1;2;0;1;0;0;0;0;0;503828,532999999821186;5374224,376000000163913;9,051848225000072;48,521119025000075;1
08251128111140729450;08;1;11;000;2025;11;17;6;3;1;5;2;1;1;1;0;0;0;0;509515,003999999724329;5398339,281600000336766;9,129411139000069;48,738000491000037;1
08251209111210785500;08;1;11;000;2025;12;06;3;3;6;2;2;0;0;1;1;0;0;0;508033,517799999564886;5397606,906700000166893;9,109247589000063;48,731432901000062;1
08251201118600759380;08;1;16;027;2025;12;07;2;3;6;4;0;2;0;1;1;0;0;0;499702,038499999791384;5415026,468399999663234;8,995935380000049;48,888189507000050;1
08251201415400744440;08;4;15;061;2025;12;09;2;3;0;1;0;2;1;0;0;0;0;0;516662,293700000271201;5371700,516799999400973;9,225548843000070;48,498204118000046;1
08251117311010732440;08;3;11;000;2025;11;15;2;3;5;3;0;1;1;0;0;0;0;0;411769,048000000417233;5317137,796000000089407;7,817166440000051;48,001445870000055;1
08251216311010820750;08;3;11;000;2025;12;08;3;3;5;6;0;0;1;1;0;0;0;0;413058,071800000034273;5318050,334000000730157;7,834258524000063;48,009831055000063;1
08251210119500791010;08;1;19;085;2025;12;11;4;3;6;2;0;0;0;1;1;0;0;0;531213,882000000216067;5415048,908999999985099;9,425797499000055;48,887605347000033;1
08251122417010691070;08;4;17;031;2025;11;13;7;3;6;7;0;0;0;1;1;0;0;0;496179,781100000254810;5354719,864199999719858;8,948442204000060;48,345646695000028;1
08251124221011720860;08;2;26;085;2025;11;17;2;3;6;4;2;1;0;1;1;0;0;0;492467,696200000122190;5454242,598099999129772;8,896518798000045;49,240912532000038;1
08251128111500729550;08;1;11;000;2025;11;11;6;3;0;7;0;1;1;0;0;0;1;0;512784,118700000457466;5401515,088800000026822;9,173971954000024;48,766511428000058;1
08251214118400771520;08;1;18;048;2025;12;18;1;3;6;7;2;0;0;1;1;0;0;0;516290,734799999743700;5415255,273099999874830;9,222237138000025;48,890033718000041;1
08251206311010792880;08;3;16;037;2025;12;09;7;2;6;4;0;1;0;0;1;0;0;1;407214,339100000448525;5334107,830399999395013;7,752434685000026;48,153445370000043;1
08251218316100810530;08;3;16;017;2025;12;11;5;3;5;3;0;0;1;1;0;0;0;0;407983,633600000292063;5341215,360500000417233;7,761236045000032;48,217487920000053;1
08251201115300743720;08;1;15;042;2025;12;06;2;3;0;1;1;2;1;0;0;0;0;0;496394,963000000454485;5405834,582100000232458;8,950903058000051;48,805490232000068;1
08251205118500792810;08;1;18;049;2025;12;18;6;3;5;3;1;0;1;1;0;0;0;0;518845,945000000298023;5420694,698799999430776;9,257346017000032;48,938892497000040;1
08251204119500769160;08;1;19;085;2025;12;11;5;3;6;6;0;0;0;0;1;0;0;1;529518,383100000210106;5413430,198499999940395;9,402552456000024;48,873127184000055;1
08251126222400727820;08;2;26;038;2025;11;17;4;3;5;3;2;0;1;1;0;0;0;0;471073,265999999828637;5481109,459000000730157;8,600647769000034;49,481938305000028;1
08251119121500707960;08;1;25;007;2025;11;07;4;3;6;4;2;0;0;1;1;0;0;0;511891,446399999782443;5452798,133400000631809;9,163325446000044;49,227850100000069;1
08251201216100743740;08;2;16;052;2025;12;08;2;3;0;1;0;2;1;0;0;0;0;0;440900,946499999612570;5416517,198400000110269;8,193630606000056;48,898780662000036;1
08251215335200803720;08;3;35;063;2025;12;16;2;3;5;3;2;0;1;1;0;0;0;0;497776,920699999667704;5288403,683900000527501;8,970341789000031;47,749000255000055;1
08251209117300758190;08;1;17;026;2025;12;14;3;3;4;6;0;0;1;0;0;0;0;1;546712,543800000101328;5395095,288599999621511;9,634938407000050;48,707140531000050;1
08251213222701777480;08;2;22;000;2025;12;18;7;3;6;7;2;0;0;1;1;0;0;0;461703,656200000084937;5482276,061599999666214;8,471186339000042;49,491912408000076;1
08251215221400831080;08;2;21;000;2025;12;10;2;3;5;3;0;0;1;1;0;0;0;0;473815,024100000038743;5472834,544299999251962;8,639045483000075;49,407632068000055;1
08251218222800812830;08;2;22;000;2025;12;11;5;3;6;7;0;0;0;1;1;0;0;0;462220,822200000286102;5488114,714800000190735;8,477768366000021;49,544460199000071;1
08251208415300785420;08;4;15;059;2025;12;16;2;3;5;3;0;1;1;0;0;0;0;1;518188,229000000283122;5365638,762000000104308;9,245940772000040;48,443628041000068;1
08251204221400756550;08;2;21;000;2025;12;13;5;3;1;5;0;0;1;1;0;0;0;0;474754,979100000113249;5471870,765599999576807;8,652063573000021;49,399002773000063;1
08251126436500696000;08;4;36;052;2025;11;18;4;3;6;4;2;1;0;1;1;0;0;0;566053,491999999620020;5293697,805500000715256;9,881974099000047;47,793249782000032;1
08251117231000699240;08;2;31;000;2025;11;08;2;3;1;5;0;1;1;1;0;0;0;0;477856,633700000122190;5415161,897900000214577;8,697927713000070;48,889012244000071;1
08251218415100811560;08;4;15;062;2025;12;14;5;3;2;7;0;0;1;0;0;0;0;1;519813,650899999774992;5378310,958499999716878;9,268520904000070;48,557581872000071;1
08251202311010782040;08;3;36;091;2025;12;11;3;3;5;3;0;0;1;1;0;0;0;0;395686,230999999679625;5271773,276000000536442;7,612527317000058;47,590976890000036;1
08251218116500812900;08;1;16;035;2025;12;07;5;3;6;4;2;1;0;1;1;0;0;0;526547,532499999739230;5392437,074799999594688;9,360683247000054;48,684411893000060;1
08251217222500833940;08;2;22;000;2025;12;07;4;3;5;3;0;0;1;1;0;0;0;0;462710,825699999928474;5478636,414599999785423;8,485436289000063;49,459238308000067;1
08251117231000689640;08;2;31;000;2025;11;15;2;3;5;3;0;1;1;1;0;0;0;0;479108,633000000379980;5416163,800000000745058;8,714955601000042;48,898068499000033;1
08251211115100808580;08;1;15;003;2025;12;13;5;3;6;7;0;0;0;0;1;0;0;1;500326,467000000178814;5392666,347999999299645;9,004435712000031;48,687038978000032;1