UIDENTSTLAE;ULAND;UREGBEZ;UKREIS;UGEMEINDE;UJAHR;UMONAT;USTUNDE;UWOCHENTAG;UKATEGORIE;UART;UTYP1;ULICHTVERH;IstStrassenzustand;IstRad;IstPKW;IstFuss;IstKrad;IstGkfz;IstSonstige;LINREFX;LINREFY;XGCSWGS84;YGCSWGS84;PLST
08251204119400747880;08;1;19;091;2025;12;20;5;3;0;7;2;0;1;0;0;0;0;0;528355,247000000439584;5406407,017000000923872;9,386204691000046;48,810003315000074;1
08251215311010789590;08;3;11;000;2025;12;20;2;3;5;3;2;0;1;1;0;0;0;0;412206,282599999569356;5314796,179999999701977;7,823505691000037;47,980442528000026;1
08251216118400793090;08;1;18;048;2025;12;06;3;3;5;2;2;1;1;1;0;0;0;0;515372,989400000311434;5416036,458100000396371;9,209746801000051;48,897084489000065;1
08251202316200751580;08;3;16;056;2025;12;16;3;3;6;4;1;0;0;1;1;0;0;0;422527,262299999594688;5327173,010999999940395;7,959549134000042;48,093113367000058;1
08251117311010700550;08;3;11;000;2025;11;08;2;3;3;6;0;1;1;0;0;0;0;1;412608,847299999557436;5318144,386299999430776;7,828217331000076;48,010615808000068;1
08251117226700684890;08;2;26;103;2025;11;17;2;3;0;7;2;1;1;0;0;0;0;0;471738,614099999889731;5456575,420099999755621;8,611575784000024;49,261290219000045;1
08251128111110718300;08;1;11;000;2025;11;13;6;3;1;5;0;0;1;1;0;0;0;0;513485,261599999852479;5402175,448899999260902;9,183535017000054;48,772437185000058;1
08251117226500668190;08;2;26;085;2025;11;16;2;3;5;3;0;1;1;1;0;0;0;0;493968,818599999882281;5451890,584000000730157;8,917177048000042;49,219772218000060;1
08251213215502766630;08;2;15;099;2025;12;07;7;3;5;3;1;1;1;1;0;0;0;0;463594,878299999982119;5446582,203099999576807;8,500558837000028;49,170971388000055;1
08251205212010749100;08;2;12;000;2025;12;12;6;3;5;3;0;1;1;1;0;0;0;0;454290,453599999658763;5431691,551799999549985;8,374604256000055;49,036408650000055;1
08251120237100735890;08;2;37;028;2025;11;12;5;3;6;4;0;1;0;1;1;0;0;0;456316,091500000096858;5368622,376399999484420;8,409009353000044;48,469215509000037;1
08251207117100786580;08;1;17;049;2025;12;11;1;3;5;3;0;0;1;0;0;0;0;1;555713,803999999538064;5392293,959000000730157;9,756899586000031;48,681202543000040;1
08251119311010687540;08;3;11;000;2025;11;15;4;3;6;4;0;0;0;0;1;0;0;1;411989,286100000143051;5317242,249099999666214;7,820096897000042;48,002415815000063;1
08251219118400785410;08;1;18;048;2025;12;09;6;3;0;7;0;0;1;0;0;0;0;0;511729,048000000417233;5415728,851199999451637;9,160020804000055;48,894397043000026;1
08251122212702709050;08;2;15;017;2025;11;12;7;3;5;3;0;0;1;1;0;0;0;0;457015,664400000125170;5421560,449400000274181;8,412960008000027;48,945473827000058;1
08251211119400791200;08;1;19;091;2025;12;16;5;3;1;5;1;0;1;1;0;0;0;0;526690,256299999542534;5406957,140300000086427;9,363563424000063;48,815025820000074;1
08251214212010801770;08;2;12;000;2025;12;16;1;3;5;2;1;0;1;1;0;0;0;0;457108,194199999794364;5428410,890699999406934;8,413501128000064;49,007101221000028;1
08251205311010749120;08;3;11;000;2025;12;13;6;3;1;5;0;1;1;1;0;0;0;0;415057,299200000241399;5317633,158099999651313;7,861141799000052;48,006347261000030;1
08251211311010773460;08;3;15;047;2025;12;08;5;3;5;2;0;1;1;0;0;0;1;1;415179,840599999763072;5321853,563400000333786;7,861948911000070;48,044327650000071;1
08251120127202735950;08;1;27;104;2025;11;09;5;3;4;6;0;1;1;1;0;0;0;0;578944,730000000447035;5434162,398000000044703;10,080532472000073;49,055271559000062;1
08251213426100798190;08;4;26;021;2025;12;11;7;3;2;6;0;0;1;1;0;0;0;0;559752,191999999806285;5329256,767500000074506;9,802785422000056;48,113767369000072;1
08251204115300772370;08;1;15;041;2025;12;15;5;3;4;3;0;0;1;1;0;0;0;0;495297,091000000014901;5402835,819000000134110;8,935985494000022;48,778506210000046;1
08251202337200777110;08;3;37;123;2025;12;23;3;3;0;7;2;1;1;0;0;0;0;0;452069,133899999782443;5278587,061499999836087;8,361651652000035;47,658901737000065;1
08251206115100751040;08;1;15;003;2025;12;11;7;3;0;1;0;0;1;0;0;0;0;0;500597,892599999904633;5392907,219399999827147;9,008123924000074;48,689205681000033;1
08251205235100767070;08;2;35;079;2025;12;17;6;3;6;7;2;0;0;1;1;0;0;0;466401,216699999757111;5400420,333399999886751;8,542868744000032;48,755887694000080;1
08251218317500835430;08;3;17;096;2025;12;15;5;3;5;3;0;0;1;0;0;0;0;0;422224,460199999623001;5369101,011499999091029;7,947764868000036;48,470228750000047;1
08251119116200688800;08;1;16;077;2025;11;07;4;3;5;2;0;0;1;1;0;0;0;0;515063,887000000104308;5392075,310000000521541;9,204651024000043;48,681540249000079;1
08251214416200826320;08;4;16;041;2025;12;10;1;2;1;5;0;1;1;1;0;0;0;0;503951,123700000345707;5374400,816299999132752;9,053510091000021;48,522705586000029;1
08251119417100735100;08;4;17;079;2025;11;19;4;3;6;4;2;0;0;1;1;0;0;0;501042,656999999657273;5339874,121300000697374;9,014035102000037;48,212093975000073;1
08251219111500825730;08;1;11;000;2025;12;16;6;3;0;4;0;1;0;0;1;0;0;1;512091,687500000000000;5402691,416600000113249;9,164583669000024;48,777107437000041;1
08251217116010781450;08;1;16;019;2025;12;11;4;3;5;7;0;0;1;1;0;0;0;0;522786,696899999864399;5400366,563799999654293;9,310026253000046;48,755893606000029;1
08251203221011759290;08;2;21;000;2025;12;04;4;3;4;6;2;0;1;1;0;0;0;0;477686,002999999560416;5472891,685000000521541;8,692402043000072;49,408300297000039;1
08251120426300702670;08;4;26;014;2025;11;04;5;3;0;1;2;1;1;0;0;0;0;0;549699,898099999874830;5316836,840199999511242;9,666297471000064;48,002895706000061;1
08251207426000769990;08;4;21;000;2025;12;19;1;3;2;6;2;1;1;1;0;0;0;0;572164,900500000454485;5362035,369599999859929;9,975122731000056;48,407340850000026;1
08251205416010748490;08;4;15;061;2025;12;01;6;2;9;1;2;1;0;1;1;0;0;0;515567,046600000001490;5370046,103599999099970;9,210661498000036;48,483348525000054;1
08251215327200796950;08;3;27;049;2025;12;10;2;3;4;6;0;0;1;1;0;0;0;0;472847,965400000102818;5324616,027499999850988;8,635486221000065;48,074240190000069;1
08251118212102704810;08;2;12;000;2025;11;08;3;3;0;7;0;0;1;0;0;0;0;0;459583,893099999986589;5426789,801999999210238;8,447513237000067;48,992686307000042;1
08251117118400712850;08;1;18;048;2025;11;17;2;3;0;7;1;1;1;1;0;0;0;0;514957,901200000196695;5416337,337099999189377;9,204094456000064;48,899801273000037;1
08251219212302816130;08;2;12;000;2025;12;15;6;3;7;1;0;0;1;0;0;0;0;0;456224,931099999696016;5428472,089800000190735;8,401417549000030;49,007589693000057;1
08251206111250750740;08;1;11;000;2025;12;22;7;3;6;2;2;0;0;1;1;0;0;0;515298,353600000031292;5404819,643999999389052;9,208309542000052;48,796182150000050;1
08251204212702809810;08;2;15;017;2025;12;10;5;3;5;3;0;0;1;1;0;0;0;0;456561,995000000111759;5422049,289999999105930;8,406712429000038;48,949839357000030;1
08251117415400736470;08;4;15;061;2025;11;09;2;3;5;2;0;0;1;1;0;0;0;0;515023,195299999788404;5371337,191899999976158;9,203348298000037;48,494976856000051;1
08251127121600727220;08;1;25;107;2025;11;13;5;3;5;3;0;0;1;1;0;0;0;0;533745,521099999547005;5436678,719399999827147;9,462126831000035;49,082040349000067;1
08251204226700779810;08;2;26;098;2025;12;17;5;3;6;7;2;0;0;1;1;0;0;0;478056,984199999831617;5460433,312300000339746;8,698202284000047;49,296251476000066;1
08251211436000794470;08;4;36;049;2025;12;18;5;3;5;3;2;0;1;1;0;0;0;0;578252,979600000195205;5283091,751700000837445;10,042933209000068;47,696469668000077;1
08251218436200782730;08;4;36;064;2025;12;07;5;3;0;1;2;1;1;0;0;0;0;0;546556,627100000157952;5292504,252900000661612;9,621534831000076;47,784216422000043;1
08251201136000757260;08;1;36;065;2025;12;11;2;3;6;7;0;0;0;1;1;0;0;0;558414,169900000095367;5405496,185499999672174;9,795453600000030;48,799711797000043;1
08251211231000767740;08;2;31;000;2025;12;18;5;3;6;2;2;0;0;1;1;0;0;0;478382,473500000312924;5415266,971899999305606;8,705095381000035;48,889976022000042;1
08251117118100682960;08;1;18;079;2025;11;15;2;3;5;3;1;1;1;1;0;0;0;0;510679,368800000287592;5422426,229499999433756;9,145875328000045;48,954663669000070;1
08251216116100808400;08;1;16;019;2025;12;13;3;3;0;7;0;0;1;1;0;0;0;0;521983,833399999886751;5398570,515699999406934;9,299007112000027;48,739765424000041;1
08251119317500685730;08;3;17;096;2025;11;08;4;3;1;1;0;1;1;1;0;0;0;0;422913,855800000019372;5370070,519200000911951;7,956911408000053;48,479034307000063;1
08251117118010698190;08;1;18;048;2025;11;15;2;3;6;7;0;0;0;0;1;0;1;0;515267,335500000044703;5415913,632999999448657;9,208300694000059;48,895982202000027;1
08251209316100770170;08;3;16;012;2025;12;16;3;3;5;4;1;0;0;1;1;0;0;0;403390,998700000345707;5332939,520300000905991;7,701305939000065;48,142367446000037;1
08251210426200823160;08;4;26;070;2025;12;11;4;3;0;7;0;0;1;0;0;0;0;0;565296,762600000016391;5342769,364499999210238;9,879345558000068;48,234780270000044;1
08251218311200782750;08;3;11;000;2025;12;08;5;3;0;7;0;0;1;0;0;0;0;0;414356,737300000153482;5316585,657099999487400;7,851960167000072;47,996831104000080;1
08251120222800706530;08;2;22;000;2025;11;08;5;3;5;2;0;1;1;1;0;0;0;0;460045,497800000011921;5488051,948699999600649;8,447706073000063;49,543756052000049;1
08251121118600736480;08;1;18;050;2025;11;15;6;3;5;3;0;0;1;1;0;0;0;0;505693,203999999910593;5417188,488199999555945;9,077693533000058;48,907612457000027;1
08251119415400706400;08;4;15;061;2025;11;14;4;3;6;6;0;0;0;0;1;0;0;1;515475,439600000157952;5370883,179400000721216;9,209452840000040;48,490881424000065;1
08251201212010747400;08;2;12;000;2025;12;11;2;3;5;3;0;0;1;1;0;0;0;0;455055,458999999798834;5429567,542999999597669;8,385305775000063;49,017359318000047;1
08251209231000785060;08;2;31;000;2025;12;08;3;3;0;1;1;1;1;0;0;0;0;0;478922,071999999694526;5417571,858999999240041;8,712337483000056;48,910728590000076;1
08251212118400778480;08;1;18;048;2025;12;16;6;3;0;7;0;0;0;0;1;0;0;1;513643,992999999783933;5415481,664999999105930;9,186138238000069;48,892134210000052;1
08251201118400744210;08;1;18;048;2025;12;09;2;3;0;1;0;2;1;0;0;0;0;0;512066,753200000151992;5415721,584300000220537;9,164627922000022;48,894325187000049;1
08251202222301803530;08;2;22;000;2025;12;13;3;3;3;6;0;0;1;0;0;0;0;1;466173,870900000445545;5484959,409399999305606;8,532681016000026;49,516313545000060;1
08251118317500698610;08;3;17;096;2025;11;08;3;3;0;1;0;0;1;0;0;0;0;0;421437,720300000160933;5370360,442099999636412;7,936886179000055;48,481459394000069;1
08251218115200783680;08;1;15;015;2025;12;10;5;3;6;4;0;0;0;1;1;0;0;0;492942,288099999539554;5387737,205800000578165;8,904190926000069;48,642655953000030;1
08251210416200771380;08;4;16;041;2025;12;10;4;3;2;6;0;0;1;1;0;0;0;0;504466,783099999651313;5374940,432499999180436;9,060499447000041;48,527556708000077;1
08251120128100674730;08;1;28;007;2025;11;17;5;3;5;2;2;0;1;1;0;0;0;0;556085,564100000075996;5482779,056800000369549;9,774506961000043;49,495052774000044;1
08251117111500667600;08;1;11;000;2025;11;14;2;2;6;6;0;1;0;0;1;0;0;1;515586,106200000271201;5405944,142100000753999;9,212270371000045;48,806290837000063;1
08251213226700828330;08;2;26;076;2025;12;17;7;3;5;3;2;0;1;1;0;0;0;0;475257,179999999701977;5465584,653000000864267;8,659375863000037;49,342480586000079;1
08251119311010735080;08;3;11;000;2025;11;14;4;3;5;3;0;0;1;1;0;0;0;0;414497,331399999558926;5315366,872600000351667;7,854087201000027;47,985886470000025;1
08251121226400733800;08;2;26;084;2025;11;09;6;2;5;2;0;0;1;1;0;0;0;0;469244,563599999994040;5469749,691500000655651;8,576283049000040;49,379670745000055;1
08251213116010769440;08;1;16;019;2025;12;11;7;3;6;4;0;0;1;0;1;0;0;0;522062,168399999849498;5398113,212300000712276;9,300048064000066;48,735648797000067;1
08251205111330767770;08;1;11;000;2025;12;11;6;3;5;3;0;0;1;1;0;0;0;0;510256,263700000010431;5409840,080299999564886;9,139779871000030;48,841448988000081;1
08251218119200797060;08;1;19;020;2025;12;08;5;3;0;1;0;2;1;0;0;0;0;0;518647,518099999986589;5406007,293099999427795;9,253966843000057;48,806774616000041;1
08251201212502751030;08;2;12;000;2025;12;08;2;3;0;7;0;2;1;0;0;0;0;0;452788,542899999767542;5426951,352099999785423;8,354607993000059;48,993657268000049;1
08251117337200700980;08;3;37;062;2025;11;20;2;3;0;1;2;0;1;0;0;0;0;0;457171,824000000022352;5278725,187999999150634;8,429592601000024;47,660502462000068;1
08251216126100805520;08;1;26;046;2025;12;23;3;3;0;7;2;0;1;0;0;0;0;0;549466,945600000210106;5456992,831100000068545;9,679907876000073;49,263697311000044;1
08251217212502778990;08;2;12;000;2025;12;08;4;3;0;7;2;0;1;0;0;0;0;0;452913,175499999895692;5430360,188999999314547;8,355916243000024;49,024329388000069;1
08251120311200713800;08;3;11;000;2025;11;18;5;3;5;3;2;1;1;1;0;0;0;0;411943,851999999955297;5317424,039499999955297;7,819450609000057;48,004044811000028;1
08251204311010782150;08;3;11;000;2025;12;19;5;3;5;3;2;0;1;1;0;0;0;0;412549,328999999910593;5315580,130000000819564;7,827942093000047;47,987541404000069;1
08251211311010759460;08;3;11;000;2025;12;06;5;3;0;7;2;1;1;0;0;0;0;0;411281,636099999770522;5319851,855699999257922;7,810071967000056;48,025791984000080;1
08251125116010718150;08;1;16;080;2025;11;20;3;3;6;4;2;1;0;1;1;0;0;0;522433,838700000196695;5395056,811499999836087;9,304936494000060;48,708140372000059;1
08251208426000754330;08;4;26;113;2025;12;13;2;3;5;3;0;1;1;1;0;0;0;0;568849,599000000394881;5320409,084899999201298;9,923570404000031;48,033255785000051;1
08251118317100713570;08;3;17;056;2025;11;07;3;3;0;1;1;1;1;0;0;0;0;0;433945,973000000230968;5381072,630999999120831;8,104428050000024;48,579257112000050;1
08251209311010784840;08;3;15;131;2025;12;07;3;3;4;2;1;0;1;1;0;0;0;0;405696,875500000081956;5308473,231499999761581;7,737682581000058;47,922640670000078;1
08251207222700784430;08;2;22;000;2025;12;16;1;3;5;2;1;1;1;1;0;0;0;0;463065,387799999676645;5480754,099500000476837;8,490131138000038;49,478307543000028;1
08251125111230741200;08;1;11;000;2025;11;07;3;3;5;3;2;1;1;1;0;0;0;0;507644,094299999997020;5397654,362400000914931;9,103952719000063;48,731864712000061;1
08251126337100726790;08;3;37;096;2025;11;13;4;2;0;7;0;1;1;0;0;0;0;0;420731,789599999785423;5267489,898399999365211;7,946363180000048;47,555987751000032;1
08251205311400770560;08;3;15;006;2025;12;13;6;3;5;3;0;1;1;1;0;0;0;0;403079,298000000417233;5308052,928999999538064;7,702748065000037;47,918469612000081;1
08251208336100755900;08;3;36;050;2025;12;15;2;3;5;3;0;0;1;1;0;0;0;0;399355,864000000059605;5273446,955000000074506;7,660938792000024;47,606612170000062;1
08251215212010830930;08;2;12;000;2025;12;12;2;2;2;6;0;0;1;0;0;0;0;0;454849,337899999693036;5428512,585999999195337;8,382604242000070;49,007854851000047;1
08251118335000683310;08;3;35;043;2025;11;16;3;2;0;7;0;0;1;1;0;0;0;0;511670,095800000242889;5280506,037499999627471;9,155479525000032;47,677838581000060;1
08251125435200725020;08;4;35;059;2025;11;13;3;3;1;5;0;0;1;1;0;0;0;0;511876,574900000356138;5290431,900100000202656;9,158501088000037;47,767143661000034;1
08251219212010813170;08;2;12;000;2025;12;19;6;2;6;6;2;0;0;0;1;0;0;1;454297,165599999949336;5428852,354599999263883;8,375015985000061;49,010870446000069;1
08251117111500669660;08;1;11;000;2025;11;13;2;3;6;2;0;0;0;0;1;0;0;1;511186,465400000102818;5406309,421399999409914;9,152360982000062;48,809671614000081;1
08251119435200672550;08;4;35;036;2025;11;21;4;3;0;1;2;0;1;0;0;0;0;0;519565,585799999535084;5283622,415999999269843;9,260809222000034;47,705687693000073;1
08251126311010697970;08;3;11;000;2025;11;18;4;3;0;7;2;1;1;0;0;0;0;0;413628,576700000092387;5315575,188999999314547;7,842404631000022;47,987643623000054;1
08251119435100703380;08;4;35;016;2025;11;08;4;3;5;3;0;0;1;0;0;0;0;1;535819,422399999573827;5277877,874299999326468;9,476995485000032;47,653304919000050;1
08251210111340758830;08;1;11;000;2025;12;21;4;3;6;4;2;1;0;1;1;0;0;0;514108,942999999970198;5406043,339999999850988;9,192156117000025;48,807218499000044;1
08251121215102681930;08;2;12;000;2025;11;12;6;3;0;7;0;0;1;0;0;0;0;0;459375,302400000393391;5431362,068900000303984;8,444204281000054;49,033800947000032;1
08251218221011835280;08;2;21;000;2025;12;08;5;3;1;7;0;0;1;1;0;0;0;0;474418,187500000000000;5471967,230799999088049;8,647415664000050;49,399856400000033;1
08251117212010664210;08;2;12;000;2025;11;07;2;3;5;2;0;1;1;0;0;0;0;0;455980,906000000424683;5428590,572399999946356;8,398068083000055;49,008638099000052;1
08251127116500739930;08;1;16;049;2025;11;15;5;3;6;4;0;0;0;1;1;0;0;0;524596,122000000439584;5386130,197300000116229;9,333796473000064;48,627755157000081;1
08251209111500755340;08;1;11;000;2025;12;14;3;2;6;2;0;1;0;0;1;0;0;1;511271,705699999816716;5400756,623400000855327;9,153369673000043;48,759717537000029;1
08251129311010706870;08;3;15;107;2025;11;11;7;3;5;3;0;0;1;1;0;0;0;0;411144,151200000196695;5309624,545800000429153;7,810344143000066;47,933775420000075;1
08251118116500703000;08;1;16;046;2025;11;14;3;3;2;6;0;0;1;0;0;0;1;0;527875,644899999722838;5378230,065500000491738;9,377772078000021;48,556547511000076;1
08251126212010735240;08;2;12;000;2025;11;16;4;3;0;4;0;0;0;0;1;0;0;1;461142,617800000123680;5427514,170700000599027;8,468750684000042;48,999302236000062;1
08251128231402730790;08;2;31;000;2025;11;17;6;3;5;2;2;1;1;1;0;0;0;0;475778,276999999769032;5415002,916099999099970;8,669585371000039;48,887504349000039;1
08251210435100824860;08;4;35;016;2025;12;07;4;3;5;3;0;0;1;1;0;0;0;0;533431,107900000177324;5279465,620100000873208;9,445313578000025;47,667718397000044;1
08251201435100760110;08;4;35;016;2025;12;15;2;2;0;7;0;0;1;0;0;0;0;0;536525,343299999833107;5278556,598799999803305;9,486452373000077;47,659372211000061;1
08251218421300811910;08;4;21;000;2025;12;12;5;3;6;4;0;0;0;1;1;0;0;0;569303,275100000202656;5358033,648900000378489;9,935800427000061;48,371665060000055;1
08251209221300782350;08;2;21;000;2025;12;22;3;3;1;5;2;0;1;1;0;0;0;0;476896,285799999721348;5473630,512499999254942;8,681472985000028;49,414916456000071;1
08251116437200743610;08;4;37;101;2025;11;03;1;3;6;7;2;0;0;1;1;0;0;0;524338,730299999937415;5326356,415300000458956;9,326845256000070;48,090011906000029;1
08251117415200701070;08;4;15;053;2025;11;13;2;3;1;5;0;1;1;0;0;0;0;1;532414,310800000093877;5363137,291699999943376;9,438107417000026;48,420552343000054;1
08251208415400783170;08;4;15;061;2025;12;11;2;3;6;4;0;0;0;1;1;0;0;0;514859,968999999575317;5369606,184000000357628;9,201077370000064;48,479407958000081;1
08251215426000770800;08;4;25;141;2025;12;12;2;3;6;4;0;0;0;1;1;0;0;0;567986,776499999687076;5362875,009800000116229;9,918810004000022;48,415358307000076;1
08251212311010808170;08;3;11;000;2025;12;08;6;3;6;4;0;0;0;0;1;0;0;1;411231,328399999998510;5320142,827600000426173;7,809337079000045;48,028402344000028;1
08251202426200746810;08;4;26;070;2025;12;16;3;3;6;7;0;0;0;1;1;0;0;0;565637,902200000360608;5342154,657700000330806;9,883843848000026;48,229215297000053;1
08251205416010810290;08;4;16;041;2025;12;07;6;3;3;6;0;1;1;0;0;0;0;1;504015,666600000113249;5374440,726099999621511;9,054384580000033;48,523064220000037;1
08251202119400750820;08;1;19;041;2025;12;07;3;3;6;7;2;0;0;1;1;0;0;0;525894,963299999944866;5409912,789699999615550;9,352917165000065;48,841647655000031;1
08251117221011701770;08;2;21;000;2025;11;12;2;3;5;3;0;1;1;1;0;0;0;0;475574,610999999567866;5469404,876700000837445;8,663511358000051;49,376855904000081;1
08251211126200776890;08;1;26;066;2025;12;13;5;3;6;4;0;0;0;0;1;0;0;1;537148,558000000193715;5449475,626000000163913;9,509907284000064;49,196953087000054;1
08251121119200682070;08;1;19;093;2025;11;17;6;3;5;3;2;0;1;1;0;0;0;0;523483,452100000344217;5405912,156700000166893;9,319822656000042;48,805754871000033;1
08251116225200664820;08;2;25;014;2025;11;17;1;3;6;6;2;0;0;1;1;0;0;0;525395,199799999594688;5488598,123900000005960;9,351079976000051;49,549454192000042;1
08251201216300746520;08;2;16;015;2025;12;08;2;3;0;1;0;1;1;0;0;0;0;0;449582,803999999538064;5409213,680999999865890;8,312979354000049;48,833851654000057;1
08251119119400670930;08;1;19;079;2025;11;13;4;3;6;7;0;0;0;1;1;0;0;0;522748,861100000329316;5408559,601299999281764;9,309965172000034;48,829597998000054;1
08251128111330703370;08;1;11;000;2025;11;13;6;3;2;7;0;0;1;1;0;0;0;0;512565,900100000202656;5408546,291600000113249;9,171217486000046;48,829767820000029;1
08251202121200803450;08;1;21;000;2025;12;07;3;3;5;3;2;0;1;1;0;0;0;0;516056,130699999630451;5443744,942099999636412;9,220164128000022;49,146319283000025;1
08251128325202705860;08;3;25;049;2025;11;13;6;3;6;7;0;0;0;1;1;0;0;0;472224,755400000140071;5334338,710999999195337;8,626486349000061;48,161686487000054;1
08251119311010710180;08;3;11;000;2025;11;18;4;3;5;3;2;0;1;1;0;0;0;0;413514,410199999809265;5316413,435900000855327;7,840705942000056;47,995168524000064;1
08251125116010718140;08;1;16;019;2025;11;07;3;3;6;4;1;1;0;1;1;0;0;0;522036,743999999947846;5397950,427999999374151;9,299693590000061;48,734185304000050;1
08251117316200700080;08;3;16;056;2025;11;07;2;2;6;4;2;1;0;1;1;0;0;0;421747,102599999867380;5326784,189600000157952;7,949144759000035;48,089520379000078;1
08251219121400818490;08;1;25;058;2025;12;15;6;3;5;2;0;1;1;1;0;0;0;0;509121,178399999625981;5444257,843299999833107;9,125082940000027;49,151075172000048;1
08251202118200744980;08;1;18;080;2025;12;15;3;3;5;3;0;0;1;1;0;0;0;0;507374,511900000274181;5410987,090600000694394;9,100525974000050;48,851808239000036;1
08251130335300710930;08;3;35;075;2025;11;20;1;3;5;2;2;0;1;1;0;0;0;0;488846,964999999850988;5287888,189999999478459;8,851220274000070;47,744269452000026;1
08251117118010708030;08;1;15;021;2025;11;06;2;2;6;4;2;1;0;0;1;1;0;0;489316,025899999774992;5382399,363199999555945;8,855101725000054;48,594584263000058;1
08251120335200711560;08;3;35;063;2025;11;16;5;3;1;3;1;0;0;1;1;0;0;0;500573,152700000442564;5287904,410900000482798;9,007645801000024;47,744511581000040;1
08251129311010708020;08;3;11;000;2025;11;20;7;3;6;2;2;0;0;1;1;0;0;0;413089,754300000146031;5316621,463400000706315;7,834972738000033;47,996982218000028;1
08251116311010730640;08;3;11;000;2025;11;14;1;2;5;3;0;1;1;0;0;0;0;1;410216,065999999642372;5315780,399000000208616;7,796635695000020;47,989019565000035;1
08251127111310710430;08;1;11;000;2025;11;06;5;3;6;3;2;0;0;0;1;0;0;1;516250,558000000193715;5407476,408600000664592;9,221380287000045;48,820057846000054;1
08251129311400710630;08;3;15;007;2025;11;16;7;3;6;6;1;1;0;1;1;0;0;0;400455,390700000338256;5295111,924200000241399;7,670617315000072;47,801663517000065;1
08251117426100668060;08;4;26;021;2025;11;13;2;3;6;4;0;1;0;1;1;0;0;0;559165,390700000338256;5327804,843599999323487;9,794700992000060;48,100760439000055;1
08251213119200794120;08;1;19;093;2025;12;00;7;3;0;7;2;0;1;0;0;0;0;0;524912,320199999958277;5404312,567900000140071;9,339185125000029;48,791309697000031;1
08251203128200753600;08;1;28;139;2025;12;07;4;3;5;3;0;0;1;1;0;0;0;0;551079,331600000150502;5490012,514900000765920;9,706316503000039;49,560553433000052;1
08251214212010804110;08;2;12;000;2025;12;13;1;3;0;1;0;0;1;0;0;0;0;0;461494,350800000131130;5427489,202500000596046;8,473561651000068;48,999099682000065;1
08251117128100680440;08;1;28;058;2025;11;06;2;3;4;6;2;1;1;1;0;0;0;0;558474,671199999749660;5482550,356399999931455;9,807461834000037;49,492770284000073;1
08251219117300836620;08;1;17;026;2025;12;17;6;2;6;4;2;0;0;0;1;0;0;1;547971,043800000101328;5394524,083300000056624;9,651977002000024;48,701906722000047;1
08251116126200690380;08;1;26;066;2025;11;04;1;3;6;7;2;0;0;1;1;0;0;0;537787,100499999709427;5450782,830499999225140;9,518794641000056;49,208672274000037;1
08251117111000698000;08;1;11;000;2025;11;07;2;3;0;1;1;1;1;0;0;0;0;0;513711,119099999777973;5402493,485400000587106;9,186619534000044;48,775293281000074;1
08251116221011703180;08;2;21;000;2025;11;22;1;2;5;3;2;0;1;1;0;0;0;0;476004,691999999806285;5472543,851999999955297;8,669246618000045;49,405107622000060;1
08251210119300806170;08;1;19;055;2025;12;14;4;3;1;5;0;0;1;1;0;0;0;0;544201,279099999926984;5404266,001099999994040;9,601790466000068;48,789818855000078;1
08251126116010723400;08;1;16;072;2025;11;15;4;3;6;4;0;1;0;1;1;0;0;0;531149,192099999636412;5393037,855399999767542;9,423246503000030;48,689603739000063;1
08251121415400713460;08;4;15;061;2025;11;13;6;3;5;3;0;0;1;1;0;0;0;0;515720,908300000242889;5371140,173900000751019;9,212784794000072;48,493187343000045;1
08251210311010775460;08;3;11;000;2025;12;18;4;3;6;6;2;1;1;0;1;0;0;0;414800,868400000035763;5316835,375600000843406;7,857862890000035;47,999136762000035;1
08251201111230792890;08;1;11;000;2025;12;07;2;3;5;3;1;2;1;1;0;0;0;0;509003,606599999591708;5396066,519999999552965;9,122406137000041;48,717562277000070;1
08251216212010823680;08;2;12;000;2025;12;18;3;2;5;3;2;0;1;1;0;0;0;0;459720,607800000347197;5431477,677600000053644;8,448916765000035;49,034863519000055;1
08251210222400772770;08;2;26;038;2025;12;10;4;3;3;6;0;1;1;0;0;0;0;1;473530,650299999862909;5477515,789300000295043;8,634813116000032;49,449726453000039;1
08251125311010690580;08;3;11;000;2025;11;07;3;3;0;7;1;1;1;0;0;0;0;0;414331,803199999965727;5316547,835500000044703;7,851633548000052;47,996487544000047;1
08251208337400753480;08;3;37;128;2025;12;16;2;3;0;7;0;1;1;0;0;0;0;0;448833,601499999873340;5285410,130300000309944;8,317763400000047;47,720041323000032;1
08251116118010730680;08;1;15;003;2025;11;20;1;2;5;3;2;1;1;1;0;0;0;0;500592,363900000229478;5390306,762599999085069;9,008045076000030;48,665811659000042;1
08251205115300771890;08;1;15;042;2025;12;12;6;2;6;4;0;0;0;1;1;0;0;0;496415,700400000438094;5405689,922299999743700;8,951186744000040;48,804189004000079;1
08251211317500763460;08;3;17;096;2025;12;12;5;3;1;6;0;0;1;1;0;0;0;0;422886,826500000432134;5370242,985200000926852;7,956513905000065;48,480582313000070;1
08251117425000681470;08;4;25;033;2025;11;07;2;3;6;4;2;1;0;1;1;0;0;0;552912,554899999871850;5348225,735099999234080;9,713266081000029;48,285020701000064;1
08251116116010690850;08;1;16;071;2025;11;17;1;2;6;7;2;1;0;1;1;0;0;0;528437,271999999880791;5390820,669999999925494;9,386246081000024;48,669787607000046;1