UIDENTSTLAE;ULAND;UREGBEZ;UKREIS;UGEMEINDE;UJAHR;UMONAT;USTUNDE;UWOCHENTAG;UKATEGORIE;UART;UTYP1;ULICHTVERH;IstStrassenzustand;IstRad;IstPKW;IstFuss;IstKrad;IstGkfz;IstSonstige;LINREFX;LINREFY;XGCSWGS84;YGCSWGS84;PLST
08251217226000833990;08;2;26;095;2025;12;13;4;3;0;3;0;0;1;1;0;0;0;0;474058,071200000122190;5461075,639699999243021;8,643161745000043;49,301872471000081;1
08251215117400830940;08;1;17;051;2025;12;16;2;3;3;6;1;0;1;1;0;0;0;0;542925,933899999596179;5395268,796199999749660;9,583490016000042;48,708973468000067;1
08251129326300731630;08;3;26;052;2025;11;14;7;3;5;2;0;0;1;1;0;0;0;0;451692,888700000010431;5330664,036100000143051;8,350811112000031;48,127398963000076;1
08251203118010769560;08;1;15;042;2025;12;07;4;2;6;4;2;1;0;1;1;0;0;0;496436,566999999806285;5405559,260999999940395;8,951472052000042;48,803013705000069;1
08251211311010802260;08;3;11;000;2025;12;02;5;3;0;7;2;1;1;0;0;0;0;0;410693,536399999633431;5315370,750099999830127;7,803118938000068;47,985401530000047;1
08251116111500694370;08;1;11;000;2025;11;21;1;3;6;2;2;1;0;1;1;0;0;0;515447,186700000427663;5410057,669500000774860;9,210533359000067;48,843298901000026;1
08251125226400739080;08;2;26;084;2025;11;16;3;3;5;3;2;1;1;1;0;0;0;0;469379,563000000081956;5471914,105499999597669;8,577976143000058;49,399145937000071;1
08251116415100677730;08;4;15;078;2025;11;14;1;2;0;1;0;1;1;0;0;0;0;0;533201,245699999853969;5368560,865599999204278;9,449173220000034;48,469302973000026;1
08251215212010818100;08;2;12;000;2025;12;17;2;3;6;2;2;0;0;1;1;0;0;0;456894,345599999651313;5428278,593399999663234;8,410591188000069;49,005896289000077;1
08251212119300796570;08;1;19;067;2025;12;07;6;3;4;6;2;0;1;0;0;0;0;1;538671,612900000065565;5405125,434699999168515;9,526589771000033;48,797918410000079;1
08251120311010690140;08;3;11;000;2025;11;14;5;3;1;6;0;1;1;1;0;0;0;0;413851,357099999673665;5316144,664400000125170;7,845275537000020;47,992796315000078;1
08251125136200721650;08;1;36;019;2025;11;11;3;3;6;7;0;1;0;1;1;0;0;0;582807,324000000022352;5423495,663000000640750;10,131214501000045;48,958829548000040;1
08251128222014734130;08;2;22;000;2025;11;09;6;2;5;3;0;0;1;1;0;0;0;0;461868,061800000257790;5482280,026000000536442;8,473456044000045;49,491958421000049;1
08251127417010717980;08;4;17;079;2025;11;17;5;2;6;2;2;1;0;1;1;0;0;0;501017,863099999725819;5339961,086100000888109;9,013701563000041;48,212876425000047;1
08251212317000781000;08;3;17;153;2025;12;13;6;3;0;3;0;1;1;1;0;0;0;0;421759,010400000028312;5390807,229800000786781;7,937385766000034;48,665413050000041;1
08251117119400677860;08;1;19;086;2025;11;07;2;3;5;3;2;1;1;1;0;0;0;0;534693,356800000183284;5406246,474500000476837;9,472514781000029;48,808237601000030;1
08251218317000795920;08;3;17;057;2025;12;14;5;3;6;6;0;0;1;0;1;0;0;0;412680,783400000073016;5380783,603000000119209;7,816227963000074;48,574054491000027;1
08251120317000715940;08;3;17;057;2025;11;17;5;2;5;3;2;1;1;1;0;0;0;0;413735,122399999760091;5379562,706599999219179;7,830771558000038;48,563219283000080;1
08251116118400680140;08;1;18;048;2025;11;12;1;3;0;7;0;0;1;0;0;0;0;0;514683,276999999769032;5417081,695000000298023;9,200374113000066;48,906503874000066;1
08251211118100800110;08;1;18;079;2025;12;16;5;3;0;3;0;0;1;0;0;1;0;0;506074,425300000235438;5421321,343100000172853;9,082957507000060;48,944786852000050;1
08251201118400757320;08;1;18;048;2025;12;07;2;3;0;1;0;2;1;0;0;0;0;0;513378,768799999728799;5414515,167300000786781;9,182488295000041;48,883445625000036;1
08251118311010667910;08;3;15;098;2025;11;06;3;3;0;1;2;2;1;0;0;0;0;0;406767,915000000037253;5312147,407999999821186;7,751219931000037;47,955847094000035;1
08251128415400730440;08;4;15;080;2025;11;17;6;3;0;1;2;0;1;0;0;0;0;0;511454,155199999921024;5373059,514699999243021;9,155086594000068;48,510546703000045;1
08251208436200753290;08;4;36;064;2025;12;16;2;3;0;1;0;0;1;0;0;0;0;0;546022,996100000105798;5292351,194299999624491;9,614395011000056;47,782877705000033;1
08251218235200790290;08;2;35;046;2025;12;12;5;3;6;3;0;0;0;1;1;0;0;0;479317,461600000038743;5377241,911900000646710;8,719756916000051;48,547936440000058;1
08251115415100708350;08;4;15;050;2025;11;11;7;2;5;3;0;0;1;1;0;0;0;0;521172,381599999964237;5376716,286499999463558;9,286853524000037;48,543191454000066;1
08251203116010753240;08;1;16;076;2025;12;12;4;3;6;6;0;0;0;0;1;0;0;1;528140,684100000187755;5400753,718900000676513;9,382895291000068;48,759157395000045;1
08251204426100748640;08;4;26;021;2025;12;15;5;3;0;1;0;0;1;0;0;0;0;0;559173,581699999980628;5327260,594599999487400;9,794735534000040;48,095863524000038;1
08251115335300693120;08;3;35;075;2025;11;23;7;3;8;1;2;0;1;0;0;0;0;0;487742,793700000271201;5290313,782999999821186;8,836422476000052;47,766073773000073;1
08251212416010778500;08;4;16;031;2025;12;09;6;3;5;2;0;0;1;1;0;0;0;0;501880,751600000075996;5363096,990100000053644;9,025420187000066;48,421020961000067;1
08251218111130781490;08;1;11;000;2025;12;08;5;3;0;7;1;2;1;0;0;0;0;0;512289,232800000347197;5400800,180199999362230;9,167216007000036;48,760090115000025;1
08251117119300681510;08;1;19;067;2025;11;07;2;3;8;7;1;1;1;0;0;0;0;0;538376,293899999931455;5405888,251599999144673;9,522639892000029;48,804798671000071;1
08251202111240761850;08;1;11;000;2025;12;09;3;3;6;4;0;0;0;1;1;0;0;0;514535,125599999912083;5402324,462799999862909;9,197828894000054;48,773754062000080;1
08251212421300826570;08;4;25;141;2025;12;07;6;3;6;4;1;0;0;1;1;0;0;0;567181,604799999855459;5363367,135700000450015;9,908008746000064;48,419871545000035;1
08251115335100696870;08;3;35;043;2025;11;13;7;3;0;1;0;0;1;0;0;0;0;0;513338,926099999807775;5279153,903000000864267;9,177671783000051;47,665640252000060;1
08251215421300785930;08;4;21;000;2025;12;07;2;3;4;2;0;0;1;1;0;0;0;0;572088,125199999660254;5361918,296700000762939;9,974065354000061;48,406296537000060;1
08251123435100683070;08;4;35;013;2025;11;08;1;3;0;1;0;1;1;0;0;0;0;0;539724,260900000110269;5275261,683900000527501;9,528755189000037;47,629538128000036;1
08251215111500804490;08;1;11;000;2025;12;04;2;2;6;7;2;0;0;1;1;0;0;0;512718,610700000077486;5402631,035299999639392;9,173115006000046;48,776551751000056;1
08251216222600776800;08;2;22;000;2025;12;17;3;3;4;2;2;0;1;1;0;0;0;0;462630,859299999661744;5483031,859099999070168;8,483917560000066;49,498768227000028;1
08251218111230799690;08;1;11;000;2025;12;10;5;3;3;6;0;0;1;0;0;0;0;1;507906,537800000049174;5399084,495100000873208;9,107549147000043;48,744726927000045;1
08251217118400818630;08;1;18;048;2025;12;15;4;3;3;6;0;0;1;1;0;0;0;0;514672,532200000248849;5415617,047100000083447;9,200174865000065;48,893328569000062;1
08251128231102738620;08;2;36;040;2025;11;07;6;2;6;2;1;1;0;1;1;0;0;0;488790,271999999880791;5422127,396299999207258;8,846888460000059;48,951966080000034;1
08251206226400813460;08;2;26;084;2025;12;21;7;3;2;1;2;1;1;0;0;0;0;1;469679,802799999713898;5469962,089700000360608;8,582262967000077;49,381603041000062;1
08251130317600725330;08;3;17;011;2025;11;17;1;3;6;2;2;1;0;1;1;0;0;0;427929,808100000023842;5354461,450600000098348;8,027455260000067;48,339222008000036;1
08251115311400693300;08;3;15;050;2025;11;17;7;3;6;4;2;1;0;0;1;0;0;1;400056,489599999971688;5302918,292600000277162;7,663489256000048;47,871819964000053;1
08251215421300807300;08;4;21;000;2025;12;18;2;3;6;4;2;0;0;1;1;0;0;0;570063,521300000138581;5363606,736899999901652;9,946994579000034;48,421712895000041;1
08251119118300671300;08;1;18;046;2025;11;08;4;3;2;6;0;0;1;1;0;0;0;0;513635,446200000122190;5413960,598099999129772;9,185970895000025;48,878451262000056;1
08251201317500744270;08;3;17;096;2025;12;08;2;3;0;1;0;2;1;0;0;0;0;0;422897,404799999669194;5369328,197499999776483;7,956825751000054;48,472355146000041;1
08251126311010725560;08;3;11;000;2025;11;12;4;3;3;6;0;1;1;0;0;0;0;1;413852,768000000156462;5316241,459000000730157;7,845275016000073;47,993667208000033;1
08251120235200687640;08;2;35;046;2025;11;07;5;3;6;4;1;1;0;1;1;0;0;0;479110,583999999798834;5376823,884299999102950;8,716974783000069;48,544168915000057;1
08251202222600764200;08;2;22;000;2025;12;07;3;2;4;6;2;2;1;0;0;0;0;0;463406,252399999648333;5484245,946399999782443;8,494513110000071;49,509735580000040;1
08251119118500670020;08;1;18;049;2025;11;08;4;3;4;3;0;0;1;1;0;0;0;0;519220,011500000022352;5420709,806700000539422;9,262454644000059;48,939016893000030;1
08251217222500780850;08;2;22;000;2025;12;12;4;2;5;3;0;0;1;1;0;0;0;0;461374,442699999548495;5480061,484600000083447;8,466856924000069;49,471972588000028;1
08251204436000773090;08;4;36;064;2025;12;15;5;3;4;6;0;0;1;1;0;0;0;0;545317,023000000044703;5290836,953999999910593;9,604812987000059;47,769304085000044;1
08251208421200792680;08;4;21;000;2025;12;18;2;3;0;7;0;0;1;1;0;0;0;0;573706,972400000318885;5360873,429700000211596;9,995752578000065;48,396710513000073;1
08251127119200707290;08;1;19;020;2025;11;10;5;3;0;7;0;0;1;0;0;1;0;0;520869,578800000250340;5406786,879899999126792;9,284269110000025;48,813716979000048;1
08251125116200711180;08;1;16;077;2025;11;07;3;3;0;1;2;1;1;0;0;0;0;0;516816,138500000350177;5390850,734799999743700;9,228406312000061;48,670479158000035;1
08251216121600806130;08;1;25;094;2025;12;06;3;3;6;4;2;0;0;0;1;0;0;1;513786,200199999846518;5438750,979499999433756;9,188868006000064;49,101451876000056;1
08251129335100708740;08;3;35;043;2025;11;13;7;3;2;6;0;0;1;1;0;0;0;0;511080,925599999725819;5281297,507400000467896;9,147650189000046;47,684970325000052;1
08251208115100801320;08;1;15;003;2025;12;14;2;3;5;3;0;0;1;1;0;0;0;0;500068,542000000365078;5392759,073000000789762;9,000931297000022;48,687873223000054;1
08251124311010740230;08;3;11;000;2025;11;08;2;2;6;4;0;1;0;0;1;0;0;1;413473,977699999697506;5316704,860899999737740;7,840105320000021;47,997784523000064;1
08251217118010813160;08;1;18;046;2025;12;07;4;2;5;2;2;0;1;1;0;0;0;0;514348,258500000461936;5412001,527200000360608;9,195624016000068;48,860811825000042;1
08251206417200775570;08;4;17;002;2025;12;20;7;2;0;7;2;1;1;0;0;0;0;0;488803,776200000196695;5346122,204399999231100;8,849123808000058;48,268208671000082;1
08251130118500797120;08;1;18;001;2025;11;10;1;3;5;2;0;1;1;1;0;0;0;0;523360,718500000424683;5418589,669399999082088;9,318874852000022;48,919802502000039;1
08251204111500756760;08;1;11;000;2025;12;12;5;3;6;4;0;0;0;1;1;0;0;0;511790,740199999883771;5403526,570499999448657;9,160511354000050;48,784626196000033;1
08251218111500833310;08;1;11;000;2025;12;08;5;3;0;1;0;1;1;0;0;0;0;0;513828,517400000244379;5401593,655200000852346;9,188187159000051;48,767195876000073;1
08251203335100754440;08;3;35;043;2025;12;13;4;3;8;1;0;0;1;0;0;0;0;0;513148,809000000357628;5281897,515000000596046;9,175222106000035;47,690330212000049;1
08251129317000732700;08;3;17;065;2025;11;19;7;3;6;4;2;0;0;1;1;0;0;0;414351,927600000053644;5354619,404899999499321;7,844233333000034;48,338947919000077;1
08251118221400719910;08;2;21;000;2025;11;07;3;3;5;3;2;0;1;1;0;0;0;0;473919,453900000080466;5472019,783399999141693;8,640538500000048;49,400307936000047;1
08251127116100699790;08;1;16;019;2025;11;12;5;3;6;7;0;0;0;1;1;0;0;0;523460,946000000461936;5398020,075999999418855;9,319066002000056;48,734759849000056;1
08251125119500701880;08;1;19;068;2025;11;12;3;3;0;7;0;1;1;0;0;0;0;0;525890,418499999679625;5413319,017599999904633;9,353070654000021;48,872289147000060;1
08251118435100701040;08;4;35;016;2025;11;08;3;3;0;7;0;1;0;1;1;0;0;0;536774,910600000061095;5280018,472799999639392;9,489899098000024;47,672511113000041;1
08251213119200766360;08;1;19;020;2025;12;07;7;3;0;7;2;0;1;0;0;0;0;0;519337,409300000406802;5408613,384199999272823;9,263485447000050;48,830197422000026;1
08251127118200728380;08;1;18;019;2025;11;15;5;3;6;4;0;0;0;1;1;0;0;0;505038,885200000368059;5405521,729599999263883;9,068620645000067;48,802665865000051;1
08251115212010700160;08;2;12;000;2025;11;09;7;3;0;7;0;1;1;0;0;0;0;0;457618,285799999721348;5428758,449699999764562;8,420439416000022;49,010262805000082;1
08251128111330739310;08;1;11;000;2025;11;22;6;3;8;7;2;1;1;0;0;0;0;0;511844,502899999730289;5410025,247800000011921;9,161430828000050;48,843086448000065;1
08251208127202764650;08;1;27;073;2025;12;22;2;3;5;3;2;1;1;1;0;0;0;0;578586,439799999818206;5447782,288899999111891;10,078281645000061;49,177812523000057;1
08251215317500792280;08;3;17;096;2025;12;17;2;3;6;7;2;1;0;1;1;0;0;0;421095,112399999983609;5370259,996099999174476;7,932269770000062;48,480512983000040;1
08251201121200752270;08;1;21;000;2025;12;17;2;2;6;2;2;1;0;1;1;0;0;0;515803,980000000447035;5440939,532999999821186;9,216596652000021;49,121090208000055;1
08251127417100725470;08;4;17;079;2025;11;14;5;3;6;2;0;0;0;1;1;0;0;0;502064,597000000067055;5342662,241000000387430;9,027804916000036;48,237175720000039;1
08251118118500670050;08;1;18;078;2025;11;16;3;3;5;3;0;0;1;1;0;0;0;0;514499,651700000278652;5419596,905099999159575;9,197957689000077;48,929134255000065;1
08251118136100666500;08;1;36;088;2025;11;08;3;3;3;6;0;0;1;0;0;0;1;0;579466,046500000171363;5410049,075400000438094;10,082962561000045;48,838327288000073;1
08251128212010732720;08;2;12;000;2025;11;15;6;3;3;6;0;0;1;1;0;0;0;0;455824,996799999848008;5428390,130799999460578;8,395958062000034;49,006823965000081;1
08251204311010757870;08;3;11;000;2025;12;15;5;3;0;4;0;0;1;0;1;0;0;0;414737,808500000275671;5315428,441500000655651;7,857297201000051;47,986472411000079;1
08251215335100790470;08;3;35;043;2025;12;07;2;3;5;3;0;0;1;1;0;0;0;0;511065,185999999754131;5280799,520999999716878;9,147427839000045;47,680489883000064;1
08251121117010723750;08;1;17;018;2025;11;09;6;2;6;2;0;0;0;1;1;0;0;0;537617,026399999856949;5395745,843399999663234;9,511373007000032;48,713607690000060;1
08251117415400836060;08;4;15;061;2025;11;07;2;3;5;3;2;1;1;1;0;0;0;0;516055,797100000083447;5373051,246400000527501;9,217391036000038;48,510371520000035;1
08251201226700749950;08;2;26;098;2025;12;08;2;3;0;7;0;1;1;0;0;0;0;0;478564,218700000084937;5459671,962300000712276;8,705219377000049;49,289421112000070;1
08251116325202717050;08;3;25;049;2025;11;17;1;3;0;4;2;1;0;1;1;0;0;0;472707,831600000150502;5334699,287100000306964;8,632959339000024;48,164951423000048;1
08251203417200806020;08;4;17;002;2025;12;18;4;2;6;4;2;1;0;1;1;0;0;0;488945,712100000120699;5346749,488600000739098;8,851020074000076;48,273854671000038;1
08251205325202757920;08;3;25;049;2025;12;07;6;3;5;3;1;1;1;1;0;0;0;0;472135,270999999716878;5335273,119999999180436;8,625221774000067;48,170089199000074;1
08251125416200733130;08;4;16;041;2025;11;19;3;3;5;3;2;1;1;1;0;0;0;0;505244,414400000125170;5373118,862999999895692;9,071009003000029;48,511163190000048;1
08251128327100722380;08;3;27;050;2025;11;18;6;3;5;3;2;1;1;1;0;0;0;0;486489,666299999691546;5314290,198499999940395;8,818949150000037;47,981772709000040;1
08251205415100810500;08;4;15;014;2025;12;13;6;3;5;3;0;0;1;1;0;0;0;0;525194,190299999900162;5375562,382699999958277;9,341272197000023;48,532662073000040;1
08251115119300658030;08;1;19;067;2025;11;10;7;2;6;2;0;0;0;1;1;0;0;0;537979,346099999733269;5405981,684699999168515;9,517242806000070;48,805663537000044;1
08251117311010664330;08;3;11;000;2025;11;10;2;3;6;4;0;1;0;0;1;0;0;1;414101,529000000096858;5316099,215500000864267;7,848637200000042;47,992421141000079;1
08251215226600786150;08;2;26;096;2025;12;09;2;3;6;2;0;0;0;1;1;0;0;0;476204,263199999928474;5488972,924100000411272;8,671009017000074;49,552890342000069;1
08251201212010747310;08;2;12;000;2025;12;15;2;3;5;2;0;0;1;1;0;0;0;0;463520,684500000439584;5428144,706100000068545;8,501205100000050;49,005119186000059;1
08251209116010821510;08;1;16;019;2025;12;18;3;3;5;3;2;0;1;1;0;0;0;0;525246,489099999889731;5396656,258899999782443;9,343265214000041;48,722421319000034;1
08251201415400800570;08;4;15;061;2025;12;08;2;3;0;1;0;2;1;0;0;0;0;0;515085,057500000111759;5372708,060399999842048;9,204235174000075;48,507308176000038;1
08251115118600691260;08;1;18;073;2025;11;16;7;3;6;7;0;0;0;1;1;0;0;0;496613,714100000448525;5420058,432199999690056;8,953764483000043;48,933446633000074;1
08251217311100810730;08;3;15;013;2025;12;14;4;3;2;6;0;0;1;1;0;0;0;0;404821,184500000439584;5325305,662699999287724;7,722230086000025;48,073918226000046;1
08251115118010673250;08;1;18;079;2025;11;20;7;3;6;7;2;0;0;1;1;0;0;0;508998,328700000420213;5421001,826300000771880;9,122881676000077;48,941876950000051;1
08251219117400787170;08;1;17;051;2025;12;06;6;3;0;1;2;2;1;0;0;0;0;0;542879,377999999560416;5394421,804899999871850;9,582769238000026;48,701357465000058;1
08251216415400777360;08;4;15;061;2025;12;16;3;3;5;3;2;0;1;1;0;0;0;0;513670,873399999924004;5371607,792099999263883;9,185052743000028;48,497442154000055;1
08251127421200721360;08;4;25;072;2025;11;14;5;3;5;3;0;0;1;1;0;0;0;0;582974,415199999697506;5372758,106100000441074;10,123284033000061;48,502458725000054;1
08251202119300791170;08;1;19;079;2025;12;18;3;3;0;4;2;0;0;1;1;0;0;0;521906,623700000345707;5407395,075899999588728;9,298427205000053;48,819152479000081;1
08251204118400748190;08;1;18;048;2025;12;07;5;3;5;3;2;0;1;0;0;0;0;1;513230,947100000455976;5414554,770300000905991;9,180473278000022;48,883805057000075;1
08251125212402709970;08;2;12;000;2025;11;12;3;3;5;3;0;1;1;1;0;0;0;0;453810,690499999560416;5426762,707000000402331;8,368601544000057;48,992037702000061;1
08251201116010800710;08;1;16;077;2025;12;14;2;3;6;2;0;0;0;1;1;0;0;0;514036,062699999660254;5389348,462700000032783;9,190595024000061;48,657033256000034;1
08251130316200731940;08;3;16;056;2025;11;02;1;3;0;7;2;1;1;0;0;0;0;0;420404,650999999605119;5326001,448000000789762;7,931266145000052;48,082312980000040;1
08251201121300744110;08;1;21;000;2025;12;08;2;3;0;7;0;2;1;0;0;0;0;0;513395,236999999731779;5442037,452500000596046;9,183621013000050;49,131023615000061;1
08251117118400712290;08;1;18;048;2025;11;18;2;3;5;3;2;1;1;1;0;0;0;0;514515,494599999859929;5415609,921000000089407;9,198032188000070;48,893268163000073;1
08251120222600675550;08;2;22;000;2025;11;07;5;3;3;6;1;1;1;0;0;0;0;0;461926,821499999612570;5484984,347799999639392;8,474006699000029;49,516285993000054;1
08251124221011694270;08;2;21;000;2025;11;08;2;3;6;4;1;1;1;0;1;0;0;0;477159,089200000278652;5474079,616599999368191;8,685070306000057;49,418965994000075;1
08251126311010719990;08;3;36;081;2025;11;14;4;3;6;4;0;0;0;0;1;0;0;1;411596,224399999715388;5278077,362900000065565;7,822822753000025;47,650052019000043;1
08251216317000775110;08;3;17;005;2025;12;17;3;3;0;1;2;0;1;0;0;0;0;0;424557,827700000256300;5376989,642500000074506;7,977902014000051;48,541470933000028;1
08251120118300708820;08;1;18;046;2025;11;07;5;3;5;3;0;1;1;1;0;0;0;0;514593,813500000163913;5411891,825500000268221;9,198967978000042;48,859819244000050;1
08251209226000757290;08;2;22;000;2025;12;12;3;3;6;4;0;0;0;1;1;0;0;0;465466,761199999600649;5476334,812000000849366;8,523665397000059;49,438699240000062;1
08251115116200686910;08;1;16;080;2025;11;16;7;3;5;3;1;0;1;1;0;0;0;0;517880,700799999758601;5397531,206900000572205;9,243154966000077;48,730547144000070;1
08251202226500782470;08;2;26;085;2025;12;12;3;3;6;4;0;0;0;1;1;0;0;0;491430,872000000439584;5454955,004000000655651;8,882259370000043;49,247307139000043;1
08251118416100703530;08;4;16;036;2025;11;11;3;3;6;3;0;0;0;0;1;0;0;1;495227,534199999645352;5368900,147700000554323;8,935429351000039;48,473213672000043;1
08251204235200783380;08;2;35;046;2025;12;20;5;3;0;1;2;0;1;0;0;0;0;0;479689,799599999561906;5377488,779200000688434;8,724789897000051;48,550169482000058;1
08251119121200692980;08;1;21;000;2025;11;17;4;3;4;2;2;0;1;1;0;0;0;0;516397,727900000289083;5443377,560699999332428;9,224833173000036;49,143005544000061;1
08251122311400727920;08;3;15;007;2025;11;10;7;3;0;7;0;0;1;0;0;0;0;0;399639,712500000372529;5293342,234200000762939;7,660136630000068;47,785618416000034;1
08251202121200766990;08;1;21;000;2025;12;14;3;3;6;7;0;0;1;0;1;0;0;0;515987,842400000430644;5442933,188300000503659;9,219195549000062;49,139019074000032;1
08251209111240772250;08;1;11;000;2025;12;14;3;3;5;3;0;0;1;1;0;0;0;0;517196,930100000463426;5402766,041200000792742;9,234075298000050;48,777658577000068;1
08251115115300697110;08;1;15;041;2025;11;15;7;3;6;7;0;0;0;1;1;0;0;0;494948,622000000439584;5400862,336999999359250;8,931266483000059;48,760750090000045;1
08251116116400691010;08;1;16;033;2025;11;15;1;3;6;4;0;1;0;1;1;0;0;0;533291,899000000208616;5388247,244999999180436;9,451974519000032;48,646397458000081;1
08251219119200788350;08;1;19;020;2025;12;16;6;3;5;3;1;1;1;1;0;0;0;0;520866,540000000037253;5406847,040999999269843;9,284230778000051;48,814258278000068;1
08251122435100684130;08;4;35;035;2025;11;18;7;3;6;4;2;0;0;1;1;0;0;0;541388,500199999660254;5283588,522600000724196;9,551695160000065;47,704352918000041;1
08251208135200752990;08;1;35;019;2025;12;09;2;3;5;3;0;1;1;1;0;0;0;0;585176,838700000196695;5392004,304700000211596;10,157039368000028;48,675272553000070;1
08251202335000770130;08;3;35;043;2025;12;14;3;3;6;4;0;0;0;0;1;0;0;1;513274,893699999898672;5278370,076600000262260;9,176795075000030;47,658588953000049;1
08251127221011739810;08;2;21;000;2025;11;07;5;3;5;2;0;0;1;1;0;0;0;0;477510,105000000447035;5471270,210000000894070;8,690069133000065;49,393708886000070;1
08251118212010685950;08;2;12;000;2025;11;12;3;3;3;2;0;0;1;1;0;0;0;0;456700,320000000298023;5428010,816999999806285;8,407966866000038;49,003474024000070;1
08251201226200743970;08;2;26;032;2025;12;16;2;3;6;2;0;0;0;1;1;0;0;0;466941,407599999569356;5462960,009700000286102;8,545116968000059;49,318478368000058;1
08251122311010681230;08;3;11;000;2025;11;15;7;3;2;6;0;0;1;1;0;0;0;0;414025,276999999769032;5318136,090099999681115;7,847207152000067;48,010733317000074;1
08251202311010744850;08;3;36;050;2025;12;07;3;3;6;4;1;0;0;1;1;0;0;0;399133,246100000105798;5275865,470000000670552;7,657420815000023;47,628332871000055;1
08251130111230712000;08;1;11;000;2025;11;16;1;3;6;4;2;1;0;1;1;0;0;0;508665,870099999941885;5396192,860400000587106;9,117817195000043;48,718703626000035;1
08251203436200778050;08;4;36;064;2025;12;12;4;3;5;3;0;0;1;1;0;0;0;0;545501,122000000439584;5290961,333300000056624;9,607282906000023;47,770410158000061;1
08251218326400825380;08;3;26;074;2025;12;15;5;3;0;1;0;0;1;1;0;0;0;0;458411,033699999563396;5323465,124199999496341;8,441791493000039;48,063107662000050;1
08251209121400755230;08;1;25;058;2025;12;13;3;3;0;1;0;1;1;0;0;0;0;0;506573,168999999761581;5443456,298100000247359;9,090127884000026;49,143897536000054;1
08251212327100765120;08;3;27;050;2025;12;12;6;3;6;4;0;1;0;1;1;0;0;0;485833,289300000295043;5314402,380100000649691;8,810149444000047;47,982767824000064;1
08251217117100809980;08;1;17;019;2025;12;18;4;3;5;3;2;0;1;1;0;0;0;0;551987,251099999994040;5394085,836799999698997;9,706502149000073;48,697642722000069;1
08251205421200775880;08;4;21;000;2025;12;15;6;3;6;4;0;0;0;1;1;0;0;0;573001,199500000104308;5361549,980699999257922;9,986336991000030;48,402878357000077;1
08251126415100726260;08;4;15;078;2025;11;16;4;3;5;3;0;1;1;1;0;0;0;0;529691,766400000080466;5371267,389900000765920;9,401887743000032;48,493826927000043;1
08251211226700824880;08;2;26;098;2025;12;13;5;3;5;3;0;1;1;1;0;0;0;0;476832,900399999693036;5460204,596999999135733;8,681380126000022;49,294148985000049;1
08251115111230679300;08;1;11;000;2025;11;16;7;3;6;4;0;0;1;0;1;0;0;0;508442,950699999928474;5397333,139100000262260;9,114809837000053;48,728964668000060;1
08251210111140759270;08;1;11;000;2025;12;18;4;3;0;1;2;1;1;0;0;0;0;0;512297,313699999824166;5400988,945399999618530;9,167331601000058;48,761788079000041;1
08251128311010704010;08;3;11;000;2025;11;21;6;3;5;3;2;0;1;1;0;0;0;0;414244,959200000390410;5318459,051000000908971;7,850087552000048;48,013667983000062;1
08251208421300821320;08;4;21;000;2025;12;16;2;3;0;1;2;1;1;0;0;0;0;0;572034,678100000135601;5361970,141400000080466;9,973352178000027;48,406769004000068;1
08251127225200726840;08;2;25;075;2025;11;21;5;3;6;7;2;0;0;1;1;0;0;0;530723,797699999995530;5474770,014399999752641;9,423669404000066;49,424828845000036;1
08251208119200755500;08;1;19;093;2025;12;14;2;3;6;4;0;1;0;1;1;0;0;0;525179,470700000412762;5404328,142699999734759;9,342823308000050;48,791439044000072;1
08251218222500835050;08;2;22;000;2025;12;16;5;3;6;4;2;0;0;1;1;0;0;0;464509,589300000108778;5477223,822599999606609;8,510383524000076;49,446640399000046;1
08251218335000781740;08;3;35;063;2025;12;08;5;3;5;3;0;1;1;1;0;0;0;0;497429,624599999748170;5287330,264000000432134;8,965714838000054;47,739340774000027;1
08251117221300662810;08;2;21;000;2025;11;10;2;3;0;1;0;1;1;0;0;0;0;0;477572,004900000058115;5474361,187300000339746;8,690747571000031;49,421514038000055;1
08251209226600755820;08;2;26;096;2025;12;09;3;3;5;3;0;0;1;1;0;0;0;0;475742,396099999547005;5488542,881599999964237;8,664650010000059;49,549003952000078;1
08251201221300770840;08;2;21;000;2025;12;12;2;3;3;6;0;0;1;0;0;0;0;1;481485,775299999862909;5474197,323599999770522;8,744720318000077;49,420171832000051;1
08251119111230692090;08;1;11;000;2025;11;19;4;3;5;2;2;1;1;1;0;0;0;0;507940,016200000420213;5398276,823999999091029;9,107988972000044;48,737460687000066;1
08251128311010726870;08;3;36;050;2025;11;12;6;2;3;2;0;0;1;0;0;0;0;0;399720,540400000289083;5273471,450999999418855;7,665783816000044;47,606889048000028;1
08251212212702768480;08;2;15;017;2025;12;16;6;2;6;2;2;0;0;1;1;0;0;0;454789,031000000424683;5421551,737500000745058;8,382553493000046;48,945236701000056;1
08251208335100842110;08;3;35;043;2025;12;10;2;2;5;2;0;0;1;0;0;0;0;1;513494,159099999815226;5279873,023700000718236;9,179761660000054;47,672107438000069;1
08251203317000774510;08;3;17;065;2025;12;08;4;3;2;6;0;0;1;1;0;0;0;0;415064,853199999779463;5354846,788899999111891;7,853805948000058;48,341089456000077;1
08251124435200706650;08;4;35;036;2025;11;19;2;3;6;6;2;1;0;1;1;0;0;0;520602,926400000229478;5282721,547399999573827;9,274594242000035;47,697549819000074;1