UIDENTSTLAE;ULAND;UREGBEZ;UKREIS;UGEMEINDE;UJAHR;UMONAT;USTUNDE;UWOCHENTAG;UKATEGORIE;UART;UTYP1;ULICHTVERH;IstStrassenzustand;IstRad;IstPKW;IstFuss;IstKrad;IstGkfz;IstSonstige;LINREFX;LINREFY;XGCSWGS84;YGCSWGS84;PLST
08251115111230657920;08;1;11;000;2025;11;11;7;3;0;7;0;0;1;0;0;0;0;0;507868,390499999746680;5397567,359099999070168;9,107001277000052;48,731079237000074;1
08251213222400783240;08;2;26;038;2025;12;21;7;3;0;7;2;1;1;0;0;0;0;0;471638,299700000323355;5480990,701799999922514;8,608456747000048;49,480896791000077;1
08251116115300660410;08;1;15;028;2025;11;15;1;3;0;7;0;1;1;0;0;0;0;0;496856,628700000233948;5403901,870899999514222;8,957205266000074;48,788106198000037;1
08251124128100689170;08;1;28;007;2025;11;19;2;3;6;6;2;1;0;1;1;0;0;0;556076,538900000043213;5482716,125199999660254;9,774373410000067;49,494487600000070;1
08251219116200825810;08;1;16;077;2025;12;14;6;3;0;1;0;1;1;0;0;0;0;0;517824,902999999932945;5391905,585000000894070;9,242153273000042;48,679940658000078;1
08251119416010689230;08;4;16;036;2025;11;09;4;3;5;3;0;0;1;1;0;0;0;0;495298,847199999727309;5369533,383199999108911;8,936387081000021;48,478911070000038;1
08251218121400803080;08;1;25;058;2025;12;14;5;3;0;4;0;0;0;0;1;1;0;0;508937,488900000229478;5443370,868899999186397;9,122544249000043;49,143099214000074;1
08251120215000677610;08;2;12;000;2025;11;20;5;3;3;2;2;1;1;1;0;0;0;0;455436,073599999770522;5425773,531300000846386;8,390927322000039;48,983259389000068;1
08251231336200835820;08;3;36;069;2025;12;07;4;3;0;7;1;0;1;0;0;0;0;0;408077,992800000123680;5269648,098699999973178;7,777753420000067;47,573734304000027;1
08251230226200818700;08;2;26;068;2025;12;11;3;3;0;7;0;0;1;0;0;0;0;0;468924,821399999782443;5460153,220699999481440;8,572626146000061;49,293335810000031;1
08251230119200828650;08;1;19;020;2025;12;15;3;3;6;4;0;0;1;0;1;0;0;0;520159,736499999649823;5407288,086500000208616;9,274624938000045;48,818249172000037;1
08251229311010831720;08;3;36;050;2025;12;13;2;2;6;7;0;0;0;1;1;0;0;0;399450,318400000222027;5273723,453500000759959;7,662131711000029;47,609114031000047;1
08251229222400837620;08;2;26;028;2025;12;23;2;3;6;7;2;1;0;0;1;0;0;1;471462,993900000117719;5483978,750399999320507;8,605820869000070;49,507764965000035;1
08251229311010833320;08;3;36;050;2025;12;18;2;3;0;7;2;0;1;0;1;0;0;0;400108,186099999584258;5274573,302100000903010;7,670688808000023;47,616860476000056;1
08251229221011832750;08;2;21;000;2025;12;14;2;2;6;4;0;0;0;0;1;0;0;1;477613,721900000236928;5472741,170399999246001;8,691414150000071;49,406943786000056;1
08251227326400811190;08;3;26;074;2025;12;15;7;3;6;6;0;0;1;0;1;0;0;0;459757,049499999731779;5323080,264599999412894;8,459893138000041;48,059731544000044;1
08251228119400832030;08;1;19;090;2025;12;15;1;2;6;2;0;1;0;1;1;0;0;0;530080,166000000201166;5406402,948000000789762;9,409697559000051;48,809885608000059;1
08251225212700834720;08;2;15;047;2025;12;10;5;3;6;7;0;0;0;1;1;0;0;0;460610,239699999801815;5411865,907099999487400;8,462984141000049;48,858507180000061;1
08251224326400839470;08;3;26;074;2025;12;10;4;3;0;3;0;1;1;1;0;0;0;0;459051,845800000242889;5322629,276100000366569;8,450472117000061;48,055629266000039;1
08251224311010831220;08;3;36;091;2025;12;18;4;3;6;4;2;0;0;1;1;0;0;0;394305,844299999997020;5271908,728000000119209;7,594139881000046;47,591971774000058;1
08251224119200826070;08;1;19;020;2025;12;19;4;3;1;5;2;0;0;1;1;0;0;0;519682,443199999630451;5408214,722200000658631;9,268167579000021;48,826600303000077;1
08251224231302825430;08;2;36;030;2025;12;12;4;2;0;1;0;1;1;0;0;0;0;0;476652,199500000104308;5418522,146999999880791;8,681305341000041;48,919195585000068;1
08251223311010823810;08;3;11;000;2025;12;14;3;3;1;7;0;0;1;1;0;0;0;0;413533,202999999746680;5316753,784399999305606;7,840889217000040;47,998232620000067;1
08251223222800832120;08;2;22;000;2025;12;21;3;3;7;5;2;0;1;1;0;0;0;0;463772,611700000241399;5486274,695299999788404;8,499387362000050;49,528005082000050;1
08251223222300828820;08;2;22;000;2025;12;14;3;3;5;3;0;0;1;0;0;0;0;0;466083,850200000219047;5481985,872400000691414;8,531692724000038;49,489562952000028;1
08251222336091831480;08;3;36;091;2025;12;15;2;3;5;3;0;0;1;1;0;0;0;0;394970,031799999997020;5272078,925100000575185;7,602930909000065;47,593610644000080;1
08251231311010830330;08;3;11;000;2025;12;12;4;3;6;7;0;0;0;1;1;0;0;0;418298,127000000327826;5314745,002900000661612;7,905134191000059;47,980789223000045;1
08251223311100802630;08;3;15;133;2025;12;17;3;2;6;7;2;0;0;1;1;0;0;0;398013,072100000455976;5327224,255000000819564;7,630399651000062;48,090122410000049;1
08251222212402830490;08;2;12;000;2025;12;19;2;3;0;7;2;0;1;0;0;0;0;0;456544,620000000111759;5429070,268999999389052;8,405724706000058;49,012992979000046;1
08251222136000795220;08;1;36;042;2025;12;16;2;3;0;7;0;2;1;0;0;0;0;0;550478,525000000372529;5405142,760999999940395;9,687355465000053;48,797227698000029;1
08251229436200814850;08;4;36;064;2025;12;14;2;3;6;6;0;0;0;0;1;0;0;1;545729,220200000330806;5292196,723400000482798;9,610457139000061;47,781508852000059;1
08251229336200839030;08;3;36;069;2025;12;13;2;2;6;4;0;0;0;1;1;0;0;0;408110,151300000026822;5268259,388000000268221;7,778471450000040;47,561246267000058;1
08251222111210809950;08;1;11;000;2025;12;12;2;3;6;7;0;0;0;1;1;0;0;0;508337,489900000393391;5399151,895199999213219;9,113412551000067;48,745327638000049;1
08251226119300827330;08;1;19;001;2025;12;11;6;3;6;7;0;1;0;1;1;0;0;0;552927,095499999821186;5410412,397199999541044;9,721374387000026;48,844425413000067;1
08251221437200822580;08;4;37;104;2025;12;17;1;2;6;4;2;1;0;1;1;0;0;0;516222,553000000305474;5326051,885999999940395;9,217842412000039;48,087530371000071;1
08251221337200838110;08;3;37;106;2025;12;19;1;3;6;7;2;0;0;1;1;0;0;0;458397,738499999977648;5287950,829199999570847;8,445038885000031;47,743587727000033;1
08251229435100839700;08;4;35;057;2025;12;17;2;2;0;1;2;0;1;0;0;0;0;0;543264,304299999959767;5279313,465099999681115;9,576273926000056;47,665766322000081;1
08251223221300837660;08;2;21;000;2025;12;14;3;2;5;3;0;0;1;1;0;0;0;0;476912,024899999611080;5474007,032099999487400;8,681668070000057;49,418303782000066;1
08251227121300830240;08;1;21;000;2025;12;18;7;2;6;4;2;1;0;1;1;0;0;0;514260,855399999767542;5446233,690199999138713;9,195635349000042;49,168750675000069;1
08251224212702839570;08;2;15;108;2025;12;10;4;3;6;3;0;0;0;1;1;0;0;0;450442,212100000120699;5425666,149900000542402;8,322692087000064;48,981912997000052;1
08251229116010837190;08;1;16;049;2025;12;16;2;3;6;4;0;0;0;1;1;0;0;0;525687,425499999895692;5384150,920600000768900;9,348483801000043;48,609905615000059;1
08251221225100838520;08;2;25;118;2025;12;12;1;3;6;6;0;0;0;1;1;0;0;0;504299,127299999818206;5479537,747899999842048;9,059335888000021;49,468475078000040;1
08251229311010837680;08;3;15;064;2025;12;10;2;2;4;2;0;1;1;1;0;0;0;0;421787,991000000387430;5313439,144999999552965;7,952130413000020;47,969478306000042;1
08251222416200810980;08;4;16;041;2025;12;18;2;3;1;1;2;0;1;1;0;0;0;0;505451,514299999922514;5373091,175000000745058;9,073812757000042;48,510912334000068;1
08251221115300793380;08;1;15;041;2025;12;11;1;3;1;5;0;0;1;1;0;0;0;0;495335,162100000306964;5401336,943099999800324;8,936520705000021;48,765022655000053;1
08251231416010841450;08;4;16;041;2025;12;15;4;2;0;7;0;0;1;0;0;0;0;0;504603,079300000332296;5373975,514100000262260;9,062334830000054;48,518874971000059;1
08251222311010797260;08;3;11;000;2025;12;19;2;2;6;4;2;1;0;0;1;0;0;1;410846,724000000394881;5316486,452999999746680;7,804939772000068;47,995458920000033;1
08251224317200838930;08;3;17;057;2025;12;19;4;2;6;2;2;0;0;1;1;0;0;0;412356,519899999722838;5381061,841000000014901;7,811774309000043;48,576511788000062;1
08251222311000797520;08;3;16;020;2025;12;11;2;2;0;7;0;1;1;0;0;0;0;0;408341,139399999752641;5338150,145999999716878;7,766709921000029;48,189968745000044;1
08251220335100804040;08;3;35;043;2025;12;10;7;3;6;4;0;0;1;0;1;0;0;0;513488,286199999973178;5279274,169700000435114;9,179664932000037;47,666719274000059;1
08251220311400819840;08;3;15;074;2025;12;16;7;3;5;2;2;0;1;1;0;0;0;0;397568,441599999554455;5295904,564699999988079;7,631887098000050;47,808340349000048;1
08251230222500842340;08;2;22;000;2025;12;11;3;3;5;2;0;0;1;1;0;0;0;0;465999,029900000430644;5475194,102399999275804;8,531104807000077;49,428468977000080;1
08251231216300832330;08;2;16;015;2025;12;18;4;3;8;1;2;0;1;0;0;0;0;0;449508,009700000286102;5405072,567900000140071;8,312469824000061;48,796595198000034;1
08251220231000827260;08;2;31;000;2025;12;14;7;3;6;4;0;0;0;1;1;0;0;0;477938,922500000335276;5415592,156999999657273;8,699027022000053;48,892885645000035;1
08251230127100831240;08;1;27;023;2025;12;13;3;3;6;4;0;1;0;1;1;0;0;0;551302,217000000178814;5426344,073200000450015;9,701232803000039;48,987868472000059;1
08251228311010811880;08;3;11;000;2025;12;15;1;3;0;3;0;0;1;0;0;0;0;1;413919,142300000414252;5318249,972599999979138;7,845761480000021;48,011743441000078;1
08251224127010817650;08;1;36;088;2025;12;09;4;3;5;3;0;1;1;1;0;0;0;0;580165,724999999627471;5410634,232000000774860;10,092610453000077;48,843500365000068;1
08251220226300837070;08;2;26;056;2025;12;11;7;3;6;7;0;0;0;1;1;0;0;0;486035,475700000301003;5471493,660399999469519;8,807547604000035;49,395974049000074;1
08251222311010795890;08;3;11;000;2025;12;09;2;3;5;3;0;0;1;1;0;0;0;0;409886,588600000366569;5314848,393300000578165;7,792416348000074;47,980589637000037;1
08251220226200790580;08;2;26;032;2025;12;22;7;3;5;2;2;0;1;1;0;0;0;0;466494,021599999628961;5463874,427400000393391;8,538884393000046;49,326678998000034;1
08251231118100820430;08;1;18;079;2025;12;13;4;3;0;1;0;0;1;0;0;0;0;0;508595,734199999831617;5423532,643999999389052;9,117437260000031;48,964649079000026;1
08251220126200815230;08;1;26;069;2025;12;03;7;2;6;6;2;1;0;1;1;0;0;0;536306,548499999567866;5448055,957499999552965;9,498221935000061;49,184233647000042;1
08251220416200819510;08;4;16;041;2025;12;14;7;3;5;3;0;0;1;1;0;0;0;0;503494,660500000230968;5374173,649800000712276;9,047326306000059;48,520664621000037;1
08251231226700822350;08;2;26;098;2025;12;11;4;3;4;3;0;0;1;1;0;0;0;0;478162,232800000347197;5459291,959400000050664;8,699712186000056;49,285988736000036;1
08251231111500836930;08;1;11;000;2025;12;15;4;2;6;4;0;0;0;1;1;0;0;0;508285,996299999766052;5397996,546700000762939;9,112688864000063;48,734934803000044;1
08251222119300808330;08;1;19;067;2025;12;11;2;3;2;6;0;0;1;1;0;0;0;0;538297,470999999903142;5406003,996999999508262;9,521577261000061;48,805844726000032;1
08251220437100790120;08;4;37;076;2025;12;11;7;3;5;3;0;0;1;1;0;0;0;0;524325,311999999918044;5322008,165200000628829;9,326417572000025;48,050891516000036;1
08251224311010801950;08;3;36;091;2025;12;12;4;3;6;4;0;0;0;0;1;0;0;1;395946,379200000315905;5271939,131699999794364;7,615947152000047;47,592510592000053;1
08251228416200811820;08;4;16;015;2025;12;13;1;3;0;1;0;2;1;0;0;0;0;0;507685,644000000320375;5366940,639000000432134;9,103949395000029;48,455556204000061;1
08251220115100791230;08;1;15;003;2025;12;15;7;3;5;3;0;0;1;1;0;0;0;0;500917,172000000253320;5392275,896999999880791;9,012460762000046;48,683525849000034;1
08251227311010831230;08;3;15;073;2025;12;17;7;3;1;3;2;0;1;1;0;0;0;0;412570,472000000067055;5313912,104000000283122;7,828564938000056;47,972539841000071;1
08251219436100814210;08;4;36;055;2025;12;09;6;3;0;1;0;2;1;0;0;0;0;0;577264,183100000023842;5297936,426999999210238;10,032396254000048;47,830132878000029;1
08251219435200788380;08;4;35;059;2025;12;17;6;3;6;6;2;0;0;0;1;0;0;1;512114,178000000305474;5290351,483999999240041;9,161669810000035;47,766415693000056;1
08251221226000797750;08;2;21;000;2025;12;09;1;3;5;3;0;0;1;1;0;0;0;0;474778,356300000101328;5473134,043600000441074;8,652305533000060;49,410366697000029;1
08251219416010831210;08;4;16;041;2025;12;19;6;1;0;1;2;0;1;0;0;0;0;0;503328,316100000403821;5376215,460899999365211;9,045089899000061;48,539034376000075;1
08251219337200787730;08;3;37;126;2025;12;10;6;3;5;3;0;0;1;1;0;0;0;0;443452,471599999815226;5276859,190300000831485;8,247126945000048;47,642660319000072;1
08251227121600812550;08;1;25;059;2025;12;15;7;3;6;4;0;0;0;1;1;0;0;0;526442,768099999986589;5440340,948200000450015;9,362361664000048;49,115340182000068;1
08251219311400795030;08;3;15;074;2025;12;15;6;3;6;7;0;0;0;1;1;0;0;0;397175,501500000245869;5295936,282199999317527;7,626632881000035;47,808562984000048;1
08251231317000841880;08;3;17;057;2025;12;10;4;3;0;2;0;0;1;1;0;0;0;0;412898,789599999785423;5380443,029600000008941;7,819254118000060;48,571021590000043;1
08251223222500832290;08;2;22;000;2025;12;10;3;3;5;3;0;0;1;1;0;0;0;0;462210,616100000217557;5478755,704399999231100;8,478522670000075;49,460280349000072;1
08251219311010788520;08;3;15;073;2025;12;17;6;3;6;7;2;0;0;1;1;0;0;0;412278,767500000074506;5313830,897700000554323;7,824673929000028;47,971769440000060;1
08251219231000831340;08;2;31;000;2025;12;17;6;3;6;2;2;0;0;1;1;0;0;0;476469,001299999654293;5415305,548699999228120;8,678990132000024;48,890253337000047;1
08251221325069829080;08;3;25;049;2025;12;03;1;3;6;7;2;0;0;1;1;0;0;0;471693,924700000323355;5336209,041799999773502;8,619223500000032;48,178489914000068;1
08250101231402602790;08;2;31;000;2025;01;15;4;3;8;1;0;0;1;0;0;0;0;0;477773,613897762959823;5413694,573640379123390;8,696874981000065;48,875809699000058;2
08250106116500649830;08;1;16;049;2025;01;12;2;2;0;1;0;1;1;0;0;0;0;0;524504,254405942978337;5387291,307283416390419;9,332618403000026;48,638204156000029;2
08250106119400602800;08;1;19;079;2025;01;15;2;3;0;7;0;1;1;0;0;0;0;0;524343,340326911886223;5407039,038072150200605;9,331600169000069;48,815858942000034;2
08250107116200601860;08;1;16;047;2025;01;07;3;2;0;1;1;2;1;0;0;0;0;0;520656,687392762629315;5390942,513305524364114;9,280574814000033;48,671189564000031;2
08250107127100605380;08;1;27;076;2025;01;15;3;3;0;7;0;0;1;0;0;0;0;0;561202,076569661730900;5439219,323009375482798;9,838481711000043;49,102774244000045;2
08250109135100634350;08;1;35;020;2025;01;09;5;2;0;1;0;2;1;0;0;0;0;0;587673,266808488871902;5386670,285411718301475;10,189813783000034;48,626951658000053;2
08250109212402625760;08;2;12;000;2025;01;17;5;3;6;6;2;1;1;0;1;0;0;0;457557,491526896308642;5425818,999476965516806;8,419915231000061;48,983817803000079;2
08250109212702608090;08;2;15;108;2025;01;19;5;2;7;7;2;0;1;0;0;0;0;0;450725,062815380515531;5425921,910771619528532;8,326526537000063;48,984236200000055;2
08250109415300619250;08;4;15;019;2025;01;09;5;3;0;1;0;0;1;0;0;0;0;0;517435,419999346893746;5369738,374095622450113;9,235932263000052;48,480531031000055;2
08250109416100623930;08;4;16;048;2025;01;14;5;3;0;1;0;1;1;0;0;0;0;0;497551,800025746109895;5375310,903709782287478;8,966838664000022;48,530900719000044;2
08250110111230614460;08;1;11;000;2025;01;13;6;2;7;7;0;0;1;0;1;0;0;0;508346,726226643193513;5396555,677529874257743;9,113485612000034;48,721971897000060;2
08250110116100600160;08;1;16;056;2025;01;13;6;2;0;1;0;1;1;0;0;0;0;0;530563,920373665518127;5395095,489469138905406;9,415446511000027;48,708142851000048;2
08250110311010612730;08;3;15;047;2025;01;14;6;3;3;6;0;0;1;0;0;0;0;0;415956,103008478123229;5321330,635380143299699;7,872464768000043;48,039726401000053;2
08250110421300607700;08;4;21;000;2025;01;05;6;3;7;7;2;0;1;0;0;0;0;0;571654,640943747363053;5356203,841615792363882;9,967234518000055;48,354942710000046;2
08250110435200599280;08;4;35;059;2025;01;09;6;3;0;1;0;2;1;0;0;0;0;0;514077,188009079196490;5290064,852113585919142;9,187857747000066;47,763796831000036;2
08250111116010607070;08;1;16;027;2025;01;16;7;1;0;1;1;0;1;0;0;0;0;0;535446,120575473643839;5393768,525756789371371;9,481692640000063;48,695947408000052;2
08250111311010627130;08;3;11;000;2025;01;18;7;3;8;1;2;0;1;0;0;0;0;0;411245,991450111556333;5318823,804846109822392;7,809806905000073;48,016539498000043;2
08250111335010627800;08;3;35;098;2025;01;15;7;3;0;1;0;2;1;0;0;0;0;0;499390,472063005552627;5293887,813486143015325;8,991860561000067;47,798347494000041;2
08250112231202684510;08;2;36;072;2025;01;12;1;3;2;6;0;0;1;1;0;0;0;0;466724,015388738655020;5411203,668488682247698;8,546386458000029;48,852908048000074;2
08250113221200669550;08;2;21;000;2025;01;17;2;3;5;3;2;0;1;1;0;0;0;0;477655,980716451187618;5473208,097062856890261;8,691970385000047;49,411145273000045;2
08250114215402635630;08;2;15;009;2025;01;10;3;3;6;4;0;0;1;0;1;0;0;0;470775,896432607201859;5441824,334686931222677;8,599417442000060;49,128557630000046;2
08250114415400633500;08;4;15;080;2025;01;09;3;3;0;1;0;2;1;0;0;0;0;0;512241,973686933284625;5373544,748662753961980;9,165767668000058;48,514897170000040;2
08250115121400611290;08;1;25;066;2025;01;04;4;3;0;1;2;2;1;0;0;0;0;0;513383,920092208543792;5433739,787950169295073;9,183191027000021;49,056382855000038;2
08250115211000635950;08;3;17;001;2025;01;09;4;2;0;1;0;2;1;0;0;0;0;0;431177,193232684512623;5387099,986424272879958;8,065894129000071;48,633175347000076;2
08250115212010630740;08;2;12;000;2025;01;16;4;3;0;6;1;1;1;0;0;0;0;1;454341,792617557221092;5429113,821528687141836;8,375596806000033;49,013225661000035;2
08250116335200614620;08;3;35;063;2025;01;20;5;3;6;6;2;2;1;0;1;0;0;0;496204,662420097854920;5288372,522936034016311;8,949366491000035;47,748712545000046;2
08250116416200639650;08;4;16;041;2025;01;07;5;2;0;7;0;1;1;0;0;0;0;0;504026,630904496531002;5374458,912788372486830;9,054533246000062;48,523227764000069;2
08250119118300664000;08;1;18;081;2025;01;16;1;3;0;1;0;1;1;0;0;0;0;0;521495,102629837754648;5413220,857121242210269;9,293126965000056;48,871574075000069;2
08250119119500625870;08;1;19;042;2025;01;15;1;3;0;7;0;0;1;0;0;0;0;0;526567,640358889359049;5416036,508517520502210;9,362482449000026;48,896706008000081;2
08250119212402640160;08;2;12;000;2025;01;11;1;2;0;7;0;0;1;0;0;0;0;0;458301,279825067438651;5427326,026840521022677;8,429925815000047;48,997424457000079;2
08250119225100653220;08;2;25;024;2025;01;15;1;3;6;6;0;0;1;0;1;0;0;0;511545,767671832174528;5475029,756634791381657;9,159221242000058;49,427831690000062;2
08250119317500622800;08;3;17;047;2025;01;13;1;2;0;1;0;0;1;0;0;0;0;0;421486,377326340239961;5360367,163719547912478;7,939417321000064;48,391576385000064;2
08250122221400649630;08;2;21;000;2025;01;17;4;3;0;7;2;0;1;0;0;0;0;0;477494,762000000104308;5471500,517999999225140;8,689844652000033;49,395779909000055;2
08250124235200663550;08;2;35;046;2025;01;16;6;3;0;7;0;0;1;0;1;0;0;0;479470,536280247615650;5377670,846284652128816;8,721809862000043;48,551800256000035;2
08250125121500642600;08;1;25;039;2025;01;12;7;3;6;6;0;0;1;0;1;0;0;0;511923,791110622114502;5457827,473196111619473;9,163919402000033;49,273089325000058;2
08250125212010656710;08;2;12;000;2025;01;12;7;2;6;6;0;0;1;0;1;0;0;0;455242,826068117981777;5426600,720688272267580;8,388195201000030;48,990686087000029;2
08250125317100680190;08;3;17;001;2025;01;15;7;3;0;1;0;0;1;0;0;0;0;0;428339,533533031528350;5388403,892452488653362;8,027159801000039;48,644585061000043;2
08250126117300645240;08;1;17;026;2025;01;14;1;3;9;1;0;0;1;0;0;0;0;0;549350,609624034725130;5395763,217218586243689;9,670873587000074;48,712945677000050;2
08250127215102670910;08;2;15;102;2025;01;08;2;3;6;7;0;1;1;0;1;0;0;0;456050,880738462088630;5436032,671538359485567;8,398217712000076;49,075585173000036;2
08250127436200664480;08;4;36;064;2025;01;16;2;2;5;3;2;1;1;1;0;0;0;0;545106,743991780444048;5292306,340955952182412;9,602159329000074;47,782538976000069;2
08250128111500661800;08;1;11;000;2025;01;18;3;3;6;6;2;1;1;0;1;0;0;0;509739,883118702680804;5395781,786515819840133;9,132409239000026;48,714989735000074;2
08250128311400663470;08;3;15;074;2025;01;15;3;3;5;2;0;0;1;1;0;0;0;0;397419,318420469178818;5295531,217887427657843;7,629984273000048;47,804958374000080;2
08250130119200668010;08;1;19;020;2025;01;12;5;3;5;3;0;0;1;1;0;0;0;0;520380,202426428790204;5407092,138826848939061;9,277618452000070;48,816479272000038;2
08250130222400659010;08;2;26;038;2025;01;15;5;3;0;1;0;0;1;0;0;0;0;0;471362,244810077303555;5479814,490143161267042;8,604730957000072;49,470304207000027;2
08250201215502683580;08;2;15;106;2025;02;13;7;3;6;6;0;0;1;0;1;0;0;0;464759,000320131308399;5454863,690039757639170;8,515801901000032;49,245531071000073;2
08250201335100682660;08;3;35;043;2025;02;00;7;3;8;1;2;0;1;0;0;0;0;0;513150,627573189092800;5279602,979113784618676;9,175177217000055;47,669684746000030;2
08250202231202698930;08;2;36;043;2025;02;13;1;2;0;7;0;1;1;0;0;0;0;0;468677,919064781512134;5410945,014416867867112;8,573040786000035;48,850683011000058;2
08250202311300688600;08;3;11;000;2025;02;17;1;3;3;6;1;0;1;0;0;0;0;0;410109,776417656335980;5315465,765528319403529;7,795277308000038;47,986174438000035;2
08250202337100683450;08;3;37;116;2025;02;21;1;3;0;1;2;1;1;0;0;0;0;0;417566,915625541005284;5276962,836512645706534;7,902522441000031;47,640813781000077;2
08250204111500685940;08;1;11;000;2025;02;18;3;3;5;2;2;0;1;0;0;0;0;1;514185,354407213919330;5406043,081146129406989;9,193196784000065;48,807214431000034;2
08250204116000687160;08;4;16;009;2025;02;12;3;2;5;3;0;0;1;1;0;0;0;0;507110,592706930357963;5383375,781975580379367;9,096452146000047;48,603419134000035;2
08250204119300693280;08;1;19;076;2025;02;14;3;2;0;7;0;0;1;0;0;0;0;0;541321,115355306537822;5407972,342965433374047;9,562952808000034;48,823357253000040;2
08250204127202685010;08;1;27;014;2025;02;05;3;3;3;6;2;0;1;0;0;0;0;1;575420,679939107154496;5442541,173798736184835;10,033870384000068;49,131071792000057;2
08250204317000684740;08;3;17;034;2025;02;07;3;3;1;5;1;0;1;1;0;0;0;0;427079,069293700042181;5359838,727453907020390;8,015044562000071;48,387494525000079;2
08250205111250685770;08;1;11;000;2025;02;06;4;2;8;7;2;1;1;0;0;0;0;0;519326,717552673071623;5402212,975910456851125;9,263038516000051;48,772620752000080;2
08250205116200704870;08;1;16;077;2025;02;07;4;2;4;6;1;0;1;0;0;0;0;0;515297,169411977753043;5390526,299841126427054;9,207762964000040;48,667599575000054;2
08250205316100701940;08;3;16;020;2025;02;05;4;3;7;7;2;2;1;0;0;0;0;0;408163,957121577404905;5338627,089193877764046;7,764223307000066;48,194233150000059;2
08250206111210693970;08;1;11;000;2025;02;08;5;2;0;7;0;2;1;0;0;0;0;0;506035,645983478229027;5396301,240011373534799;9,082059507000054;48,719709629000079;2
08250206127100710020;08;1;27;063;2025;02;14;5;3;9;1;0;0;1;0;0;0;0;0;564314,413582741282880;5433220,629793507978320;9,880162396000060;49,048501834000035;2
08250207311010692380;08;3;36;050;2025;02;15;6;3;2;6;0;0;1;0;0;1;0;0;400523,387726867687888;5275805,963880876079202;7,675932578000072;47,628012618000071;2
08250207415400721700;08;4;15;060;2025;02;17;6;3;5;3;0;0;1;1;0;0;0;0;512885,271999999880791;5379212,205000000074506;9,174653796000030;48,565870411000049;2
08250209118600713440;08;1;18;073;2025;02;11;1;2;0;7;0;0;1;0;0;0;0;1;496292,449523739633150;5420194,757751115597785;8,949376777000055;48,934671137000066;2
08250211231000708440;08;2;31;000;2025;02;13;3;3;0;1;0;1;1;0;0;0;0;0;479558,864683283143677;5415167,915987652726471;8,721148370000037;48,889124869000057;2
08250212115300726280;08;1;15;028;2025;02;17;4;3;7;7;1;1;1;0;0;0;0;1;496935,137171978247352;5403684,765091570094228;8,958275722000053;48,786153518000049;2
08250212121200722620;08;1;21;000;2025;02;08;4;3;5;3;0;1;1;1;0;0;0;0;515893,026756344072055;5442040,881462527438998;9,217860445000042;49,130994931000032;2
08250212311010696560;08;3;36;050;2025;02;09;4;3;0;1;0;1;1;0;0;0;0;0;399792,838153772871010;5276147,918263943865895;7,666133147000039;47,630975983000042;2
08250212421300753710;08;4;21;000;2025;02;14;4;3;0;7;0;0;1;0;0;0;0;0;572796,151967081008479;5355827,521578529849648;9,982575844000053;48,351427017000049;2
08250213121300704620;08;1;21;000;2025;02;15;5;2;0;1;0;1;1;0;0;0;0;0;509398,145904153352603;5446477,316914160735905;9,128932931000065;49,171035918000030;2
08250213316200725420;08;3;16;056;2025;02;14;5;3;4;6;0;0;1;0;0;0;0;0;419074,024126914329827;5326509,822322609834373;7,913306671000043;48,086718484000073;2
08250214311010702670;08;3;11;000;2025;02;20;6;3;0;7;2;0;1;0;0;0;0;0;412035,183489466435276;5316716,990857568569481;7,820819771000060;47,997697289000030;2
08250218136100715740;08;1;36;050;2025;02;16;3;3;0;7;0;2;1;0;0;0;0;0;583592,589156264439225;5404221,208931557834148;10,138000692000048;48,785368761000029;2
08250218335100739620;08;3;35;043;2025;02;12;3;3;0;4;0;0;1;0;1;0;0;0;513329,027588009194005;5279144,083355028182268;9,177539638000042;47,665552102000049;2
08250218416100760820;08;4;16;049;2025;02;14;3;3;3;6;0;0;1;1;0;0;0;0;487264,461213826667517;5370810,859627500176430;8,827632448000031;48,490292312000065;2
08250219111330718050;08;1;11;000;2025;02;17;4;2;5;3;0;0;1;1;0;0;0;0;514646,497479883837514;5410048,517531253397465;9,199620321000054;48,843235982000067;2
08250219127202716550;08;1;27;014;2025;02;19;4;3;0;7;2;0;1;0;0;0;0;0;577885,444835569709539;5442911,459366966970265;10,067722974000048;49,134094620000042;2
08250219237200760920;08;2;37;061;2025;02;14;4;3;3;7;0;0;1;1;0;0;0;0;466513,009237468300853;5367498,855418452061713;8,547046138000042;48,459733792000065;2
08250221135200746580;08;1;35;019;2025;02;14;6;3;0;1;0;0;1;0;0;0;0;0;585010,817823700373992;5393020,090501170605421;10,154993511000043;48,684431451000080;2
08250222116200739890;08;1;16;077;2025;02;13;7;3;0;1;0;1;1;0;0;0;0;0;516513,908765599713661;5391224,892506517469883;9,224316232000035;48,673853170000029;2
08250222335100746980;08;3;35;043;2025;02;18;7;3;6;6;1;0;1;0;1;0;0;0;513233,533822795143351;5278576,686266956850886;9,176250503000063;47,660448808000069;2
08250223118500748190;08;1;18;054;2025;02;22;1;3;6;6;2;0;1;0;1;0;0;0;519000,883305951661896;5424187,081740966998041;9,259624691000056;48,970303821000073;2