UIDENTSTLAE;ULAND;UREGBEZ;UKREIS;UGEMEINDE;UJAHR;UMONAT;USTUNDE;UWOCHENTAG;UKATEGORIE;UART;UTYP1;ULICHTVERH;IstStrassenzustand;IstRad;IstPKW;IstFuss;IstKrad;IstGkfz;IstSonstige;LINREFX;LINREFY;XGCSWGS84;YGCSWGS84;PLST
08250415317000895230;08;3;17;151;2025;04;12;3;3;5;5;0;1;1;1;0;0;0;0;412302,282170815742575;5369734,232593843713403;7,813421927000036;48,474618870000029;2
08250415335300933890;08;3;35;075;2025;04;18;3;3;0;1;0;0;1;0;0;0;0;0;489247,568959061871283;5288073,678222201764584;8,856559665000077;47,745945197000026;2
08250415337200897850;08;3;37;066;2025;04;18;3;2;4;6;0;0;1;0;0;0;0;0;429851,418494977580849;5268422,168361501768231;8,067415254000025;47,565424540000038;2
08250415416200926230;08;4;16;041;2025;04;12;3;3;6;7;0;0;1;0;1;0;0;0;505140,229221679153852;5370443,688384324312210;9,069565406000038;48,487097122000080;2
08250415435100897930;08;4;35;029;2025;04;18;3;3;0;1;0;0;1;0;0;0;0;0;545507,218745843740180;5270420,301605513319373;9,605223164000051;47,585598163000043;2
08250416116000901810;08;4;17;054;2025;04;13;4;3;2;6;0;0;1;1;0;0;0;0;479118,739489205589052;5345643,630557352676988;8,718636706000041;48,263657816000034;2
08250416136000898200;08;1;36;079;2025;04;08;4;3;3;6;0;1;1;0;0;0;0;0;559766,333700908115134;5403146,572952180169523;9,813522991000070;48,778448410000067;2
08250416311010901640;08;3;11;000;2025;04;15;4;3;3;6;0;1;1;0;0;0;0;1;417332,607121653039940;5315587,007631791755557;7,892035897000028;47,988239454000052;2
08250416335100917470;08;3;35;043;2025;04;16;4;3;5;3;0;0;1;1;0;0;0;0;511875,115000000223517;5281697,129000000655651;9,158243372000072;47,688551874000041;2
08250417116400917020;08;1;16;033;2025;04;11;5;2;0;1;0;0;1;0;0;0;0;0;532614,047865730011836;5388006,260145893320441;9,442753250000067;48,644265323000070;2
08250417222400938620;08;2;26;105;2025;04;21;5;3;0;7;1;0;1;0;0;0;0;0;470355,796248191560153;5479234,411405721679330;8,590883393000070;49,465038297000035;2
08250419121500960580;08;1;25;039;2025;04;14;7;3;2;6;0;0;1;0;0;0;0;0;515643,026649591280147;5455690,232365404255688;9,214964823000059;49,253780697000082;2
08250419121600909930;08;1;25;102;2025;04;15;7;2;0;1;0;0;1;0;0;0;0;0;521439,738749091979116;5441930,509869049303234;9,293887583000071;49,129833605000044;2
08250419235100909620;08;2;35;067;2025;04;14;7;3;0;7;0;0;1;0;0;0;0;0;487447,141938618384302;5399373,532137945294380;8,829240436000021;48,747250782000037;2
08250419335100937830;08;3;35;066;2025;04;15;7;3;4;6;0;0;1;0;0;0;0;0;508365,348898848169483;5282659,947272130288184;9,111492107000061;47,697269946000063;2
08250420435200912660;08;4;35;034;2025;04;12;1;3;0;1;0;0;1;0;0;0;0;0;525599,229484094190411;5282507,179323000833392;9,341170909000027;47,695442373000049;2
08250421222200955120;08;2;22;000;2025;04;15;2;3;5;3;0;0;1;0;0;0;0;0;460916,087709142884705;5481356,808371129445732;8,460402615000021;49,483594006000033;2
08250421416010931770;08;4;16;041;2025;04;21;2;2;8;7;1;0;1;0;0;0;0;0;501950,872881054994650;5375600,455131986178458;9,026426302000061;48,533507368000073;2
08250422116500941410;08;1;16;081;2025;04;19;3;3;0;1;0;0;1;0;0;0;0;0;516539,784407558268867;5385548,387506913393736;9,224440975000050;48,622786084000040;2
08250422121300918520;08;1;21;000;2025;04;18;3;3;6;7;0;0;1;0;1;0;0;0;513220,629243156290613;5442274,261658335104585;9,181235279000020;49,133157582000081;2
08250422336300944220;08;3;36;081;2025;04;19;3;3;0;1;0;0;1;0;0;0;0;0;414418,461361201014370;5280868,960502272471786;7,859848870000064;47,675544453000043;2
08250423311010936470;08;3;11;000;2025;04;14;4;2;3;2;0;0;1;0;0;0;0;0;411055,819045967073180;5315687,369683881290257;7,807907552000074;47,988300088000074;2
08250423435100934310;08;4;35;030;2025;04;15;4;2;2;6;0;0;1;0;0;0;0;0;542152,661338475998491;5272690,654555669054389;9,560829760000047;47,606252132000066;2
08250424135200957920;08;1;35;019;2025;04;05;5;3;1;5;1;0;1;0;0;0;1;0;585652,275770150357857;5389847,284102129749954;10,163049738000041;48,655806656000038;2
08250424311010963110;08;3;11;000;2025;04;22;5;3;0;7;2;1;1;0;0;0;0;0;412535,939840142847970;5314836,243043280206621;7,827914200000066;47,980848066000078;2
08250424311400945660;08;3;15;074;2025;04;17;5;3;5;3;0;0;1;1;0;0;0;0;397354,337938930839300;5295442,389517724514008;7,629137710000066;47,804149011000050;2
08250425121300952940;08;1;21;000;2025;04;14;6;3;0;1;0;1;1;0;0;0;0;0;514338,831612026318908;5442230,029757269658148;9,196562516000029;49,132734622000044;2
08250425317500927730;08;3;17;122;2025;04;17;6;3;0;1;0;0;1;0;0;0;0;0;416697,037920260510873;5369305,362415513955057;7,872957525000061;48,471358923000025;2
08250425435100951770;08;4;35;035;2025;04;20;6;3;1;5;2;0;1;1;0;0;0;0;544785,511911597801372;5285755,193882720544934;9,597196466000071;47,723620157000028;2
08250425436200925350;08;4;36;064;2025;04;07;6;3;0;7;0;1;1;0;0;0;0;0;547059,184194089146331;5293032,644863546825945;9,628300887000023;47,788933831000065;2
08250426436400943480;08;4;36;009;2025;04;17;7;2;0;7;0;0;1;0;0;0;0;0;554839,145947108394466;5312002,519672130234540;9,734573476000037;47,958983589000070;2
08250427118400953810;08;1;18;048;2025;04;12;1;3;0;7;0;0;1;0;0;0;0;0;515537,524586350016762;5418004,102682915516198;9,212066564000054;48,914780730000075;2
08250427118400954030;08;1;18;048;2025;04;14;1;3;7;7;0;0;1;0;0;0;0;0;517485,649587161606178;5417247,686167290434241;9,238623247000021;48,907924296000033;2
08250427118400965280;08;1;18;048;2025;04;16;1;3;7;7;0;0;1;0;0;0;0;0;517187,626351023151074;5417081,781960480846465;9,234549233000052;48,906440217000068;2
08250427126100951510;08;1;26;046;2025;04;10;1;3;3;6;0;0;1;0;0;1;0;0;550326,044630313408561;5458886,366978421807289;9,691953215000069;49,280658697000035;2
08250427127202931820;08;1;27;014;2025;04;19;1;3;8;7;0;0;1;0;0;0;0;0;579275,018015527864918;5440754,375542525202036;10,086345002000030;49,114516516000037;2
08250427215202933840;08;2;15;097;2025;04;17;1;3;6;7;0;0;1;0;0;0;0;1;475083,058131980593316;5444236,755508647300303;8,658306511000035;49,150447670000062;2
08250427226700944630;08;2;26;098;2025;04;16;1;3;6;6;0;0;1;0;1;0;0;0;477833,735297201666981;5458671,484604466706514;8,695229532000042;49,280395710000050;2
08250427231000953920;08;2;31;000;2025;04;16;1;3;0;1;0;0;1;0;0;0;0;0;482391,429787633533124;5412257,121138549409807;8,759914299000059;48,863027102000046;2
08250427311010943710;08;3;15;064;2025;04;15;1;3;0;1;0;0;1;0;0;0;0;0;420280,204772347235121;5311078,068284015171230;7,932370708000064;47,948052743000062;2
08250427311010954080;08;3;11;000;2025;04;17;1;3;2;6;0;0;1;0;0;0;0;0;415973,187872049573343;5315871,631568817421794;7,873763949000022;47,990622611000049;2
08250428126100946150;08;1;26;046;2025;04;22;2;3;0;7;2;0;1;0;0;0;0;0;551283,027896263753064;5456711,223916623741388;9,704831340000055;49,261014809000073;2
08250428235200932940;08;2;35;046;2025;04;16;2;3;0;7;0;0;1;0;0;0;0;0;480039,484821908641607;5371317,419413143768907;8,729823628000076;48,494661518000044;2
08250428416200933250;08;4;16;022;2025;04;19;2;3;3;6;0;0;1;0;0;0;0;0;509231,702560440695379;5375657,684610877186060;9,125052712000070;48,533957342000065;2
08250429111250957380;08;1;11;000;2025;04;18;3;3;4;6;0;0;1;0;0;1;0;0;519539,168488619732670;5403377,172509102150798;9,265985288000024;48,783087075000026;2
08250429317500940250;08;3;17;122;2025;04;17;3;3;4;6;0;0;1;0;0;0;0;0;418429,054352110484615;5367429,391836443915963;7,896751959000028;48,454712024000060;2
08250429416200950250;08;4;16;022;2025;04;15;3;3;3;6;0;0;1;0;0;0;0;0;509196,283403728913981;5375665,302494035102427;9,124573093000038;48,534026395000069;2
08250430115400953030;08;1;15;029;2025;04;14;4;3;4;6;0;0;1;1;0;0;0;0;498544,035652355640195;5398387,472400140017271;8,980197605000058;48,738504980000073;2
08250430121300941070;08;1;25;094;2025;04;15;4;3;7;1;0;0;1;0;0;0;0;0;514176,233557668630965;5436924,777164027094841;9,194147278000059;49,085015556000030;2
08250430212010981800;08;2;12;000;2025;04;11;4;2;6;7;0;0;1;0;1;0;0;0;454609,616177727119066;5427541,400104032829404;8,379435016000059;48,999101368000026;2
08250430311010959760;08;3;11;000;2025;04;15;4;3;5;3;0;0;1;0;0;1;0;0;410760,435852320399135;5317623,871075274422765;7,803546794000056;48,005678212000078;2
08250430317000962880;08;3;17;026;2025;04;18;4;3;6;6;0;0;1;0;1;0;0;0;417965,764347396674566;5342780,178709572181106;7,895289389000027;48,232932986000037;2
08250430336300942600;08;3;36;057;2025;04;13;4;3;0;1;0;0;1;0;0;0;0;0;409232,440663112385664;5278163,855652684345841;7,791335985000046;47,650502846000052;2
08250430415400962500;08;4;15;061;2025;04;16;4;3;0;1;0;0;1;0;0;0;0;0;512123,265307671681512;5370838,531646277755499;9,164081653000039;48,490553371000033;2
08250430416010072340;08;4;17;031;2025;04;22;4;2;2;1;2;0;1;0;0;0;0;0;497266,465292059700005;5355222,268941931426525;8,963104862000023;48,350172286000031;2
08250430435200949130;08;4;35;034;2025;04;07;4;3;0;1;0;0;1;0;0;0;0;0;530652,282824159134179;5284175,444235626608133;9,408630585000026;47,710232481000048;2
08250430436200938310;08;4;36;064;2025;04;08;4;3;0;7;0;0;1;0;0;0;0;0;545512,151513372315094;5294036,038336236961186;9,607752479000055;47,798072563000062;2
08250430437200959640;08;4;37;104;2025;04;17;4;3;0;7;0;0;1;0;0;0;0;0;515492,462558989296667;5325484,177640088833869;9,208017962000042;48,082440869000038;2
08250501116200998450;08;1;16;077;2025;05;16;5;3;0;1;0;0;1;0;0;0;0;0;519105,673664702975657;5390563,663448049686849;9,259490502000062;48,667830797000079;2
08250501116200998630;08;1;16;080;2025;05;13;5;3;6;7;0;0;1;0;1;0;0;0;520785,219806372770108;5394755,208986356854439;9,282512416000031;48,705484294000030;2
08250501116400025070;08;1;16;033;2025;05;14;5;3;7;1;0;0;1;0;0;0;0;0;534056,364966204389930;5387987,842246597632766;9,462331315000029;48,644022712000037;2
08250501116500025080;08;1;16;049;2025;05;13;5;3;0;1;0;0;1;0;0;0;0;0;521308,787705770693719;5384042,961911279708147;9,289077131000056;48,609098830000050;2
08250501118100977590;08;1;18;079;2025;05;14;5;3;5;3;0;0;1;0;0;0;0;1;509145,654893119062763;5420144,064350209198892;9,124874316000046;48,934158627000045;2
08250501118600971670;08;1;18;068;2025;05;00;5;3;0;7;2;0;1;0;0;0;0;0;501345,066947309998795;5423407,598839082755148;9,018376276000026;48,963582524000060;2
08250501121300001110;08;1;21;000;2025;05;12;5;3;4;6;0;0;1;0;0;0;0;0;514948,961727147863712;5446126,930857144296169;9,205071001000022;49,167773966000027;2
08250501121300998810;08;1;21;000;2025;05;18;5;3;4;7;0;0;1;0;0;0;0;1;513476,817021824419498;5445564,962147556245327;9,184857305000037;49,162752978000071;2
08250501121500968670;08;1;25;068;2025;05;13;5;3;0;1;0;0;1;0;0;0;0;0;521565,571981069806498;5459664,465757792815566;9,296565049000037;49,289349114000061;2
08250501126200298800;08;1;26;069;2025;05;12;5;2;0;7;0;0;1;0;0;0;0;1;541286,829013281268999;5443402,570620658807456;9,566083954000021;49,142061760000047;2
08250501128200973540;08;1;28;061;2025;05;11;5;3;8;1;0;0;1;0;0;0;0;0;539109,417549016070552;5495917,628160279244184;9,541394952000076;49,614557565000041;2
08250501136100967720;08;1;36;050;2025;05;11;5;3;0;7;0;0;1;0;0;0;0;0;580701,677572071319446;5402774,436739508062601;10,098368529000027;48,772737870000071;2
08250501136100987220;08;1;36;002;2025;05;13;5;2;4;6;0;0;1;0;0;0;0;0;576592,340049174730666;5416267,733648400753736;10,044970721000027;48,894621142000062;2
08250501211100051340;08;2;11;000;2025;05;13;5;3;0;6;0;0;1;1;0;0;0;0;446876,715487591165584;5402464,746840474195778;8,276980470000069;48,772917960000029;2
08250501221400027920;08;2;21;000;2025;05;17;5;3;0;1;0;0;1;0;0;0;0;0;474325,653137056506239;5469261,756162479519844;8,646315059000074;49,375517198000068;2
08250501225100978280;08;2;25;033;2025;05;11;5;3;0;1;0;0;1;0;0;0;0;0;509611,024887511855923;5460420,799526744522154;9,132187657000031;49,296457405000069;2
08250501231000025040;08;2;36;076;2025;05;12;5;3;0;7;0;0;1;0;0;0;0;0;470761,849347955198027;5424513,830996817909181;8,600474560000066;48,972843486000045;2
08250501231102020790;08;2;36;067;2025;05;15;5;3;9;1;0;0;1;0;0;0;0;0;487722,473572158371098;5410332,574599486775696;8,832658233000075;48,845842691000030;2
08250501311010967570;08;3;36;050;2025;05;13;5;2;4;6;0;0;1;0;0;0;0;0;400478,786377816461027;5276389,311951283365488;7,675206454000033;47,633253192000041;2
08250501311010968760;08;3;11;000;2025;05;14;5;3;0;1;0;0;1;0;0;0;0;0;411447,384090803680010;5317107,201116030104458;7,812861452000050;48,001126182000064;2
08250501311010968790;08;3;11;000;2025;05;17;5;3;5;3;0;0;1;0;0;0;0;0;410150,123252108867746;5315474,703881311230361;7,795816049000052;47,986260510000079;2
08250501317600983090;08;3;17;146;2025;05;21;5;3;0;1;2;0;1;0;0;0;0;0;433136,308647890109569;5354213,296247072517872;8,097743899000022;48,337562253000044;2
08250501325102000740;08;3;25;057;2025;05;13;5;3;0;7;0;0;1;0;0;0;0;0;475435,399285729217809;5358093,858610972762108;8,668281162000028;48,375534574000028;2
08250501325102968810;08;3;25;057;2025;05;13;5;3;4;6;0;0;1;0;0;0;0;0;475165,473120943643153;5360170,668923513963819;8,664513390000025;48,394207880000067;2
08250501326400985900;08;3;26;075;2025;05;17;5;3;2;6;0;0;1;0;0;0;0;0;461572,400228783662897;5316897,987202154472470;8,484810907000053;48,004222943000059;2
08250501335100025140;08;3;35;043;2025;05;10;5;3;2;6;0;0;1;0;0;0;0;0;513323,041086678393185;5279121,243341346271336;9,177459203000069;47,665346718000080;2
08250501335100967600;08;3;35;066;2025;05;14;5;3;8;1;0;0;1;0;0;0;0;0;508435,550408180570230;5282552,002082508057356;9,112425652000070;47,696297780000066;2
08250501335200973420;08;3;35;055;2025;05;21;5;3;0;1;1;0;1;0;0;0;0;0;494646,240644522360526;5283672,491029056720436;8,928633429000058;47,706412438000029;2
08250501335400967690;08;3;35;079;2025;05;15;5;3;0;7;0;0;1;0;0;0;0;0;498015,166052627726458;5297631,230120932683349;8,973478024000030;47,832026029000076;2
08250501415200025110;08;4;15;053;2025;05;12;5;3;2;2;0;0;1;0;0;0;0;0;539514,657505798852071;5366502,879687277600169;9,534388221000029;48,450424165000072;2
08250501416010985890;08;4;16;022;2025;05;20;5;3;4;6;0;0;1;0;0;0;0;0;509959,074053314980119;5375557,345727048814297;9,134903266000038;48,533043537000026;2
08250501416200974610;08;4;16;041;2025;05;15;5;3;8;1;0;0;1;0;0;0;0;0;502733,184398109791800;5380760,509829914197326;9,037057291000053;48,579925900000035;2
08250501435100968640;08;4;35;030;2025;05;17;5;3;7;1;0;0;1;0;0;0;0;0;541319,250823400216177;5270806,231763429939747;9,549564415000077;47,589350887000080;2
08250502115100986550;08;1;15;013;2025;05;11;6;3;4;6;0;0;1;0;0;0;0;0;497813,740071024745703;5388639,108118006028235;8,970316544000070;48,650805641000034;2
08250502119300968950;08;1;19;084;2025;05;19;6;3;0;7;0;0;1;0;0;0;0;0;547727,859070197213441;5416408,211605832912028;9,651215599000068;48,898780773000055;2
08250502126100977500;08;1;26;045;2025;05;14;6;2;0;7;0;0;1;0;0;0;0;0;546569,345608770963736;5471027,846408927813172;9,641722601000026;49,390163325000060;2
08250502212010967930;08;2;12;000;2025;05;05;6;3;0;7;1;0;1;0;0;0;0;0;452232,656986888381653;5427421,317170117981732;8,346954153000070;48,997841866000044;2
08250502221011995610;08;2;21;000;2025;05;10;6;3;5;3;0;0;1;1;0;0;0;0;476507,350359382282477;5474962,735649432986975;8,676032010000029;49,426884660000042;2
08250502235200969010;08;2;35;046;2025;05;18;6;3;0;1;0;0;1;0;0;0;0;0;479707,794227727572434;5375061,102781799621880;8,725151984000036;48,528330115000074;2
08250502237100977060;08;2;37;004;2025;05;13;6;2;0;1;0;0;1;0;0;0;0;0;445565,366811897023581;5374498,119360757060349;8,262810361000049;48,521233034000034;2
08250502417200005800;08;4;17;002;2025;05;16;6;3;3;6;0;0;1;0;0;0;0;0;489752,507180300599430;5347757,775585099123418;8,861868860000072;48,282939522000049;2
08250502417300987310;08;4;17;031;2025;05;13;6;2;0;1;0;0;1;0;0;0;0;0;499095,864003457303625;5356657,327288327738643;8,987793587000056;48,363088239000035;2
08250503117300989500;08;1;17;026;2025;05;11;7;2;0;1;0;1;1;0;0;0;0;0;550953,616043845657259;5391900,403132052160800;9,692186723000077;48,678069044000040;2
08250503316100969890;08;3;16;038;2025;05;19;7;3;0;1;0;0;1;0;0;0;0;0;397524,858961131656542;5334469,191266944631934;7,622103341000070;48,155207893000068;2
08250503426100970750;08;4;26;043;2025;05;17;7;3;0;1;0;0;1;0;0;0;0;0;572784,315931949298829;5321689,944577761925757;9,976561971000024;48,044341772000053;2
08250503435200970090;08;4;35;059;2025;05;15;7;3;0;1;0;0;1;0;0;0;0;0;511395,068183819646947;5292423,167180919088423;9,152127324000048;47,785068797000065;2
08250504121600971040;08;1;25;102;2025;05;18;1;3;0;1;0;0;1;0;0;0;0;0;520365,285865136014763;5444678,312428723089397;9,279298460000064;49,154587425000045;2
08250505111500972550;08;1;11;000;2025;05;14;2;2;0;1;0;0;1;0;0;0;0;0;515883,498185052420013;5406974,272586050443351;9,216360452000060;48,815550206000069;2
08250505311010978960;08;3;11;000;2025;05;17;2;3;5;3;0;0;1;0;0;0;0;0;413603,227201088448055;5317315,907215544953942;7,841714512000067;48,003298575000031;2
08250506311010014490;08;3;11;000;2025;05;16;3;2;4;6;0;0;1;0;0;0;0;0;417792,298665675916709;5314814,939695617184043;7,898343623000073;47,981353538000064;2
08250506311010997890;08;3;11;000;2025;05;22;3;3;4;6;2;0;1;0;0;0;0;1;411682,163371737929992;5316972,167139578610659;7,816036009000072;47,999943996000070;2
08250506317100999620;08;3;17;110;2025;05;19;3;3;0;1;1;0;1;0;0;0;0;0;427704,870006935438141;5382751,733228069730103;8,019530302000021;48,593671401000051;2
08250507111140985240;08;1;11;000;2025;05;19;4;3;8;7;1;0;1;0;0;0;0;0;510575,885998737008777;5399998,000947794876993;9,143882469000062;48,752905202000079;2
08250507111500985360;08;1;11;000;2025;05;15;4;3;6;6;0;0;1;0;1;0;0;0;506745,374531560926698;5403038,218461320735514;9,091819188000045;48,780308192000064;2
08250507115301045800;08;1;15;028;2025;05;15;4;3;4;6;0;0;1;0;0;0;0;0;501586,732235815667082;5402623,597854731604457;9,021597283000062;48,776612829000044;2
08250507116200038710;08;1;16;077;2025;05;13;4;3;5;3;0;0;1;0;0;0;0;0;516516,041135673818644;5391230,060322281904519;9,224345402000040;48,673899603000052;2
08250507135100003450;08;1;35;015;2025;05;16;4;2;5;3;0;0;1;1;0;0;0;0;580840,859519916120917;5383845,263843176886439;10,096559183000068;48,602462279000065;2
08250507215102002780;08;2;15;109;2025;05;18;4;3;0;7;0;0;1;0;0;0;0;0;462066,054976205923595;5436489,858774338848889;8,480535001000021;49,080097646000070;2
08250507216300060060;08;2;16;033;2025;05;20;4;2;9;1;1;0;1;0;0;0;0;0;446141,943851901160087;5411394,713970274664462;8,265808907000064;48,853181379000034;2
08250507421300003570;08;4;21;000;2025;05;13;4;3;0;7;0;0;1;0;0;0;0;1;572039,649772005621344;5356017,786244227550924;9,972398958000042;48,353225269000063;2
08250507421300021290;08;4;21;000;2025;05;07;4;3;4;1;0;0;1;0;0;0;0;0;570134,055289839277975;5361011,301114659756422;9,947513928000035;48,398358296000026;2
08250507426010056320;08;4;21;000;2025;05;18;4;2;4;6;0;0;1;0;0;0;0;0;572989,099309084005654;5360098,970570755191147;9,985921283000039;48,389827589000049;2
08250508118100993620;08;1;18;079;2025;05;14;5;3;3;6;0;0;1;0;0;0;0;0;509221,197774981497787;5420249,934489649720490;9,125908168000024;48,935109881000074;2
08250508136200009620;08;1;36;046;2025;05;17;5;3;0;7;0;0;1;0;0;0;0;0;578258,389318653848022;5419781,329148693941534;10,068370652000056;48,926014904000056;2
08250508311010978080;08;3;36;091;2025;05;11;5;3;4;6;0;0;1;1;0;0;0;0;396061,871659530734178;5274927,661279805935919;7,616774227000064;47,619411487000036;2
08250508415100987290;08;4;15;078;2025;05;08;5;2;0;1;0;0;1;0;0;0;0;0;529943,946753988158889;5371951,199905092827976;9,405350037000062;48,499966637000057;2
08250509116400071370;08;1;16;048;2025;05;13;6;3;0;1;0;0;1;0;0;0;0;0;533390,457993960590102;5391394,558840410783887;9,453566479000074;48,674705016000075;2
08250509221011007550;08;2;26;056;2025;05;13;6;2;9;1;0;0;1;0;0;0;0;0;484905,250584242166951;5471020,990269878879189;8,791989440000066;49,391695434000042;2
08250509222800979120;08;2;22;000;2025;05;10;6;3;5;3;0;0;1;1;0;0;0;0;460149,841240215988364;5488793,322543025016785;8,449073367000040;49,550431098000047;2
08250509326400979510;08;3;26;074;2025;05;19;6;3;8;6;0;0;1;0;0;0;0;1;457877,317043723480310;5324083,546775567345321;8,434567352000045;48,068636367000067;2
08250510119300983110;08;1;19;067;2025;05;14;7;3;7;7;0;0;1;0;0;0;0;0;539604,566828106297180;5402786,702205786481500;9,539067789000057;48,776821487000063;2
08250510136000982060;08;1;36;028;2025;05;15;7;3;9;7;0;0;1;0;0;0;0;0;567169,270114706247114;5402696,161578598432243;9,914203501000031;48,773641794000071;2
08250510136010999410;08;1;36;089;2025;05;16;7;2;3;6;0;0;1;0;0;0;0;0;584208,242974081891589;5418508,646545426920056;10,149317886000063;48,913787569000078;2
08250510136100029240;08;1;36;021;2025;05;17;7;3;0;7;0;0;1;0;0;0;0;0;575518,997413474367931;5405755,316931935958564;10,028391079000073;48,800199994000081;2
08250510221300989940;08;2;21;000;2025;05;12;7;3;3;6;0;0;1;1;0;0;0;0;479591,295280086109415;5473814,118410030379891;8,718618683000045;49,416664343000036;2
08250510231000980880;08;2;31;000;2025;05;17;7;3;7;6;0;0;1;0;0;0;0;0;475549,832674057164695;5414016,845011641271412;8,666528140000025;48,878625030000080;2
08250510311010015480;08;3;11;000;2025;05;17;7;3;2;6;0;0;1;0;0;0;0;0;410767,610726726532448;5317628,047640571370721;7,803642097000022;48,005716782000036;2
08250510317100983740;08;3;17;089;2025;05;21;7;3;0;1;2;0;1;0;0;0;0;0;430216,912241676414851;5376059,029756780713797;8,054716408000047;48,533755049000035;2
08250510335100013830;08;3;35;066;2025;05;16;7;3;5;3;0;0;1;0;0;0;0;0;509481,121490630204789;5281749,662757890298963;9,126343135000070;47,689064114000075;2
08250510415400980970;08;4;15;061;2025;05;15;7;3;0;1;0;0;1;0;0;0;0;0;517565,300769438617863;5375137,721794649027288;9,237917006000032;48,529101653000055;2
08250511111210983120;08;1;11;000;2025;05;12;1;2;0;7;0;0;1;0;0;0;0;0;511806,278489616466686;5395953,450894557870924;9,160505743000044;48,716498327000068;2
08250511116400010670;08;1;16;033;2025;05;12;1;3;4;2;0;0;1;0;0;0;0;0;534353,898044502246194;5388048,847182638943195;9,466375388000074;48,644555222000065;2
08250511118300002440;08;1;18;081;2025;05;13;1;3;5;3;0;0;1;0;0;0;0;0;519611,295591021073051;5415231,796181079931557;9,267534412000032;48,889726333000056;2
08250511118400982530;08;1;18;048;2025;05;14;1;3;2;6;0;0;1;1;0;0;0;0;515639,342292582674418;5417606,964733001776040;9,213441011000043;48,911205635000044;2
08250511121400014180;08;1;25;094;2025;05;13;1;3;4;6;0;0;1;0;0;0;0;0;513052,741927829338238;5436787,264997458085418;9,178756403000023;49,083803427000078;2
08250511121600983930;08;1;25;110;2025;05;05;1;2;7;7;0;0;1;0;0;0;0;0;526548,013854768360034;5443172,868063261732459;9,363990306000062;49,140809430000047;2
08250511316100013790;08;3;16;024;2025;05;12;1;3;4;6;0;0;1;0;0;0;0;0;409240,906356151797809;5334335,168541446328163;7,779628257000070;48,155782746000057;2
08250511317000009640;08;3;17;065;2025;05;19;1;3;0;1;1;0;1;0;0;0;0;0;416430,971827548113652;5353962,088024517521262;7,872413403000053;48,333313853000050;2
08250511415100998950;08;4;15;050;2025;05;13;1;3;4;6;0;0;1;0;0;0;0;0;518112,591038968123030;5375836,440820278599858;9,245360195000046;48,535371958000042;2
08250511416200985950;08;4;16;041;2025;05;13;1;3;0;1;0;0;1;0;0;0;0;0;507855,018525420571677;5375372,217694021761417;9,106398795000075;48,531407932000036;2
08250511435100986990;08;4;35;016;2025;05;17;1;3;0;1;0;0;1;0;0;0;0;0;532723,101788212894462;5280972,533998452126980;9,435995911000020;47,681312977000061;2
08250512127202002640;08;1;27;014;2025;05;07;2;3;7;7;1;0;1;0;0;0;0;0;581656,551083342172205;5445028,550367491319776;10,119839549000062;49,152645439000025;2
08250512212702022120;08;2;15;017;2025;05;18;2;3;0;7;0;0;1;0;0;0;0;0;458735,217103232571390;5422599,450798024423420;8,436337570000035;48,954937035000057;2
08250512212702036930;08;2;15;017;2025;05;18;2;3;0;7;0;0;1;0;0;0;0;0;458513,479906851367559;5422886,716210351325572;8,433279600000049;48,957506218000049;2
08250512215402024630;08;2;15;009;2025;05;15;2;3;4;6;0;0;1;0;0;0;0;0;467186,033598673588131;5437543,554536990821362;8,550559689000067;49,089870085000030;2
08250513111240991140;08;1;11;000;2025;05;19;3;3;0;7;0;0;1;0;0;0;0;0;515614,538859792170115;5405228,178568109869957;9,212630371000046;48,799849414000050;2
08250513118010014520;08;1;18;019;2025;05;15;3;2;8;7;0;0;1;0;0;0;0;0;505811,026406908174977;5404957,662025607191026;9,079127842000048;48,797584818000075;2
08250513118100004170;08;1;18;007;2025;05;14;3;3;0;1;0;0;1;0;0;0;0;0;510573,396690258057788;5427090,783210571855307;9,144549073000064;48,996626072000026;2
08250513119500040550;08;1;19;085;2025;05;15;3;3;4;6;0;0;1;1;0;0;0;0;529420,661258842097595;5412417,427153121680021;9,401146990000029;48,864021342000058;2
08250513216100006790;08;2;16;023;2025;05;14;3;3;4;6;0;0;1;0;0;0;0;0;437912,021331086056307;5407621,564449625089765;8,154202423000072;48,818473369000060;2
08250513311000992230;08;3;37;038;2025;05;12;3;2;0;7;0;0;1;0;0;0;0;0;428780,042965502245352;5274464,322535308077931;8,052192838000053;47,619666685000027;2
08250513311010062250;08;3;11;000;2025;05;16;3;3;4;6;0;0;1;0;0;0;0;0;411081,133019556989893;5316225,098184635862708;7,808135365000055;47,993140612000047;2
08250514111320995260;08;1;11;000;2025;05;18;4;3;4;6;0;0;1;0;0;0;0;1;515292,069485814194195;5409063,473699014633894;9,208382143000051;48,834359146000054;2
08250514116100010360;08;1;16;019;2025;05;17;4;3;4;6;0;0;1;1;0;0;0;0;524641,740016292082146;5395551,808210796676576;9,334976885000060;48,712509986000043;2
08250514212010012950;08;2;15;025;2025;05;16;4;3;4;6;0;0;1;0;0;1;0;0;475654,814750503923278;5433457,828416595235467;8,666796799000053;49,053510877000065;2
08250514317600012240;08;3;17;040;2025;05;16;4;2;2;6;0;0;1;0;0;0;0;0;430715,778359268442728;5349429,683472473174334;8,065871708000032;48,294270487000063;2