UIDENTSTLAE;ULAND;UREGBEZ;UKREIS;UGEMEINDE;UJAHR;UMONAT;USTUNDE;UWOCHENTAG;UKATEGORIE;UART;UTYP1;ULICHTVERH;IstStrassenzustand;IstRad;IstPKW;IstFuss;IstKrad;IstGkfz;IstSonstige;LINREFX;LINREFY;XGCSWGS84;YGCSWGS84;PLST
08250514426100041120;08;4;26;021;2025;05;09;4;2;0;6;0;0;1;0;1;0;0;0;560858,210750276339240;5329076,750222275033593;9,817617809000069;48,112043162000077;2
08250515118100997610;08;1;18;079;2025;05;16;5;3;0;1;0;0;1;0;0;0;0;0;507898,669153533235658;5422880,747346544638276;9,107901135000077;48,958794139000076;2
08250515119400029100;08;1;19;041;2025;05;18;5;3;5;3;0;0;1;0;0;0;0;1;525473,585562391672283;5409157,705863727256656;9,347127467000064;48,834872580000081;2
08250515136000044510;08;1;36;065;2025;05;19;5;2;8;1;0;0;1;0;0;0;0;0;558494,774913266068324;5404532,103754530660808;9,796413836000056;48,791032237000081;2
08250515212010996550;08;2;15;096;2025;05;07;5;3;0;7;0;0;1;0;0;0;0;0;462875,430814976571128;5418243,783843698911369;8,493285707000041;48,916018690000044;2
08250515221200012150;08;2;21;000;2025;05;19;5;3;6;4;1;0;1;0;1;0;0;0;476100,065123152045999;5471821,531812775880098;8,670604688000026;49,398614222000049;2
08250515221400067030;08;2;21;000;2025;05;18;5;2;5;3;0;0;1;0;0;0;0;0;474125,526152406935580;5471257,326232870109379;8,643428337000046;49,393458565000060;2
08250515311010011950;08;3;11;000;2025;05;18;5;3;5;3;0;0;1;1;0;0;0;0;412546,641146432491951;5318356,250620577484369;7,827340209000056;48,012513077000051;2
08250515311010029800;08;3;11;000;2025;05;18;5;3;4;6;0;0;1;0;0;0;0;0;413121,614531922154129;5315538,200565582141280;7,835618990000057;47,987242232000028;2
08250515311400029080;08;3;15;076;2025;05;06;5;3;4;6;0;0;1;0;0;0;0;0;392022,211000000126660;5296734,209000000730157;7,557626607000032;47,814896062000059;2
08250515311500007260;08;3;15;113;2025;05;20;5;2;8;1;1;0;1;0;0;0;0;0;435760,874187876703218;5305593,129539491608739;8,140482885000040;47,900448649000055;2
08250515317000023750;08;3;17;031;2025;05;17;5;3;5;2;0;0;1;1;0;0;0;0;418089,642668531974778;5358606,575979446992278;7,893885271000045;48,375307996000060;2
08250516115200999630;08;1;15;021;2025;05;11;6;3;8;7;0;0;1;0;0;0;0;0;487772,740097518777475;5383383,075474499724805;8,834142480000025;48,603405706000046;2
08250516119200034760;08;1;19;020;2025;05;15;6;3;5;3;0;0;1;0;0;0;0;1;519339,673288626072463;5406460,246434903703630;9,263414778000026;48,810828149000031;2
08250516127100017580;08;1;27;076;2025;05;10;6;2;7;7;0;0;1;0;0;0;0;0;553446,023883167421445;5439862,803699744865298;9,732317040000055;49,109285027000055;2
08250516212502001290;08;2;12;000;2025;05;16;6;3;2;6;0;0;1;1;0;0;0;0;455228,880788061826024;5429191,907491527497768;8,387718919000065;49,013993058000040;2
08250517121500005790;08;1;25;005;2025;05;17;7;2;0;1;0;0;1;0;0;0;0;0;514059,156384607602376;5453309,389168698340654;9,193116052000050;49,232403020000049;2
08250517311010024470;08;3;11;000;2025;05;15;7;3;4;6;0;0;1;0;0;0;0;1;411955,160235265269876;5316645,749665158800781;7,819761901000049;47,997045439000033;2
08250517317500003120;08;3;17;096;2025;05;21;7;3;9;1;2;0;1;0;0;0;0;0;422189,416488439019304;5366731,322160269133747;7,947731520000048;48,448909190000052;2
08250517335100012710;08;3;35;043;2025;05;13;7;3;2;6;0;0;1;0;0;0;0;0;511390,239330080337822;5280847,669211433269083;9,151759952000077;47,680917458000067;2
08250517336100181870;08;3;36;084;2025;05;16;7;3;8;7;0;0;1;0;0;0;0;1;405201,892872697382700;5277857,674373469315469;7,737744595000038;47,647170675000041;2
08250518119300006290;08;1;19;061;2025;05;13;1;3;0;7;0;0;1;0;0;0;0;0;537216,103426817338914;5415939,350781663320959;9,507753533000027;48,895283874000029;2
08250518121100044650;08;1;25;006;2025;05;19;1;3;0;1;0;0;1;0;0;0;0;0;503180,851986746827606;5452130,237734260968864;9,043682837000063;49,221949400000028;2
08250518121600025740;08;1;25;098;2025;05;14;1;2;0;7;0;0;1;0;0;0;0;0;519549,248938421718776;5439002,971890710294247;9,267831973000057;49,103562472000078;2
08250518128200042940;08;1;28;139;2025;05;18;1;3;0;1;0;0;1;0;0;0;0;0;548210,655744141899049;5489986,054599300958216;9,666648603000056;49,560550737000028;2
08250518136100004670;08;1;36;088;2025;05;15;1;2;0;7;0;0;1;0;0;0;0;0;578323,940145967877470;5414058,144806802272797;10,068167792000054;48,874531113000046;2
08250518215502004910;08;2;15;106;2025;05;09;1;3;0;7;0;0;1;0;0;0;0;0;463756,855170540104154;5452561,736087827011943;8,502241448000063;49,224766680000073;2
08250518226200009320;08;2;26;032;2025;05;16;1;3;3;6;0;0;1;0;0;0;0;0;464304,095881784451194;5466413,897466138936579;8,508519945000046;49,349396746000082;2
08250518311010019810;08;3;36;081;2025;05;15;1;2;3;6;0;0;1;0;0;0;0;0;412971,135193049616646;5278650,457007512450218;7,841012975000069;47,655393882000055;2
08250518327100072360;08;3;27;054;2025;05;18;1;3;0;6;0;0;1;1;0;0;0;0;481869,854269202332944;5315429,700008524581790;8,756991819000064;47,991910686000040;2
08250518416010071090;08;4;16;025;2025;05;13;1;3;4;6;0;0;1;0;0;0;0;0;501329,084867446566932;5359560,432947439141572;9,017952675000060;48,389205554000057;2
08250519116010035510;08;1;16;019;2025;05;21;2;3;0;1;2;0;1;0;0;0;0;0;521130,455509052146226;5401722,918714229017496;9,287562081000033;48,768153623000046;2
08250519116100013080;08;1;16;007;2025;05;17;2;2;0;1;0;0;1;0;0;0;0;0;532071,860133252106607;5400191,692303651943803;9,436339398000030;48,753911430000073;2
08250519221011072530;08;2;26;085;2025;05;11;2;1;7;7;0;0;1;0;0;0;0;0;489588,149058605544269;5451366,838899680413306;8,857033427000033;49,215002204000029;2
08250519316100029900;08;3;16;012;2025;05;15;2;3;0;7;0;0;1;0;0;0;0;0;403376,600423303432763;5332018,674103070050478;7,701321381000071;48,134082565000028;2
08250519327100012700;08;3;27;050;2025;05;16;2;2;0;1;0;0;1;0;0;0;0;0;488104,354530253796838;5316115,734511422924697;8,840536768000050;47,998229430000038;2
08250519415400043080;08;4;15;061;2025;05;09;2;3;3;2;0;0;1;1;0;0;0;0;514288,784299350110814;5371197,452804278582335;9,193402867000032;48,493736845000058;2
08250519425000028730;08;4;25;002;2025;05;15;2;3;0;1;0;1;1;0;0;0;0;1;553163,784857656923123;5352239,710836865007877;9,717158093000023;48,321109395000065;2
08250519436100027600;08;4;36;055;2025;05;09;2;3;5;7;0;0;1;1;0;0;0;0;576275,019947947002947;5296626,388562299311161;10,018950640000071;47,818465811000067;2
08250520116100073660;08;1;16;019;2025;05;11;3;3;0;1;0;0;1;0;0;0;0;0;522126,378864708123729;5397704,563099340535700;9,300899384000047;48,731970348000061;2
08250520119100014210;08;1;19;083;2025;05;13;3;3;8;7;0;0;1;0;0;0;0;0;534811,220434368588030;5418220,420777089893818;9,475138510000022;48,915942928000050;2
08250520119400017840;08;1;19;079;2025;05;16;3;3;6;6;0;0;1;0;1;0;0;0;524655,922063265112229;5407715,142669633962214;9,335898657000030;48,821928680000042;2
08250520119500029750;08;1;19;085;2025;05;19;3;3;0;7;0;0;1;0;0;0;0;0;530219,869308108347468;5410068,002151350490749;9,411870396000040;48,842848397000068;2
08250520231000032790;08;2;36;044;2025;05;07;3;3;4;1;0;0;1;1;0;0;0;0;483554,086612588434946;5406764,160477119497955;8,775986971000066;48,813645439000027;2
08250520311010047660;08;3;11;000;2025;05;09;3;2;0;7;0;0;1;0;0;0;0;0;418038,944676653016359;5317836,316904726438224;7,901071243000047;48,008564104000072;2
08250521116500053030;08;1;16;073;2025;05;12;4;3;0;1;0;1;1;0;0;0;0;0;521901,344203228130937;5390217,853574554435909;9,297442088000025;48,664628098000037;2
08250521119300016680;08;1;19;001;2025;05;10;4;2;9;7;0;0;1;0;0;0;0;0;550459,639650807715952;5408418,740084985271096;9,687501129000054;48,826697526000032;2
08250521121600020350;08;1;25;110;2025;05;13;4;3;4;6;0;0;1;0;0;0;0;0;525660,955896258354187;5443328,330399965867400;9,351838316000055;49,142245547000073;2
08250522311400039210;08;3;15;006;2025;05;15;5;3;4;6;0;0;1;0;0;1;0;0;401488,980987605405971;5307551,589940996840596;7,681582561000027;47,913717705000067;2
08250523216100024220;08;2;16;023;2025;05;16;6;3;0;7;0;0;1;0;0;0;0;0;436136,696586305741221;5407570,921415477991104;8,130028703000050;48,817837874000077;2
08250523221200027270;08;2;21;000;2025;05;18;6;3;6;7;0;0;1;0;1;0;0;0;480046,518232343951240;5474079,103551754727960;8,724881586000038;49,419062949000079;2
08250524111140057300;08;1;11;000;2025;05;17;7;3;4;1;0;0;1;1;0;0;0;0;511864,961713216383941;5400224,020036434754729;9,161426490000053;48,754915232000030;2
08250524111370028750;08;1;11;000;2025;05;16;7;2;0;1;0;0;1;0;0;0;0;0;513578,451514514745213;5410685,316404389217496;9,185084880000034;48,848988789000032;2
08250524119100044600;08;1;19;087;2025;05;21;7;3;8;7;2;0;1;0;0;0;0;0;526975,386295581236482;5426882,250252337194979;9,368763700000045;48,994251430000077;2
08250524135200075070;08;1;35;019;2025;05;17;7;3;0;1;0;0;1;0;0;0;0;0;585029,528589089866728;5392905,118909629061818;10,155224017000023;48,683394815000042;2
08250524311010040060;08;3;11;000;2025;05;17;7;3;6;4;0;0;1;0;1;0;0;0;412971,981751141778659;5317630,550761037506163;7,833189640000057;48,006043259000080;2
08250524316100057800;08;3;16;043;2025;05;15;7;2;0;1;0;0;1;0;0;0;0;0;411986,507347390579525;5331790,847390765324235;7,817064130000063;48,133282479000059;2
08250524335200028040;08;3;35;063;2025;05;12;7;3;6;6;0;0;1;0;1;0;0;0;499413,044958732149098;5287982,140683578327298;8,992169973000046;47,745210949000068;2
08250524437200026340;08;4;37;104;2025;05;17;7;3;0;1;0;0;1;0;0;0;0;0;516879,967901358730160;5326156,981488754972816;9,226674506000052;48,088458839000054;2
08250524437200028020;08;4;37;059;2025;05;12;7;3;0;1;0;0;1;0;0;0;0;0;513758,416767174610868;5324724,024946887977421;9,184710505000055;48,075641552000036;2
08250525311010034400;08;3;15;064;2025;05;14;1;2;0;7;0;0;1;0;0;0;0;0;419748,697637078235857;5313925,938689206726849;7,924722353000050;47,973604844000079;2
08250526115200051130;08;1;15;021;2025;05;13;2;3;6;7;0;0;1;0;1;0;0;0;489622,120297237939667;5382521,056889045983553;8,859249987000055;48,595684195000047;2
08250526119300035100;08;1;19;067;2025;05;16;2;3;0;7;0;0;1;0;0;0;0;0;537775,784529220894910;5406909,383469055406749;9,514555991000066;48,814021105000052;2
08250526212010046250;08;2;12;000;2025;05;19;2;3;5;3;0;0;1;0;0;0;0;0;457533,833174679195508;5429123,092486800625920;8,419246456000053;49,013537010000050;2
08250526226400076130;08;2;26;063;2025;05;06;2;3;5;3;0;0;1;1;0;0;0;0;471214,182000000146218;5471357,529000000096858;8,603301306000048;49,394229178000046;2
08250526311010072290;08;3;11;000;2025;05;14;2;3;0;3;0;0;1;0;0;0;0;1;412357,987882379093207;5317230,586137749254704;7,825041150000061;48,002361562000033;2
08250526426200049970;08;4;25;033;2025;05;17;2;2;4;6;0;0;1;0;0;0;0;1;554007,398323328816332;5348448,516039893031120;9,728051930000049;48,286932364000052;2
08250527222301077620;08;2;22;000;2025;05;20;3;3;4;6;0;0;1;0;0;0;0;0;463361,384422922623344;5484566,137983436696231;8,493863638000050;49,512612823000040;2
08250527311010037480;08;3;11;000;2025;05;08;3;3;0;1;0;0;1;0;0;0;0;0;416113,817232138069812;5315869,191559064202011;7,875648946000069;47,990619125000080;2
08250527316200056220;08;3;11;000;2025;05;17;3;2;4;6;0;0;1;1;0;0;0;0;415065,581559788261075;5320864,982026088982821;7,860612314000036;48,035419827000055;2
08250527327100077680;08;3;27;057;2025;05;18;3;2;0;1;0;0;1;0;0;0;0;0;487790,584941285313107;5309730,452778776176274;8,836512066000068;47,940773867000075;2
08250527415100073320;08;4;15;050;2025;05;19;3;3;2;6;0;0;1;1;0;0;0;0;522917,587000000290573;5372834,168999999761581;9,310284637000052;48,508205699000030;2
08250527436000036120;08;4;35;024;2025;05;10;3;3;0;1;0;0;1;0;0;0;0;0;528296,771486022276804;5281044,479189423844218;9,377026477000072;47,682169236000050;2
08250528136100072960;08;1;36;088;2025;05;19;4;3;4;6;0;0;1;0;0;0;0;0;578512,612689112662338;5410539,983338956721127;10,070065619000047;48,842863969000064;2
08250528311100066210;08;3;15;072;2025;05;07;4;3;8;1;0;0;1;0;0;0;0;0;402395,537490817019716;5318500,128479583188891;7,691226447000076;48,012337347000027;2
08250528415100068780;08;4;15;050;2025;05;12;4;3;8;1;0;1;1;0;0;0;0;0;519376,022351680847351;5375262,365598130971193;9,262448254000049;48,530169684000043;2
08250529111320063680;08;1;11;000;2025;05;15;5;3;1;5;0;0;1;0;1;0;0;0;515501,996160059468821;5409181,876885693520308;9,211247233000051;48,835419073000025;2
08250529111500069340;08;1;11;000;2025;05;22;5;2;0;7;2;0;1;0;0;0;0;0;508098,553774929547217;5405375,974328636191785;9,110284944000057;48,801322329000072;2
08250529119300069670;08;1;19;067;2025;05;11;5;2;3;6;0;0;1;0;0;0;0;0;540115,998719998402521;5406249,666029891930521;9,546366838000040;48,807939924000038;2
08250529121501065030;08;1;25;063;2025;05;13;5;3;0;1;0;1;1;0;0;0;0;0;527312,025295901345089;5462872,286679711192846;9,375806796000063;49,317973470000027;2
08250529126200067680;08;1;26;069;2025;05;19;5;3;3;6;0;0;1;0;0;0;0;0;535741,896886915550567;5448132,808368496596813;9,490480553000054;49,184958086000051;2
08250529136200045950;08;1;36;019;2025;05;15;5;3;0;7;0;0;1;0;0;0;0;0;589111,742242811247706;5423292,638447795994580;10,217273850000026;48,956127022000032;2
08250529237100079520;08;2;37;073;2025;05;12;5;3;0;7;0;0;1;0;0;0;0;0;458718,756076822523028;5381507,511766673997045;8,440236821000042;48,585291589000065;2
08250529317000065900;08;3;17;026;2025;05;16;5;3;0;1;0;0;1;0;0;0;0;0;410740,353239789139479;5343616,438303987495601;7,797833800000035;48,239479081000070;2
08250529317000069040;08;3;17;005;2025;05;17;5;3;0;1;0;0;1;0;0;0;0;0;428305,061691313982010;5373763,775110370479524;8,029216920000067;48,512893529000053;2
08250529326100046120;08;3;26;006;2025;05;13;5;3;6;7;0;0;1;0;1;0;0;0;458927,152699248050340;5308475,892206187359989;8,450153201000035;47,928286311000079;2
08250529416010078310;08;4;15;087;2025;05;14;5;2;6;6;0;0;1;0;1;0;0;0;512273,239840017107781;5382030,710407967679203;9,166441244000055;48,591238645000033;2
08250529426200068670;08;4;26;028;2025;05;19;5;3;0;1;0;0;1;0;0;0;0;0;571074,658096122322604;5343300,639738038182259;9,957234288000052;48,238938027000074;2
08250530111240047330;08;1;11;000;2025;05;13;6;3;4;6;0;0;1;0;0;0;0;0;517370,247550267202314;5403382,872757603414357;9,236460444000045;48,783202708000033;2
08250530116100187030;08;1;16;019;2025;05;16;6;3;0;5;0;0;1;1;0;0;0;0;522184,122877546527889;5401777,218670802190900;9,301904052000054;48,768605429000047;2
08250530118200048530;08;1;18;011;2025;05;11;6;2;0;7;0;0;1;0;0;0;0;0;503274,475181885820348;5411038,085658808238804;9,044636585000035;48,852302166000072;2
08250530118400061350;08;1;18;048;2025;05;11;6;3;0;7;0;0;1;0;0;0;0;0;514136,728010663762689;5417697,762607911601663;9,192937059000030;48,912058555000044;2
08250530121600056360;08;1;25;107;2025;05;17;6;3;0;7;0;0;1;0;0;0;0;1;534744,642303255037405;5436698,510969150811434;9,475810474000070;49,082162790000041;2
08250530126200050470;08;1;26;066;2025;05;17;6;3;0;7;0;0;1;0;0;0;0;0;537417,522961997543462;5449546,455471714958549;9,513605584000061;49,197573837000050;2
08250530127100048130;08;1;27;012;2025;05;19;6;3;0;7;0;0;1;0;0;0;0;0;568565,432764322613366;5431884,524737931787968;9,938104896000027;49,036026136000032;2
08250530211100050920;08;2;11;000;2025;05;13;6;2;0;1;0;0;1;0;0;0;0;0;441180,615463953232393;5399213,893832610920072;8,199927368000033;48,743163771000070;2
08250530221200070710;08;2;21;000;2025;05;19;6;3;0;7;0;0;1;0;0;0;0;0;479457,203104617423378;5471896,987767457030714;8,716869119000023;49,399415493000049;2
08250530335100079440;08;3;35;066;2025;05;14;6;3;0;1;0;0;1;0;0;0;0;0;508576,493344225222245;5282360,800820672884583;9,114300319000051;47,694575562000068;2
08250530417200078830;08;4;17;002;2025;05;14;6;3;4;6;0;0;1;0;0;0;0;0;489779,886708958481904;5349143,636991903185844;8,862204382000073;48,295408153000039;2
08250530421000160990;08;4;21;000;2025;05;18;6;3;6;6;0;0;1;0;1;0;0;0;575713,625635080737993;5364748,012207927182317;10,023556620000022;48,431324983000081;2
08250530437200049010;08;4;37;065;2025;05;17;6;3;0;7;0;0;1;0;0;0;0;0;518573,146268302691169;5318404,891122207045555;9,249074741000072;48,018666045000032;2
08250531111500053850;08;1;11;000;2025;05;12;7;3;2;6;0;0;1;1;0;0;0;0;507540,142233779188246;5405822,352847963571548;9,102688785000055;48,805344934000061;2
08250531115200072100;08;1;15;021;2025;05;12;7;3;5;3;0;0;1;0;0;0;0;0;491649,208372254448477;5382532,536386816762388;8,886742079000044;48,595817787000044;2
08250531115300065280;08;1;15;041;2025;05;18;7;2;0;1;0;0;1;0;0;0;0;0;494894,502100601093844;5403408,870131043717265;8,930498468000053;48,783658177000063;2
08250531117300071710;08;1;17;043;2025;05;18;7;3;6;6;0;0;1;0;1;0;0;0;552560,385301229427569;5390385,852910213172436;9,713819890000025;48,664311798000028;2
08250531118010074180;08;1;15;054;2025;05;08;7;2;0;7;0;0;1;0;0;0;0;1;492740,997432430915069;5396020,321507724002004;8,901312934000032;48,717169428000034;2
08250531121200061980;08;1;21;000;2025;05;07;7;3;0;7;0;0;1;0;0;0;0;0;515676,814245206885971;5439938,851956810802221;9,214814958000034;49,112091968000072;2
08250531128100074860;08;1;28;007;2025;05;15;7;2;0;1;0;0;1;0;0;0;0;0;555218,879334322060458;5483686,722633659839630;9,762666569000032;49,503295859000048;2
08250531136200066400;08;1;36;060;2025;05;17;7;3;8;1;0;0;1;0;0;0;0;0;574992,578573534963652;5430918,683039554394782;10,025847643000077;49,026590967000061;2
08250531221400076460;08;2;21;000;2025;05;12;7;3;1;5;0;0;1;1;0;0;0;0;474937,347553568542935;5470059,523271324113011;8,654691211000056;49,382718473000068;2
08250531317500060840;08;3;17;096;2025;05;09;7;3;5;3;0;0;1;1;0;0;0;0;423133,886694146029186;5370558,882441476918757;7,959798415000023;48,483454049000045;2
08250531335100072740;08;3;35;043;2025;05;15;7;3;0;7;0;0;1;0;0;0;0;0;510060,961343478062190;5281479,891768400557339;9,134063699000023;47,686628040000073;2
08250531335400066730;08;3;35;098;2025;05;14;7;3;0;7;0;0;1;0;0;0;0;0;504106,265049937181175;5291891,498853102326393;9,054814835000059;47,780372816000067;2
08250531335400067940;08;3;35;079;2025;05;11;7;3;0;7;0;0;1;0;0;0;0;0;499304,023509488790296;5296607,459409061819315;8,990701788000024;47,822817381000050;2
08250531337100070550;08;3;37;096;2025;05;09;7;3;8;1;0;0;1;0;0;0;0;0;418303,597348353243433;5266924,317333204671741;7,914198538000051;47,550598616000059;2
08250531437200051650;08;4;37;005;2025;05;16;7;2;0;1;0;0;1;0;0;0;0;0;497241,455048708710819;5321043,112433553673327;8,962989428000071;48,042666531000066;2
08250601111240087790;08;1;11;000;2025;06;01;1;3;8;1;2;1;1;0;0;0;0;0;515391,660420404979959;5404599,248021952807903;9,209571784000048;48,794197192000070;2
08250601128200090710;08;1;28;139;2025;06;13;1;2;0;1;0;0;1;0;0;0;0;0;552944,142100154538639;5487885,841720726341009;9,731814793000069;49,541265849000069;2
08250601311400096590;08;3;15;074;2025;06;11;1;2;8;7;0;0;1;0;0;0;0;0;396142,169866724056192;5296069,600374663248658;7,612803492000069;47,809596232000047;2
08250601317000090370;08;3;17;065;2025;06;16;1;3;0;1;0;0;1;0;0;0;0;0;417478,803146421792917;5356021,167557470500469;7,886145360000057;48,351972878000026;2
08250601335100081820;08;3;35;066;2025;06;14;1;3;0;7;0;0;1;0;0;0;0;0;504664,535166241985280;5282781,641876775771379;9,062169564000044;47,698402235000060;2
08250602116200099920;08;1;16;080;2025;06;12;2;3;5;3;0;0;1;1;0;0;0;0;518017,863718117587268;5397042,670520709827542;9,244998839000061;48,726148339000076;2
08250602116400082620;08;1;16;027;2025;06;09;2;3;0;1;0;1;1;0;0;0;0;0;535635,506320063257590;5394802,942217955365777;9,484355463000043;48,705241986000033;2
08250602121100137540;08;1;25;026;2025;06;23;2;3;0;1;2;0;1;0;0;0;0;0;494626,168149747245479;5443287,249139191582799;8,926319043000035;49,142388540000070;2
08250602221400084250;08;2;21;000;2025;06;13;2;3;4;6;0;1;1;0;0;0;0;1;476912,185415554442443;5470907,172444526106119;8,681850488000066;49,390421031000074;2
08250603111120084840;08;1;11;000;2025;06;20;3;3;0;7;0;0;1;0;0;0;0;0;513921,747409284813330;5403874,899056071415544;9,189533126000072;48,787715676000062;2
08250603118010111050;08;1;18;078;2025;06;19;3;2;3;6;0;0;1;0;0;0;0;0;512538,685214566474315;5421083,456010275520384;9,171231298000066;48,942549628000052;2
08250603118300086270;08;1;18;081;2025;06;16;3;3;6;7;0;0;1;0;1;0;0;0;521711,600264885812066;5413295,792900397442281;9,296083263000071;48,872240632000057;2
08250603119500103690;08;1;19;068;2025;06;15;3;3;0;7;0;0;1;0;0;0;0;0;525502,247803582693450;5412606,128353592008352;9,347732787000041;48,865892328000029;2
08250603126100092890;08;1;26;046;2025;06;16;3;3;0;7;0;0;1;0;0;0;0;0;549530,255074688815512;5459455,544215250760317;9,681082908000064;49,285843184000043;2
08250603127100100300;08;1;27;076;2025;06;11;3;2;6;7;0;0;1;0;1;0;0;0;554893,753044481738470;5439961,728536345995963;9,752165497000021;49,110047292000047;2
08250603311010141110;08;3;11;000;2025;06;16;3;3;5;3;0;1;1;0;0;0;0;0;414840,176699449773878;5319723,708159534260631;7,857816051000043;48,025123646000054;2
08250603416200093590;08;4;16;041;2025;06;15;3;3;8;1;0;0;1;0;0;0;0;0;502956,952382272575051;5375626,164813904091716;9,040054720000057;48,533734727000081;2
08250603436300084070;08;4;36;081;2025;06;14;3;3;0;1;0;0;1;0;0;0;0;0;561579,832476315903477;5280664,605828233063221;9,820402502000036;47,676437676000035;2
08250604121100085860;08;1;25;026;2025;06;19;4;3;0;1;0;1;1;0;0;0;0;0;495737,372266269114334;5436806,658089987002313;8,941623269000047;49,084101526000040;2
08250604311010111030;08;3;11;000;2025;06;16;4;3;5;3;0;0;1;0;0;0;0;0;417500,451265110750683;5315750,314317469485104;7,894253640000045;47,989730158000043;2
08250605115300098730;08;1;15;041;2025;06;13;5;2;0;7;0;0;1;0;0;0;0;0;497282,511465026880614;5401720,770684823393822;8,963017768000043;48,768487110000081;2
08250605119200147580;08;1;19;020;2025;06;07;5;2;5;2;0;0;1;0;0;0;0;0;521679,949233986088075;5405233,735085012391210;9,295225166000023;48,799717451000049;2
08250605128100089450;08;1;28;007;2025;06;13;5;3;3;6;0;0;1;0;0;0;0;1;556795,923472292954102;5482140,204276295378804;9,784223818000044;49,489240846000030;2
08250605311100087220;08;3;15;132;2025;06;15;5;3;0;1;0;0;1;0;0;0;0;0;410452,035526753403246;5325887,884842788800597;7,797684103000051;48,079971032000060;2
08250605317000100320;08;3;17;153;2025;06;07;5;3;4;6;0;0;1;0;0;0;0;0;424944,497241465724073;5394447,853075212799013;7,979980437000052;48,698550248000060;2
08250605326000088400;08;3;35;035;2025;06;11;5;3;0;1;0;0;1;0;0;0;0;0;483695,611483337008394;5289776,246698969975114;8,782431665000047;47,761147611000069;2
08250605416200147710;08;4;16;041;2025;06;15;5;2;6;6;0;0;1;0;1;0;0;0;500516,812946016085334;5374429,584303079172969;9,006999237000059;48,522976617000040;2
08250606121300116240;08;1;21;000;2025;06;18;6;3;0;7;0;0;1;0;0;0;0;0;513403,445737994275987;5445766,237819429486990;9,183857602000046;49,164565123000045;2
08250606215102098590;08;2;15;102;2025;06;08;6;3;0;7;0;1;1;0;0;0;0;0;456450,492143657873385;5437525,988744720816612;8,403528311000059;49,089045958000042;2
08250606225100159650;08;2;25;058;2025;06;07;6;3;0;6;0;0;1;0;0;0;0;0;510458,515453934203833;5466843,627368458546698;9,144012193000037;49,354217327000072;2
08250606327100088440;08;3;27;025;2025;06;07;6;2;8;1;1;0;1;0;0;0;0;0;486254,709037222317420;5308918,996491899713874;8,815972215000045;47,933441884000047;2
08250606335100099370;08;3;35;043;2025;06;16;6;3;0;1;0;0;1;0;0;0;0;0;513065,045679359172937;5279442,883851954713464;9,174032412000031;47,668245997000042;2
08250606416010100600;08;4;16;041;2025;06;10;6;3;6;3;0;0;1;0;1;0;0;0;503534,069376805564389;5373708,238874307833612;9,047856055000068;48,516477393000059;2
08250606426100090120;08;4;26;120;2025;06;14;6;3;0;7;0;0;1;0;0;0;0;0;560456,580267334938981;5322457,072293456643820;9,811285552000072;48,052529783000068;2
08250607135200091220;08;1;35;032;2025;06;19;7;2;0;1;0;0;1;0;0;0;0;0;578972,230028926976956;5393029,668915231712162;10,072968079000077;48,685310853000033;2
08250607221300100330;08;2;21;000;2025;06;13;7;3;3;6;0;0;1;0;0;0;0;0;476756,414568332314957;5476661,245641229674220;8,679367022000065;49,442171981000058;2
08250607317000094420;08;3;17;057;2025;06;17;7;3;0;1;0;0;1;0;0;0;0;0;413951,396186853409745;5377335,579655290581286;7,834162653000021;48,543217224000045;2
08250607416200091230;08;4;16;026;2025;06;21;7;3;9;1;1;0;1;0;0;0;0;0;504269,238461993169039;5365166,284276184625924;9,057723980000048;48,439625719000048;2
08250608121600093870;08;1;25;059;2025;06;13;1;3;0;1;0;0;1;0;0;0;0;0;527042,022200912004337;5440457,420338110066950;9,370581241000025;49,116361811000047;2
08250609111500093170;08;1;11;000;2025;06;12;2;3;1;5;0;0;1;0;0;0;0;0;515961,765263636421878;5404674,456659440882504;9,217337158000021;48,794859385000052;2
08250609121400120670;08;1;25;038;2025;06;15;2;3;0;7;0;0;1;0;0;0;0;0;500471,417825298791286;5434591,183396906591952;9,006453491000059;49,064186803000041;2
08250609136100096180;08;1;36;050;2025;06;17;2;2;0;7;0;0;1;0;0;0;0;0;582631,219901118311100;5406000,675134408287704;10,125273510000056;48,801502108000079;2
08250609212010096040;08;2;15;096;2025;06;12;2;1;0;7;0;0;1;0;0;0;0;0;463356,781000000424683;5417539,530999999493361;8,499918639000043;48,909712325000044;2
08250609212010117920;08;2;12;000;2025;06;21;2;2;5;3;1;0;1;0;0;0;0;0;459359,448661716713104;5424546,542787481099367;8,444669491000070;48,972492963000036;2
08250609215102095910;08;2;15;102;2025;06;17;2;2;0;7;0;0;1;0;0;0;0;0;455222,563749773777090;5438998,396696133539081;8,386547913000072;49,102202070000033;2
08250609216100094080;08;2;16;052;2025;06;12;2;3;0;1;0;0;1;0;0;0;0;0;442293,586945002083667;5418634,050728005357087;8,212331163000044;48,917952849000073;2
08250609225100110140;08;2;25;058;2025;06;18;2;2;8;1;0;0;1;0;0;0;0;0;509872,960321347345598;5465225,046763023361564;9,135909101000038;49,339667880000036;2
08250609335100106100;08;3;35;043;2025;06;15;2;3;0;1;0;0;1;0;0;0;0;0;514980,746852611773647;5279601,669955633580685;9,199555728000064;47,669633158000067;2