UIDENTSTLAE;ULAND;UREGBEZ;UKREIS;UGEMEINDE;UJAHR;UMONAT;USTUNDE;UWOCHENTAG;UKATEGORIE;UART;UTYP1;ULICHTVERH;IstStrassenzustand;IstRad;IstPKW;IstFuss;IstKrad;IstGkfz;IstSonstige;LINREFX;LINREFY;XGCSWGS84;YGCSWGS84;PLST
08250609415200109390;08;4;15;053;2025;06;16;2;3;0;1;0;0;1;0;0;0;0;0;542219,015899831778370;5355835,263156722299755;9,569886531000066;48,354281503000038;2
08250609436500093180;08;4;36;055;2025;06;14;2;2;9;1;0;0;1;0;0;0;0;0;577530,604492723708972;5294183,292429886758327;10,035284170000068;47,796337577000031;2
08250609437100095370;08;4;37;086;2025;06;14;2;3;0;1;0;0;1;0;0;0;0;0;526010,892152188578621;5305825,934623885899782;9,348055750000071;47,905232611000031;2
08250610119400139910;08;1;19;079;2025;06;22;3;2;4;6;2;0;1;0;0;0;0;0;523654,657550000236370;5408779,516449999995530;9,322319614000037;48,831542454000044;2
08250610212010162840;08;2;15;089;2025;06;18;3;2;6;3;0;0;1;0;1;0;0;0;470189,139108780014794;5428739,771066240034997;8,592338913000049;49,010830148000082;2
08250610222400095630;08;2;26;038;2025;06;19;3;3;0;7;0;0;1;0;0;0;0;0;471352,798776537179947;5479820,640475511550903;8,604600138000023;49,470359083000062;2
08250610231000123040;08;2;37;040;2025;06;16;3;3;0;3;0;0;1;0;0;0;0;0;474702,397358722926583;5371330,811709804460406;8,657583653000074;48,494589774000076;2
08250610335100095490;08;3;35;066;2025;06;11;3;2;0;7;0;0;1;0;0;0;0;0;505735,107656800129917;5281673,734188166446984;9,076423723000062;47,688425038000048;2
08250610426100098490;08;4;26;128;2025;06;18;3;3;3;6;0;0;1;0;0;0;0;0;559927,498352711787447;5332040,445007260888815;9,805531975000065;48,138793131000057;2
08250611115100146750;08;1;15;051;2025;06;13;4;3;0;7;0;0;1;0;0;0;0;0;502540,604336493881419;5386050,083359887823462;9,034478610000065;48,627512967000030;2
08250611116300406670;08;1;16;077;2025;06;17;4;3;0;1;0;0;1;0;0;0;0;0;517965,755001305602491;5393176,028808129020035;9,244121978000067;48,691365568000037;2
08250611222800165600;08;2;22;000;2025;06;20;4;3;5;3;0;0;1;0;0;1;0;0;462439,351789922919124;5487006,502009454183280;8,480894627000055;49,534506080000028;2
08250611311000165870;08;3;15;052;2025;06;16;4;3;0;7;0;0;1;0;0;0;0;1;428754,208127168763895;5303980,252934744581580;8,047012992000020;47,885199108000052;2
08250611325102125450;08;3;25;045;2025;06;18;4;3;0;7;0;0;1;0;0;0;0;0;470517,932944736909121;5346385,584504341706634;8,602696392000041;48,269990896000081;2
08250611326000097770;08;3;35;066;2025;06;14;4;3;0;1;0;0;1;0;0;0;0;0;505343,060450114193372;5282365,766427639871836;9,071207941000068;47,694655074000082;2
08250611335100098010;08;3;35;043;2025;06;16;4;3;0;1;0;0;1;0;0;0;0;0;511000,082020157948136;5287999,939113116823137;9,146742190000055;47,745277548000047;2
08250611335100113990;08;3;35;043;2025;06;17;4;3;0;1;0;0;1;0;0;0;0;0;515431,489890549390111;5279434,514524093829095;9,205554047000021;47,668118551000077;2
08250611437000101990;08;4;37;104;2025;06;15;4;1;4;6;0;0;1;0;0;0;0;1;509603,388209381024353;5325398,557951882481575;9,128943453000034;48,081786481000051;2
08250612111500102810;08;1;11;000;2025;06;17;5;2;4;2;0;0;1;0;0;0;0;0;515637,697192232648376;5405197,848869694396853;9,212944571000037;48,799575990000051;2
08250612115200104080;08;1;15;021;2025;06;15;5;2;0;7;0;0;1;0;0;0;0;0;492031,768969386699609;5383573,664351055398583;8,891910580000058;48,605188997000027;2
08250612121100104890;08;1;25;049;2025;06;16;5;3;0;1;0;0;1;0;0;0;0;0;499029,316555528610479;5447267,455995745956898;8,986681294000050;49,178214696000055;2
08250612121200127860;08;1;21;000;2025;06;18;5;2;0;7;0;0;1;0;0;0;0;0;517874,838780185848009;5440179,217735187150538;9,244944242000031;49,114194172000055;2
08250612121600106520;08;1;25;046;2025;06;13;5;3;5;3;0;0;1;1;0;0;0;0;519758,649556527612731;5434773,599268388934433;9,270494089000067;49,065510951000078;2
08250612121600114730;08;1;25;110;2025;06;09;5;3;0;7;0;0;1;0;0;0;0;0;529260,071062969276682;5443500,603074658662081;9,401197236000030;49,143634259000066;2
08250612231000131520;08;2;37;028;2025;06;15;5;1;5;7;0;0;1;0;0;0;0;1;458439,821160602441523;5368210,791226559318602;8,437780281000073;48,465656822000028;2
08250612311500103860;08;3;15;113;2025;06;18;5;3;5;3;0;0;1;1;0;0;0;0;439432,608363604580518;5308194,165058540180326;8,189239860000043;47,924205862000065;2
08250612335100103810;08;3;35;043;2025;06;16;5;3;0;1;0;0;1;0;0;0;0;0;514341,395472134929150;5281592,421522662974894;9,191104496000037;47,687559726000075;2
08250612335100104960;08;3;35;002;2025;06;15;5;3;3;6;0;0;1;0;0;0;0;0;506698,844119378947653;5284020,850484363734722;9,089302124000028;47,709534298000051;2
08250612335100115740;08;3;35;043;2025;06;09;5;3;0;1;0;0;1;0;0;0;0;0;513068,121321900282055;5279451,165435386821628;9,174073628000031;47,668320449000078;2
08250612415200132010;08;4;15;093;2025;06;17;5;2;4;6;0;0;1;0;0;0;0;1;525016,745706547750160;5365894,096427278593183;9,338289610000061;48,445690748000061;2
08250613115100117520;08;1;15;024;2025;06;06;6;3;0;7;0;0;1;0;0;0;0;1;501845,144207598874345;5387599,705577686429024;9,025047403000030;48,641456099000038;2
08250613118010137720;08;1;15;045;2025;06;07;6;2;4;6;0;0;1;1;0;0;0;0;498660,055317594727967;5395389,771830891259015;8,981785315000025;48,711537784000029;2
08250613118300127930;08;1;18;046;2025;06;22;6;3;0;7;2;0;1;0;0;0;0;0;514365,133071148768067;5411790,945332346484065;9,195846692000032;48,858917086000076;2
08250613119400105280;08;1;19;079;2025;06;18;6;3;0;1;0;0;1;0;0;0;0;0;522817,071465719025582;5411505,423198154196143;9,311058627000023;48,856095314000072;2
08250613119400133060;08;1;19;079;2025;06;10;6;3;6;6;0;0;1;0;1;0;0;0;524740,439212964847684;5407635,102455028332770;9,337045222000029;48,821205299000042;2
08250613136100105610;08;1;36;082;2025;06;14;6;3;0;7;0;0;1;0;0;0;0;0;585847,318675723392516;5415814,762875242158771;10,171117711000022;48,889333998000041;2
08250613226600104850;08;2;26;040;2025;06;20;6;3;4;6;0;0;1;0;0;0;0;0;474238,900830598722678;5494133,415914513170719;8,643499235000036;49,599226161000047;2
08250613311010119050;08;3;11;000;2025;06;20;6;2;5;3;0;0;1;0;0;1;0;0;410550,789891065913253;5317151,287113842554390;7,800835209000070;48,001397914000052;2
08250614119100109000;08;1;19;089;2025;06;18;7;3;0;7;0;0;1;0;0;0;0;0;533345,051418327260762;5414532,800639805383980;9,454826358000048;48,882851681000034;2
08250614135100140590;08;1;35;021;2025;06;15;7;3;3;6;0;0;1;0;0;0;0;0;592022,598620942560956;5384963,210611495189369;10,248445563000075;48,610973289000071;2
08250614231402124390;08;2;31;000;2025;06;15;7;3;0;1;0;0;1;0;0;0;0;0;478356,451575947634410;5413571,616561206057668;8,704830158000050;48,874724237000066;2
08250614317000146520;08;3;17;113;2025;06;22;7;3;0;1;2;0;1;0;0;0;0;0;408485,933630411745980;5344866,457567242905498;7,767207843000051;48,250401225000076;2
08250614317100108030;08;3;17;067;2025;06;12;7;2;0;1;0;0;1;0;0;0;0;0;435517,118216382572427;5377397,330922964029014;8,126296926000066;48,546360547000063;2
08250614437200137610;08;4;37;005;2025;06;15;7;3;0;7;0;0;1;0;0;0;0;0;496839,638509852578864;5320323,689299425110221;8,957603689000052;48,036191930000030;2
08250615111500139250;08;1;11;000;2025;06;13;1;2;0;7;0;0;1;0;1;0;0;0;513514,860541206959169;5398308,206330254673958;9,183810897000058;48,737647005000042;2
08250615119300168990;08;1;19;086;2025;06;12;1;3;8;7;0;1;1;0;0;0;0;0;536360,562536133336835;5406157,997283680364490;9,495212999000046;48,807346386000063;2
08250615119400126110;08;1;19;079;2025;06;14;1;3;0;7;0;0;1;0;0;0;0;0;523481,809172157431021;5413671,449423207901418;9,320244967000065;48,875555403000078;2
08250615119400143630;08;1;19;079;2025;06;14;1;2;0;1;0;1;1;0;0;0;0;0;521306,138107254519127;5408045,882173736579716;9,290280893000045;48,825027875000046;2
08250615121100143400;08;1;25;006;2025;06;12;1;3;0;7;0;0;1;0;0;0;0;0;511195,421802669588942;5456369,898495968431234;9,153865587000041;49,259991969000055;2
08250615121200110370;08;1;21;000;2025;06;17;1;3;0;7;0;0;1;0;0;0;0;0;512861,124153787270188;5440674,313802041113377;9,176256003000049;49,118773079000050;2
08250615136000140020;08;1;36;065;2025;06;11;1;3;5;2;0;0;1;1;0;0;0;0;556471,044542314019054;5403972,577668912708759;9,768786232000025;48,786186302000033;2
08250615226700113020;08;2;26;076;2025;06;09;1;3;5;3;0;0;1;1;0;0;0;0;474657,872824242222123;5466457,499988467432559;8,651070092000055;49,350307157000032;2
08250615337400131760;08;3;37;096;2025;06;10;1;2;0;7;0;0;1;0;0;0;0;0;421713,425300000235438;5269283,244000000879169;7,959089303000042;47,572240495000074;2
08250615421200171700;08;4;21;000;2025;06;01;1;3;4;6;2;0;1;0;0;0;0;0;574032,839874333469197;5360975,331988999620080;10,000172194000072;48,397588963000032;2
08250615436400141570;08;4;36;047;2025;06;18;1;3;0;1;0;0;1;0;0;0;0;0;534198,046551088569686;5309086,294394614174962;9,457864895000057;47,934181856000066;2
08250616121200123490;08;1;21;000;2025;06;20;2;2;0;7;1;1;1;0;0;0;0;0;518552,488861240039114;5443904,069635981693864;9,254401573000052;49,147680342000058;2
08250616126200129410;08;1;26;066;2025;06;14;2;2;0;1;0;1;1;0;0;0;0;0;533916,599482226883993;5449995,487199193798006;9,465590389000056;49,201816571000052;2
08250616126200143130;08;1;26;066;2025;06;22;2;3;0;7;2;0;1;0;1;0;0;0;536568,749453921336681;5449603,119144960306585;9,501960665000070;49,198134744000072;2
08250616212010118500;08;2;15;017;2025;06;12;2;2;0;7;0;0;1;0;0;0;0;0;457582,221192931348924;5420650,896417944692075;8,420791781000048;48,937331290000031;2
08250616226700129170;08;2;26;041;2025;06;15;2;3;5;3;0;0;1;0;0;0;0;1;476790,540056877071038;5466887,495396354235709;8,680408738000040;49,354259841000044;2
08250616311010127430;08;3;11;000;2025;06;14;2;3;5;3;0;0;1;0;0;0;0;0;412478,567088829760905;5315651,571626522578299;7,826979348000066;47,988174364000031;2
08250616311010140130;08;3;11;000;2025;06;04;2;3;7;7;2;1;1;0;0;0;0;1;408748,471468437579460;5314968,834114181809127;7,777142757000036;47,981511686000033;2
08250617116400161840;08;1;16;016;2025;06;19;3;3;0;1;0;0;1;0;0;0;0;0;533580,019315125420690;5384664,620660351589322;9,455595704000075;48,614153072000079;2
08250617127100115360;08;1;27;043;2025;06;12;3;3;8;7;0;0;1;0;0;0;0;0;565502,586223019519821;5445917,280731216073036;9,898480431000053;49,162574764000055;2
08250617136100127960;08;1;36;065;2025;06;16;3;3;0;7;0;0;1;0;0;0;0;0;559757,573290708591230;5405617,782378732226789;9,813763153000025;48,800677875000076;2
08250618118010154810;08;1;18;079;2025;06;14;4;3;4;2;0;0;1;1;0;0;0;0;508520,015643664053641;5420494,979842487722635;9,116339223000068;48,937324288000070;2
08250618136000130050;08;1;36;042;2025;06;09;4;3;0;7;0;0;1;0;0;0;0;0;546730,531903517199680;5404032,925711728632450;9,636197010000046;48,787537326000063;2
08250618136200171030;08;1;36;089;2025;06;13;4;2;3;2;0;0;1;0;0;0;0;0;582277,063111784169450;5422193,788975823670626;10,123709139000027;48,947191349000036;2
08250618226200187800;08;2;26;068;2025;06;07;4;2;0;7;0;0;1;0;0;0;0;1;468389,487734054506291;5461321,523653198033571;8,565171532000022;49,303817104000075;2
08250618226500208770;08;2;26;085;2025;06;21;4;3;0;7;1;0;1;0;0;0;0;0;485335,878470398252830;5454910,975491652265191;8,798515625000050;49,246795395000049;2
08250618231202150110;08;2;36;043;2025;06;08;4;2;0;7;0;0;1;0;0;0;0;0;469640,925459923397284;5411692,333023780956864;8,586111993000031;48,857453461000034;2
08250618325302131580;08;3;25;053;2025;06;17;4;3;0;1;0;0;1;0;0;0;0;0;455375,593467926722951;5341427,547020188532770;8,399168924000037;48,224500869000053;2
08250618335100118600;08;3;35;066;2025;06;18;4;3;0;7;0;0;1;0;0;0;0;0;505127,235508824407589;5281942,515553056262434;9,068326629000069;47,690848554000070;2
08250618416010165910;08;4;15;050;2025;06;15;4;2;0;1;0;0;1;0;0;0;0;0;523090,648888969561085;5378369,222641040571034;9,312934416000076;48,557993891000081;2
08250618417000142370;08;4;17;002;2025;06;17;4;3;0;1;0;0;1;0;0;0;0;0;491750,909902110171970;5342567,812388269230723;8,888907495000069;48,236275858000056;2
08250618435200121520;08;4;35;053;2025;06;14;4;2;4;6;0;0;1;0;0;0;0;0;508584,745736363809556;5292775,347377849742770;9,114615795000077;47,788281133000055;2
08250618437200134160;08;4;37;065;2025;06;18;4;3;0;7;0;0;1;0;0;0;0;0;517322,816541402193252;5318378,822755363769829;9,232306317000052;48,018466635000038;2
08250619119100136280;08;1;19;003;2025;06;11;5;2;0;7;0;0;1;0;0;0;0;0;534722,882497996208258;5418242,493527466431260;9,473934708000058;48,916146443000059;2
08250619121100180370;08;1;25;006;2025;06;21;5;3;0;7;1;0;1;0;0;0;0;0;507859,952218558522873;5454090,390399746596813;9,107979547000070;49,239539270000080;2
08250619127100121300;08;1;27;076;2025;06;20;5;2;0;1;0;0;1;0;0;0;0;0;550290,968379000900313;5444896,570686135441065;9,689717736000034;49,154828664000036;2
08250619128300134870;08;1;28;131;2025;06;11;5;3;0;1;0;0;1;0;0;0;0;0;536967,358732781140134;5512447,069945407100022;9,513306700000044;49,763361186000054;2
08250619135200122060;08;1;35;032;2025;06;16;5;3;4;6;0;0;1;0;0;0;0;1;577662,012677468475886;5393180,851457946002483;10,055198203000032;48,686835082000073;2
08250619135200122220;08;1;35;025;2025;06;16;5;2;0;1;0;0;1;0;0;0;0;0;583105,268074168357998;5401316,967407396994531;10,130781004000028;48,759312684000065;2
08250619135200151650;08;1;35;019;2025;06;18;5;3;0;1;0;0;1;0;0;0;0;0;585294,220999999903142;5393266,274000000208616;10,158893938000062;48,686607028000026;2
08250619136200140150;08;1;36;010;2025;06;16;5;2;0;1;0;0;1;0;0;0;0;0;597337,904749087872915;5414276,952911294996738;10,327463218000048;48,873805654000080;2
08250619136200176660;08;1;36;019;2025;06;12;5;2;0;7;0;0;1;0;0;0;0;0;591901,411456066649407;5425437,449402286671102;10,255855897000060;48,975008029000037;2
08250619215402135610;08;2;15;009;2025;06;13;5;3;0;1;0;0;1;0;0;0;0;0;469084,922398043563589;5439773,365497616119683;8,576396605000070;49,110026043000062;2
08250619222400180320;08;2;26;038;2025;06;09;5;3;6;4;0;0;1;0;1;0;0;0;470612,406300412898418;5481219,748815841041505;8,594277273000046;49,482908182000074;2
08250619311010120860;08;3;11;000;2025;06;13;5;3;5;3;0;0;1;1;0;0;0;0;413549,628759605460800;5316425,975930392742157;7,841175403000022;47,995286089000047;2
08250619311010133470;08;3;15;084;2025;06;09;5;3;0;7;0;0;1;0;0;0;0;0;420078,223638838913757;5305499,967828816734254;7,930700960000024;47,897848437000050;2
08250619311100138120;08;3;16;012;2025;06;19;5;3;5;3;0;0;1;1;0;0;0;0;399060,771474430919625;5329709,559790954925120;7,643877355000029;48,112643306000052;2
08250619335100120980;08;3;35;043;2025;06;14;5;3;0;1;0;0;1;0;0;0;0;0;513094,435631346190348;5279522,527187152765691;9,174426284000049;47,668962007000061;2
08250619416010134190;08;4;15;050;2025;06;12;5;2;9;1;0;0;1;0;0;0;0;0;521367,972593398357276;5378377,448167745023966;9,289588711000022;48,558128974000056;2
08250619416200121530;08;4;16;041;2025;06;10;5;3;0;7;0;0;1;0;0;0;0;0;506346,658115549595095;5378224,108860359527171;9,086011048000046;48,557081531000051;2
08250619417100144450;08;4;17;063;2025;06;19;5;3;0;1;0;0;1;0;0;0;0;0;507168,460608877474442;5333602,038085067644715;9,096388011000045;48,155625126000075;2
08250619435200122450;08;4;35;053;2025;06;14;5;3;7;7;0;0;1;0;0;0;0;0;507168,453293139638845;5293548,795290870591998;9,095719542000040;47,795257556000081;2
08250620116500154610;08;1;16;041;2025;06;15;6;3;0;1;0;0;1;0;0;0;0;0;520010,464751501916908;5383725,751675736159086;9,271448872000065;48,606288028000051;2
08250620121200137780;08;1;21;000;2025;06;12;6;2;4;6;0;0;1;0;0;0;0;0;514535,500260847969912;5441815,582525203004479;9,199243573000047;49,129001899000059;2
08250620135010160190;08;1;35;019;2025;06;07;6;1;0;1;0;0;1;0;0;0;0;0;586249,316586485481821;5393481,268279947340488;10,171912894000059;48,688409478000040;2
08250620136100154420;08;1;36;033;2025;06;18;6;2;8;1;0;0;1;0;0;0;0;0;578904,458768553216942;5416844,235797671601176;10,076621226000043;48,899516180000035;2
08250620212010154770;08;2;12;000;2025;06;11;6;3;0;7;0;0;1;0;0;0;0;0;460235,355532078596298;5425256,422020300291479;8,456568291000053;48,978935495000030;2
08250620216300183150;08;2;16;013;2025;06;16;6;3;0;1;0;0;1;0;0;0;0;0;449425,122459548059851;5393567,373978340998292;8,312753907000058;48,693095014000050;2
08250620226700138450;08;2;26;060;2025;06;20;6;3;0;7;1;0;1;0;0;0;0;0;477170,275839356065262;5464587,293193245306611;8,685769347000075;49,333583992000058;2
08250620311400140310;08;3;15;074;2025;06;08;6;2;5;3;0;0;1;0;0;0;1;0;398372,763794219063129;5298648,824971604160964;7,641983065000034;47,833152322000046;2
08250620337100181050;08;3;37;096;2025;06;19;6;2;8;1;0;0;1;0;0;0;0;0;420245,665158637624700;5268858,182260297238827;7,939654342000040;47,568237754000052;2
08250620425000159400;08;4;25;033;2025;06;19;6;3;0;1;0;0;1;0;0;0;0;0;554004,300841483636759;5348453,726348942145705;9,728010844000039;48,286979500000029;2
08250621111500142530;08;1;11;000;2025;06;18;7;3;4;6;0;0;1;0;0;0;0;0;513493,774673708889168;5402964,082738440483809;9,183676760000026;48,779531488000032;2
08250621115100158210;08;1;15;003;2025;06;15;7;3;5;3;0;0;1;0;0;0;0;1;499784,594116856285837;5392924,114036725834012;8,997073143000023;48,689357916000063;2
08250621135200138810;08;1;35;025;2025;06;11;7;3;0;1;0;0;1;0;0;0;0;0;584085,015414003049955;5400977,670844559557736;10,144039975000055;48,756129420000036;2
08250621136000158920;08;1;36;065;2025;06;11;7;2;7;7;0;0;1;0;0;0;0;0;555268,504652417497709;5400201,678555126301944;9,751909921000049;48,752374330000066;2
08250621136100126600;08;1;36;002;2025;06;11;7;3;0;7;0;0;1;0;0;0;0;0;575720,765019351383671;5416214,312522342428565;10,033071712000037;48,894247785000061;2
08250621212010126870;08;2;12;000;2025;06;17;7;3;0;3;0;0;1;0;0;0;0;0;452268,850599265540950;5428069,936398088000715;8,347372708000023;49,003679016000035;2
08250621212010154550;08;2;12;000;2025;06;09;7;2;5;2;0;0;1;1;0;0;0;0;454956,186979283345863;5427514,567467763088644;8,384175926000069;48,998885392000034;2
08250621231000166460;08;2;31;000;2025;06;12;7;3;6;6;0;0;1;0;1;0;0;0;480060,758188375039026;5416038,343084132298827;8,727952482000035;48,896971307000058;2
08250621317000135140;08;3;17;114;2025;06;19;7;3;5;3;0;0;1;1;0;0;0;0;404900,802271700929850;5345431,232798786833882;7,718797683000048;48,254953254000043;2
08250621317000163250;08;3;17;057;2025;06;16;7;2;8;1;0;0;1;0;0;0;0;0;413175,089952042850200;5381556,451088631525636;7,822766306000062;48,581074470000033;2
08250621425000127140;08;4;25;071;2025;06;16;7;3;8;1;0;0;1;0;0;0;0;0;548320,854278738144785;5370712,428304456174374;9,653960514000062;48,487678097000071;2
08250621426000157450;08;4;25;039;2025;06;21;7;3;6;1;0;0;1;0;1;0;0;0;567277,007824188796803;5351510,854122492484748;9,907401297000035;48,313208434000046;2
08250622115300174280;08;1;15;028;2025;06;16;1;3;0;7;0;0;1;0;0;0;0;0;499286,703329749230761;5403475,528055514208972;8,990289718000042;48,784278374000053;2
08250622116200160280;08;1;16;063;2025;06;11;1;3;0;1;0;0;1;0;0;0;0;0;515690,041504443855956;5384259,104446949437261;9,212861481000061;48,611209386000041;2
08250622118010137580;08;1;18;073;2025;06;12;1;3;0;7;0;0;1;0;0;0;0;0;493939,862752930028364;5420047,108427126891911;8,917256572000042;48,933324355000082;2
08250622119100182440;08;1;19;004;2025;06;21;1;3;0;7;1;0;1;0;0;0;0;0;542030,113804006716236;5417970,217425956390798;9,573638727000059;48,913244285000076;2
08250622119300127820;08;1;19;055;2025;06;12;1;2;0;7;0;0;1;0;0;0;0;0;546278,633316973573528;5409869,272929880768061;9,630703404000030;48,840071182000031;2
08250622121100147920;08;1;25;006;2025;06;13;1;3;0;7;0;0;1;0;0;0;0;0;511270,690198696043808;5456205,786706049926579;9,154895424000074;49,258514372000036;2
08250622135200144510;08;1;35;019;2025;06;10;1;3;0;1;0;0;1;0;0;0;0;0;584354,214055013144389;5391272,839435566216707;10,145718012000032;48,668805194000072;2
08250622335200129100;08;3;35;063;2025;06;11;1;3;0;1;0;0;1;0;0;0;0;0;500574,014887287805323;5289139,470549012534320;9,007658933000073;47,755624128000079;2
08250622337400154060;08;3;37;124;2025;06;12;1;2;0;1;0;0;1;0;0;0;0;0;454147,783646971802227;5283445,820722642354667;8,388823297000044;47,702767536000067;2
08250623111230133460;08;1;11;000;2025;06;07;2;3;0;1;0;0;1;0;0;0;0;0;513541,408310336642899;5400723,053804868832231;9,184251368000048;48,759370310000065;2
08250623116400183120;08;1;16;079;2025;06;11;2;2;0;1;0;0;1;0;0;0;0;0;533395,360099356039427;5380436,666260414756835;9,452750449000064;48,576128404000031;2
08250623118400152930;08;1;18;048;2025;06;16;2;3;0;7;0;0;1;1;0;0;0;0;510887,656985872250516;5418154,076080293394625;9,148606323000024;48,916229080000051;2
08250623231000166570;08;2;36;075;2025;06;10;2;2;3;6;0;0;1;0;0;0;0;0;482512,151881194207817;5422148,309130938723683;8,761136554000075;48,952008513000067;2
08250623311010150210;08;3;11;000;2025;06;19;2;3;4;6;0;0;1;0;0;0;0;1;409497,667120564728975;5314118,979013001546264;7,787359402000050;47,973973501000046;2
08250624215000174350;08;2;12;000;2025;06;21;3;3;7;7;1;0;1;0;0;0;0;0;457444,587946507497691;5425683,036425730213523;8,418386432000034;48,982587022000075;2
08250624226600178530;08;2;26;031;2025;06;14;3;2;4;7;0;0;1;0;0;0;0;1;474812,223202928318642;5493360,934005087241530;8,651482646000034;49,592302222000058;2
08250624311010176540;08;3;11;000;2025;06;18;3;3;4;6;0;0;1;0;0;0;0;0;410610,848697876092046;5317407,892659150995314;7,801586711000027;48,003714537000064;2
08250624417100187340;08;4;17;079;2025;06;16;3;3;5;3;0;0;1;0;0;0;0;0;497060,430151950742584;5340190,785493189468980;8,960428552000053;48,214937003000045;2
08250625116000138840;08;4;15;073;2025;06;08;4;3;0;1;0;0;1;0;0;0;0;0;515982,557670165551826;5347754,105080525390804;9,215436377000060;48,282787667000036;2
08250625116200143310;08;1;16;077;2025;06;13;4;3;4;6;0;0;1;0;0;0;0;0;516218,829327956540510;5391071,230174578726292;9,220302032000063;48,672478549000061;2
08250625136200168190;08;1;36;010;2025;06;22;4;3;0;7;1;0;1;0;0;0;0;0;602222,946689693257213;5410727,783886399120092;10,393177529000070;48,841101261000063;2
08250625136200185060;08;1;36;019;2025;06;05;4;3;5;2;0;0;1;1;0;0;0;1;585540,416170076583512;5423622,887912915088236;10,168569469000033;48,959601653000050;2
08250625212010172430;08;2;12;000;2025;06;13;4;3;4;6;0;0;1;0;0;0;0;0;452714,161941949743778;5428231,575182822532952;8,353442211000072;49,005167239000059;2
08250625311010146040;08;3;36;050;2025;06;07;4;3;0;6;0;0;1;0;0;0;0;0;399348,579459373315331;5275016,142588701099157;7,660481414000060;47,620726405000028;2
08250625335300178470;08;3;35;081;2025;06;05;4;3;0;1;2;0;1;0;0;0;0;0;488562,915839342225809;5296562,538964691571891;8,847202572000072;47,822311903000070;2
08250625336300142900;08;3;36;081;2025;06;16;4;2;0;1;0;0;1;0;0;0;0;0;412095,585337628261186;5279051,021958049386740;7,829274980000037;47,658878938000043;2
08250625415100184400;08;4;15;050;2025;06;10;4;2;5;3;0;0;1;0;0;0;0;1;520597,296907562704291;5377093,929995208047330;9,279080778000036;48,546607968000046;2
08250625415300183420;08;4;15;059;2025;06;13;4;3;5;3;0;0;1;0;0;0;0;0;517085,632804918452166;5367154,723608567379415;9,231093500000043;48,457297143000062;2
08250625416010148090;08;4;16;041;2025;06;08;4;3;3;1;0;0;1;0;0;0;0;1;502832,873378688353114;5372403,430409545078874;9,038352061000069;48,504742392000026;2
08250625417200406740;08;4;17;022;2025;06;08;4;3;0;1;0;0;1;0;0;0;0;0;483172,452863306272775;5345390,827258082106709;8,773267786000076;48,261504091000063;2
08250626116200185170;08;1;16;080;2025;06;09;5;3;0;1;0;0;1;0;0;0;0;0;518985,360689395864028;5396562,014387489296496;9,258132165000063;48,721795655000051;2
08250626116300171870;08;1;16;078;2025;06;16;5;3;5;3;0;0;1;0;0;0;0;1;514501,100066438433714;5393337,868393835611641;9,197049618000051;48,692911620000075;2
08250626119100161960;08;1;19;008;2025;06;18;5;3;0;7;0;0;1;0;0;0;0;0;533873,882015200564638;5422780,474714174866676;9,462724205000029;48,957014535000042;2
08250626336300172890;08;3;36;079;2025;06;18;5;3;0;1;0;0;1;0;0;0;0;0;417977,087530708231498;5294392,369212978519499;7,904700481000020;47,797661754000046;2
08250627116000157990;08;4;16;015;2025;06;08;6;3;8;6;0;0;1;1;0;0;0;0;508320,102361751778517;5368393,329960460774601;9,112559407000049;48,468617186000074;2
08250627119100172720;08;1;19;008;2025;06;13;6;3;4;6;0;0;1;0;0;0;0;0;532769,450952003477141;5419783,541299669072032;9,447396890000050;48,930115359000069;2
08250627121400149340;08;1;25;038;2025;06;14;6;3;0;1;0;0;1;0;0;0;0;0;500855,754821576236282;5434485,068205570802093;9,011714662000031;49,063231828000028;2
08250627121600149250;08;1;25;008;2025;06;16;6;3;0;7;0;0;1;0;0;0;0;0;527417,036453394452110;5433186,477182508446276;9,375227188000054;49,050940944000047;2
08250627212010173960;08;2;12;000;2025;06;19;6;3;5;3;0;0;1;0;0;0;0;1;460596,595543593983166;5432314,449770128354430;8,460819691000040;49,042447025000058;2
08250627215402146470;08;2;15;009;2025;06;09;6;3;0;7;0;0;1;0;0;0;0;0;474130,936273196304683;5438189,544059314765036;8,645637837000038;49,096012111000050;2
08250627215502175080;08;2;15;106;2025;06;12;6;3;0;7;0;1;1;0;0;0;0;0;466017,732335405773483;5454605,271282259374857;8,533117708000077;49,243277800000044;2
08250627225100173950;08;2;25;116;2025;06;14;6;3;0;1;0;1;1;0;0;0;0;0;497750,376324934419245;5470753,821962883695960;8,969000860000051;49,389475211000047;2
08250627225200185840;08;2;25;109;2025;06;18;6;3;0;1;0;1;1;0;0;0;0;0;522236,288225563883316;5493033,354213617742062;9,307660429000066;49,589471542000069;2
08250627235100162480;08;2;35;008;2025;06;09;6;3;0;7;0;0;1;1;0;0;0;0;482914,259832153678872;5401365,150310846976936;8,767496340000037;48,765059365000070;2
08250627237100174860;08;2;37;028;2025;06;16;6;3;5;3;0;0;1;0;0;0;0;1;456385,388282584724948;5368898,737539235502481;8,409917978000067;48,471706455000060;2
08250627311400149320;08;3;15;004;2025;06;15;6;2;4;6;0;0;1;0;0;0;0;0;394568,335581669351086;5294051,546478801406920;7,592279341000051;47,791188362000071;2