UIDENTSTLAE;ULAND;UREGBEZ;UKREIS;UGEMEINDE;UJAHR;UMONAT;USTUNDE;UWOCHENTAG;UKATEGORIE;UART;UTYP1;ULICHTVERH;IstStrassenzustand;IstRad;IstPKW;IstFuss;IstKrad;IstGkfz;IstSonstige;LINREFX;LINREFY;XGCSWGS84;YGCSWGS84;PLST
08250627316200175250;08;3;16;009;2025;06;14;6;3;5;3;0;0;1;0;0;0;0;0;415362,867218884872273;5325640,463117207400501;7,863654579000070;48,078416321000077;2
08250627317010154640;08;3;17;057;2025;06;23;6;3;4;6;2;0;1;0;0;0;0;1;411835,960834696365055;5380581,464439625851810;7,804820287000041;48,572118089000071;2
08250627335100147980;08;3;35;043;2025;06;17;6;3;0;1;0;0;1;0;0;0;0;0;512025,383908833260648;5282605,353789197281003;9,160270828000023;47,696720971000047;2
08250627415100173210;08;4;15;062;2025;06;21;6;2;0;1;0;0;1;0;0;0;0;0;519712,347375506244134;5378745,652927457354963;9,267168615000060;48,561495667000031;2
08250628118010174990;08;1;18;050;2025;06;21;7;3;9;1;1;0;1;0;0;0;0;0;507519,113707159995101;5416455,535555555485189;9,102597668000044;48,900999519000038;2
08250628119200172710;08;1;19;091;2025;06;23;7;3;0;7;2;0;1;0;0;0;0;0;526832,677934795385227;5407956,922232074663043;9,365568788000076;48,824013439000055;2
08250628119300167410;08;1;19;084;2025;06;17;7;3;0;7;0;0;1;0;0;0;0;0;547058,133218266069889;5417074,022398878820240;9,642154955000024;48,904821114000072;2
08250628311400165110;08;3;15;074;2025;06;22;7;2;4;6;2;0;1;0;0;0;0;0;396906,639452687173616;5292191,036489305086434;7,623932708000041;47,774831803000041;2
08250628437100176900;08;4;37;056;2025;06;04;7;3;0;1;2;0;1;0;0;0;0;0;527242,916031850618310;5300143,148774563334882;9,364182805000041;47,854052330000059;2
08250629116200181220;08;1;16;080;2025;06;07;1;2;0;1;0;0;1;0;0;0;0;0;520191,702312398585491;5396699,588068291544914;9,274540588000036;48,722995350000076;2
08250629118600308990;08;1;18;073;2025;06;14;1;3;4;6;0;0;1;0;0;0;0;0;497048,629602665198036;5421755,667677675373852;8,959690417000047;48,948716693000051;2
08250629127100151680;08;1;27;052;2025;06;14;1;3;0;7;0;0;1;0;0;0;0;0;537205,433757303282619;5437177,350828600116074;9,509552499000051;49,086326189000033;2
08250629127100151880;08;1;27;025;2025;06;18;1;3;0;7;0;0;1;0;0;0;0;0;558192,238745445618406;5429122,405733708292246;9,795799320000071;49,012248072000034;2
08250629226200174760;08;2;26;003;2025;06;09;1;3;5;3;0;0;1;1;0;0;0;0;465894,919914512080140;5459334,508600386790931;8,531027471000073;49,285809989000029;2
08250629311010161400;08;3;15;098;2025;06;00;1;3;8;1;2;0;1;0;0;0;0;0;407601,492490685661323;5311932,142792296595871;7,762428669000030;47,954031591000046;2
08250629311010174640;08;3;11;000;2025;06;21;1;3;0;1;0;0;1;0;0;0;0;0;413891,985597317689098;5316387,072310651652515;7,845771367000054;47,994982336000078;2
08250629435200167040;08;4;35;034;2025;06;15;1;3;8;6;0;0;1;0;0;0;0;1;527741,123800241039135;5285395,240863795392215;9,369899995000026;47,721339168000043;2
08250630116500405790;08;1;16;073;2025;06;18;2;3;3;6;0;0;1;1;0;0;0;0;520063,488162207999267;5388800,794824987649918;9,272413782000058;48,651941909000072;2
08250630118010181830;08;1;18;011;2025;06;07;2;3;0;7;0;0;1;0;0;0;0;1;504167,929643866606057;5409515,997784679755569;9,056800374000034;48,838604327000041;2
08250630221011176630;08;2;21;000;2025;06;07;2;3;5;3;0;0;1;0;0;0;0;0;476909,276056945789605;5470906,806516518816352;8,681810420000033;49,390417630000059;2
08250630436000175960;08;4;36;047;2025;06;17;2;2;8;6;0;0;1;0;0;0;0;0;534581,558752445969731;5309391,760723132640123;9,463023960000044;47,936909550000053;2
08250701117400252030;08;1;17;018;2025;07;19;3;3;0;6;0;0;1;0;0;0;0;0;539068,492640042910352;5394155,825708715245128;9,530953153000041;48,699215124000034;2
08250701118010204560;08;1;15;015;2025;07;13;3;2;0;1;0;1;1;0;0;0;0;0;494809,443328316090629;5385148,065134501084685;8,929570126000044;48,619381849000035;2
08250701118600281760;08;1;18;068;2025;07;12;3;3;0;7;0;0;1;0;0;0;0;1;500685,874629476224072;5421902,205563976429403;9,009367869000073;48,950041566000039;2
08250701119400200900;08;1;19;079;2025;07;18;3;3;4;6;0;0;1;0;0;0;0;0;521643,553357074502856;5408832,998345049098134;9,294919423000067;48,832096920000026;2
08250701128200192770;08;1;28;014;2025;07;12;3;3;0;6;0;0;1;1;0;0;0;0;549259,692809688742273;5483947,219138859771192;9,680399046000048;49,506152101000055;2
08250701311100244340;08;3;15;059;2025;07;19;3;3;4;6;1;0;1;0;0;0;0;0;397324,922400712093804;5321456,015655615366995;7,622546325000030;48,038129595000044;2
08250701416200223020;08;4;16;041;2025;07;20;3;3;0;1;0;0;1;0;0;0;0;0;503291,167447665880900;5373429,841274181380868;9,044564640000033;48,513974144000031;2
08250702116400192120;08;1;16;033;2025;07;08;4;2;0;1;0;0;1;0;0;0;0;0;532817,608071542577818;5387898,049470647238195;9,445508028000063;48,643281215000059;2
08250702117100191580;08;1;17;026;2025;07;06;4;3;4;6;0;0;1;0;0;0;0;0;549530,488899786840193;5392453,030176341533661;9,672921677000033;48,683154731000059;2
08250702118600191490;08;1;18;059;2025;07;07;4;3;4;6;0;0;1;0;0;0;0;0;501647,301253406214528;5420132,415440699085593;9,022492150000062;48,934119239000040;2
08250702119400201430;08;1;19;091;2025;07;18;4;3;0;1;0;0;1;0;0;0;0;0;529871,235945666558109;5408320,326286604627967;9,406991581000057;48,827143796000030;2
08250702121600212860;08;1;25;110;2025;07;09;4;2;3;6;0;0;1;0;0;0;0;0;525685,066655223607086;5441736,860889097675681;9,352067494000039;49,127928897000061;2
08250702136000216280;08;1;36;065;2025;07;19;4;3;0;7;0;0;1;0;0;0;0;0;557946,713659725734033;5405574,344865017570555;9,789099688000022;48,800458596000055;2
08250702311010218960;08;3;11;000;2025;07;06;4;3;5;3;0;0;1;0;0;1;0;0;411308,344148257281631;5318783,508757112547755;7,810651206000045;48,016185685000039;2
08250702311400247160;08;3;15;050;2025;07;18;4;3;5;3;0;0;1;1;0;0;0;0;399749,090675029787235;5303292,176632296293974;7,659292915000037;47,875135104000037;2
08250702426010193890;08;4;26;021;2025;07;17;4;2;4;6;0;0;1;0;0;0;0;1;558373,821292182663456;5327782,014179166406393;9,784066662000043;48,100628092000079;2
08250702436400215880;08;4;36;082;2025;07;13;4;3;5;3;0;0;1;0;0;0;0;0;546670,722636070684530;5295119,795038150623441;9,623339316000056;47,807740133000038;2
08250703115300269530;08;1;15;028;2025;07;09;5;3;3;6;0;0;1;0;0;0;0;0;497448,900117013021372;5405816,950594452209771;8,965256717000045;48,805336840000052;2
08250703128300214640;08;1;28;131;2025;07;11;5;3;0;1;0;0;1;0;0;0;0;0;540942,329477024031803;5510541,422187346965075;9,568297722000068;49,745964149000031;2
08250703211100194520;08;2;11;000;2025;07;16;5;3;0;1;0;0;1;0;0;0;0;0;441261,574670859670732;5403765,498406263068318;8,200378745000023;48,784113599000079;2
08250703212302221240;08;2;15;090;2025;07;17;5;2;0;7;0;0;1;0;0;0;0;0;468010,991148175322451;5432057,653008931316435;8,562292103000061;49,040566462000072;2
08250703311010201410;08;3;36;050;2025;07;18;5;3;0;6;0;0;1;0;0;0;0;0;399848,618077156948857;5276070,618374955840409;7,666893117000029;47,630289275000052;2
08250703415400215760;08;4;15;061;2025;07;21;5;3;0;1;0;0;1;0;0;0;0;0;514842,702634401503019;5374121,460700599476695;9,201004265000051;48,520029358000045;2
08250704111240219360;08;1;11;000;2025;07;15;6;3;0;7;0;0;1;0;0;0;0;0;518108,332151428621728;5403025,718967319466174;9,246492130000036;48,779968746000065;2
08250704116200221290;08;1;16;015;2025;07;16;6;3;0;1;0;0;1;0;0;0;0;0;524913,037435989012010;5394548,203481394797564;9,338604224000051;48,703470861000028;2
08250704116400514910;08;1;16;079;2025;07;21;6;2;0;7;1;0;1;0;0;0;0;0;536739,292826614342630;5376842,693486584350467;9,497766076000062;48,543609975000038;2
08250704121500234010;08;1;25;065;2025;07;15;6;3;0;1;0;0;1;0;0;0;0;0;515677,819898729328997;5448502,057270504534245;9,215162053000029;49,189120690000038;2
08250704121600220070;08;1;25;110;2025;07;11;6;3;3;6;0;0;1;0;0;0;0;0;525741,273181783617474;5443263,008797002956271;9,352935355000056;49,141654603000063;2
08250704136100217530;08;1;36;088;2025;07;12;6;3;3;6;0;0;1;0;0;0;0;0;586860,349385987967253;5410095,359772181138396;10,183720339000047;48,837753062000047;2
08250704216200217160;08;2;16;007;2025;07;20;6;3;8;1;0;0;1;0;0;0;0;0;433291,911801731330343;5397703,053298877552152;8,092881469000076;48,728779015000043;2
08250704237100196610;08;2;37;004;2025;07;14;6;2;4;1;0;0;1;0;0;0;0;0;454860,687251536815893;5382020,110692916437984;8,387869676000037;48,589636626000072;2
08250704316100218910;08;3;16;043;2025;07;18;6;3;4;6;0;0;1;0;0;0;0;1;411562,225408661353868;5331423,337765650823712;7,811439183000061;48,129917887000033;2
08250704435100195900;08;4;35;035;2025;07;15;6;3;9;1;0;0;1;0;0;0;0;0;539191,142881685169414;5280998,665959617123008;9,522173724000027;47,681188285000076;2
08250705116010226590;08;1;16;019;2025;07;21;7;3;0;1;2;0;1;0;0;0;0;0;521775,301261493819766;5401770,480335236527026;9,296340114000031;48,768559251000056;2
08250705116500221030;08;1;16;046;2025;07;02;7;3;9;1;2;0;1;0;0;0;0;0;527478,852729570819065;5377167,446502875536680;9,372324708000065;48,547005570000067;2
08250705117010228600;08;1;17;003;2025;07;16;7;2;8;1;0;0;1;0;0;0;0;0;540432,895633363397792;5393576,098498497158289;9,549438190000046;48,693913143000032;2
08250705118500202660;08;1;18;006;2025;07;03;7;3;0;1;2;0;1;0;0;0;0;0;518099,572531555255409;5421403,388281261548400;9,247185699000056;48,945289890000026;2
08250705119300198660;08;1;19;086;2025;07;15;7;3;5;3;0;0;1;0;0;0;0;0;533393,430183827294968;5405884,498482570983469;9,454781256000047;48,805052609000029;2
08250705121400219240;08;1;25;013;2025;07;11;7;2;5;3;0;0;1;0;0;0;0;1;504254,732293066685088;5437083,120670408010483;9,058271513000022;49,086588494000068;2
08250705128100228450;08;1;28;007;2025;07;17;7;3;6;7;0;0;1;0;1;0;0;0;556766,607267338084057;5482435,661647529341280;9,783861500000057;49,491900934000057;2
08250705237100208510;08;2;37;028;2025;07;10;7;2;0;7;0;0;1;0;0;0;0;0;458015,638012546929531;5367766,883031746372581;8,432086842000047;48,461635243000046;2
08250705311010223150;08;3;11;000;2025;07;11;7;3;5;3;0;0;1;0;0;0;0;0;414468,174273723852821;5315889,237765624187887;7,853592447000040;47,990581456000029;2
08250705335100220840;08;3;35;043;2025;07;01;7;3;0;1;2;0;1;0;0;0;0;0;513050,798902124050073;5279405,130954462103546;9,173841511000035;47,667906597000069;2
08250705335400203930;08;3;35;079;2025;07;20;7;3;8;1;0;0;1;0;0;0;0;0;499194,418428888835479;5297526,922761707566679;8,989235758000063;47,831090088000053;2
08250705416200196350;08;4;16;041;2025;07;14;7;3;0;7;0;0;1;0;0;0;0;0;502774,200399018474855;5372286,457879510708153;9,037556956000060;48,503690323000058;2
08250705437200207370;08;4;37;047;2025;07;10;7;3;0;1;0;0;1;0;0;0;0;0;521659,781187740445603;5338076,740041053853929;9,291466450000030;48,195554556000047;2
08250706116400200680;08;1;16;079;2025;07;13;1;3;0;1;0;0;1;0;0;0;0;0;535673,537428095936775;5380343,547098328359425;9,483627250000040;48,575165129000027;2
08250706116500197580;08;1;16;041;2025;07;12;1;3;0;1;0;0;1;0;0;0;0;0;519348,221365475677885;5384500,475039267912507;9,262501533000034;48,613278367000078;2
08250706231202238710;08;2;36;072;2025;07;16;1;3;0;7;0;0;1;0;0;0;0;0;463893,756176372233313;5410750,420850509777665;8,507846156000028;48,848672609000062;2
08250706435100211960;08;4;35;034;2025;07;15;1;3;0;7;0;0;1;0;0;0;0;0;529859,515497335931286;5284520,047290950082242;9,398085953000077;47,713370167000051;2
08250706435200225130;08;4;35;047;2025;07;19;1;2;0;1;0;0;1;0;0;0;0;0;515809,652123120962642;5297859,175808461382985;9,211261148000062;47,833885645000066;2
08250707311100203140;08;3;15;015;2025;07;15;2;3;4;6;0;0;1;0;0;0;0;1;395278,433975863154046;5327001,369178315624595;7,593741699000077;48,087674198000059;2
08250707335100233630;08;3;35;043;2025;07;13;2;3;4;6;0;0;1;0;0;0;0;1;513095,326067531481385;5279525,223408740945160;9,174438227000053;47,668986248000067;2
08250707421300235260;08;4;21;000;2025;07;12;2;3;4;2;0;1;1;1;0;0;0;0;572579,590037723653950;5355819,024949880316854;9,979651749000027;48,351375515000029;2
08250708115400229990;08;1;15;054;2025;07;20;3;3;0;7;0;0;1;0;0;0;0;0;490285,331859329482540;5395040,692315297201276;8,867950993000022;48,708323212000039;2
08250708118100281780;08;1;18;007;2025;07;18;3;3;5;3;0;0;1;0;0;0;0;1;512094,521598580176942;5428016,109463827684522;9,165371867000033;49,004921990000071;2
08250708226500201110;08;2;26;010;2025;07;01;3;3;7;7;2;1;1;0;0;0;0;0;483447,355854649445973;5459302,366790769621730;8,772385980000024;49,286248356000044;2
08250708335100235920;08;3;35;043;2025;07;16;3;3;0;1;0;1;1;0;0;0;0;0;513071,059046266367659;5279459,075655482709408;9,174112996000076;47,668391564000046;2
08250708335300255570;08;3;35;080;2025;07;17;3;3;0;1;0;0;1;0;0;0;0;0;477047,218029392301105;5296817,493877861648798;8,693343077000065;47,824297966000074;2
08250708415400203180;08;4;15;061;2025;07;21;3;3;0;1;1;0;1;0;0;0;0;0;515370,858029418392107;5374164,840508546680212;9,208158252000032;48,520406906000062;2
08250708416010233240;08;4;15;061;2025;07;07;3;3;4;6;0;0;1;1;0;0;0;0;510368,106729718507268;5370297,968614915385842;9,140313221000042;48,485721665000028;2
08250708436200235820;08;4;36;064;2025;07;16;3;3;5;3;0;1;1;1;0;0;0;0;545944,459836542140692;5293218,660092226229608;9,613438463000023;47,790687907000063;2
08250709116100238770;08;1;16;037;2025;07;15;4;2;0;1;0;0;1;0;0;0;0;0;535704,051575058954768;5400769,279593555256724;9,485803897000039;48,758909526000082;2
08250709221400281880;08;2;21;000;2025;07;21;4;3;5;3;1;0;1;0;0;0;0;0;477599,142460900766309;5468175,627469957806170;8,691470439000057;49,365876735000029;2
08250709235200245190;08;2;35;080;2025;07;20;4;3;4;6;1;0;1;1;0;0;0;0;481342,407039199024439;5386546,649467887356877;8,746776211000054;48,631706975000043;2
08250709337400255160;08;3;11;000;2025;07;17;4;3;0;1;0;0;1;0;0;0;0;0;412360,951228144287597;5317194,834382806904614;7,825088172000051;48,002040371000078;2
08250710116100285080;08;1;16;019;2025;07;16;5;3;6;1;0;0;1;0;1;0;0;0;521637,994896519172471;5398734,792512576095760;9,294311977000064;48,741255351000063;2
08250710116200223780;08;1;16;077;2025;07;11;5;3;2;6;0;0;1;0;0;0;0;0;514788,830824863165617;5388521,311794625595212;9,200787213000069;48,649574753000081;2
08250710116400220560;08;1;16;033;2025;07;20;5;3;3;6;0;0;1;0;0;0;0;0;532668,303266370203346;5387988,622881090268493;9,443488382000055;48,644103827000038;2
08250710118600241250;08;1;18;073;2025;07;16;5;3;5;3;0;0;1;0;0;1;0;0;498517,838759634178132;5419980,022924002259970;8,979763217000027;48,932748776000039;2
08250710119300241430;08;1;19;076;2025;07;15;5;3;4;6;0;0;1;0;0;0;0;0;541669,661421329015866;5406006,596754768863320;9,567501479000043;48,805651166000075;2
08250710126200240530;08;1;26;066;2025;07;08;5;3;3;2;0;0;1;0;0;0;0;0;537822,734712786506861;5450117,203177230432630;9,519221161000075;49,202682808000077;2
08250710215102259190;08;2;12;000;2025;07;19;5;3;0;7;0;0;1;0;0;0;0;0;457846,498121251584962;5430402,778036275878549;8,423389176000057;49,025069388000077;2
08250710317000208020;08;3;17;026;2025;07;20;5;3;0;1;0;0;1;0;0;0;0;0;410911,103143962158356;5344213,244559766724706;7,800007400000027;48,244871271000079;2
08250710415400240970;08;4;15;061;2025;07;08;5;3;7;1;0;0;1;0;0;0;0;0;516799,796597192005720;5370961,988590829074383;9,227380422000067;48,491556407000076;2
08250710435100241290;08;4;35;016;2025;07;17;5;3;4;1;0;0;1;0;0;0;0;1;536578,623983802273870;5281561,999365068040788;9,487413686000025;47,686409922000053;2
08250710436300254490;08;4;36;094;2025;07;13;5;3;0;1;0;0;1;0;0;0;0;0;573039,825258531025611;5287890,977123182266951;9,974269162000041;47,740255492000074;2
08250711111140213150;08;1;11;000;2025;07;17;6;3;0;1;0;0;1;0;0;0;0;0;510628,044519939925522;5403707,886760549619794;9,144687927000064;48,786278259000028;2
08250711111330241530;08;1;11;000;2025;07;20;6;3;0;1;0;0;1;0;0;0;0;0;516861,816317255317699;5409701,785987526178360;9,229798879000043;48,840060628000060;2
08250711115300222980;08;1;15;028;2025;07;08;6;3;0;7;0;0;1;0;0;0;0;0;498082,571564375073649;5403252,017298146151006;8,973898624000071;48,782265135000046;2
08250711118100211730;08;1;18;079;2025;07;13;6;3;0;7;0;0;1;0;0;0;0;0;510846,896446693048347;5422868,851170057430863;9,148175463000030;48,958642425000050;2
08250711119100266350;08;1;19;003;2025;07;12;6;3;4;6;0;0;1;0;0;0;0;0;535484,376228215522133;5418077,046990611590445;9,484313609000026;48,914615003000051;2
08250711226500282770;08;2;26;085;2025;07;11;6;3;7;7;0;0;1;1;0;0;0;0;492015,557018865831196;5454814,449380764737725;8,890295782000067;49,246050729000046;2
08250711311010238870;08;3;36;050;2025;07;17;6;3;5;6;0;0;1;0;0;0;0;0;400509,117429728154093;5275808,884633351117373;7,675742024000044;47,628036698000074;2
08250711327100236640;08;3;27;050;2025;07;08;6;3;6;6;0;0;1;0;1;0;0;0;486420,851260967087001;5314799,630347211845219;8,818010860000072;47,986354694000056;2
08250711335100308710;08;3;35;043;2025;07;17;6;3;0;1;0;0;1;0;0;0;0;0;512880,761859372025356;5280137,158366406336427;9,171598155000027;47,674496543000032;2
08250711416010241280;08;4;16;036;2025;07;10;6;3;2;3;0;0;1;1;0;0;0;1;495236,932000000029802;5368841,979000000283122;8,935557164000045;48,472690432000036;2
08250711416200210980;08;4;16;041;2025;07;07;6;2;0;1;0;0;1;0;0;0;0;0;506332,576301685534418;5375580,305282671935856;9,085780006000050;48,533297170000026;2
08250712111250239190;08;1;11;000;2025;07;02;7;3;9;7;2;0;1;0;0;0;0;0;520115,851618000422604;5401546,044369175098836;9,273745966000035;48,766596107000055;2
08250712118300212710;08;1;18;081;2025;07;15;7;3;8;1;0;0;1;0;0;0;0;0;520233,156897000968456;5413802,222377616912127;9,275946891000046;48,876846331000081;2
08250712119100231640;08;1;19;003;2025;07;10;7;3;0;7;0;0;1;0;0;0;0;0;533145,554622561205178;5417833,504880779422820;9,452373163000061;48,912553855000056;2
08250712119300223990;08;1;19;067;2025;07;15;7;3;9;1;0;0;1;0;0;0;0;0;539670,319860037183389;5404578,562477191910148;9,540135684000063;48,792936073000078;2
08250712119400227660;08;1;19;091;2025;07;01;7;3;8;7;2;0;1;0;0;0;0;0;527019,399363384349272;5407362,908351613208652;9,368073499000047;48,818661768000027;2
08250712121400233580;08;1;25;013;2025;07;13;7;2;5;7;0;0;1;0;0;0;0;0;505040,955472710134927;5438335,286949108354747;9,069054999000059;49,097846374000028;2
08250712311010219490;08;3;36;050;2025;07;17;7;3;4;6;0;0;1;0;0;0;0;0;398741,669938810286112;5274992,649264244362712;7,652412091000031;47,620420492000051;2
08250712311010243170;08;3;11;000;2025;07;19;7;3;5;3;0;0;1;0;0;0;0;0;417760,341500173788518;5314826,962288326583803;7,897913148000043;47,981457580000040;2
08250712335100216680;08;3;35;043;2025;07;13;7;3;0;1;0;0;1;0;0;0;0;0;511040,242485152033623;5281008,041411982849240;9,147100777000048;47,682366505000061;2
08250712421300234950;08;4;21;000;2025;07;17;7;2;0;7;0;0;1;0;0;0;0;0;571213,342170267133042;5362305,474534245207906;9,962312615000030;48,409878758000048;2
08250712426200261430;08;4;26;134;2025;07;23;7;3;0;1;2;0;1;0;0;0;0;0;557139,548000000417233;5334205,219000000506639;9,768351207000023;48,158524271000033;2
08250712436300245310;08;4;36;081;2025;07;21;7;3;0;1;0;0;1;0;0;0;0;0;564304,415306693757884;5281382,123647220432758;9,856802577000053;47,682627697000044;2
08250713111230217380;08;1;11;000;2025;07;18;1;3;0;1;0;0;1;0;0;0;0;0;510723,170701945899054;5397595,540203764103353;9,145823702000030;48,731290166000065;2
08250713115300231390;08;1;15;052;2025;07;01;1;3;7;7;2;0;1;0;0;0;0;0;495930,020662206108682;5411676,117541980929673;8,944513022000024;48,858037090000039;2
08250713116200254140;08;1;16;078;2025;07;16;1;2;4;6;0;0;1;0;0;0;0;0;509488,134289570618421;5392653,536930403672159;9,128914953000049;48,686851687000058;2
08250713119500256190;08;1;19;068;2025;07;11;1;3;6;6;0;0;1;0;1;0;0;0;524767,745214816532098;5412596,737846309319139;9,337717183000052;48,865837621000026;2
08250713121200217420;08;1;21;000;2025;07;12;1;3;4;6;0;0;1;0;0;0;0;0;518479,990441807312891;5442858,157453539781272;9,253359478000050;49,138274230000036;2
08250713121400217140;08;1;25;056;2025;07;16;1;3;2;6;0;0;1;0;0;0;0;0;512351,075076602515765;5436093,928898612037301;9,169125990000055;49,077581037000073;2
08250713121500213810;08;1;25;007;2025;07;00;1;2;4;6;2;0;1;0;0;0;0;0;509359,859382146270946;5452142,035979089327157;9,128539653000075;49,221992272000080;2
08250713121600215450;08;1;25;098;2025;07;14;1;3;0;1;0;0;1;0;0;0;0;0;519168,584492868278176;5437969,304794981144369;9,262567735000061;49,094276238000077;2
08250713135200250380;08;1;35;032;2025;07;14;1;2;6;6;0;0;1;0;1;0;0;0;578582,898288541939110;5395206,920287394896150;10,068093554000029;48,704943346000050;2
08250713215102236180;08;2;15;102;2025;07;13;1;3;0;7;0;0;1;0;0;0;0;0;454566,192388483032119;5438708,099969064816833;8,377588816000070;49,099542739000071;2
08250713216300248210;08;2;16;017;2025;07;11;1;3;8;1;0;0;1;0;0;0;0;0;459223,045322726829909;5395243,393984634429216;8,445721993000063;48,708889182000064;2
08250713221200255090;08;2;21;000;2025;07;18;1;2;4;6;0;0;1;0;0;0;0;1;474027,779593658691738;5469099,702118501998484;8,642222274000062;49,374046919000079;2
08250713237200225570;08;2;37;074;2025;07;17;1;3;0;1;0;0;1;0;0;0;0;0;468583,558775867335498;5372799,280722780153155;8,574653587000057;48,507524180000075;2
08250713317000278060;08;3;17;065;2025;07;15;1;3;8;1;0;0;1;0;0;0;0;0;415355,742307678097859;5352771,465460700914264;7,858147569000039;48,322461224000051;2
08250713317500236110;08;3;17;096;2025;07;18;1;3;0;1;0;0;1;0;0;0;0;0;422362,362880426691845;5368015,318280322477221;7,949831760000052;48,460480043000075;2
08250713325302229220;08;3;25;001;2025;07;17;1;3;0;1;0;0;1;0;0;0;0;0;454506,437419958878309;5344013,941470009274781;8,387189328000034;48,247707105000075;2
08250713327100264390;08;3;27;057;2025;07;20;1;3;0;1;0;1;1;0;0;0;0;0;489946,873778484296054;5308573,149963475763798;8,865412390000074;47,930398780000075;2
08250713335200291530;08;3;35;025;2025;07;13;1;3;5;2;0;0;1;0;0;0;0;0;499209,989981817430817;5281386,180621095001698;8,989473163000071;47,685862690000079;2
08250713415100282970;08;4;15;078;2025;07;02;1;3;8;1;2;1;1;0;0;0;0;0;535103,876768412650563;5370377,581795753911138;9,475065224000048;48,485543052000025;2
08250713426010226150;08;4;25;020;2025;07;00;1;1;0;1;2;0;1;0;0;0;0;0;558300,270058089634404;5362551,542323530651629;9,787870315000021;48,413419293000061;2
08250713435200237450;08;4;35;066;2025;07;16;1;3;0;1;0;0;1;0;0;0;0;0;517320,703494108514860;5288918,331126888282597;9,231095909000032;47,753402010000059;2
08250713435200256120;08;4;35;066;2025;07;18;1;3;0;1;0;0;1;0;0;0;0;0;518406,543353494023904;5286919,942012988030910;9,245498687000065;47,735391405000030;2
08250714118010242140;08;1;15;028;2025;07;12;2;2;5;3;0;0;1;0;0;0;0;1;500869,420109541621059;5404574,199475736357272;9,011837952000064;48,794161765000069;2
08250714316100255170;08;3;16;017;2025;07;09;2;2;0;1;0;0;1;0;0;0;0;0;411262,085158301633783;5340829,448144621215761;7,805442591000030;48,214483708000046;2
08250714416200219920;08;4;16;041;2025;07;20;2;3;0;1;0;1;1;0;0;0;0;0;505487,979557247133926;5374899,975666056387126;9,074330295000038;48,527184645000034;2
08250715111240252000;08;1;11;000;2025;07;19;3;3;0;6;0;0;1;0;1;0;0;0;514503,675072316545993;5404497,319117734208703;9,197477516000049;48,793301600000063;2
08250715136100224120;08;1;36;088;2025;07;22;3;3;8;7;2;0;1;0;0;0;0;0;581894,636328709777445;5411081,418618350289762;10,116259244000048;48,847296727000071;2
08250715136100254450;08;1;36;088;2025;07;19;3;2;0;7;0;0;1;0;0;0;0;0;581380,151843993575312;5410924,836725357919931;10,109216868000033;48,845956079000075;2
08250715222500293000;08;2;26;009;2025;07;11;3;3;0;7;0;0;1;0;0;0;0;0;465997,441244618094061;5471766,650237708352506;8,531376484000020;49,397640092000074;2
08250715311500227840;08;3;15;113;2025;07;12;3;3;0;1;0;0;1;0;0;0;0;0;439554,712691620225087;5308164,068697740323842;8,190878412000075;47,923946629000056;2
08250715317000246380;08;3;17;034;2025;07;13;3;3;0;7;0;0;1;0;0;0;0;0;428281,431243935250677;5360111,064647156745195;8,031236134000039;48,390082152000048;2
08250715335000257250;08;3;35;043;2025;07;08;3;3;5;2;0;0;1;0;0;0;0;0;511700,515504498500377;5280706,348793413490057;9,155890170000021;47,679640364000079;2
08250715417010226240;08;4;17;079;2025;07;05;3;2;9;1;0;0;1;0;0;0;0;0;502434,847063800785691;5341803,128566126339138;9,032786313000031;48,229445127000076;2
08250715436100243840;08;4;36;004;2025;07;13;3;2;0;1;0;0;1;0;0;0;0;0;580217,321566908271052;5309433,476998162455857;10,073984596000059;47,933196372000054;2
08250716118200248600;08;1;18;067;2025;07;17;4;2;7;7;0;1;1;0;0;0;0;0;507588,689994972373825;5414526,284210747107863;9,103511195000067;48,883643567000036;2
08250716212010272950;08;2;12;000;2025;07;17;4;2;0;7;0;1;1;0;0;0;0;1;456546,581596165371593;5429499,005463315173984;8,405705623000074;49,016849648000061;2
08250716317600247440;08;3;17;039;2025;07;15;4;3;8;1;0;0;1;0;0;0;0;0;441216,243634711136110;5345333,055072342045605;8,207999305000044;48,258480379000048;2
08250716335100231070;08;3;35;043;2025;07;17;4;3;0;7;0;0;1;0;0;0;0;0;511844,692135701305233;5280633,193833282217383;9,157809095000061;47,678979514000048;2
08250716437200227710;08;4;37;078;2025;07;20;4;3;8;1;0;0;1;0;0;0;0;0;507943,721508595393971;5314560,302852733060718;9,106458323000027;47,984296247000032;2
08250717118010266260;08;1;15;010;2025;07;20;5;3;5;3;0;0;1;1;0;0;0;0;486001,161701327422634;5389017,827661029994488;8,809921623000037;48,654059663000055;2
08250717121400233610;08;1;25;013;2025;07;14;5;2;8;1;0;0;1;0;0;0;0;0;506059,337885632005055;5436517,269778820686042;9,082978335000064;49,081483273000060;2
08250717212010268480;08;2;12;000;2025;07;09;5;2;5;3;0;0;1;0;0;0;0;0;451600,515790511504747;5426833,738168811425567;8,338382506000073;48,992507343000057;2
08250717226200232950;08;2;26;003;2025;07;17;5;2;8;7;0;0;1;0;0;0;0;0;463062,495496964547783;5461611,306082989089191;8,491870400000039;49,306124696000040;2