UIDENTSTLAE;ULAND;UREGBEZ;UKREIS;UGEMEINDE;UJAHR;UMONAT;USTUNDE;UWOCHENTAG;UKATEGORIE;UART;UTYP1;ULICHTVERH;IstStrassenzustand;IstRad;IstPKW;IstFuss;IstKrad;IstGkfz;IstSonstige;LINREFX;LINREFY;XGCSWGS84;YGCSWGS84;PLST
08250717226200294570;08;2;26;032;2025;07;13;5;3;0;7;0;0;1;0;0;0;0;0;466253,398676250479184;5462142,341434542089701;8,535719489000030;49,311085935000051;2
08250717311000267380;08;3;37;097;2025;07;11;5;3;0;1;0;0;1;0;0;0;0;0;434047,049980209209025;5291284,957935421727598;8,119734776000030;47,771552987000064;2
08250717327100269920;08;3;27;018;2025;07;17;5;3;0;7;0;0;1;0;0;0;0;0;469779,803290442854632;5307776,610309079289436;8,595483486000035;47,922598504000064;2
08250717336300266300;08;3;36;034;2025;07;10;5;2;0;1;0;0;1;0;0;0;0;0;417071,003247697488405;5277855,682887600734830;7,895752059000074;47,648782551000068;2
08250717436200270410;08;4;36;064;2025;07;12;5;3;6;3;0;0;1;0;1;0;0;0;544131,311282994807698;5292459,070605451241136;9,589153888000055;47,783980664000069;2
08250718118010275990;08;1;15;045;2025;07;18;6;3;5;3;0;0;1;0;0;0;0;0;497785,982576692185830;5395444,776785057969391;8,969903219000059;48,712030122000044;2
08250718118300234890;08;1;18;051;2025;07;20;6;2;8;1;0;0;1;0;0;0;0;0;509271,044663362205029;5412679,244090628810227;9,126416912000025;48,867005100000029;2
08250718119300235990;08;1;19;086;2025;07;14;6;3;0;7;0;0;1;0;0;0;0;0;533320,503142875502817;5405716,573191649280488;9,453774474000056;48,803545927000073;2
08250718121400268220;08;1;25;017;2025;07;12;6;3;5;3;0;0;1;0;0;0;0;1;502660,441608420922421;5433335,613407242111862;9,036411958000031;49,052886729000079;2
08250718121600231600;08;1;25;110;2025;07;01;6;3;0;1;2;0;1;0;0;0;0;0;529353,717915484216064;5440135,868191649205983;9,402236320000043;49,113363350000043;2
08250718135200238010;08;1;35;026;2025;07;13;6;3;4;6;0;0;1;0;0;0;0;0;591504,518698957050219;5395286,010906504467130;10,243700754000031;48,703892893000045;2
08250718226600300170;08;2;26;031;2025;07;22;6;3;5;2;2;0;1;0;0;0;0;0;474841,629751250497065;5493347,887566832825541;8,651890365000042;49,592186100000049;2
08250718335100270400;08;3;35;043;2025;07;11;6;3;0;1;0;0;1;0;0;0;0;0;513132,828860324691050;5280031,524228035472333;9,174953011000071;47,673541012000044;2
08250718435200246950;08;4;35;036;2025;07;22;6;2;7;7;2;0;1;0;0;0;0;0;522461,709373868012335;5284546,599622666835785;9,299461665000024;47,713908821000075;2
08250719115200240260;08;1;15;021;2025;07;15;7;3;3;6;0;0;1;0;0;0;0;0;489632,775853928644210;5379309,297770912759006;8,859474618000036;48,566790596000033;2
08250719128300265220;08;1;28;131;2025;07;11;7;3;0;7;0;0;1;0;0;0;0;0;543214,811419979203492;5513533,816692629829049;9,600171112000055;49,772718536000070;2
08250719135100240500;08;1;35;020;2025;07;17;7;3;2;6;0;0;1;0;0;0;0;0;586598,736944868462160;5384086,933539434336126;10,174695304000068;48,603865856000027;2
08250719221200279900;08;2;21;000;2025;07;10;7;2;4;6;0;0;1;0;0;0;0;0;475508,544923311565071;5472971,482504884712398;8,662381432000075;49,408934319000082;2
08250719221400301260;08;2;21;000;2025;07;11;7;3;4;6;0;0;1;0;0;0;0;0;474650,282377155323047;5473009,682862155139446;8,650547937000056;49,409242774000063;2
08250719235200277900;08;2;35;046;2025;07;10;7;2;0;1;0;0;1;0;0;0;0;0;481541,917339967330918;5372994,051374576985836;8,750085515000023;48,509790958000053;2
08250719317500235030;08;3;17;096;2025;07;00;7;3;0;7;2;0;1;0;0;0;0;0;421406,470762190641835;5369955,233718648552895;7,936539579000055;48,477810686000055;2
08250719335100237200;08;3;35;043;2025;07;15;7;3;0;1;0;0;1;0;0;0;0;0;514363,989621693617664;5281585,473529200069606;9,191405340000074;47,687496708000026;2
08250719335100238990;08;3;35;043;2025;07;19;7;3;0;1;0;1;1;0;0;0;0;0;511809,537844206381124;5281690,689348476938903;9,157369343000028;47,688495133000060;2
08250719335100272090;08;3;35;043;2025;07;12;7;3;3;6;0;0;1;0;0;0;0;0;510832,478882504394278;5281116,951384888030589;9,144335236000074;47,683349956000029;2
08250719337100286970;08;3;36;034;2025;07;21;7;3;0;7;1;0;1;0;0;0;0;0;417224,089093092828989;5277817,872923243790865;7,897797255000057;47,648462009000070;2
08250719416010270460;08;4;15;061;2025;07;17;7;3;4;1;0;0;1;0;0;0;0;0;510474,220420664409176;5365184,622776020318270;9,141621239000074;48,439718037000034;2
08250719436000272460;08;4;36;009;2025;07;22;7;2;0;1;2;0;1;0;0;0;0;0;552339,324181157164276;5304940,374275321140885;9,700232720000031;47,895657362000065;2
08250719436200263160;08;4;36;069;2025;07;14;7;2;9;7;0;0;1;0;0;0;0;0;552630,772814695374109;5294818,952343727461994;9,702900043000056;47,804573676000075;2
08250720118010271990;08;1;18;048;2025;07;11;1;2;8;7;0;0;1;0;0;0;0;0;512505,872047551500145;5414353,735481861047447;9,170576978000042;48,882011650000038;2
08250720136100276650;08;1;36;002;2025;07;18;1;3;3;6;0;0;1;0;0;0;0;0;573650,104627297143452;5414986,249456236138940;10,004604610000058;48,883451684000079;2
08250720222500290970;08;2;22;000;2025;07;23;1;3;0;7;2;0;1;0;0;0;0;0;460904,012288718484342;5480954,190987102687359;8,460275713000044;49,479971901000056;2
08250720222800303060;08;2;22;000;2025;07;15;1;3;0;7;0;0;1;0;0;0;0;0;462482,972436282201670;5488543,980058951303363;8,481351109000059;49,548337477000075;2
08250720316100276580;08;3;16;011;2025;07;13;1;3;0;1;0;0;1;0;0;0;0;0;416840,987117673968896;5328354,197154884226620;7,882967408000070;48,103021786000056;2
08250720326400243820;08;3;26;075;2025;07;13;1;3;4;6;0;0;1;0;0;0;0;0;460330,295141929411329;5318212,214749760925770;8,468037463000030;48,015970876000040;2
08250720335100239530;08;3;35;066;2025;07;13;1;3;0;1;0;0;1;0;0;0;0;0;508040,100682714430150;5283131,396331936120987;9,107165948000045;47,701516007000066;2
08250720335100292620;08;3;35;002;2025;07;17;1;3;4;6;0;0;1;0;0;0;0;0;506893,836784247774631;5283951,761936353519559;9,091900471000031;47,708910612000068;2
08250720336400267880;08;3;36;091;2025;07;00;1;3;0;1;2;0;1;0;0;0;0;0;397657,975589095964096;5272097,750153012573719;7,638669991000029;47,594209815000056;2
08250721111250242030;08;1;11;000;2025;07;07;2;3;6;6;0;0;1;0;1;0;0;0;517070,175702319538686;5403627,555236385203898;9,232385776000058;48,785412149000081;2
08250721118200283700;08;1;18;027;2025;07;14;2;3;0;7;0;0;1;0;0;0;0;0;502500,770535414805636;5411904,883625550195575;9,034094991000075;48,860103342000059;2
08250721119400264070;08;1;19;079;2025;07;18;2;3;0;7;0;1;1;0;0;0;0;0;525077,098194028716534;5409215,506472285836935;9,341728188000047;48,835408679000068;2
08250721128200260870;08;1;28;139;2025;07;10;2;3;0;1;0;1;1;0;0;0;0;0;552018,371917879907414;5487362,825336278416216;9,718950486000040;49,536642021000034;2
08250721216100301040;08;2;16;039;2025;07;19;2;3;5;3;0;1;1;0;0;0;0;0;444373,989169078180566;5415397,820743939839303;8,241166016000022;48,889033462000043;2
08250721222600303080;08;2;22;000;2025;07;20;2;3;3;7;0;0;1;1;0;0;0;0;461906,754597108927555;5482816,433366466313601;8,473938601000043;49,496785548000048;2
08250721311010264120;08;3;11;000;2025;07;16;2;3;0;1;0;0;1;0;0;0;0;0;411832,146339204628021;5318302,209961665794253;7,817772784000056;48,011928782000041;2
08250721317010264640;08;3;17;089;2025;07;17;2;1;8;1;0;1;1;0;0;0;0;0;432062,141398484760430;5371876,108517882414162;8,080389785000023;48,496331275000045;2
08250721421200282100;08;4;21;000;2025;07;17;2;3;5;3;0;0;1;0;0;0;0;0;573876,664426073431969;5361700,181984169408679;9,998190193000028;48,404127447000064;2
08250722119500247130;08;1;19;085;2025;07;16;3;3;0;7;0;0;1;0;0;0;0;0;529570,493230310617946;5412663,777692780829966;9,403207680000037;48,866230288000054;2
08250722212702292050;08;2;15;017;2025;07;10;3;2;0;7;0;1;1;0;0;0;0;0;456544,880344106699340;5421012,055029969662428;8,406589326000073;48,940507998000044;2
08250722221400283960;08;2;21;000;2025;07;08;3;2;0;7;0;1;1;0;0;0;0;0;474571,352473037200980;5473672,538722849451005;8,649417431000074;49,415201738000064;2
08250722337100303810;08;3;37;116;2025;07;22;3;2;0;1;2;0;1;0;0;0;0;0;417566,940101059793960;5275159,972634765319526;7,902862328000026;47,624595016000058;2
08250722417010250410;08;4;17;013;2025;07;16;3;1;3;7;0;0;1;0;0;0;1;0;507037,842433799931314;5350743,169774538837373;9,094916486000045;48,309842070000059;2
08250722425000261570;08;4;25;033;2025;07;18;3;3;0;1;0;0;1;0;0;0;0;0;554094,266889253864065;5347645,342984974384308;9,729120028000068;48,279699591000053;2
08250722436000254680;08;4;35;034;2025;07;07;3;3;4;1;0;0;1;0;0;0;0;0;529821,057964528794400;5284549,587892187759280;9,397575274000076;47,713637734000031;2
08250723116200251270;08;1;16;078;2025;07;07;4;3;0;1;0;0;1;0;0;0;0;0;511445,074483841133770;5392044,654028085060418;9,155486876000055;48,681341308000071;2
08250723119300251530;08;1;19;001;2025;07;19;4;2;0;7;1;0;1;0;0;0;0;0;549336,201557283406146;5411379,574207542464137;9,672552154000073;48,853421223000055;2
08250723121200287360;08;1;21;000;2025;07;17;4;3;0;7;0;0;1;0;0;0;0;0;520826,249525343475398;5440753,077694879844785;9,285417430000052;49,119263336000074;2
08250723135200287490;08;1;35;019;2025;07;18;4;3;6;1;0;0;1;0;1;0;0;0;583349,404234504792839;5391329,564215553924441;10,132084683000073;48,669450313000027;2
08250723212702267350;08;2;15;046;2025;07;08;4;2;0;7;0;1;1;0;0;0;0;0;450318,480973339639604;5413626,699604397639632;8,322468004000029;48,873607014000072;2
08250723216200250890;08;2;16;007;2025;07;12;4;3;0;1;0;0;1;0;0;0;0;0;433793,023924291774165;5394065,307153744623065;8,100278533000051;48,696111088000066;2
08250723237100296950;08;2;37;028;2025;07;10;4;3;4;6;0;0;1;0;0;0;0;1;458089,945423859462608;5367726,469834930263460;8,433095979000029;48,461276641000040;2
08250723311400292640;08;3;15;015;2025;07;22;4;3;0;7;2;0;1;0;0;0;0;0;394706,154419981641695;5320949,887427925132215;7,587549204000027;48,033150751000051;2
08250723317010273990;08;3;17;096;2025;07;18;4;3;8;1;0;0;1;0;0;0;0;0;423523,404722726321779;5364645,096212116070092;7,966149472000041;48,430307051000057;2
08250723415100287460;08;4;15;078;2025;07;13;4;3;0;1;0;0;1;0;0;0;0;0;529905,802285382407717;5371246,712939911521971;9,404783233000046;48,493630762000066;2
08250723436400252690;08;4;36;082;2025;07;19;4;3;0;7;0;0;1;0;0;0;0;0;548537,302027709782124;5294576,590515490621328;9,648207131000049;47,802714891000051;2
08250724111000270880;08;1;11;000;2025;07;11;5;3;0;7;0;0;1;0;0;0;0;0;513932,065097430138849;5400691,264476523734629;9,189565739000045;48,759075715000051;2
08250724121500256100;08;1;25;069;2025;07;22;5;3;0;1;2;0;1;0;0;0;0;0;525834,002000950509682;5451755,869924074970186;9,354752329000064;49,218045376000077;2
08250724225100256110;08;2;25;009;2025;07;12;5;3;7;1;0;0;1;0;0;0;0;0;519524,077328996907454;5469046,120185191743076;9,268950544000063;49,373805718000028;2
08250724311010255130;08;3;11;000;2025;07;17;5;2;0;1;0;0;1;0;0;0;0;0;413395,290026637609117;5316544,030187212862074;7,839083183000071;47,996327141000052;2
08250724311010291030;08;3;11;000;2025;07;18;5;3;0;7;0;0;1;0;0;0;0;0;413549,300420179206412;5316544,838833398185670;7,841147057000057;47,996355258000051;2
08250724316100270820;08;3;16;043;2025;07;08;5;2;4;1;0;1;1;1;0;0;0;0;410603,042274903971702;5333369,479653509333730;7,798142579000057;48,147289390000026;2
08250724317000254630;08;3;17;114;2025;07;09;5;3;4;6;0;0;1;0;0;0;0;0;406954,160481277911458;5345919,677328311838210;7,746346709000022;48,259651494000082;2
08250724415400287990;08;4;15;061;2025;07;12;5;3;0;1;0;0;1;0;0;0;0;0;512092,088394135178532;5371352,212060611695051;9,163674566000054;48,495175234000044;2
08250725212010274490;08;2;12;000;2025;07;07;6;2;0;7;0;0;1;0;0;0;0;0;454250,612777785048820;5427123,815012765116990;8,374574154000072;48,995318653000027;2
08250725215502260620;08;2;15;107;2025;07;14;6;3;0;7;0;0;1;0;0;0;0;0;463207,715260492463131;5456802,525864546187222;8,494310559000041;49,262879350000048;2
08250725226600288310;08;2;26;096;2025;07;17;6;3;6;7;0;0;1;0;1;0;0;0;476209,483682183781639;5487988,504358726553619;8,671140636000075;49,544036076000054;2
08250725415100307480;08;4;15;078;2025;07;06;6;3;3;6;0;0;1;1;0;0;0;0;533649,648850171710365;5369854,014644521288574;9,455343471000049;48,480912509000063;2
08250726121500262030;08;1;25;111;2025;07;14;7;3;0;7;0;1;1;0;0;0;0;0;529292,665479206480086;5455145,835937580093741;9,402493183000047;49,248382597000045;2
08250726121500264260;08;1;25;111;2025;07;18;7;2;0;1;0;1;1;0;0;0;0;0;527350,318439205759205;5454651,079422180540860;9,375771390000068;49,244022139000037;2
08250726221011301710;08;2;26;085;2025;07;13;7;2;8;7;0;1;1;0;0;0;0;0;491159,875523979659192;5449546,448449318297207;8,878655044000027;49,198651991000077;2
08250726222500308220;08;2;26;009;2025;07;14;7;3;5;3;0;0;1;1;0;0;0;0;466432,535627371747978;5470438,352167060598731;8,537484939000024;49,385716585000068;2
08250726325302282670;08;3;25;053;2025;07;09;7;3;9;1;0;1;1;0;0;0;0;0;452803,570707199687604;5342123,278239169158041;8,364463405000038;48,230573683000046;2
08250727127100284650;08;1;27;076;2025;07;11;1;3;0;1;0;1;1;0;0;0;0;0;553136,305490186903626;5440118,780678469687700;9,728107335000061;49,111614308000071;2
08250727221400306230;08;2;21;000;2025;07;21;1;3;0;7;1;1;1;0;0;0;0;0;473578,304272133216728;5474122,954024740494788;8,635696660000065;49,419210807000070;2
08250727415100384150;08;4;15;014;2025;07;19;1;2;0;1;0;1;1;0;0;0;0;0;527307,442027491983026;5373469,205636546015739;9,369759919000046;48,513743069000043;2
08250728121100270930;08;1;25;026;2025;07;18;2;2;0;1;0;1;1;0;0;0;0;0;487266,440702086780220;5446095,357937484979630;8,825320897000040;49,167539926000075;2
08250728128100296320;08;1;28;126;2025;07;15;2;2;8;1;0;0;1;0;0;0;0;0;562194,170539091923274;5479770,696482727304101;9,858380443000044;49,467400552000072;2
08250728415400273620;08;4;15;061;2025;07;16;2;3;0;1;0;0;1;0;0;0;0;0;509970,874381536617875;5366320,430231670849025;9,134842597000045;48,449944460000040;2
08250729111230296090;08;1;11;000;2025;07;20;3;3;0;1;0;0;1;0;0;0;0;0;512455,666016836185008;5399574,864904203452170;9,169443531000070;48,749063918000047;2
08250729231202299560;08;2;36;071;2025;07;12;3;3;6;6;0;0;1;0;1;0;0;0;468496,099449130066205;5421832,421344789676368;8,569722584000033;48,948611698000036;2
08250729311010307040;08;3;11;000;2025;07;13;3;3;6;4;0;0;1;0;1;0;0;0;413902,642606590990908;5316472,742414782755077;7,845897000000036;47,995754405000071;2
08250729335200307610;08;3;35;063;2025;07;18;3;3;8;7;0;0;1;0;0;0;0;0;498770,087482230679598;5287286,912095759995282;8,983594833000041;47,738954659000058;2
08250729425000274900;08;4;25;108;2025;07;17;3;3;7;7;0;0;1;0;0;0;0;0;552550,338091010344215;5355351,485141649842262;9,709271784000066;48,349154120000037;2
08250730118100298990;08;1;18;010;2025;07;11;4;3;5;2;0;0;1;1;0;0;0;0;508252,404878396249842;5430731,629592057317495;9,112892862000024;49,029412981000064;2
08250730226200280800;08;2;26;032;2025;07;15;4;3;5;3;0;0;1;1;0;0;0;0;464073,876158913830295;5466368,200955059379339;8,505354403000069;49,348972198000070;2
08250730335100277060;08;3;35;043;2025;07;11;4;3;0;1;0;1;1;0;0;0;0;0;513097,493870575795881;5279531,787469660863280;9,174467300000060;47,669045266000069;2
08250730421300353880;08;4;25;141;2025;07;00;4;3;8;1;2;0;1;0;0;0;0;0;566490,801525863818824;5363080,477749073877931;9,898627781000073;48,417366228000049;2
08250730436400280460;08;4;36;082;2025;07;18;4;3;0;7;0;1;1;0;0;0;0;0;547717,016368016600609;5293830,413835190236568;9,637170974000071;47,796062915000050;2
08250731118200299200;08;1;18;011;2025;07;11;5;3;0;7;0;1;1;0;0;0;0;0;506531,367977925285231;5409271,198512743227184;9,089005280000038;48,836381779000078;2
08250731126100283890;08;1;26;086;2025;07;18;5;3;3;6;0;0;1;0;0;0;0;0;543204,464911885675974;5460316,168926954269409;9,594196244000045;49,294064171000059;2
08250731311010293060;08;3;11;000;2025;07;22;5;2;4;6;2;0;1;0;0;0;0;1;411843,781498762138654;5318486,590983836911619;7,817890853000051;48,013588941000080;2
08250731311010307780;08;3;11;000;2025;07;23;5;3;5;3;2;0;1;0;0;0;0;0;412799,083306482178159;5316989,118864999152720;7,831002428000033;48,000249815000075;2
08250731317100307760;08;3;17;001;2025;07;18;5;3;9;7;0;0;1;0;0;0;0;0;431085,874197570141405;5387197,869800655171275;8,064638586000058;48,634045750000041;2
08250731421200288340;08;4;21;000;2025;07;04;5;2;0;7;2;0;1;0;0;0;0;0;573457,736578270909376;5361430,789998924359679;9,992483555000035;48,401753174000078;2
08250801117400315870;08;1;17;026;2025;08;01;6;2;0;1;2;0;1;0;0;0;0;0;552682,950247996603139;5399432,183621038682759;9,716638801000045;48,745676616000026;2
08250801222500313740;08;2;22;000;2025;08;12;6;3;0;1;0;1;1;0;0;0;0;0;465508,548517155402806;5476937,683741718530655;8,524189305000050;49,444124211000030;2
08250801311100331030;08;3;15;132;2025;08;18;6;3;0;7;0;1;1;0;0;0;0;0;407313,876657842774875;5325061,816856320947409;7,755738928000028;48,072092061000035;2
08250801335050361980;08;3;35;043;2025;08;16;6;3;0;7;0;1;1;0;0;0;0;0;508527,641868336009793;5289626,728374660946429;9,113791575000050;47,759952113000054;2
08250803115200316080;08;1;15;021;2025;08;16;1;2;0;6;0;0;1;0;0;0;0;0;490292,568212260026485;5380580,009748835116625;8,868388263000043;48,578232822000075;2
08250803116200320190;08;1;16;080;2025;08;09;1;3;0;1;0;0;1;0;0;0;0;0;520542,101655278063845;5396584,868843613192439;9,279299092000031;48,721951892000050;2
08250803326100315430;08;3;26;005;2025;08;19;1;3;0;6;0;1;1;0;0;0;0;0;470874,807398973731324;5297822,919974659569561;8,610811720000072;47,833094139000082;2
08250804127202339570;08;1;27;014;2025;08;13;2;3;0;7;0;1;1;0;0;0;0;0;571147,554492532974109;5444597,702185258269310;9,975666395000076;49,150078022000059;2
08250804221000316580;08;2;21;000;2025;08;08;2;3;5;2;0;1;1;1;0;0;0;0;477729,848055286332965;5473240,635728639550507;8,692986864000034;49,411440661000029;2
08250804221400370700;08;2;21;000;2025;08;18;2;3;0;7;0;0;1;0;0;0;0;0;475468,279844470322132;5469047,039866571314633;8,662068615000067;49,373632935000046;2
08250804416100351020;08;4;16;036;2025;08;08;2;3;0;3;0;0;1;1;0;0;0;0;495468,677496268181130;5368938,057905326597393;8,938691566000045;48,473556513000062;2
08250804436000318250;08;4;35;013;2025;08;12;2;2;0;1;0;1;1;0;0;0;0;0;539882,639014286804013;5273769,235041661188006;9,530727277000040;47,616100241000026;2
08250805111370325780;08;1;11;000;2025;08;07;3;3;4;6;0;0;1;0;0;0;0;0;512721,161999999545515;5406476,955000000074506;9,173268831000030;48,811149202000081;2
08250805119100325680;08;1;19;083;2025;08;08;3;3;0;7;0;1;1;0;0;0;0;0;535597,626678029424511;5418953,518848871812224;9,485935742000038;48,922492734000059;2
08250805121200326290;08;1;21;000;2025;08;16;3;2;5;3;0;0;1;1;0;0;0;0;511888,193418622424360;5439090,464396609924734;9,162875830000075;49,104545297000072;2
08250805121400325960;08;1;25;074;2025;08;18;3;3;5;2;0;0;1;1;0;0;0;0;508957,338213610171806;5440769,033498304896057;9,122758607000037;49,119694401000061;2
08250805212010331640;08;2;12;000;2025;08;14;3;3;5;3;0;0;1;1;0;0;0;0;454343,916653654654510;5427315,029164200648665;8,375828114000058;48,997045549000063;2
08250805222301496030;08;2;22;000;2025;08;19;3;3;3;6;0;0;1;0;0;0;0;0;467998,999884370074142;5482725,212587888352573;8,558076000000028;49,496317030000057;2
08250805231000335580;08;2;37;004;2025;08;17;3;2;6;1;0;0;1;0;1;0;0;0;453554,359903437376488;5372510,358093512244523;8,371216491000041;48,503993417000061;2
08250805311010318540;08;3;11;000;2025;08;16;3;3;5;3;0;0;1;1;0;0;0;0;413125,299113160581328;5318069,088379018008709;7,835155934000056;48,010008900000059;2
08250805317000354780;08;3;17;057;2025;08;21;3;3;0;1;1;0;1;0;0;0;0;0;417447,786588634771761;5383930,155397505499423;7,880214992000049;48,603002483000068;2
08250805435200341410;08;4;35;036;2025;08;16;3;3;0;1;0;0;1;0;0;0;0;0;522448,038028147071600;5280787,821531478315592;9,299085931000036;47,680089534000047;2
08250806119400356370;08;1;19;041;2025;08;09;4;3;3;6;0;0;1;0;0;0;0;0;528046,160382632515393;5410634,140582572668791;9,382284123000034;48,848043211000061;2
08250806135010345870;08;1;35;020;2025;08;16;4;2;3;6;0;0;1;0;0;0;0;1;588227,278082541539334;5384225,543239172548056;10,196810635000077;48,604885120000063;2
08250806221300321130;08;2;21;000;2025;08;16;4;3;5;3;0;0;1;1;0;0;0;0;475458,122712117736228;5474948,675549414008856;8,661564096000063;49,426716753000051;2
08250806226700318090;08;2;26;098;2025;08;06;4;3;2;6;0;0;1;0;0;1;0;0;476832,532496622181498;5461328,052539709024131;8,681309913000064;49,304254463000063;2
08250806311500338630;08;3;15;113;2025;08;11;4;3;0;1;0;0;1;0;0;0;0;0;438262,605844693491235;5306898,432955454103649;8,173765407000076;47,912437334000060;2
08250806317010318580;08;3;17;065;2025;08;18;4;2;4;6;0;0;1;0;0;0;0;0;419147,585936562507413;5354231,290735225193202;7,909009653000055;48,336088791000066;2
08250806326000321880;08;3;35;080;2025;08;14;4;3;0;1;0;1;1;0;0;0;0;0;475230,641002582677174;5293897,038477553986013;8,669240289000072;47,797954257000072;2
08250806335000319540;08;3;35;063;2025;08;08;4;2;5;2;0;0;1;0;0;0;0;0;498294,899554543546401;5289134,659369637258351;8,977249304000054;47,755578841000045;2
08250806425000344380;08;4;25;002;2025;08;21;4;2;0;1;2;0;1;0;0;0;0;0;557414,617975046508946;5351189,126397481188178;9,774351843000034;48,311286676000066;2
08250806436200353970;08;4;36;064;2025;08;08;4;3;6;6;0;0;1;0;1;0;0;0;546039,872472243732773;5291983,284127917140722;9,614581278000060;47,779566406000072;2
08250807111000330380;08;1;11;000;2025;08;17;5;2;6;6;0;0;1;0;1;0;0;0;513512,054440837062430;5403125,813900723122060;9,183930897000039;48,780986011000039;2
08250807118200320790;08;1;18;027;2025;08;19;5;3;0;7;0;0;1;0;0;0;0;0;501577,664012904395349;5412978,566488697193563;9,021513688000027;48,869765043000029;2
08250807118200321530;08;1;18;067;2025;08;18;5;3;1;3;0;0;1;1;0;0;0;0;504438,472399999387562;5414508,280600000172853;9,060541458000046;48,883512175000078;2
08250807221200379330;08;2;21;000;2025;08;11;5;3;4;2;0;0;1;0;0;0;0;0;476330,081849969865289;5471669,003690378740430;8,673783872000058;49,397251242000038;2
08250807231102333650;08;2;36;040;2025;08;14;5;3;0;7;0;0;1;0;0;0;0;0;488433,741863395378459;5421485,559720145538449;8,842036929000074;48,946185768000078;2
08250807311010320390;08;3;36;050;2025;08;17;5;2;0;7;0;0;1;0;0;0;0;0;399459,543363043922000;5275509,761195725761354;7,661844430000031;47,625183896000067;2
08250807311010326730;08;3;15;064;2025;08;07;5;2;0;7;0;0;1;0;0;0;0;0;421460,533891679777298;5314108,410800753161311;7,947621637000054;47,975458723000031;2
08250807327200321370;08;3;27;010;2025;08;06;5;3;7;7;0;0;1;0;0;0;0;0;481163,214340347039979;5327041,518160202540457;8,747009370000058;48,096362138000075;2
08250807335100331740;08;3;35;043;2025;08;17;5;3;0;6;0;0;1;0;0;0;0;0;513422,968384755542502;5279333,708469690755010;9,178796728000066;47,667256343000076;2
08250807336200329680;08;3;36;105;2025;08;20;5;2;7;7;0;0;1;0;0;0;0;0;402524,791531118797138;5266490,564985843375325;7,704634263000059;47,544519978000039;2
08250807437200331380;08;4;37;059;2025;08;20;5;3;0;1;0;0;1;0;0;0;0;0;511964,523102558159735;5323848,063027245923877;9,160602573000062;48,067796678000036;2
08250808111370628870;08;1;11;000;2025;08;08;6;3;0;7;0;0;1;0;0;0;0;0;510813,143407008145005;5404506,339441182091832;9,147228828000038;48,793457881000052;2
08250808115100349360;08;1;15;044;2025;08;15;6;3;7;7;0;0;1;0;0;0;0;1;504939,798523044795729;5390228,771584442816675;9,067087966000031;48,665090787000054;2
08250808119200322950;08;1;19;020;2025;08;08;6;3;0;1;0;0;1;0;0;0;0;0;520719,538418754527811;5405185,303402258083224;9,282144566000056;48,799314522000032;2
08250808119400346250;08;1;19;090;2025;08;18;6;2;7;7;0;0;1;0;0;0;0;0;532004,169017734471709;5408794,185465050861239;9,436088647000076;48,831300199000054;2
08250808226500346160;08;2;26;106;2025;08;12;6;2;5;3;0;0;1;1;0;0;0;0;496896,118990481831133;5465340,963616782799363;8,957271665000064;49,340782565000040;2
08250808335000326360;08;3;35;035;2025;08;18;6;2;0;1;0;0;1;0;0;0;0;0;485918,466950992122293;5289252,865193434059620;8,812110577000055;47,756490870000050;2
08250808335100345230;08;3;35;043;2025;08;20;6;3;0;1;1;0;1;0;0;0;0;0;512822,550778844917659;5279672,779346444644034;9,170809032000022;47,670319374000030;2
08250808335200322440;08;3;35;063;2025;08;10;6;3;0;7;0;0;1;0;0;0;0;0;496176,528062082536053;5287926,866504004225135;8,948995070000024;47,744702548000078;2
08250809116010339450;08;1;16;011;2025;08;15;7;2;0;1;0;0;1;0;0;0;0;0;529560,008140065125190;5379095,162936726585031;9,400659542000028;48,564252846000045;2
08250809121400325980;08;1;25;017;2025;08;18;7;3;3;6;0;0;1;0;0;0;0;0;501631,267821258050390;5432839,500348946079612;9,022324242000025;49,048427509000078;2
08250809121500323880;08;1;25;005;2025;08;15;7;3;8;1;0;0;1;0;0;0;0;0;515789,414526511565782;5456580,497638426721096;9,217011563000028;49,261785004000046;2
08250809127100335690;08;1;27;025;2025;08;12;7;2;0;7;0;0;1;0;0;0;0;0;555060,339168157428503;5428848,637504028156400;9,752936341000066;49,010072999000045;2
08250809212010337160;08;2;12;000;2025;08;09;7;3;0;1;0;0;1;0;0;0;0;0;453134,996463497634977;5430802,150221553631127;8,358899183000062;49,028321729000027;2
08250809221400360430;08;2;21;000;2025;08;19;7;3;4;6;0;0;1;1;0;0;0;0;474776,455195028800517;5470179,645607489161193;8,652466886000070;49,383792313000072;2
08250809311010324790;08;3;11;000;2025;08;18;7;3;3;6;0;0;1;0;0;0;0;0;416847,199543069698848;5315932,421716065146029;7,885464500000069;47,991283696000039;2
08250809311100351300;08;3;15;132;2025;08;15;7;3;6;6;0;0;1;0;1;0;0;0;409902,587622250430286;5321783,813778053969145;7,791173359000027;48,042977150000070;2
08250810115100328060;08;1;15;024;2025;08;14;1;3;3;6;0;0;1;0;0;0;0;0;501592,756835785286967;5384234,222027721814811;9,021608374000039;48,611180223000076;2
08250810118100352080;08;1;18;015;2025;08;17;1;3;2;1;0;0;1;0;0;0;0;1;508577,635539472219534;5428988,947950414381921;9,117305157000033;49,013732139000069;2