UIDENTSTLAE;ULAND;UREGBEZ;UKREIS;UGEMEINDE;UJAHR;UMONAT;USTUNDE;UWOCHENTAG;UKATEGORIE;UART;UTYP1;ULICHTVERH;IstStrassenzustand;IstRad;IstPKW;IstFuss;IstKrad;IstGkfz;IstSonstige;LINREFX;LINREFY;XGCSWGS84;YGCSWGS84;PLST
08250903436400413690;08;4;36;082;2025;09;15;4;3;0;1;0;0;1;0;0;0;0;0;547284,429975005332381;5295984,779760234057903;9,631629911000061;47,815477546000068;2
08250904111500448440;08;1;11;000;2025;09;20;5;2;0;7;2;1;1;0;0;0;0;0;516716,637902695219964;5409500,068794582039118;9,227812123000035;48,838249948000055;2
08250904127100432330;08;1;27;076;2025;09;16;5;3;0;7;0;1;1;0;0;0;0;0;556307,374272587476298;5440749,203670315444469;9,771643267000059;49,117002516000071;2
08250904135010432630;08;4;25;072;2025;09;20;5;2;0;1;2;1;1;0;0;0;0;0;581951,096693218918517;5371476,290980774909258;10,109181791000026;48,491063501000042;2
08250904216100414690;08;2;16;052;2025;09;11;5;3;0;1;0;0;1;0;0;0;0;0;440775,897580133110750;5415681,187552404589951;8,192045769000060;48,891248898000072;2
08250904311010436650;08;3;11;000;2025;09;15;5;3;4;6;0;0;1;0;0;0;0;0;413448,878486376954243;5316515,798109617084265;7,839807066000049;47,996080440000071;2
08250904416200422310;08;4;16;041;2025;09;20;5;3;6;7;2;1;1;1;1;0;0;0;499660,671361366403289;5369993,804640790447593;8,995408052000073;48,483070706000035;2
08250905111120416380;08;1;11;000;2025;09;15;6;3;0;1;0;1;1;0;0;0;0;0;513511,445311547897290;5402894,249827577732503;9,183914995000066;48,778902893000065;2
08250905212010419410;08;2;15;084;2025;09;16;6;2;0;1;0;1;1;0;0;0;0;0;474647,764138770755380;5446890,724217789247632;8,652170151000064;49,174302821000026;2
08250905222014494410;08;2;22;000;2025;09;17;6;3;5;2;0;0;1;0;0;0;0;1;467047,075830083806068;5480200,807999959215522;8,545141047000072;49,473560125000063;2
08250905311010436560;08;3;11;000;2025;09;05;6;2;0;1;2;0;1;0;0;0;1;0;412278,162369486992247;5318547,032858667895198;7,823701935000031;48,014192414000036;2
08250906115300420710;08;1;15;028;2025;09;19;7;3;0;7;1;0;1;0;0;0;0;0;503501,198687192285433;5405471,653972540050745;9,047679675000040;48,802225953000061;2
08250906116500416810;08;1;16;081;2025;09;13;7;3;0;1;0;0;1;0;0;0;0;0;517800,098807755275629;5385116,327692485414445;9,241524446000028;48,618864621000057;2
08250906128200423350;08;1;28;115;2025;09;23;7;2;9;1;2;0;1;0;0;0;0;0;549184,544235856854357;5497977,584305324591696;9,681114691000062;49,632348583000066;2
08250906135100425450;08;1;35;020;2025;09;18;7;3;4;6;0;0;1;0;0;0;0;0;585414,524344243574888;5387077,738326444290578;10,159250974000031;48,630928991000076;2
08250906222700477350;08;2;22;000;2025;09;11;7;3;4;6;0;0;1;0;0;0;0;0;465458,105444991611876;5480670,952070864848793;8,523167748000049;49,477700540000058;2
08250906225100510850;08;2;25;118;2025;09;17;7;3;0;1;0;0;1;0;0;0;0;0;506023,795231738011353;5482007,603264187462628;9,083177083000066;49,490676413000074;2
08250906311010418470;08;3;11;000;2025;09;16;7;3;0;7;0;0;1;0;0;0;0;0;414616,294962500047404;5316148,648606309667230;7,855525738000040;47,992934756000068;2
08250906311010424640;08;3;11;000;2025;09;20;7;2;4;6;2;0;1;0;0;0;0;0;416821,265235720900819;5315223,036024220287800;7,885254399000075;47,984899044000031;2
08250906311100417560;08;3;15;030;2025;09;15;7;3;0;1;0;0;1;0;0;0;0;0;406738,697125316422898;5329319,836309835314751;7,747089197000037;48,110308621000058;2
08250906335100453500;08;3;35;043;2025;09;10;7;3;0;1;0;0;1;0;0;0;0;0;513168,064746775315143;5279612,460002435371280;9,175409778000073;47,669769697000049;2
08250906435100427090;08;4;35;016;2025;09;14;7;3;5;3;0;0;1;0;0;0;0;0;535549,843741169897839;5278327,293504322879016;9,473442271000067;47,657363402000044;2
08250906437200416820;08;4;37;104;2025;09;15;7;2;3;6;0;0;1;0;0;0;0;0;514309,993875856453087;5329260,028899182565510;9,192267628000025;48,116439773000081;2
08250907126100421570;08;1;26;045;2025;09;15;1;2;0;7;0;0;1;0;0;0;0;0;549414,081363827921450;5471036,677947356365621;9,680921149000028;49,390018548000057;2
08250907135100430030;08;1;35;021;2025;09;17;1;3;3;6;0;0;1;0;0;0;0;0;592032,115581795806065;5384989,424692381173372;10,248580459000038;48,611207661000037;2
08250907136100430720;08;1;36;082;2025;09;13;1;2;8;7;0;0;1;0;0;0;0;0;584792,448423097026534;5416001,885562151670456;10,156769225000062;48,891162203000079;2
08250907311010502300;08;3;11;000;2025;09;15;1;3;6;7;0;0;1;0;1;0;0;0;416296,126692605204880;5315005,846980743110180;7,878260321000027;47,982876814000065;2
08250907317000418300;08;3;17;031;2025;09;11;1;3;5;3;0;0;1;0;0;0;0;0;415831,523525157768745;5361312,873641518875957;7,862855618000026;48,399353424000026;2
08250907337400418920;08;3;37;053;2025;09;13;1;2;0;7;0;0;1;0;0;0;0;0;457916,025000000372529;5270968,432000000029802;8,440249348000066;47,590761088000079;2
08250907415200420270;08;4;15;053;2025;09;16;1;3;0;1;0;0;1;0;0;0;0;0;535000,352941677207127;5363317,948422683402896;9,473073897000063;48,422039190000078;2
08250907415400457720;08;4;15;061;2025;09;15;1;3;3;6;0;0;1;0;0;0;0;0;514346,052133134973701;5375946,594686146825552;9,194341335000047;48,536460367000075;2
08250907426100419970;08;4;26;021;2025;09;16;1;3;8;1;0;0;1;0;0;0;0;0;559775,129652843694203;5326320,992616252042353;9,802682289000074;48,087354561000041;2
08250908121400444050;08;1;25;058;2025;09;20;2;3;7;7;2;0;1;0;0;0;0;0;506943,706492494500708;5443468,456996969878674;9,095208704000072;49,144002833000059;2
08250908226095436260;08;2;26;103;2025;09;08;2;2;5;3;0;0;1;1;0;0;0;0;471163,389760229387321;5458235,509816642850637;8,603550471000062;49,276195844000029;2
08250909311100430360;08;3;15;132;2025;09;07;3;3;0;1;1;1;1;0;0;0;0;0;409059,442396853992250;5323642,750145372003317;7,779468503000032;48,059578834000035;2
08250910115100438960;08;1;15;003;2025;09;17;4;3;0;1;0;1;1;0;0;0;0;0;497739,033293848624453;5392490,587588028982282;8,969281177000028;48,685453808000034;2
08250910126200450770;08;1;26;058;2025;09;06;4;3;7;7;1;0;1;0;0;0;0;0;541140,906776867108420;5450269,271085679531097;9,564785557000050;49,203836895000052;2
08250910211100448370;08;2;16;049;2025;09;10;4;3;9;1;0;1;1;0;0;0;0;0;437899,116988938942086;5402903,358823040500283;8,154740040000036;48,776032039000029;2
08250911118200425110;08;1;18;011;2025;09;08;5;3;0;1;0;0;1;0;0;0;0;0;502139,275414842646569;5411097,758901698514819;9,029162224000061;48,852843929000073;2
08250911119400438870;08;1;19;090;2025;09;20;5;3;0;7;2;0;1;0;0;0;0;0;531806,449577972176485;5406548,141713005490601;9,433220437000045;48,811105759000043;2
08250911311000437480;08;3;37;060;2025;09;14;5;3;0;1;0;0;1;0;0;0;0;0;469760,000233539263718;5276913,196735403500497;8,597368501000062;47,644910049000032;2
08250911317000424990;08;3;17;122;2025;09;07;5;3;7;6;0;0;1;0;0;0;0;1;416903,357240598998033;5368350,553891163319349;7,875938049000069;48,462797987000044;2
08250911335300426710;08;3;35;075;2025;09;10;5;3;0;1;0;0;1;0;0;0;0;0;488477,394491734798066;5291498,749582591466606;8,846194559000025;47,776749081000048;2
08250912121500455140;08;1;25;113;2025;09;14;6;3;0;7;0;0;1;0;0;0;0;1;528064,638362336321734;5452177,817802535369992;9,385412226000028;49,221742694000056;2
08250912212302440770;08;2;12;000;2025;09;17;6;3;0;7;0;0;1;0;0;0;0;0;456379,291712878097314;5429183,027659187093377;8,403451763000021;49,013995589000046;2
08250912226700496840;08;2;26;098;2025;09;15;6;3;7;7;0;0;1;0;0;0;0;0;481144,983746697776951;5461804,409064765088260;8,740608490000056;49,308687674000055;2
08250912311010494550;08;3;36;105;2025;09;16;6;2;0;1;0;0;1;0;0;0;0;0;399036,723963199125137;5267710,209433866664767;7,658013490000030;47,554958360000057;2
08250912426000514460;08;4;26;014;2025;09;15;6;3;7;7;0;0;1;0;1;0;0;0;548255,943772655446082;5316217,404051734134555;9,646870844000034;47,997433525000076;2
08250912436000453900;08;4;36;049;2025;09;16;6;3;0;1;0;1;1;0;0;0;0;0;583390,679474799777381;5284859,625205241143703;10,111732244000052;47,711730665000061;2
08250913335100475360;08;3;35;043;2025;09;16;7;2;8;1;0;0;1;0;0;0;0;0;514406,317882521485444;5281560,598183248192072;9,191968555000074;47,687271948000046;2
08250913415200458170;08;4;15;093;2025;09;14;7;3;0;1;0;0;1;0;0;0;0;0;525531,103712613694370;5367584,258032132871449;9,345348000000058;48,460875311000052;2
08250913436000464260;08;4;35;029;2025;09;11;7;3;5;3;0;0;1;0;0;0;0;0;545495,392534907208756;5270456,621811755001545;9,605069656000069;47,585925778000046;2
08250914118600432620;08;1;18;076;2025;09;16;1;3;3;6;0;0;1;0;0;0;0;0;505108,467664583353326;5422406,823522033169866;9,069779197000059;48,954560228000048;2
08250914118600432640;08;1;18;073;2025;09;16;1;3;0;7;0;0;1;0;0;0;0;1;499750,212721246061847;5424597,581970905885100;8,996586680000064;48,974288628000068;2
08250914119200446470;08;1;19;093;2025;09;11;1;2;0;7;0;1;1;0;0;0;0;0;523485,344790819450282;5405271,060270620509982;9,319811762000029;48,799987633000057;2
08250914212102462180;08;2;15;101;2025;09;18;1;2;9;1;0;0;1;0;0;0;0;0;466290,180442461278290;5427193,070007521659136;8,539151074000074;48,996716394000032;2
08250914435200462050;08;4;35;015;2025;09;17;1;2;0;7;0;0;1;0;0;0;0;0;522379,800702791311778;5297545,719388452358544;9,299039442000037;47,830870248000053;2
08250914436300449810;08;4;36;081;2025;09;16;1;3;4;6;0;1;1;0;0;0;0;0;559835,598036852781661;5279630,788832345977426;9,797025505000022;47,667300388000058;2
08250915216300435820;08;2;16;015;2025;09;19;2;3;0;1;1;1;1;0;0;0;0;0;454561,598531255614944;5409834,211686741560698;8,380750788000057;48,839817867000079;2
08250915222400461720;08;2;26;038;2025;09;07;2;3;9;1;1;0;1;0;0;0;0;0;472199,211599657719489;5481227,187829320318997;8,616183523000075;49,483049853000068;2
08250915326300435230;08;3;26;054;2025;09;12;2;2;0;1;0;0;1;0;0;0;0;0;442863,306427362898830;5328176,663335150107741;8,232495800000038;48,104290608000042;2
08250915415100436360;08;4;15;050;2025;09;06;2;3;4;6;2;0;1;0;0;0;0;1;520026,608231985592283;5377634,310774918645620;9,271374379000065;48,551487837000082;2
08250915415400465140;08;4;15;061;2025;09;16;2;3;3;6;0;0;1;0;0;0;0;0;514163,234119122964330;5370949,672115392051637;9,191695115000073;48,491510563000077;2
08250915425000473160;08;4;25;139;2025;09;14;2;2;6;4;0;0;1;0;1;0;0;0;548480,705872711609118;5367214,883043583482504;9,655718214000046;48,456202376000078;2
08250917111500464770;08;1;11;000;2025;09;08;4;3;0;1;0;0;1;0;0;0;0;0;512207,814680669456720;5399681,854805962182581;9,166075016000036;48,750031304000061;2
08250917119200454720;08;1;19;093;2025;09;16;4;3;4;1;0;0;1;1;0;0;0;0;523209,054237019736320;5404931,088530553504825;9,316030221000062;48,796939694000059;2
08250917119400626230;08;1;19;091;2025;09;14;4;2;4;6;0;0;1;0;0;0;0;0;528316,139571514911950;5406769,459494106471539;9,385697060000041;48,813265525000077;2
08250917317500440810;08;3;17;096;2025;09;12;4;3;0;1;0;0;1;0;0;0;0;0;422811,502172795298975;5369153,794459504075348;7,955695911000021;48,470775861000050;2
08250918121400447800;08;1;25;013;2025;09;16;5;2;0;1;0;0;1;0;0;0;0;0;506722,116564031050075;5436572,690450282767415;9,092055529000049;49,081974928000079;2
08250918136000475770;08;1;36;065;2025;09;15;5;2;8;7;0;0;1;0;0;0;0;0;559494,879572867183015;5403251,313348101451993;9,809843575000059;48,779416575000027;2
08250918231102503730;08;2;36;040;2025;09;14;5;3;5;3;0;0;1;0;0;0;0;0;486771,052983547619078;5421221,001400167122483;8,819337902000029;48,943772561000060;2
08250918335200463320;08;3;35;063;2025;09;17;5;3;0;1;0;0;1;0;0;0;0;0;498955,088633060746361;5287841,270006392151117;8,986061136000046;47,743942873000037;2
08250918416200473070;08;4;16;041;2025;09;07;5;3;6;6;0;0;1;0;1;0;0;0;499890,650621670763940;5374321,572419496253133;8,998519101000056;48,522005106000051;2
08250918426000454920;08;4;25;097;2025;09;14;5;3;0;7;0;0;1;0;0;0;0;0;587578,382723481394351;5373333,766820091754198;10,185718490000056;48,507011469000076;2
08250918435200443800;08;4;35;066;2025;09;16;5;3;0;1;0;0;1;0;0;0;0;0;516450,751334465923719;5287917,135613351128995;9,219451071000037;47,744416520000073;2
08250918435200489290;08;4;35;018;2025;09;08;5;3;0;7;0;0;1;0;1;0;0;0;523537,270263560232706;5280582,846569904126227;9,313587022000036;47,678206516000046;2
08250919111500543360;08;1;11;000;2025;09;19;6;3;2;6;1;0;1;0;0;0;0;0;516288,534169038117398;5404231,261022903025150;9,221768872000041;48,790863977000072;2
08250919115400496360;08;1;15;045;2025;09;11;6;3;5;3;0;0;1;0;0;0;0;0;498702,353982891363557;5397079,094593787565827;8,982354993000058;48,726735117000032;2
08250919118500447660;08;1;18;021;2025;09;19;6;3;0;1;1;0;1;0;0;0;0;0;520498,052250249194913;5430614,250810110941529;9,280405856000073;49,028071635000060;2
08250919118600448820;08;1;18;076;2025;09;15;6;3;0;1;0;0;1;0;0;0;0;0;504124,222979138139635;5422879,226278789341450;9,056339683000033;48,958817162000059;2
08250919316100479930;08;3;16;039;2025;09;11;6;3;4;6;0;0;1;0;0;0;0;1;417090,517338861071039;5326359,411968586966395;7,886706020000076;48,085110547000056;2
08250919317000446810;08;3;17;031;2025;09;12;6;3;0;1;0;0;1;0;0;0;0;0;416810,782728635997046;5359454,378696439787745;7,876451197000051;48,382766543000059;2
08250919317000506820;08;3;17;026;2025;09;13;6;3;4;6;0;0;1;0;0;1;0;0;411902,521121600642800;5347159,856636583805084;7,812744809000037;48,271514173000071;2
08250919415300460870;08;4;15;092;2025;09;06;6;3;0;1;1;0;1;0;0;0;0;0;519592,470744591380935;5362170,161631948314607;9,264766544000054;48,412380917000064;2
08250919436000446850;08;4;35;067;2025;09;13;6;3;0;1;0;0;1;0;0;0;0;0;529237,906459042569622;5296767,860643216408789;9,390623159000029;47,823596392000070;2
08250920111340451270;08;1;11;000;2025;09;18;7;3;1;5;0;0;1;1;0;0;0;0;514319,257395591004752;5408132,334311557002366;9,195093377000035;48,826005972000075;2
08250920115300461890;08;1;15;028;2025;09;10;7;3;0;7;0;0;1;0;0;0;0;0;501317,208427597186528;5406792,620972574688494;9,017942118000065;48,814117727000053;2
08250920115300462310;08;1;15;050;2025;09;22;7;3;9;7;2;0;1;0;0;0;0;0;489972,494447506964207;5400857,458056043833494;8,863557159000038;48,760645928000031;2
08250920116200485320;08;1;16;080;2025;09;12;7;3;6;6;0;0;1;0;1;0;0;0;519333,275782326702029;5396515,568859150633216;9,262860322000051;48,721367139000051;2
08250920121200464360;08;1;21;000;2025;09;19;7;3;0;7;2;0;1;0;0;0;0;0;515484,663319028855767;5443757,170080333948135;9,212328607000074;49,146443953000073;2
08250920121500452960;08;1;25;065;2025;09;12;7;3;0;1;0;0;1;0;0;0;0;0;519223,885524006560445;5449656,575512155890465;9,263882923000040;49,199404916000049;2
08250920121500453120;08;1;25;103;2025;09;12;7;2;0;1;0;0;1;0;0;0;0;0;531087,856151393149048;5462442,482350362464786;9,427726399000051;49,313926823000031;2
08250920128100479860;08;1;28;007;2025;09;02;7;3;0;1;2;0;1;0;0;0;0;0;554455,458998750895262;5483560,236922472715378;9,752105962000030;49,502227265000045;2
08250920216200469120;08;2;16;028;2025;09;05;7;3;0;7;2;0;1;0;0;0;0;0;428507,596379005815834;5396880,466544635593891;8,027974835000066;48,720849564000048;2
08250920316200466080;08;3;16;056;2025;09;12;7;3;6;7;0;0;1;0;1;0;0;0;422756,812289096997119;5326990,920783376321197;7,962664391000033;48,091503231000047;2
08250920335100449230;08;3;35;043;2025;09;13;7;3;0;1;0;0;1;0;0;0;0;0;511089,099313759070355;5280991,055813129059970;9,147751314000061;47,682212838000055;2
08250920416010507740;08;4;17;002;2025;09;19;7;2;0;1;2;0;1;0;0;0;0;0;489021,348470190772787;5345655,626968488097191;8,852067836000060;48,264014805000045;2
08250920417010512450;08;4;17;079;2025;09;15;7;2;4;6;0;0;1;0;0;0;0;0;501097,696775193850044;5348424,647569103166461;9,014798166000048;48,289021196000078;2
08250920435100450410;08;4;35;016;2025;09;19;7;3;4;6;1;0;1;0;0;1;0;0;538650,858235017280094;5276553,604764103889465;9,514582230000030;47,641227015000027;2
08250921135200485830;08;1;35;032;2025;09;16;1;3;0;1;0;0;1;0;0;0;0;0;579753,058684071293101;5389733,758281219750643;10,082939427000042;48,655566421000060;2
08250921416200508480;08;4;16;026;2025;09;13;1;3;6;7;0;0;1;1;1;0;0;0;505926,438355306163430;5363965,907914633862674;9,080113828000037;48,428813117000061;2
08250921421200471730;08;4;25;072;2025;09;13;1;3;0;1;0;0;1;0;0;0;0;0;577939,546815237961709;5370692,693810710683465;10,054750390000038;48,484525485000063;2
08250921435100482250;08;4;35;016;2025;09;09;1;3;0;1;0;0;1;0;0;0;0;0;535598,876022759475745;5277935,334260229021311;9,474063324000042;47,653834084000039;2
08250922221400509210;08;2;21;000;2025;09;11;2;3;2;6;0;1;1;1;0;0;0;0;477302,320553156896494;5469325,019655753858387;8,687316773000020;49,376204422000058;2
08250923119400491690;08;1;19;079;2025;09;11;3;3;0;7;0;0;1;0;0;0;0;0;524340,428717437083833;5407705,535489050671458;9,331600054000035;48,821854700000074;2
08250923335100509900;08;3;35;043;2025;09;10;3;3;7;7;0;0;1;0;0;0;0;1;513071,771488650003448;5280102,036027790047228;9,174141731000077;47,674176690000081;2
08250924111000510620;08;1;11;000;2025;09;07;4;2;0;7;1;1;1;0;0;0;0;0;513791,263818641833495;5403873,309016541577876;9,187756656000033;48,787704279000081;2
08250924121200463560;08;1;21;000;2025;09;08;4;3;0;7;0;1;1;0;0;0;0;0;516254,428356730495580;5443234,106738637201488;9,222862588000055;49,141718937000064;2
08250925215102491460;08;2;12;000;2025;09;14;5;3;8;7;0;1;1;0;0;0;0;0;459064,073604210279882;5432553,828479873947799;8,439826124000035;49,044500388000074;2
08250925311010493110;08;3;11;000;2025;09;19;5;3;0;1;2;1;1;0;0;0;0;0;411987,711206723120995;5315910,125550439581275;7,820349002000057;47,990432770000041;2
08250925336100497900;08;3;36;050;2025;09;08;5;2;0;7;0;1;1;0;0;0;0;0;399789,489136058953591;5276151,927398618310690;7,666087662000052;47,631011528000045;2
08250926119300506260;08;1;19;067;2025;09;17;6;3;1;7;1;1;1;1;0;0;0;0;537603,910754439653829;5402882,039079822599888;9,511846238000032;48,777803245000030;2
08250927212302486200;08;2;12;000;2025;09;20;7;3;0;7;2;0;1;0;0;0;0;0;455288,966595186153427;5429502,695325199514627;8,388506350000057;49,016792976000033;2
08250927215102491080;08;2;15;109;2025;09;13;7;3;4;6;0;0;1;0;0;0;0;0;460996,164348251069896;5434265,309760930016637;8,466099102000044;49,060020708000081;2
08250927235100498100;08;2;35;033;2025;09;22;7;3;0;1;2;0;1;0;0;0;0;0;458902,263525493617635;5405405,999489104375243;8,440347324000072;48,800286578000055;2
08250928136000501400;08;1;36;065;2025;09;07;1;3;5;3;0;0;1;1;0;0;0;0;559799,824373720912263;5404320,764632843434811;9,814149640000039;48,789007100000049;2
08250928335100480620;08;3;35;043;2025;09;16;1;2;0;1;0;0;1;0;0;0;0;0;514361,877986102364957;5282371,649935157038271;9,191403083000068;47,694570475000035;2
08250929118100509710;08;1;18;079;2025;09;16;2;3;4;6;0;0;1;0;0;0;0;1;509482,824187175603583;5420818,275411830283701;9,129493684000067;48,940218546000040;2
08250929335400500290;08;3;35;021;2025;09;18;2;2;0;1;0;1;1;0;0;0;0;0;491370,267921661783475;5302485,922669372521341;8,884590033000052;47,875650788000030;2
08250929436000479410;08;4;35;029;2025;09;16;2;3;0;1;0;0;1;0;0;0;0;0;547787,590290282038040;5273660,283637129701674;9,635902233000024;47,614585111000054;2
08250929436100479440;08;4;36;004;2025;09;13;2;3;0;7;0;0;1;0;0;0;0;0;582219,127999999560416;5309419,187000000849366;10,100777870000059;47,932814087000054;2
08250930121300498440;08;1;21;000;2025;09;18;3;3;0;7;1;0;1;0;0;0;0;0;514652,646917127887718;5443440,985151419416070;9,200908419000029;49,143620179000038;2
08250930226700513470;08;2;26;041;2025;09;21;3;3;4;2;2;1;1;1;0;0;0;0;476253,962073686067015;5463995,560608454048634;8,673192559000029;49,328226410000070;2
08250930415200495870;08;4;15;053;2025;09;09;3;3;7;7;0;0;1;0;0;0;0;1;536483,668313419213519;5362239,849730497226119;9,493028228000071;48,412256233000051;2
08250930426100504980;08;4;26;021;2025;09;17;3;2;9;1;0;1;1;0;0;0;0;0;558360,866509298910387;5327787,957993900403380;9,783893486000068;48,100682750000033;2
08251001116400551620;08;1;16;033;2025;10;12;4;3;0;1;0;0;1;0;0;0;0;0;535799,623283399501815;5384303,367634605616331;9,485677838000072;48,610780212000066;2
08251001221300564440;08;2;21;000;2025;10;12;4;3;0;7;0;0;1;0;0;0;0;0;478548,620259978633840;5473586,569123515859246;8,704255486000022;49,414581698000063;2
08251001311010519070;08;3;11;000;2025;10;07;4;3;4;6;1;0;1;0;0;0;0;1;412862,532999999821186;5317202,686000000685453;7,831809461000034;48,002179570000067;2
08251001327100535960;08;3;27;050;2025;10;21;4;3;9;1;2;0;1;0;0;0;0;0;485256,654149617243093;5314244,818960622884333;8,802427312000077;47,981337190000033;2
08251002111000520220;08;1;11;000;2025;10;11;5;3;5;2;0;0;1;0;0;0;0;1;513910,444343077833764;5403711,482237788848579;9,189373713000066;48,786245847000032;2
08251002119400538930;08;1;19;079;2025;10;16;5;3;0;7;0;0;1;0;0;0;0;0;522393,705000000074506;5409203,138000000268221;9,305161213000076;48,835400003000075;2
08251002216300521650;08;2;16;015;2025;10;14;5;3;0;7;0;0;1;0;0;0;0;0;449051,217446547583677;5411056,772784075699747;8,305506933000061;48,850387245000036;2
08251002317000539760;08;3;17;089;2025;10;06;5;3;4;6;1;0;1;0;0;0;0;0;430640,797247977112420;5378214,601781907491386;8,060098587000027;48,553191680000054;2
08251002416200570290;08;4;16;041;2025;10;15;5;2;0;1;0;0;1;0;0;0;0;0;507560,497463357285596;5379084,203474739566445;9,102476821000039;48,564805729000057;2
08251002435100520080;08;4;35;016;2025;10;19;5;3;0;1;1;0;1;0;0;0;0;0;535358,838608705322258;5279430,503044495359063;9,470987885000056;47,667299904000060;2
08251003118400580610;08;1;18;048;2025;10;19;6;3;2;6;0;0;1;0;0;0;0;0;512670,631672735558823;5416634,084690492600203;9,172894967000047;48,902521743000079;2
08251003121400528720;08;1;25;056;2025;10;16;6;3;0;1;0;0;1;0;0;0;0;0;511555,208410472143441;5435056,181340845301747;9,158198414000026;49,068261465000035;2
08251003421200540460;08;4;25;072;2025;10;15;6;3;2;6;0;0;1;0;0;0;0;1;584824,666407965705730;5370554,221123809926212;10,147879438000075;48,482388522000065;2
08251004119300522230;08;1;19;061;2025;10;13;7;3;0;7;0;1;1;0;0;0;0;0;539403,201034245663323;5411857,824264624156058;9,537198315000069;48,858433618000049;2
08251004317000536420;08;3;17;065;2025;10;14;7;3;0;1;0;1;1;0;0;0;0;0;415065,666941493225750;5351183,494885692372918;7,854555066000046;48,308138692000057;2
08251005111320832600;08;1;11;000;2025;10;07;1;3;6;6;0;0;1;0;1;0;0;0;516600,028753945953213;5406491,215687647461891;9,226101207000056;48,811185972000033;2
08251005119500522820;08;1;19;085;2025;10;10;1;3;0;7;0;1;1;0;0;0;0;0;530189,385300499154255;5413410,401040400378406;9,411701440000058;48,872916786000076;2
08251005136100532560;08;1;36;088;2025;10;09;1;3;0;7;0;1;1;0;0;0;0;0;581407,800526709062979;5413654,687542751431465;10,110136527000066;48,870505138000055;2
08251007117200582040;08;1;17;006;2025;10;15;3;3;8;1;0;0;1;0;0;0;0;0;550114,593232568935491;5381063,195293750613928;9,679479565000065;48,580650172000048;2
08251008116200568550;08;1;16;080;2025;10;15;4;3;7;1;0;0;1;0;0;0;0;0;521487,970715849427506;5395892,648396244272590;9,292123295000067;48,715692829000034;2
08251008237200553170;08;2;37;027;2025;10;15;4;3;6;1;0;0;1;0;1;0;0;0;480033,733352047507651;5369076,300927027128637;8,729852876000052;48,474499505000040;2
08251008416010534810;08;4;15;093;2025;10;21;4;1;8;1;2;0;1;0;0;0;0;0;529026,555281750392169;5364061,349494840018451;9,392384142000026;48,429030668000053;2
08251008426000539370;08;4;26;021;2025;10;08;4;2;5;3;0;0;1;1;0;0;0;0;559281,899554236792028;5327062,881100795231760;9,796162700000025;48,094074791000025;2
08251009121400575280;08;1;25;017;2025;10;13;5;3;0;1;0;0;1;0;0;0;0;0;501910,636736654327251;5432487,404680700041354;9,026145803000077;49,045259416000079;2
08251009231102557750;08;2;36;040;2025;10;13;5;3;0;7;0;0;1;0;0;0;0;0;488351,765941384306643;5421464,555565807968378;8,840917969000031;48,945995284000048;2
08251009317000555650;08;3;17;065;2025;10;14;5;3;4;1;0;0;1;0;0;0;0;0;413259,984050514991395;5354389,368777661584318;7,829548792000026;48,336729815000069;2
08251009415300593580;08;4;15;059;2025;10;15;5;3;0;1;0;1;1;0;0;0;0;0;516634,084458804922178;5367746,496350277215242;9,225009614000044;48,462633065000034;2
08251009416200529720;08;4;16;041;2025;10;07;5;3;0;1;1;1;1;0;0;0;0;0;506139,894472828833386;5374391,518881359137595;9,083152463000033;48,522604349000062;2
08251010121200579620;08;1;21;000;2025;10;14;6;3;5;2;0;0;1;0;0;0;0;0;515129,734502318082377;5444253,336603475734591;9,207480426000075;49,150915978000057;2
08251010327100533260;08;3;27;050;2025;10;18;6;3;6;4;0;0;1;0;1;0;0;0;486164,548302899580449;5314661,478358483873308;8,814580331000059;47,985106226000028;2
08251011136100548760;08;1;36;088;2025;10;18;7;3;0;6;1;0;1;1;0;0;0;0;579251,867367180995643;5411006,389196211472154;10,080229451000037;48,846964998000033;2
08251011211000561660;08;2;16;015;2025;10;12;7;3;4;6;0;0;1;0;0;0;0;0;451633,309474969748408;5403610,530214291997254;8,341579284000034;48,783612632000029;2
08251011211100535830;08;2;11;000;2025;10;13;7;3;0;1;0;0;1;0;0;0;0;0;443071,715062398347072;5399379,909165773540735;8,225625033000028;48,744832824000071;2
08251011317500536580;08;3;17;096;2025;10;15;7;3;9;1;0;0;1;0;0;0;0;0;427522,215450991294347;5367980,934724314138293;8,019621630000074;48,460786418000055;2
08251012119400567250;08;1;19;091;2025;10;12;1;3;6;4;0;0;1;0;1;0;0;0;527000,015873503871262;5407776,844193367287517;9,367836699000065;48,822386258000051;2
08251012119500568030;08;1;19;042;2025;10;14;1;3;8;7;0;0;1;0;0;0;0;0;527318,286164385499433;5416384,727327491156757;9,372747146000052;48,899805794000031;2
08251012237200535410;08;2;37;040;2025;10;12;1;2;0;7;0;0;1;0;0;0;0;0;478029,069813180016354;5367307,699836215004325;8,702822693000030;48,458521724000036;2
08251012311200537580;08;3;11;000;2025;10;15;1;3;0;1;0;0;1;0;0;0;0;0;413581,151115628832486;5316496,184845051728189;7,841583716000059;47,995921904000056;2
08251013136000541160;08;1;36;065;2025;10;15;2;3;0;7;0;0;1;0;0;0;0;0;561327,937389195431024;5407671,729272276163101;9,835452521000036;48,819000095000035;2