UIDENTSTLAE;ULAND;UREGBEZ;UKREIS;UGEMEINDE;UJAHR;UMONAT;USTUNDE;UWOCHENTAG;UKATEGORIE;UART;UTYP1;ULICHTVERH;IstStrassenzustand;IstRad;IstPKW;IstFuss;IstKrad;IstGkfz;IstSonstige;LINREFX;LINREFY;XGCSWGS84;YGCSWGS84;PLST
08251013417300608960;08;4;17;008;2025;10;14;2;3;0;7;0;0;1;0;0;0;0;0;493908,263114410801791;5350912,759818421676755;8,917840786000056;48,311377641000036;2
08251013435200549970;08;4;35;005;2025;10;22;2;3;0;7;2;0;1;0;0;0;0;0;527052,082018349436112;5285775,694954778067768;9,360736138000050;47,724791529000072;2
08251014116200591380;08;1;16;077;2025;10;15;3;3;5;3;0;0;1;1;0;0;0;0;514840,974649177805986;5389679,923295851796865;9,201536702000055;48,659996505000038;2
08251014128300577730;08;1;28;131;2025;10;18;3;3;3;6;0;0;1;0;0;0;0;0;541280,836914358311333;5514624,899134134873748;9,573429150000038;49,782667677000063;2
08251014221011571640;08;2;26;012;2025;10;16;3;3;5;3;0;0;1;0;0;0;0;1;476549,612554050341714;5476700,950255589559674;8,676511996000045;49,442521172000056;2
08251014416200568510;08;4;16;041;2025;10;09;3;3;0;1;0;1;1;0;0;0;0;0;503274,112842474190984;5373411,528478302061558;9,044333565000045;48,513809484000035;2
08251014435100542060;08;4;35;030;2025;10;11;3;3;0;1;0;0;1;0;0;0;0;0;542318,912709614378400;5271756,337535116821527;9,562951386000066;47,597834892000037;2
08251015121300580450;08;1;21;000;2025;10;17;4;3;4;6;0;0;1;0;0;0;0;0;514926,336991610354744;5446292,596365191973746;9,204766781000046;49,169264727000041;2
08251015216200578920;08;2;16;007;2025;10;06;4;3;8;1;2;0;1;0;0;0;0;0;436147,973696209664922;5393440,865860488265753;8,132373810000047;48,690739657000051;2
08251015222700592990;08;2;22;000;2025;10;10;4;3;6;7;0;0;1;0;1;0;0;0;461570,862371755356435;5481007,107817846350372;8,469476089000068;49,480490446000033;2
08251015435200558280;08;4;35;034;2025;10;05;4;3;8;1;2;0;1;0;0;0;0;0;531485,019747448386624;5283671,350345099344850;9,419695220000051;47,705656877000081;2
08251016115100567680;08;1;15;024;2025;10;14;5;3;6;3;0;0;1;0;1;0;0;0;500523,229681258788332;5387427,469842617399991;9,007102504000045;48,639909139000054;2
08251016325202578710;08;3;25;049;2025;10;15;5;2;5;3;0;0;1;0;0;0;0;1;472178,738104365707841;5333212,941235344856977;8,625941164000039;48,151556206000066;2
08251016326000558860;08;3;35;043;2025;10;09;5;3;3;6;0;0;1;0;0;0;0;0;513250,342453993042000;5283806,556500300765038;9,176633149000054;47,707504965000055;2
08251016335100573500;08;3;35;043;2025;10;14;5;2;5;3;0;0;1;0;0;0;0;0;514289,181976262771059;5279291,300007279030979;9,190333422000037;47,666856206000034;2
08251016436200547340;08;4;36;064;2025;10;15;5;3;0;7;0;0;1;0;0;0;0;0;544823,355587761499919;5288632,701591523364186;9,597997436000071;47,749506789000066;2
08251017116400618560;08;1;16;033;2025;10;12;6;3;0;7;0;0;1;0;0;0;0;0;533609,610000000335276;5389130,857000000774860;9,456359383000063;48,654329320000045;2
08251017212702578880;08;2;15;017;2025;10;16;6;2;0;7;0;0;1;0;0;0;0;0;457909,164932171930559;5420520,577359277755022;8,425269369000034;48,936181367000074;2
08251017226000561730;08;2;21;000;2025;10;07;6;3;2;6;1;0;1;0;0;0;0;0;476549,591459419229068;5476693,142215635627508;8,676512167000055;49,442450939000025;2
08251018115400602110;08;1;15;045;2025;10;15;7;3;5;3;0;0;1;0;0;0;0;0;500806,280671028187498;5396155,895263524726033;9,010961762000022;48,718430798000043;2
08251018212302555090;08;2;12;000;2025;10;17;7;3;0;7;0;0;1;0;0;0;0;0;457107,339858104533050;5429391,639377286657691;8,413385807000054;49,015923120000082;2
08251018436400557550;08;4;36;011;2025;10;18;7;3;0;1;1;0;1;0;0;0;0;0;549179,088485224870965;5296360,628934582695365;9,656979911000064;47,818716978000054;2
08251019226500560360;08;2;26;085;2025;10;17;1;2;6;7;0;0;1;0;1;0;0;0;487302,318194026360288;5453157,828348416835070;8,825589816000047;49,231069446000049;2
08251019311100588640;08;3;15;013;2025;10;11;1;3;0;1;0;0;1;0;0;0;0;0;403614,814455121289939;5326985,214093429967761;7,705659915000069;48,088844175000077;2
08251021116500576150;08;1;16;011;2025;10;09;3;3;0;1;0;0;1;0;0;0;0;0;528742,578575203660876;5380189,462359093129635;9,389655913000070;48,574135276000050;2
08251021215102568400;08;2;15;109;2025;10;12;3;3;6;6;0;0;1;0;1;0;0;0;463395,883019815839361;5437664,951972983777523;8,498638430000028;49,090748286000064;2
08251021215102597500;08;2;12;000;2025;10;23;3;3;0;7;2;1;1;0;0;0;0;0;458824,633374129538424;5437579,055986776947975;8,436038406000023;49,089686739000058;2
08251021222400597790;08;2;26;038;2025;10;09;3;3;5;5;0;1;1;1;0;0;0;0;471458,388748791767284;5480590,691137420013547;8,606001941000045;49,477290400000072;2
08251021226700579290;08;2;26;076;2025;10;07;3;3;0;7;0;1;1;0;0;0;0;0;475292,017913095769472;5464505,148220305331051;8,659922364000067;49,332771929000046;2
08251023117300587740;08;1;17;018;2025;10;17;5;3;0;6;0;0;1;0;0;0;0;0;539399,043948707054369;5396266,649358677677810;9,535646748000033;48,718182629000069;2
08251023128200574240;08;1;28;115;2025;10;15;5;3;0;7;0;1;1;0;0;0;0;1;546612,819911939324811;5495035,722013029269874;9,645154098000035;49,606093279000049;2
08251023435100573410;08;4;35;045;2025;10;12;5;3;0;7;0;0;1;0;0;0;0;0;534634,126674673170783;5285195,433587460778654;9,461792595000077;47,719208382000033;2
08251024116200576700;08;1;16;077;2025;10;07;6;3;0;1;1;1;1;0;0;0;0;0;514697,819470027578063;5390583,132708434015512;9,199624791000076;48,668125241000041;2
08251024119100608120;08;1;19;069;2025;10;15;6;2;0;7;0;1;1;0;0;0;0;0;530796,044109188602306;5430775,215737536549568;9,421287518000042;49,029091285000050;2
08251024136100607900;08;1;36;088;2025;10;17;6;3;0;7;1;1;1;0;0;0;0;0;581533,920962723554112;5409945,017434897832572;10,111117364000052;48,837123235000035;2
08251025317500576460;08;3;17;096;2025;10;14;7;3;8;1;0;1;1;0;0;0;0;0;421973,585790385957807;5368690,004026686772704;7,944448037000029;48,466500692000068;2
08251026415300621210;08;4;15;019;2025;10;12;1;3;0;6;0;1;1;0;0;0;0;0;521437,004398654738907;5368757,113605112768710;9,290029845000049;48,471579566000059;2
08251026416200621260;08;4;16;041;2025;10;14;1;2;0;1;0;0;1;0;0;0;0;0;504654,444792240508832;5373691,792052135802805;9,063027254000076;48,516322125000045;2
08251027111110614070;08;1;11;000;2025;10;18;2;3;0;3;2;1;1;1;0;0;0;0;513350,179136617458425;5402486,427594775334001;9,181706643000041;48,775237639000068;2
08251027119300587640;08;1;19;076;2025;10;15;2;2;5;3;0;1;1;1;0;0;0;0;542472,421000000089407;5406607,078999999910593;9,578495865000036;48,810998438000070;2
08251028317500614290;08;3;17;096;2025;10;19;3;3;1;7;2;0;1;1;0;0;0;0;420812,750420002848841;5372870,775168047286570;7,927954593000038;48,503961011000058;2
08251029311010601770;08;3;11;000;2025;10;07;4;2;6;6;0;0;1;0;1;0;0;0;418696,679043286887463;5314362,558708436787128;7,910546473000068;47,977399690000027;2
08251029311010608490;08;3;11;000;2025;10;15;4;3;6;4;0;0;1;0;1;0;0;0;411584,101458735240158;5318471,524912961758673;7,814412616000027;48,013417537000066;2
08251029325000625400;08;3;25;053;2025;10;14;4;2;8;1;0;1;1;0;0;0;0;0;452815,240334936475847;5341646,335193670354784;8,364673647000075;48,226283841000054;2
08251029325000625410;08;3;25;053;2025;10;14;4;2;8;1;0;1;1;0;0;0;0;0;452813,247999999672174;5341646,968000000342727;8,364646753000045;48,226289386000076;2
08251030118100594730;08;1;18;007;2025;10;17;5;3;0;7;2;0;1;0;0;0;0;0;511438,114426125772297;5427758,340232571586967;9,156389398000044;49,002615721000041;2
08251030121200611170;08;1;21;000;2025;10;14;5;3;0;1;0;1;1;0;0;0;0;0;514480,353978363214992;5441619,350607701577246;9,198480621000044;49,127238024000064;2
08251030121300627580;08;1;21;000;2025;10;00;5;3;0;7;2;0;1;0;0;0;0;0;513110,004298792569898;5440824,826815508306026;9,179671668000026;49,120121744000073;2
08251030128200617370;08;1;28;014;2025;10;14;5;3;0;7;0;1;1;0;0;0;0;0;548883,346109662554227;5483190,159513655118644;9,675107450000041;49,499373406000075;2
08251031317500596950;08;3;17;096;2025;10;19;6;3;0;1;2;1;1;0;0;0;0;0;423137,482349479396362;5370505,316512417048216;7,959856917000025;48,482972667000070;2
08251101415200644590;08;4;15;053;2025;11;12;7;2;0;1;0;0;1;0;0;0;0;0;537550,213548989268020;5365816,222906643524766;9,507761008000045;48,444367202000080;2
08251101426100630510;08;4;26;021;2025;11;08;7;3;8;1;1;1;1;0;0;0;0;0;558798,382220543222502;5325629,800869463011622;9,789472305000061;48,081227327000079;2
08251102311010662780;08;3;11;000;2025;11;23;1;2;0;7;2;1;1;0;0;0;0;0;412648,138416659552604;5317819,129743244498968;7,828810305000047;48,007695403000071;2
08251103119300633430;08;1;19;055;2025;11;18;2;3;0;1;2;1;1;0;0;0;0;0;541603,664724975242279;5404175,685524074360728;9,566417248000050;48,789185636000070;2
08251103426100631700;08;4;26;058;2025;11;12;2;3;0;1;0;1;1;0;0;0;0;0;556928,118305764161050;5317610,953082580119371;9,763296404000073;48,009257017000039;2
08251104111210703240;08;1;11;000;2025;11;09;3;2;0;7;0;1;1;0;0;0;0;0;512548,462562235305086;5397360,586684844456613;9,170638469000039;48,729142439000043;2
08251104116000634300;08;4;17;079;2025;11;13;3;3;0;1;0;1;1;0;1;0;0;0;500033,389052238781005;5349882,672120488248765;9,000450237000052;48,302139589000035;2
08251104136100671560;08;1;36;088;2025;11;07;3;3;6;6;0;0;1;0;1;0;0;0;581553,669491373002529;5411005,632783142849803;10,111597547000031;48,846659996000028;2
08251105116010651550;08;1;16;011;2025;11;14;4;3;0;1;0;1;1;0;0;0;0;0;530636,950661504175514;5381379,672270867973566;9,415424484000027;48,584752684000080;2
08251105117400659330;08;1;17;053;2025;11;13;4;3;0;1;0;0;1;0;0;0;0;0;551082,983949478017166;5400377,689757059328258;9,694993673000056;48,754315056000053;2
08251105311010693020;08;3;11;000;2025;11;11;4;2;5;3;0;0;1;0;0;0;0;1;412324,148119510151446;5314048,219743268564343;7,825237480000055;47,973730544000034;2
08251106311010638530;08;3;15;064;2025;11;15;5;3;4;1;0;0;1;0;0;0;0;1;421774,588118485989980;5313699,653626892715693;7,951903452000067;47,971820132000062;2
08251106317000638780;08;3;17;065;2025;11;13;5;3;0;1;0;0;1;0;0;0;0;0;416079,712638358352706;5354537,069517467170954;7,867560322000031;48,338439200000039;2
08251106317000654200;08;3;17;153;2025;11;13;5;3;2;6;0;0;1;0;0;0;0;0;421339,258362776658032;5389842,994046974927187;7,931869307000056;48,656687428000055;2
08251106317100643840;08;3;17;126;2025;11;13;5;3;1;7;0;0;1;0;0;0;0;1;441138,089999999850988;5382894,596999999135733;8,201671427000065;48,596363475000032;2
08251107127202669580;08;1;27;101;2025;11;06;6;3;0;7;1;0;1;0;0;0;0;0;586276,626336553134024;5442135,241576627828181;10,182566238000049;49,125992745000076;2
08251107317500730050;08;3;17;096;2025;11;06;6;3;4;6;1;0;1;0;0;0;0;0;423577,791300077107735;5367769,881229956634343;7,966314316000023;48,458421167000040;2
08251107327200638700;08;3;27;046;2025;11;06;6;2;8;7;1;1;1;1;0;0;0;0;480050,765999999828637;5325093,937999999150634;8,732159604000060;48,078805991000081;2
08251108336400663020;08;3;36;006;2025;11;10;7;3;0;7;0;0;1;0;0;0;0;1;391782,076508356200065;5286990,080392256379128;7,556847267000023;47,727210349000075;2
08251109336200670510;08;3;36;069;2025;11;14;1;3;0;7;0;0;1;0;0;0;0;0;410456,845467196195386;5270361,989884451031685;7,809231229000034;47,580489062000026;2
08251110226600644500;08;2;26;096;2025;11;16;2;3;5;3;0;0;1;1;0;0;0;0;475718,196978898951784;5488418,346778316423297;8,664323150000030;49,547882841000046;2
08251110316200678700;08;3;16;010;2025;11;19;2;3;0;7;2;0;1;0;0;0;0;0;431950,214944191044196;5337134,301165406592190;8,084488589000046;48,183799394000062;2
08251111212702652900;08;2;15;047;2025;11;15;3;3;8;1;0;1;1;0;0;0;0;0;458854,944408373849001;5411656,790248091332614;8,439075713000022;48,856512151000061;2
08251111212702720390;08;2;15;047;2025;11;20;3;3;0;7;2;1;1;0;0;0;0;0;459600,551865065528546;5413612,600065133534372;8,449046868000039;48,874154466000050;2
08251111311010680550;08;3;11;000;2025;11;15;3;3;5;3;0;0;1;0;0;0;0;1;414537,876000000163913;5315956,709000000730157;7,854513052000073;47,991197706000037;2
08251112121400683130;08;1;25;058;2025;11;10;4;3;5;3;0;0;1;1;0;0;0;0;508603,384482424880844;5441956,055969489738345;9,117933069000060;49,130377201000044;2
08251112216300650670;08;2;16;015;2025;11;15;4;3;0;1;0;0;1;0;0;0;0;0;449237,020911097584758;5406385,633968775160611;8,308617817000027;48,808384515000057;2
08251112317000674800;08;3;17;150;2025;11;16;4;3;0;7;0;0;1;0;1;0;0;0;408463,354491804551799;5355612,386478680185974;7,764573491000021;48,347053589000041;2
08251112327100650930;08;3;27;054;2025;11;15;4;3;0;7;0;0;1;0;0;0;0;0;483209,714980966469739;5317917,181933443062007;8,774853181000026;48,014327428000058;2
08251113121200681330;08;1;21;000;2025;11;07;5;3;5;2;0;0;1;1;0;0;0;0;514921,883110926602967;5442771,806182629428804;9,204575224000052;49,137594205000028;2
08251113211100666810;08;2;16;049;2025;11;12;5;3;0;1;0;1;1;0;0;0;0;0;435636,556659983354621;5401524,741399847902358;8,124163560000056;48,763401527000042;2
08251113222014670420;08;2;22;000;2025;11;08;5;3;6;4;0;0;1;0;1;0;0;0;465596,037040641647764;5476032,259551031515002;8,525474757000040;49,435985225000081;2
08251113335300652520;08;3;35;075;2025;11;21;5;3;4;6;2;0;1;0;0;0;0;0;487835,588092954945751;5289007,498642763122916;8,837697411000022;47,754322200000047;2
08251114337400655280;08;3;37;126;2025;11;14;6;3;0;7;0;0;1;0;0;0;0;0;440001,168999999761581;5274570,346000000834465;8,201494589000049;47,621757111000079;2
08251115118010677240;08;1;15;013;2025;11;13;7;2;0;7;0;0;1;0;0;0;0;0;497117,036526401294395;5389292,295720603317022;8,960852660000057;48,656678994000060;2
08251115119200657670;08;1;19;020;2025;11;15;7;3;0;7;0;1;1;0;0;0;0;0;521606,425741896731779;5404177,187515386380255;9,294168404000061;48,790215499000055;2
08251115231000657710;08;2;31;000;2025;11;14;7;3;9;1;0;1;1;0;0;0;0;0;479346,766032349958550;5414378,808170291595161;8,718294896000032;48,882019269000068;2
08251115231302670990;08;2;36;073;2025;11;06;7;3;4;6;2;1;1;1;0;0;0;0;481009,179138497682288;5424367,868646346032619;8,740504359000056;48,971930411000073;2
08251115317600691430;08;3;17;041;2025;11;16;7;3;0;1;0;1;1;0;0;0;0;0;437390,396374847623520;5348412,888542471453547;8,156002669000031;48,285819337000078;2
08251115415400689720;08;4;15;061;2025;11;20;7;3;0;1;2;0;1;0;0;0;0;0;515453,565964388719294;5371508,028239109553397;9,209179915000050;48,496503321000034;2
08251115416010680850;08;4;15;061;2025;11;16;7;2;8;1;2;0;1;0;0;0;0;0;511430,239496545225848;5370471,273343401029706;9,154691921000051;48,487262362000081;2
08251115417300714170;08;4;17;013;2025;11;14;7;3;0;1;0;0;1;0;0;0;0;0;509955,571917100576684;5355896,606597237288952;9,134388386000069;48,356166475000066;2
08251116111210680280;08;1;11;000;2025;11;14;1;2;0;7;0;1;1;0;0;0;0;0;506657,126589785737451;5402675,642463791184127;9,090612074000035;48,777047426000081;2
08251116111250661120;08;1;11;000;2025;11;12;1;3;6;6;0;0;1;0;1;0;0;0;514434,826975322386716;5404585,170701010152698;9,196543195000061;48,794093505000035;2
08251116117400709520;08;1;17;051;2025;11;10;1;3;8;1;0;0;1;0;0;0;0;0;543415,988855398609303;5393915,480834756977856;9,590008626000042;48,696765652000067;2
08251116212402661460;08;2;12;000;2025;11;10;1;3;0;7;0;1;1;0;0;0;0;0;455802,517190024955198;5426471,090643241070211;8,395859506000022;48,989560362000077;2
08251116311400664200;08;3;15;108;2025;11;18;1;3;6;6;2;1;1;0;1;0;0;0;404402,011805815505795;5305059,099029066041112;7,721111197000027;47,891738442000076;2
08251116335100690430;08;3;35;043;2025;11;01;1;3;4;6;2;1;1;0;0;0;0;1;512318,352417278103530;5279868,189357915893197;9,164098153000054;47,672087411000064;2
08251116335300696800;08;3;35;075;2025;11;19;1;3;6;6;2;0;1;0;1;0;0;0;487495,258209576481022;5290215,040337010286748;8,833121868000035;47,765180579000059;2
08251116415100710100;08;4;15;050;2025;11;11;1;3;0;1;0;1;1;0;0;0;0;0;523061,073981463268865;5374574,652596907690167;9,312323528000036;48,523858258000075;2
08251117117300680270;08;1;17;020;2025;11;05;2;3;6;6;2;1;1;0;1;0;0;0;550148,508165367180482;5390900,107476988807321;9,681129125000041;48,669136086000037;2
08251117336300695050;08;3;36;081;2025;11;07;2;3;0;7;1;1;1;0;0;0;0;0;412033,953922461369075;5278780,650395695120096;7,828508754000040;47,656438340000079;2
08251117417010689940;08;4;17;022;2025;11;08;2;3;4;6;1;1;1;0;0;0;0;1;486236,040934305288829;5348540,942439098842442;8,814443335000021;48,289918731000057;2
08251117436200665610;08;4;36;064;2025;11;15;2;3;0;1;0;1;1;0;0;0;0;0;545751,120343643124215;5293827,798159498721361;9,610921430000076;47,796182089000069;2
08251118119100668590;08;1;19;008;2025;11;07;3;3;5;3;0;0;1;1;0;0;0;0;532697,268849241081625;5421835,701337966136634;9,446576085000061;48,948579256000073;2
08251118121300707610;08;1;21;000;2025;11;15;3;3;4;6;0;1;1;0;0;0;0;0;514514,162096363492310;5443134,876110989600420;9,198998584000037;49,140869912000028;2
08251118311010684910;08;3;11;000;2025;11;07;3;3;0;1;1;2;1;0;0;0;0;0;413459,203377060359344;5316510,356406802311540;7,839946536000070;47,996032888000059;2
08251118311010684920;08;3;11;000;2025;11;07;3;3;0;1;1;2;1;0;0;0;0;0;413542,240823931933846;5316466,067206085659564;7,841068315000030;47,995645725000031;2
08251118311200712170;08;3;11;000;2025;11;15;3;3;3;7;0;1;1;0;0;1;0;0;412386,480120582971722;5318459,354878745973110;7,825172012000053;48,013418589000025;2
08251119111330743380;08;1;11;000;2025;11;19;4;2;0;1;2;1;1;0;0;0;0;0;511410,502045520755928;5408006,539137893356383;9,155459578000034;48,824934590000055;2
08251119231202708390;08;2;36;070;2025;11;12;4;3;0;7;0;0;1;0;0;0;0;0;467596,503933496307582;5415930,636297699064016;8,557905204000065;48,895475882000028;2
08251120317000716020;08;3;17;026;2025;11;17;5;3;4;6;1;0;1;0;0;1;0;0;412057,285864722740371;5347720,113321395590901;7,814713484000038;48,276575098000080;2
08251120415400706390;08;4;15;060;2025;11;07;5;3;5;3;2;1;1;1;0;0;0;0;514389,219999999739230;5379230,158999999985099;9,195039608000059;48,565999204000036;2
08251120435100711500;08;4;35;016;2025;11;17;5;3;0;1;2;1;1;0;0;0;0;0;535684,595742337987758;5278691,473210196942091;9,475266531000045;47,660632659000044;2
08251121212402716300;08;2;12;000;2025;11;12;6;3;6;7;0;0;1;0;1;0;0;0;457435,663220397778787;5427959,134884084574878;8,418026025000074;49,003060285000061;2
08251121311010713000;08;3;11;000;2025;11;17;6;2;0;7;2;0;1;0;0;0;0;0;415221,773647697293200;5315602,869799941778183;7,863747641000032;47,988105805000032;2
08251122311010715440;08;3;11;000;2025;11;09;7;3;7;7;0;0;1;0;0;0;0;0;413250,217658289067913;5316703,832237023860216;7,837106630000051;47,997744946000068;2
08251122335300682690;08;3;35;035;2025;11;16;7;3;7;6;0;0;1;0;0;0;0;1;484262,853978323866613;5289092,141775825060904;8,790025752000076;47,755006470000069;2
08251122416010739970;08;1;16;077;2025;11;16;7;1;0;1;0;0;1;0;0;0;0;0;512751,016650755133014;5387339,354354741051793;9,173083668000061;48,638986611000064;2
08251122435100695190;08;4;35;016;2025;11;22;7;3;0;7;2;0;1;0;0;0;0;0;535604,377464158926159;5278351,991904184222221;9,474170523000055;47,657582625000032;2
08251124311010692640;08;3;11;000;2025;11;14;2;3;0;3;0;1;1;0;0;0;0;1;412359,140692086773925;5317198,183933891355991;7,825063221000050;48,002070253000056;2
08251124337400690390;08;3;37;126;2025;11;07;2;3;0;7;1;1;1;0;0;0;0;0;444254,888610686233733;5274239,586192323826253;8,258143014000041;47,619161313000063;2
08251125416200710990;08;4;16;041;2025;11;19;3;3;5;3;2;1;1;1;0;0;0;0;505465,349612631311174;5373323,129471966996789;9,074003123000068;48,512998964000076;2
08251126116500733120;08;1;16;049;2025;11;06;4;3;6;6;2;1;1;0;1;0;0;0;527137,072027124464512;5386087,569887885823846;9,368276465000065;48,627266582000061;2
08251127111310700530;08;1;11;000;2025;11;09;5;3;4;6;0;1;1;0;0;0;0;0;514916,858677809941582;5404841,362505006603897;9,203115752000031;48,796386798000071;2
08251127311010698030;08;3;11;000;2025;11;08;5;2;0;1;0;2;1;0;0;0;0;0;412156,860765355173498;5316849,519817016087472;7,822423383000057;47,998906154000053;2
08251127311010728680;08;3;36;050;2025;11;14;5;2;6;4;0;0;1;0;1;0;0;0;398679,543844576925039;5273245,312168712727726;7,651989583000045;47,604692950000072;2
08251129128200730430;08;1;28;139;2025;11;05;7;3;8;7;2;1;1;0;0;0;0;0;552221,672992513282225;5488850,114044412970543;9,721957172000032;49,550001281000050;2
08251201212502744060;08;2;12;000;2025;12;08;2;3;0;1;0;2;1;0;0;0;0;0;452756,825101119466126;5428476,931412625126541;8,353996974000040;49,007377494000082;2
08251201235100763860;08;2;35;084;2025;12;12;2;3;0;7;0;0;1;0;0;0;0;0;477349,326999999582767;5392828,642000000923872;8,692238401000054;48,688088010000058;2
08251201311010764100;08;3;11;000;2025;12;15;2;3;1;7;0;0;1;0;0;0;0;1;412067,269175873021595;5317257,202585499733686;7,821139072000051;48,002561058000026;2
08251202316100763350;08;3;16;043;2025;12;18;3;3;9;7;2;0;1;0;0;0;0;0;411113,852594656695146;5331983,194113146513700;7,805297800000062;48,134891338000045;2
08251202317500745280;08;3;17;096;2025;12;09;3;3;0;1;0;2;1;0;0;0;0;0;423740,596915325266309;5368577,586230266839266;7,968368819000034;48,465706230000080;2
08251203116200777330;08;1;16;077;2025;12;09;4;2;0;1;0;2;1;0;0;0;0;0;518223,256681852566544;5390318,262052264995873;9,247494951000022;48,665649526000038;2
08251203118200766670;08;1;18;011;2025;12;23;4;3;0;7;2;0;1;0;0;0;0;0;505437,236986808478832;5407824,465200119651854;9,074075994000054;48,823377693000054;2
08251203415300806090;08;4;15;059;2025;12;18;4;2;6;6;2;0;1;0;1;0;0;0;517140,424695240973961;5368958,349038520827889;9,231908500000031;48,473521755000036;2
08251204237200751710;08;2;37;054;2025;12;17;5;3;8;1;2;1;1;0;0;0;0;0;461547,154938743333332;5373678,391395341604948;8,479310590000068;48,515041255000028;2
08251204337400808030;08;3;37;032;2025;12;15;5;3;5;3;0;0;1;1;0;0;0;0;437817,430548692937009;5272477,423255599103868;8,172732009000072;47,602721421000069;2
08251205212102758960;08;2;12;000;2025;12;17;6;3;0;7;2;0;1;0;0;0;0;0;459632,674624264880549;5430167,441071968525648;8,447844197000052;49,023071991000052;2
08251205311010757700;08;3;11;000;2025;12;19;6;3;6;4;2;1;1;0;1;0;0;0;413659,029448874236550;5316905,128510423004627;7,842545143000052;47,999611019000042;2
08251205416200749320;08;4;16;041;2025;12;08;6;2;0;1;0;1;1;0;0;0;0;0;503575,784696659189649;5373355,444928964599967;9,048417912000048;48,513303289000078;2
08251206127100752100;08;1;27;063;2025;12;14;7;1;0;1;0;1;1;0;0;0;0;0;565330,768367805168964;5433135,224195700138807;9,894055988000048;49,047626749000074;2
08251208231000793620;08;2;31;000;2025;12;12;2;3;4;6;0;0;1;0;1;0;0;0;478143,960793792793993;5415636,699481505900621;8,701821878000032;48,893293600000050;2
08251209119400758710;08;1;19;041;2025;12;15;3;3;0;1;0;1;1;0;0;0;0;0;526897,122740096761845;5411892,480714916251600;9,366705132000050;48,859413678000067;2
08251209311010785340;08;3;11;000;2025;12;19;3;3;6;3;2;0;1;1;1;0;0;0;413584,943108281062450;5316509,706216081976891;7,841631813000049;47,996044046000065;2
08251209316100794570;08;3;16;043;2025;12;09;3;2;0;6;0;0;1;1;0;0;0;0;410597,914786617038772;5333440,054364491254091;7,798058835000063;48,147923486000082;2
08251210336100760790;08;3;36;050;2025;12;14;4;3;0;1;0;1;1;0;0;0;0;0;401331,957094763522036;5276548,229841171763837;7,686524662000068;47,634813292000047;2
08251212226600826870;08;2;26;082;2025;12;18;6;3;6;7;2;0;1;0;1;0;0;0;475944,565611959435046;5478390,452332896180451;8,668063185000051;49,457694192000076;2
08251212435200765170;08;4;35;059;2025;12;15;6;3;0;7;0;0;1;0;0;0;0;0;512588,158665558206849;5290417,568881229497492;9,167997209000021;47,767001209000057;2
08251213311010795840;08;3;11;000;2025;12;04;7;2;0;7;2;0;1;0;0;0;0;0;413886,078673137002625;5316362,134630339220166;7,845697209000036;47,994757216000039;2
08251215317500827310;08;3;17;096;2025;12;13;2;3;5;3;0;0;1;0;0;0;0;1;422712,437038944917731;5369155,933474648743868;7,954355468000074;48,470782933000066;2
08251217221300834090;08;2;21;000;2025;12;17;4;3;4;2;2;0;1;1;0;0;0;0;475621,378619817318395;5473887,764646077528596;8,663880563000021;49,417180638000048;2
08251217311010780530;08;3;15;073;2025;12;13;4;3;5;3;0;0;1;0;0;0;1;0;412565,325471894408111;5313932,447376570664346;7,828491858000064;47,972722134000037;2
08251218118400784230;08;1;18;048;2025;12;15;5;3;0;1;0;1;1;0;0;0;0;0;513600,554362179827876;5417869,020373182371259;9,185625148000042;48,913611149000076;2
08251218231000799010;08;2;31;000;2025;12;11;5;3;0;1;0;1;1;0;0;0;0;0;478143,875173284788616;5415635,331523174419999;8,701820783000073;48,893281291000051;2
08251219111320787710;08;1;11;000;2025;12;23;6;3;0;7;2;1;1;0;0;0;0;0;515652,659429733816069;5406074,837578125298023;9,213181750000047;48,807464883000080;2
08251220111320792530;08;1;11;000;2025;12;13;7;3;0;1;0;1;1;0;0;0;0;0;513554,029828789178282;5406132,016117302700877;9,184601472000054;48,808028568000054;2
08251221215102820080;08;2;12;000;2025;12;16;1;3;0;7;1;0;1;0;0;0;0;0;460065,919601739966311;5429658,330204539932311;8,453820077000046;49,018520652000063;2
08251221326300794180;08;3;26;052;2025;12;14;1;3;0;1;0;0;1;0;0;0;0;0;447341,431625664234161;5332216,366585795767605;8,292145323000057;48,141019000000028;2
08251223111500813630;08;1;11;000;2025;12;17;3;3;5;3;2;0;1;1;0;0;0;0;516284,142436308087781;5404925,909280446358025;9,221736615000054;48,797113060000072;2
08251223226200839220;08;2;26;032;2025;12;11;3;3;3;2;0;0;1;1;0;0;0;0;469010,734606699261349;5465029,409917588345706;8,573429064000038;49,337200879000079;2
08251223311010799790;08;3;11;000;2025;12;23;3;3;0;7;2;0;1;0;0;0;0;0;411788,870518344338052;5315213,713461329229176;7,817827559000023;47,984140944000046;2
08251224437200825320;08;4;37;078;2025;12;09;4;3;0;1;0;2;1;0;0;0;0;0;507950,057351367140654;5316734,240680551156402;9,106583506000050;48,003855480000027;2
08251227212702838450;08;2;15;017;2025;12;12;7;2;0;7;0;0;1;0;0;0;0;0;459124,100354086142033;5422495,004197452217340;8,441659799000035;48,954023343000074;2